call_id,ticker,date,split,horizon,y_true,y_pred,y_persistence
AAPL_2019_Q1_20190129,AAPL,2019-01-29,train,3,-3.4891512913583083,,-3.8996017482298178
AAPL_2019_Q2_20190430,AAPL,2019-04-30,train,3,-3.7689583634916497,,-4.7445869541844
AAPL_2019_Q3_20190730,AAPL,2019-07-30,val,3,-3.9267767220611822,,-5.18811835814608
AAPL_2019_Q4_20191030,AAPL,2019-10-30,val,3,-4.685507427757831,,-4.278269061934266
AAPL_2020_Q1_20200128,AAPL,2020-01-28,train,3,-3.608902044350036,,-3.747384768850268
AAPL_2020_Q2_20200430,AAPL,2020-04-30,val,3,-4.235959362617064,,-3.867374567365909
AAPL_2020_Q3_20200730,AAPL,2020-07-30,train,3,-3.157890906381099,,-4.174202687119733
AAPL_2020_Q4_20201029,AAPL,2020-10-29,train,3,-3.48826790978186,,-3.349940814645551
AAPL_2021_Q1_20210127,AAPL,2021-01-27,train,3,-3.693951311552011,,-4.202244120168261
AAPL_2021_Q2_20210428,AAPL,2021-04-28,train,3,-4.644175822469494,,-5.598806171656855
AAPL_2021_Q3_20210727,AAPL,2021-07-27,val,3,-4.921908121935964,,-4.494762671430531
AAPL_2021_Q4_20211028,AAPL,2021-10-28,train,3,-4.573918283616762,,-4.433622098549563
ABBV_2018_Q4_20190125,ABBV,2019-01-25,val,3,-3.581176698432055,,-4.483357293272469
ABBV_2019_Q1_20190425,ABBV,2019-04-25,train,3,-6.381981102701656,,-5.7250100291215285
ABBV_2019_Q2_20190726,ABBV,2019-07-26,train,3,-4.565837490664604,,-5.595351066710962
ABBV_2019_Q3_20191101,ABBV,2019-11-01,train,3,-4.051893722508335,,-4.937709860561356
ABBV_2019_Q4_20200207,ABBV,2020-02-07,train,3,-3.960763002706387,,-4.679795522142388
ABBV_2020_Q1_20200501,ABBV,2020-05-01,train,3,-3.7884378222266046,,-4.163643868704006
ABBV_2020_Q2_20200731,ABBV,2020-07-31,train,3,-4.410636304643954,,-5.225512854291672
ABBV_2020_Q3_20201030,ABBV,2020-10-30,train,3,-3.715606716194472,,-4.430177857856967
ABBV_2020_Q4_20210203,ABBV,2021-02-03,train,3,-4.338723055469424,,-4.469482638041581
ABBV_2021_Q1_20210430,ABBV,2021-04-30,train,3,-4.22406359608798,,-5.158109312721346
ABBV_2021_Q2_20210730,ABBV,2021-07-30,train,3,-4.452005269902887,,-6.51992707695968
ABBV_2021_Q3_20211029,ABBV,2021-10-29,val,3,-3.987578229913,,-4.639448056638159
ACN_2019_Q2_20190328,ACN,2019-03-28,train,3,-3.7755388660490032,,-5.075331634502104
ACN_2019_Q3_20190627,ACN,2019-06-27,train,3,-5.150400584635635,,-5.292320909201666
ACN_2019_Q4_20190926,ACN,2019-09-26,train,3,-5.382968308661321,,-4.893033735669443
ACN_2020_Q1_20191219,ACN,2019-12-19,val,3,-5.006253967764531,,-4.688235545838516
ACN_2020_Q2_20200319,ACN,2020-03-19,train,3,-3.084464653203048,,-3.021662749411657
ACN_2020_Q3_20200625,ACN,2020-06-25,train,3,-3.164378536198796,,-3.8698187921401233
ACN_2020_Q4_20200924,ACN,2020-09-24,train,3,-3.101892568462145,,-4.128169108580052
ACN_2021_Q1_20201217,ACN,2020-12-17,train,3,-3.3090165539561256,,-4.711443704552931
ACN_2021_Q2_20210318,ACN,2021-03-18,val,3,-4.679357588850028,,-4.999381080711581
ACN_2021_Q3_20210624,ACN,2021-06-24,train,3,-4.660758484091328,,-4.946369831041252
ACN_2021_Q4_20210923,ACN,2021-09-23,train,3,-4.036547822209064,,-4.786793850604242
ACN_2022_Q1_20211216,ACN,2021-12-16,train,3,-3.1927817356826047,,-4.212935296038959
ADBE_2019_Q1_20190314,ADBE,2019-03-14,train,3,-3.819421358557429,,-5.555991803933949
ADBE_2019_Q2_20190618,ADBE,2019-06-18,val,3,-3.644016826559649,,-5.186041606323776
ADBE_2019_Q3_20190917,ADBE,2019-09-17,train,3,-4.627090748865678,,-5.058963105761411
ADBE_2019_Q4_20191212,ADBE,2019-12-12,val,3,-4.0638015292244445,,-4.988574888294638
ADBE_2020_Q1_20200312,ADBE,2020-03-12,train,3,-1.9863019666553297,,-2.55252122838286
ADBE_2020_Q2_20200611,ADBE,2020-06-11,train,3,-3.674533650773915,,-3.5229593037800435
ADBE_2020_Q3_20200915,ADBE,2020-09-15,val,3,-4.080436748178242,,-4.014447815784597
ADBE_2020_Q4_20201210,ADBE,2020-12-10,val,3,-4.19457109817662,,-4.153709540570523
ADBE_2021_Q1_20210323,ADBE,2021-03-23,val,3,-3.699941927112353,,-4.828241996527645
ADBE_2021_Q2_20210617,ADBE,2021-06-17,train,3,-4.681258279939106,,-4.343641265469158
ADBE_2021_Q3_20210921,ADBE,2021-09-21,val,3,-4.1580383949747866,,-4.421191143649443
ADBE_2021_Q4_20211216,ADBE,2021-12-16,val,3,-3.1884020905611465,,-3.2385251854306474
AEP_2018_Q4_20190124,AEP,2019-01-24,val,3,-4.71504543806198,,-5.837701587658275
AEP_2019_Q1_20190425,AEP,2019-04-25,train,3,-4.927458072324922,,-5.608007183805239
AEP_2019_Q2_20190725,AEP,2019-07-25,train,3,-5.083501250655126,,-5.726794342274306
AEP_2019_Q3_20191024,AEP,2019-10-24,train,3,-4.3969014995335165,,-5.735092200943218
AEP_2019_Q4_20200220,AEP,2020-02-20,val,3,-5.5104758908503415,,-4.925224956612307
AEP_2020_Q1_20200506,AEP,2020-05-06,val,3,-3.477074303424712,,-4.083645396363634
AEP_2020_Q2_20200806,AEP,2020-08-06,val,3,-4.387621188906141,,-5.489521376857225
AEP_2020_Q3_20201022,AEP,2020-10-22,train,3,-4.534789265156644,,-6.340848723342151
AEP_2020_Q4_20210225,AEP,2021-02-25,train,3,-3.964948183846764,,-3.952665825443065
AEP_2021_Q1_20210422,AEP,2021-04-22,train,3,-5.038294356857721,,-4.5536987984399895
AEP_2021_Q2_20210722,AEP,2021-07-22,val,3,-4.910427807778252,,-4.836676074980667
AEP_2021_Q3_20211028,AEP,2021-10-28,val,3,-6.068232166702736,,-5.513879844872598
APD_2019_Q1_20190125,APD,2019-01-25,train,3,-4.208834285333159,,-5.291352112604442
APD_2019_Q2_20190424,APD,2019-04-24,val,3,-5.053319688580035,,-5.50995403286992
APD_2019_Q3_20190725,APD,2019-07-25,val,3,-5.377238199225712,,-4.342864877246828
APD_2019_Q4_20191107,APD,2019-11-07,train,3,-4.235647653687487,,-5.825561867475728
APD_2020_Q1_20200124,APD,2020-01-24,train,3,-3.489324196640837,,-5.88621150550863
APD_2020_Q2_20200423,APD,2020-04-23,val,3,-3.959275892755398,,-3.4645565995678225
APD_2020_Q3_20200723,APD,2020-07-23,train,3,-4.781658600913119,,-4.439983156864566
APD_2020_Q4_20201111,APD,2020-11-11,train,3,-3.3174205690139265,,-4.442830072700569
APD_2021_Q1_20210204,APD,2021-02-04,train,3,-3.449215538842972,,-5.384318666803525
APD_2021_Q2_20210510,APD,2021-05-10,train,3,-3.867037937311057,,-4.838622542953708
APD_2021_Q3_20210809,APD,2021-08-09,train,3,-3.610649555036327,,-4.885667308608887
APD_2021_Q4_20211104,APD,2021-11-04,train,3,-4.403339395324196,,-4.804983903746045
AVGO_2019_Q1_20190314,AVGO,2019-03-14,val,3,-3.452575314281194,,-4.92338342078373
AVGO_2019_Q2_20190613,AVGO,2019-06-13,train,3,-3.185724643747353,,-4.531713802687024
AVGO_2019_Q3_20190912,AVGO,2019-09-12,train,3,-4.192858547746509,,-6.027453195996074
AVGO_2019_Q4_20191212,AVGO,2019-12-12,train,3,-3.660139686480034,,-4.661951382643473
AVGO_2020_Q1_20200312,AVGO,2020-03-12,train,3,-2.0752302620847587,,-2.622692357122752
AVGO_2020_Q2_20200604,AVGO,2020-06-04,train,3,-4.253361783967528,,-4.064904064303553
AVGO_2020_Q3_20200903,AVGO,2020-09-03,train,3,-3.5129366545541254,,-3.047866145230738
AVGO_2020_Q4_20201210,AVGO,2020-12-10,train,3,-4.430428496505302,,-4.5696728018303645
AVGO_2021_Q1_20210304,AVGO,2021-03-04,train,3,-3.019790254613288,,-4.603780915447097
AVGO_2021_Q2_20210603,AVGO,2021-06-03,train,3,-3.984439675302,,-4.371589843914599
AVGO_2021_Q3_20210902,AVGO,2021-09-02,train,3,-4.938691554001975,,-6.005069674050649
AVGO_2021_Q4_20211209,AVGO,2021-12-09,train,3,-3.0936046105604595,,-3.725047232247171
AXP_2018_Q4_20190117,AXP,2019-01-17,train,3,-4.984215632815397,,-4.82520233529605
AXP_2019_Q1_20190418,AXP,2019-04-18,train,3,-4.337773201195207,,-4.978365187914052
AXP_2019_Q2_20190719,AXP,2019-07-19,train,3,-3.924127212996724,,-4.855969154903558
AXP_2019_Q3_20191018,AXP,2019-10-18,train,3,-4.127615723515779,,-4.997697024039625
AXP_2019_Q4_20200124,AXP,2020-01-24,val,3,-3.639758782219849,,-5.101411324454498
AXP_2020_Q1_20200424,AXP,2020-04-24,val,3,-4.464757561580917,,-4.041174806326427
AXP_2020_Q2_20200724,AXP,2020-07-24,train,3,-4.719984978603529,,-4.522785980337803
AXP_2020_Q3_20201023,AXP,2020-10-23,val,3,-4.730386443666524,,-3.896702366550501
AXP_2020_Q4_20210126,AXP,2021-01-26,train,3,-3.341047623684855,,-4.303754953782935
AXP_2021_Q1_20210423,AXP,2021-04-23,val,3,-3.6732831194126,,-4.170866261917347
AXP_2021_Q2_20210723,AXP,2021-07-23,train,3,-4.969427006443238,,-3.9455185163957673
AXP_2021_Q3_20211022,AXP,2021-10-22,train,3,-3.378480390253189,,-4.5883723478550245
BA_2018_Q4_20190130,BA,2019-01-30,train,3,-3.509122811818759,,-4.808865825382687
BA_2019_Q1_20190424,BA,2019-04-24,train,3,-4.581125409497096,,-4.825726770660708
BA_2019_Q2_20190724,BA,2019-07-24,train,3,-4.414911580783655,,-3.7210671179081087
BA_2019_Q3_20191023,BA,2019-10-23,train,3,-4.445991161727259,,-3.336854736717224
BA_2019_Q4_20200129,BA,2020-01-29,train,3,-4.306990344051305,,-4.204592437775692
BA_2020_Q1_20200429,BA,2020-04-29,train,3,-3.0693087184905967,,-3.3392922231049385
BA_2020_Q2_20200729,BA,2020-07-29,train,3,-6.311930637458352,,-4.568649169787201
BA_2020_Q3_20201028,BA,2020-10-28,train,3,-3.954150279032625,,-4.36298222653989
BA_2020_Q4_20210127,BA,2021-01-27,train,3,-3.771113763480287,,-6.017189464336893
BA_2021_Q1_20210428,BA,2021-04-28,train,3,-4.34247318445139,,-5.220906092039643
BA_2021_Q2_20210728,BA,2021-07-28,train,3,-3.629006813996348,,-4.236342098017889
BA_2021_Q3_20211027,BA,2021-10-27,train,3,-4.746429617928516,,-5.167707959492892
BKNG_2018_Q4_20190227,BKNG,2019-02-27,val,3,-2.928443140022749,,-4.56654752806467
BKNG_2019_Q1_20190509,BKNG,2019-05-09,train,3,-3.386278746581516,,-5.363451594704607
BKNG_2019_Q2_20190807,BKNG,2019-08-07,train,3,-3.3763378384597527,,-3.871283153042607
BKNG_2019_Q3_20191107,BKNG,2019-11-07,train,3,-4.4902404894366645,,-3.2433034066157744
BKNG_2019_Q4_20200226,BKNG,2020-02-27,train,3,-4.206938692875722,,-3.997607871805332
BKNG_2020_Q1_20200507,BKNG,2020-05-07,train,3,-5.636777697122999,,-3.57419899668958
BKNG_2020_Q2_20200806,BKNG,2020-08-06,val,3,-4.836468062617263,,-5.001766228030398
BKNG_2020_Q3_20201105,BKNG,2020-11-05,train,3,-2.285068212540712,,-5.11630511444975
BKNG_2020_Q4_20210224,BKNG,2021-02-24,train,3,-3.2328912617488976,,-4.331468130940327
BKNG_2021_Q1_20210506,BKNG,2021-05-05,train,3,-3.804120180935116,,-5.21224210740006
BKNG_2021_Q2_20210804,BKNG,2021-08-04,val,3,-3.412696449867465,,-4.725312839835233
BKNG_2021_Q3_20211103,BKNG,2021-11-03,train,3,-3.402556563280424,,-3.97384764811555
BLK_2018_Q4_20190116,BLK,2019-01-16,train,3,-4.3342678338602045,,-4.972929462313922
BLK_2019_Q1_20190416,BLK,2019-04-16,train,3,-4.139871747287046,,-4.626287825914523
BLK_2019_Q2_20190719,BLK,2019-07-19,val,3,-5.2881016987398,,-4.65464274160841
BLK_2019_Q3_20191015,BLK,2019-10-15,train,3,-4.814800901511041,,-4.292818121632081
BLK_2019_Q4_20200115,BLK,2020-01-15,val,3,-4.676078544915419,,-4.343313393126772
BLK_2020_Q1_20200416,BLK,2020-04-16,train,3,-3.7429787455682217,,-3.759150944466185
BLK_2020_Q2_20200717,BLK,2020-07-17,train,3,-3.8538070054998825,,-4.800127963419217
BLK_2020_Q3_20201013,BLK,2020-10-13,train,3,-4.125426966397973,,-5.057623850782626
BLK_2020_Q4_20210114,BLK,2021-01-14,train,3,-3.803050876424712,,-5.224680653939779
BLK_2021_Q1_20210415,BLK,2021-04-15,train,3,-4.4069825343182645,,-5.9030495730053705
BLK_2021_Q2_20210714,BLK,2021-07-14,train,3,-4.330192743557032,,-4.176719501402154
BLK_2021_Q3_20211013,BLK,2021-10-13,train,3,-4.743043916301708,,-5.658983320175801
CCI_2018_Q4_20190124,CCI,2019-01-24,val,3,-5.408187579963146,,-5.0904673309180986
CCI_2019_Q1_20190418,CCI,2019-04-18,train,3,-4.826972976502765,,-4.889634120685468
CCI_2019_Q2_20190718,CCI,2019-07-18,train,3,-4.025124837362784,,-5.199080747807807
CCI_2019_Q3_20191017,CCI,2019-10-17,train,3,-3.988581044447384,,-5.382132262616235
CCI_2019_Q4_20200227,CCI,2020-02-27,val,3,-2.5945917557196414,,-4.908555037819088
CCI_2020_Q1_20200430,CCI,2020-04-30,val,3,-3.9970665816047375,,-3.893966000325016
CCI_2020_Q2_20200730,CCI,2020-07-30,val,3,-6.001199512733444,,-5.5013380618905465
CCI_2020_Q3_20201022,CCI,2020-10-22,train,3,-3.6014322671883083,,-4.98638136489718
CCI_2020_Q4_20210128,CCI,2021-01-28,train,3,-4.052830820573592,,-4.07283892235098
CCI_2021_Q1_20210422,CCI,2021-04-22,val,3,-4.711732967562672,,-5.222049449723337
CCI_2021_Q2_20210722,CCI,2021-07-22,train,3,-3.805888918733658,,-4.954439945357808
CCI_2021_Q3_20211021,CCI,2021-10-21,val,3,-4.576338638699213,,-4.209799023121255
CL_2018_Q4_20190125,CL,2019-01-25,train,3,-4.632482735660551,,-4.917977300341069
CL_2019_Q1_20190426,CL,2019-04-26,train,3,-4.196056971192772,,-5.841573607279285
CL_2019_Q2_20190726,CL,2019-07-26,val,3,-4.0766885523261145,,-4.667732835920379
CL_2019_Q3_20191101,CL,2019-11-01,train,3,-4.1865099526823775,,-5.477682768712562
CL_2019_Q4_20200131,CL,2020-01-31,train,3,-3.7134806830912295,,-4.695470291223112
CL_2020_Q1_20200501,CL,2020-05-01,val,3,-4.133762840931107,,-4.971104708861597
CL_2020_Q2_20200731,CL,2020-07-31,train,3,-5.1998845847765205,,-5.732818033205473
CL_2020_Q3_20201030,CL,2020-10-30,train,3,-4.763755373465293,,-4.428170720816012
CL_2020_Q4_20210129,CL,2021-01-29,train,3,-4.6601913262777614,,-4.645909024480334
CL_2021_Q1_20210430,CL,2021-04-30,train,3,-5.41980429342819,,-4.6936363694560255
CL_2021_Q2_20210730,CL,2021-07-30,train,3,-3.795696480053105,,-5.215944417736918
CL_2021_Q3_20211029,CL,2021-10-29,train,3,-5.222100479285295,,-4.846344881871206
CMCSA_2018_Q4_20190123,CMCSA,2019-01-23,train,3,-3.4085729455212603,,-3.991453427668444
CMCSA_2019_Q1_20190425,CMCSA,2019-04-25,train,3,-4.651584319732488,,-5.488601761275629
CMCSA_2019_Q2_20190725,CMCSA,2019-07-25,train,3,-5.544069986631889,,-4.862789477402364
CMCSA_2019_Q3_20191024,CMCSA,2019-10-24,val,3,-4.1766974591778965,,-4.895359228868723
CMCSA_2019_Q4_20200123,CMCSA,2020-01-23,train,3,-4.59925224254356,,-4.927011388486194
CMCSA_2020_Q1_20200430,CMCSA,2020-04-30,train,3,-4.861403249695157,,-4.264620083724041
CMCSA_2020_Q2_20200730,CMCSA,2020-07-30,train,3,-4.7023061759793805,,-4.624577368967036
CMCSA_2020_Q3_20201029,CMCSA,2020-10-29,val,3,-3.848745916464908,,-4.482951909475569
CMCSA_2020_Q4_20210128,CMCSA,2021-01-28,train,3,-3.149380558815304,,-3.748740272157876
CMCSA_2021_Q1_20210429,CMCSA,2021-04-29,val,3,-3.91577821318134,,-6.573357942333391
CMCSA_2021_Q2_20210729,CMCSA,2021-07-29,train,3,-4.883756135363696,,-5.047725495661432
CMCSA_2021_Q3_20211028,CMCSA,2021-10-28,train,3,-4.407944635860658,,-4.638953946034223
CMG_2018_Q4_20190206,CMG,2019-02-06,train,3,-3.0107934684158044,,-6.459583808630675
CMG_2019_Q1_20190424,CMG,2019-04-24,train,3,-3.861693510076544,,-5.497532164557432
CMG_2019_Q2_20190723,CMG,2019-07-23,train,3,-3.7331365330356574,,-4.751332115684609
CMG_2019_Q3_20191022,CMG,2019-10-22,val,3,-3.6311619576872753,,-4.033019981075755
CMG_2019_Q4_20200205,CMG,2020-02-05,val,3,-3.946078731036819,,-4.241867251747928
CMG_2020_Q1_20200421,CMG,2020-04-21,train,3,-2.8317774867756857,,-3.4964169439971657
CMG_2020_Q2_20200722,CMG,2020-07-22,train,3,-3.501344977080703,,-4.54150059877974
CMG_2020_Q3_20201021,CMG,2020-10-21,val,3,-3.4292092889650263,,-4.952140843309057
CMG_2020_Q4_20210202,CMG,2021-02-02,val,3,-4.16687782462783,,-4.809085977617887
CMG_2021_Q1_20210421,CMG,2021-04-21,val,3,-4.814273296215788,,-4.4889847283288935
CMG_2021_Q2_20210720,CMG,2021-07-20,train,3,-3.1122122467647952,,-4.419512754991103
CMG_2021_Q3_20211021,CMG,2021-10-21,train,3,-4.863466471140021,,-4.682418703335987
CRM_2019_Q4_20190304,CRM,2019-03-04,train,3,-5.620426024362305,,-3.946098547087691
CRM_2020_Q1_20190604,CRM,2019-06-04,val,3,-3.919477158832467,,-3.343865334898545
CRM_2020_Q2_20190822,CRM,2019-08-22,val,3,-4.159007199169237,,-5.713727502057747
CRM_2020_Q3_20191203,CRM,2019-12-03,train,3,-4.009298757349852,,-4.760057967684434
CRM_2020_Q4_20200225,CRM,2020-02-25,train,3,-4.40155559919476,,-5.896679758076332
CRM_2021_Q1_20200528,CRM,2020-05-28,train,3,-4.023197209634592,,-4.265409471005775
CRM_2021_Q2_20200825,CRM,2020-08-25,train,3,-2.197441135886508,,-4.371184206412501
CRM_2021_Q3_20201201,CRM,2020-12-01,train,3,-3.0701210975841784,,-4.740890964486908
CRM_2021_Q4_20210225,CRM,2021-02-25,train,3,-3.570118229500437,,-3.687161884962281
CRM_2022_Q1_20210527,CRM,2021-05-27,val,3,-3.5378717996281512,,-4.517127540246483
CRM_2022_Q2_20210825,CRM,2021-08-25,train,3,-4.197179735812348,,-4.777492981398451
CRM_2022_Q3_20211130,CRM,2021-11-30,val,3,-2.7322268561365464,,-3.341036611425322
D_2018_Q4_20190201,D,2019-02-01,train,3,-6.364172578393071,,-5.778696605417973
D_2019_Q1_20190503,D,2019-05-03,val,3,-5.089419791603884,,-4.301242758740119
D_2019_Q2_20190731,D,2019-07-31,val,3,-4.334924117663791,,-6.099017684847548
D_2019_Q3_20191101,D,2019-11-01,train,3,-4.421661319185051,,-5.700538486577035
D_2019_Q4_20200211,D,2020-02-11,val,3,-7.064188710153145,,-5.523310268732663
D_2020_Q1_20200505,D,2020-05-05,train,3,-4.329248784844275,,-4.561679478478669
D_2020_Q2_20200731,D,2020-07-31,val,3,-4.995754715357966,,-4.326728407527779
D_2020_Q3_20201105,D,2020-11-05,train,3,-6.734776217311625,,-4.745955976059295
D_2020_Q4_20210212,D,2021-02-12,val,3,-4.2118347436334265,,-5.417845821005809
D_2021_Q1_20210504,D,2021-05-04,train,3,-4.539146644926724,,-5.325456670907663
D_2021_Q2_20210806,D,2021-08-06,val,3,-5.806361285183355,,-5.635192739635881
D_2021_Q3_20211105,D,2021-11-05,val,3,-4.103997226557147,,-7.298854341340771
DHR_2018_Q4_20190129,DHR,2019-01-29,val,3,-4.045511078752566,,-6.096156154055086
DHR_2019_Q1_20190418,DHR,2019-04-18,train,3,-5.138180963646324,,-4.96014639726287
DHR_2019_Q2_20190718,DHR,2019-07-18,val,3,-4.257410523539132,,-4.9823931112729865
DHR_2019_Q3_20191024,DHR,2019-10-24,train,3,-4.961579447386658,,-4.894865329766864
DHR_2019_Q4_20200130,DHR,2020-01-30,train,3,-3.510086941091584,,-4.673578917988071
DHR_2020_Q1_20200507,DHR,2020-05-07,train,3,-5.12735884523296,,-4.593795481415662
DHR_2020_Q2_20200723,DHR,2020-07-23,val,3,-4.007653679572094,,-5.545586831554732
DHR_2020_Q3_20201022,DHR,2020-10-22,val,3,-4.147742972828829,,-4.39414677029446
DHR_2020_Q4_20210128,DHR,2021-01-28,train,3,-4.620688834602311,,-3.8615110370526247
DHR_2021_Q1_20210422,DHR,2021-04-22,val,3,-4.020802023047701,,-5.06093522091402
DHR_2021_Q2_20210722,DHR,2021-07-22,train,3,-4.186130229233484,,-5.206372240393028
DHR_2021_Q3_20211021,DHR,2021-10-21,val,3,-4.3261996266406735,,-5.378966880419497
DIS_2019_Q1_20190205,DIS,2019-02-05,train,3,-5.019082835192061,,-5.516525402133184
DIS_2019_Q2_20190508,DIS,2019-05-08,train,3,-4.6413996418799925,,-4.631057438028656
DIS_2019_Q3_20190806,DIS,2019-08-06,train,3,-3.361011327955341,,-4.641010744649321
DIS_2019_Q4_20191107,DIS,2019-11-07,val,3,-3.96502322141338,,-4.622348139687245
DIS_2020_Q1_20200204,DIS,2020-02-04,val,3,-4.304001325450384,,-4.693176349087207
DIS_2020_Q2_20200505,DIS,2020-05-05,train,3,-3.8893810248035097,,-6.416258680892196
DIS_2020_Q3_20200804,DIS,2020-08-04,train,3,-3.2345893626857563,,-4.962088768184059
DIS_2020_Q4_20201112,DIS,2020-11-12,val,3,-3.957687065431915,,-4.514400801521354
DIS_2021_Q1_20210211,DIS,2021-02-11,val,3,-4.94087973633858,,-4.851432199561835
DIS_2021_Q2_20210513,DIS,2021-05-13,val,3,-4.589460249668028,,-4.604567589897979
DIS_2021_Q3_20210812,DIS,2021-08-12,val,3,-4.426550907191036,,-6.189217026977435
DIS_2021_Q4_20211110,DIS,2021-11-10,train,3,-3.5702942485274005,,-4.957527550238034
DLR_2018_Q4_20190205,DLR,2019-02-05,val,3,-3.815683453250392,,-5.29634375422678
DLR_2019_Q1_20190425,DLR,2019-04-25,train,3,-4.285579806646102,,-4.259445694074687
DLR_2019_Q2_20190730,DLR,2019-07-30,train,3,-5.361716376367582,,-4.159026284890955
DLR_2019_Q3_20191029,DLR,2019-10-29,train,3,-5.002051596698235,,-5.567083279019234
DLR_2019_Q4_20200213,DLR,2020-02-13,train,3,-3.9877546234894528,,-4.858983341099084
DLR_2020_Q1_20200507,DLR,2020-05-07,train,3,-3.467158207045317,,-4.760021199025027
DLR_2020_Q2_20200730,DLR,2020-07-30,val,3,-5.376103116074295,,-5.296678125418128
DLR_2020_Q3_20201029,DLR,2020-10-29,train,3,-4.057143031201089,,-5.704702770410516
DLR_2020_Q4_20210211,DLR,2021-02-11,val,3,-4.071836338944862,,-4.3622865077581
DLR_2021_Q1_20210429,DLR,2021-04-29,train,3,-3.843414227457949,,-4.8558947539340895
DLR_2021_Q2_20210729,DLR,2021-07-29,val,3,-4.60564480717677,,-4.270327309049185
DLR_2021_Q3_20211027,DLR,2021-10-26,train,3,-4.242936870531119,,-5.089590583144962
DUK_2018_Q4_20190214,DUK,2019-02-14,train,3,-5.130418946755664,,-5.72120092769165
DUK_2019_Q1_20190509,DUK,2019-05-09,train,3,-4.608493663438092,,-5.159979057277671
DUK_2019_Q2_20190806,DUK,2019-08-06,val,3,-4.613473108112912,,-4.602571053362923
DUK_2019_Q3_20191108,DUK,2019-11-08,val,3,-4.3556752062946655,,-5.414440650305639
DUK_2019_Q4_20200213,DUK,2020-02-13,val,3,-4.518002452012281,,-5.432447373479798
DUK_2020_Q1_20200512,DUK,2020-05-12,train,3,-4.9194795104637175,,-4.77166665495065
DUK_2020_Q2_20200810,DUK,2020-08-10,val,3,-4.403808476541894,,-4.055280643758251
DUK_2020_Q3_20201105,DUK,2020-11-05,val,3,-4.427048713521016,,-3.9970314652914487
DUK_2020_Q4_20210211,DUK,2021-02-11,train,3,-4.8950416549814575,,-5.021951379102116
DUK_2021_Q1_20210510,DUK,2021-05-10,train,3,-3.852630472824208,,-4.528915919840102
DUK_2021_Q2_20210805,DUK,2021-08-05,train,3,-4.6861995607574105,,-5.566243099688864
DUK_2021_Q3_20211104,DUK,2021-11-04,val,3,-4.73856176982981,,-7.03580000229028
EA_2019_Q3_20190205,EA,2019-02-05,train,3,-2.112241713606367,,-3.4232108191443023
EA_2019_Q4_20190507,EA,2019-05-07,val,3,-4.877958199445346,,-4.250886301617075
EA_2020_Q1_20190730,EA,2019-07-30,val,3,-3.6539234180655273,,-5.382167646649658
EA_2020_Q2_20191029,EA,2019-10-29,train,3,-4.17574970696631,,-4.336926445043462
EA_2020_Q3_20200130,EA,2020-01-30,train,3,-3.754515139221448,,-4.95747313064744
EA_2020_Q4_20200505,EA,2020-05-05,val,3,-3.8907265101219815,,-4.052280422358032
EA_2021_Q1_20200730,EA,2020-07-30,train,3,-4.650100906616184,,-4.40146484622872
EA_2021_Q2_20201105,EA,2020-11-05,val,3,-3.320193877207972,,-4.3982994095677705
EA_2021_Q3_20210202,EA,2021-02-02,train,3,-3.5070734836084,,-4.728257362723096
EA_2021_Q4_20210511,EA,2021-05-11,train,3,-5.55675706833112,,-4.72028824446017
EA_2022_Q1_20210804,EA,2021-08-04,train,3,-4.701821844678417,,-4.231542892991806
EA_2022_Q2_20211103,EA,2021-11-03,val,3,-4.030124981357006,,-4.679478217053355
ECL_2018_Q4_20190219,ECL,2019-02-19,train,3,-4.219897346895423,,-4.913387852766523
ECL_2019_Q1_20190430,ECL,2019-04-30,train,3,-4.803957358574725,,-5.096299042199744
ECL_2019_Q2_20190730,ECL,2019-07-30,train,3,-3.993634454891549,,-6.261228788604393
ECL_2019_Q3_20191029,ECL,2019-10-29,train,3,-4.572071346833545,,-5.096152552836785
ECL_2019_Q4_20200218,ECL,2020-02-18,train,3,-4.33173612504949,,-5.40140108293559
ECL_2020_Q1_20200428,ECL,2020-04-28,val,3,-3.462902439023534,,-4.100887592229578
ECL_2020_Q2_20200728,ECL,2020-07-28,train,3,-3.2471673805913825,,-5.227846240952708
ECL_2020_Q3_20201027,ECL,2020-10-27,train,3,-3.862109485350483,,-4.036463247685719
ECL_2020_Q4_20210216,ECL,2021-02-16,val,3,-3.963285978745185,,-4.993953884214493
ECL_2021_Q1_20210427,ECL,2021-04-27,val,3,-3.716117813608351,,-4.237468308552208
ECL_2021_Q2_20210727,ECL,2021-07-27,train,3,-4.998616691675418,,-5.334282929839546
ECL_2021_Q3_20211026,ECL,2021-10-26,train,3,-3.43137756459366,,-5.365252844537424
EOG_2018_Q4_20190227,EOG,2019-02-27,train,3,-4.190732947506226,,-5.316116775763415
EOG_2019_Q1_20190503,EOG,2019-05-03,train,3,-4.972503269688824,,-4.286064347334663
EOG_2019_Q2_20190802,EOG,2019-08-02,train,3,-3.722239274682906,,-3.3910570035492813
EOG_2019_Q3_20191107,EOG,2019-11-07,train,3,-3.679428001726108,,-3.54315097055476
EOG_2019_Q4_20200228,EOG,2020-02-28,val,3,-3.5502645700571547,,-5.101984013881797
EOG_2020_Q1_20200508,EOG,2020-05-08,val,3,-3.210302748532731,,-3.4984898919198613
EOG_2020_Q2_20200807,EOG,2020-08-07,val,3,-3.4567726712488813,,-3.888316227262045
EOG_2020_Q3_20201106,EOG,2020-11-06,train,3,-2.525588214748777,,-4.027274029458762
EOG_2020_Q4_20210226,EOG,2021-02-25,train,3,-3.20941941790282,,-3.2880485904261136
EOG_2021_Q1_20210507,EOG,2021-05-07,train,3,-3.1177790431268875,,-4.238523784620654
EOG_2021_Q2_20210805,EOG,2021-08-05,val,3,-4.510783256775864,,-3.556170907888508
EOG_2021_Q3_20211105,EOG,2021-11-05,train,3,-3.987139583841438,,-4.807458780722799
EQIX_2018_Q4_20190213,EQIX,2019-02-13,train,3,-3.505671472022392,,-4.56996554312843
EQIX_2019_Q1_20190501,EQIX,2019-05-02,train,3,-4.359400537071338,,-4.525381122808202
EQIX_2019_Q2_20190731,EQIX,2019-07-31,val,3,-3.6536618204001767,,-4.401560115896588
EQIX_2019_Q3_20191030,EQIX,2019-10-30,train,3,-4.400664767684302,,-6.034864146430452
EQIX_2019_Q4_20200212,EQIX,2020-02-12,train,3,-4.325015653280334,,-5.229371455389133
EQIX_2020_Q1_20200506,EQIX,2020-05-06,train,3,-4.926296500067462,,-4.874925159732176
EQIX_2020_Q2_20200729,EQIX,2020-07-29,train,3,-4.7634677874152445,,-4.447864200542482
EQIX_2020_Q3_20201028,EQIX,2020-10-28,train,3,-4.362191126415333,,-4.546049888142616
EQIX_2020_Q4_20210210,EQIX,2021-02-10,val,3,-4.2915206999225735,,-5.184176788634689
EQIX_2021_Q1_20210428,EQIX,2021-04-28,val,3,-4.252707101254469,,-5.773862414796309
EQIX_2021_Q2_20210728,EQIX,2021-07-28,train,3,-3.1664944003063984,,-4.635914425092831
EQIX_2021_Q3_20211103,EQIX,2021-11-03,train,3,-3.920038134684048,,-5.048257693054008
ETN_2018_Q4_20190131,ETN,2019-01-31,train,3,-3.9482525780727817,,-3.659651933153489
ETN_2019_Q1_20190430,ETN,2019-04-30,val,3,-4.926632222494089,,-4.696967349027023
ETN_2019_Q2_20190730,ETN,2019-07-30,train,3,-3.954833928370016,,-6.369603613371857
ETN_2019_Q3_20191029,ETN,2019-10-29,val,3,-4.3815550810145085,,-4.550052030826972
ETN_2019_Q4_20200204,ETN,2020-02-04,train,3,-3.7432072510136463,,-4.071627276266468
ETN_2020_Q1_20200430,ETN,2020-04-30,val,3,-5.003428043448743,,-4.105097006106765
ETN_2020_Q2_20200729,ETN,2020-07-29,train,3,-3.592553964232194,,-4.188056604894918
ETN_2020_Q3_20201103,ETN,2020-11-03,train,3,-3.175503122715275,,-4.151439474110743
ETN_2020_Q4_20210202,ETN,2021-02-02,train,3,-4.845443053578645,,-4.067663482820198
ETN_2021_Q1_20210504,ETN,2021-05-04,train,3,-6.26226779256812,,-4.57455116343689
ETN_2021_Q2_20210803,ETN,2021-08-03,train,3,-3.887206250314648,,-4.611329943367217
ETN_2021_Q3_20211102,ETN,2021-11-02,train,3,-3.7632824411484855,,-4.190039124649914
FCX_2018_Q4_20190124,FCX,2019-01-24,val,3,-2.5638540291616745,,-3.829650640888625
FCX_2019_Q1_20190425,FCX,2019-04-25,train,3,-2.9336320421842927,,-4.260204251950847
FCX_2019_Q2_20190724,FCX,2019-07-24,train,3,-3.5155170152687667,,-4.384896597628316
FCX_2019_Q3_20191023,FCX,2019-10-23,val,3,-3.079562974184039,,-5.13872162575474
FCX_2019_Q4_20200123,FCX,2020-01-23,val,3,-3.538085608208608,,-3.758190856031285
FCX_2020_Q1_20200424,FCX,2020-04-24,train,3,-3.447341927854279,,-3.0251724940570752
FCX_2020_Q2_20200723,FCX,2020-07-23,train,3,-3.7006613868221008,,-4.397906745230253
FCX_2020_Q3_20201022,FCX,2020-10-22,val,3,-3.295478886091828,,-4.4292459149250725
FCX_2020_Q4_20210126,FCX,2021-01-26,val,3,-2.7503385220991245,,-3.611446407281844
FCX_2021_Q1_20210422,FCX,2021-04-22,train,3,-3.1195691390586777,,-4.127980349868261
FCX_2021_Q2_20210722,FCX,2021-07-22,val,3,-4.126286180955005,,-3.4757517723795885
FCX_2021_Q3_20211021,FCX,2021-10-21,train,3,-3.550598497765192,,-5.437379143108345
GOOG_2018_Q4_20190204,GOOG,2019-02-04,train,3,-4.130468888465892,,-4.332311879050379
GOOG_2019_Q1_20190429,GOOG,2019-04-29,val,3,-3.456280402124735,,-5.911049679956334
GOOG_2019_Q2_20190725,GOOG,2019-07-25,train,3,-2.9177804199941204,,-5.0594158019316176
GOOG_2019_Q3_20191028,GOOG,2019-10-28,train,3,-4.6525973797273865,,-4.80628639489874
GOOG_2019_Q4_20200203,GOOG,2020-02-03,val,3,-3.980400579884843,,-3.83503235094736
GOOG_2020_Q1_20200428,GOOG,2020-04-28,train,3,-3.077157791151656,,-4.157096177128167
GOOG_2020_Q2_20200730,GOOG,2020-07-30,train,3,-4.417757141143002,,-4.236148252824641
GOOG_2020_Q3_20201029,GOOG,2020-10-29,train,3,-4.352885691966537,,-3.2951197809867123
GOOG_2020_Q4_20210202,GOOG,2021-02-02,train,3,-3.417035612697428,,-3.880298423951989
GOOG_2021_Q1_20210427,GOOG,2021-04-27,val,3,-4.0873425261771805,,-4.4239505119700056
GOOG_2021_Q2_20210727,GOOG,2021-07-27,train,3,-5.413022143919484,,-3.8037367702128377
GOOG_2021_Q3_20211026,GOOG,2021-10-26,train,3,-3.864888491659845,,-4.156965226903945
GS_2018_Q4_20190116,GS,2019-01-16,train,3,-3.2542213382970417,,-6.198290897296156
GS_2019_Q1_20190415,GS,2019-04-15,val,3,-3.555224601087964,,-4.56727456521219
GS_2019_Q2_20190716,GS,2019-07-16,val,3,-4.437094248604692,,-4.17801788328154
GS_2019_Q3_20191015,GS,2019-10-15,train,3,-5.506668679811403,,-4.885547147230191
GS_2019_Q4_20200115,GS,2020-01-15,train,3,-4.672050854550769,,-5.070402094387196
GS_2020_Q1_20200415,GS,2020-04-15,train,3,-3.9540223974310007,,-3.5517723456350843
GS_2020_Q2_20200715,GS,2020-07-15,val,3,-4.379656527384726,,-4.437774686975109
GS_2020_Q3_20201014,GS,2020-10-14,train,3,-5.022688685068867,,-3.9195493925159046
GS_2020_Q4_20210119,GS,2021-01-19,val,3,-4.867285428001474,,-4.1385155582754365
GS_2021_Q1_20210414,GS,2021-04-14,train,3,-5.083156439442879,,-5.016949686782005
GS_2021_Q2_20210713,GS,2021-07-13,train,3,-5.524130026680329,,-3.663533414016318
GS_2021_Q3_20211015,GS,2021-10-15,val,3,-4.071909626436414,,-5.19437223735502
JNJ_2018_Q4_20190122,JNJ,2019-01-22,train,3,-5.012510950742614,,-4.623863885531561
JNJ_2019_Q1_20190416,JNJ,2019-04-16,val,3,-4.895823321543203,,-5.617536366186998
JNJ_2019_Q2_20190716,JNJ,2019-07-16,val,3,-4.899916083602471,,-3.965659407796319
JNJ_2019_Q3_20191015,JNJ,2019-10-15,val,3,-5.403216319162273,,-4.62769563499216
JNJ_2019_Q4_20200122,JNJ,2020-01-22,train,3,-5.628033304835969,,-5.745328770173912
JNJ_2020_Q1_20200414,JNJ,2020-04-14,val,3,-4.1794959175774045,,-3.663471012346609
JNJ_2020_Q2_20200716,JNJ,2020-07-16,train,3,-5.941767256241628,,-4.824033920106778
JNJ_2020_Q3_20201013,JNJ,2020-10-13,train,3,-4.6972041026405815,,-5.614738173010692
JNJ_2020_Q4_20210126,JNJ,2021-01-26,train,3,-4.056289150922902,,-4.806683643701615
JNJ_2021_Q1_20210420,JNJ,2021-04-20,val,3,-4.316145733932764,,-5.498864073543051
JNJ_2021_Q2_20210721,JNJ,2021-07-21,train,3,-5.751151510569056,,-4.973412055603385
JNJ_2021_Q3_20211019,JNJ,2021-10-19,train,3,-4.444860913290254,,-5.022936546884126
JPM_2018_Q4_20190115,JPM,2019-01-15,train,3,-6.363430361279514,,-5.066165300536019
JPM_2019_Q1_20190412,JPM,2019-04-12,train,3,-3.7280229809953673,,-5.001746545250231
JPM_2019_Q2_20190716,JPM,2019-07-16,val,3,-4.735924342481469,,-4.559914691705283
JPM_2019_Q3_20191015,JPM,2019-10-15,val,3,-4.281352256668547,,-5.0922663667372055
JPM_2019_Q4_20200114,JPM,2020-01-14,train,3,-4.4929326626194594,,-4.859625088718627
JPM_2020_Q1_20200414,JPM,2020-04-14,train,3,-4.716033974651065,,-2.892867762720672
JPM_2020_Q2_20200714,JPM,2020-07-14,train,3,-5.218441486303213,,-3.468177459241021
JPM_2020_Q3_20201013,JPM,2020-10-13,train,3,-4.347623026256873,,-4.513767504912818
JPM_2020_Q4_20210115,JPM,2021-01-15,train,3,-5.14263308916814,,-5.091124364139442
JPM_2021_Q1_20210414,JPM,2021-04-14,val,3,-4.417413034561164,,-4.838055173339879
JPM_2021_Q2_20210713,JPM,2021-07-13,train,3,-4.947254814539639,,-3.893590310068795
JPM_2021_Q3_20211013,JPM,2021-10-13,train,3,-3.88083154072886,,-4.71355781592822
KO_2018_Q4_20190214,KO,2019-02-14,val,3,-3.3291656529209463,,-7.285663505164482
KO_2019_Q1_20190423,KO,2019-04-23,train,3,-4.6155608984027925,,-5.618168663598564
KO_2019_Q2_20190723,KO,2019-07-23,train,3,-3.377151570400134,,-5.438712277146093
KO_2019_Q3_20191018,KO,2019-10-18,val,3,-4.361849930638556,,-5.983662991811953
KO_2019_Q4_20200130,KO,2020-01-30,train,3,-4.074273931560919,,-5.698306421272696
KO_2020_Q1_20200421,KO,2020-04-21,train,3,-4.346708733202458,,-3.8421331092893016
KO_2020_Q2_20200721,KO,2020-07-21,val,3,-4.2731701426924165,,-4.400236015537551
KO_2020_Q3_20201022,KO,2020-10-22,val,3,-4.462226410455613,,-4.686360602460862
KO_2020_Q4_20210210,KO,2021-02-10,train,3,-5.0160536335649,,-4.940784181566844
KO_2021_Q1_20210419,KO,2021-04-19,val,3,-6.197036586526289,,-5.861115277346484
KO_2021_Q2_20210721,KO,2021-07-21,train,3,-5.097187577254319,,-5.125259302694662
KO_2021_Q3_20211027,KO,2021-10-27,val,3,-5.172029298929649,,-5.643100633636413
LLY_2018_Q4_20190206,LLY,2019-02-06,val,3,-4.243885076129119,,-5.12390741320143
LLY_2019_Q1_20190430,LLY,2019-04-30,val,3,-4.320760296349681,,-4.986571706689915
LLY_2019_Q2_20190730,LLY,2019-07-30,train,3,-5.0600867677678885,,-5.297508101888702
LLY_2019_Q3_20191023,LLY,2019-10-23,val,3,-4.011046068591615,,-4.5840327572708
LLY_2019_Q4_20200130,LLY,2020-01-30,train,3,-4.050343582014097,,-5.224523646702548
LLY_2020_Q1_20200423,LLY,2020-04-23,train,3,-4.266656623148482,,-3.720362255338209
LLY_2020_Q2_20200730,LLY,2020-07-30,train,3,-3.5399657661571293,,-4.854932211384685
LLY_2020_Q3_20201027,LLY,2020-10-27,train,3,-3.3741101102727296,,-5.475961925038956
LLY_2020_Q4_20210129,LLY,2021-01-29,val,3,-4.915428884094016,,-4.177577808024971
LLY_2021_Q1_20210427,LLY,2021-04-27,train,3,-4.222880952083713,,-4.420545735878047
LLY_2021_Q2_20210803,LLY,2021-08-03,val,3,-4.346879784433554,,-4.715585789713311
LLY_2021_Q3_20211026,LLY,2021-10-26,train,3,-5.805993098760668,,-4.712521229616443
MA_2018_Q4_20190131,MA,2019-01-31,train,3,-4.376448130726423,,-4.1315674859310265
MA_2019_Q1_20190430,MA,2019-04-30,train,3,-3.85943979559812,,-6.620139776357436
MA_2019_Q2_20190730,MA,2019-07-30,val,3,-4.450212378935496,,-5.135021226274144
MA_2019_Q3_20191029,MA,2019-10-29,train,3,-4.979070680076475,,-4.575273867033494
MA_2019_Q4_20200129,MA,2020-01-29,train,3,-4.115566533786123,,-4.148381567602824
MA_2020_Q1_20200429,MA,2020-04-29,val,3,-3.063748462951273,,-4.524967245129152
MA_2020_Q2_20200730,MA,2020-07-30,val,3,-4.991678560411567,,-4.858783936453457
MA_2020_Q3_20201028,MA,2020-10-28,train,3,-3.2934856077772774,,-4.304902973896637
MA_2020_Q4_20210128,MA,2021-01-28,val,3,-3.790823757666712,,-4.088025659902685
MA_2021_Q1_20210429,MA,2021-04-29,val,3,-5.319524465340128,,-4.981340306885127
MA_2021_Q2_20210729,MA,2021-07-29,train,3,-4.073566875711872,,-4.990064630247311
MA_2021_Q3_20211028,MA,2021-10-28,train,3,-5.018539390888023,,-3.562172294881349
MCD_2018_Q4_20190130,MCD,2019-01-30,train,3,-5.131011380904917,,-5.029079165093624
MCD_2019_Q1_20190430,MCD,2019-04-30,train,3,-4.690246259639281,,-6.356429125726514
MCD_2019_Q2_20190726,MCD,2019-07-26,val,3,-4.934897226512288,,-5.0634662241319175
MCD_2019_Q3_20191022,MCD,2019-10-22,train,3,-3.8666370354292168,,-5.003301235656698
MCD_2019_Q4_20200129,MCD,2020-01-29,val,3,-4.410312168922202,,-4.974751231501622
MCD_2020_Q1_20200430,MCD,2020-04-30,train,3,-4.506647519065915,,-5.362374785270728
MCD_2020_Q2_20200728,MCD,2020-07-28,train,3,-4.522949794699012,,-4.896523796249079
MCD_2020_Q3_20201109,MCD,2020-11-09,train,3,-4.1766814719923815,,-5.042376197839457
MCD_2020_Q4_20210128,MCD,2021-01-28,val,3,-5.997425594967542,,-3.866423090839469
MCD_2021_Q1_20210429,MCD,2021-04-29,train,3,-5.141946605384519,,-4.576643620515114
MCD_2021_Q2_20210728,MCD,2021-07-28,train,3,-4.477602531508355,,-5.174093313649372
MCD_2021_Q3_20211027,MCD,2021-10-27,train,3,-4.523097677340258,,-5.575086321463504
MDLZ_2018_Q4_20190130,MDLZ,2019-01-30,train,3,-3.5333189441271067,,-6.997242170579585
MDLZ_2019_Q1_20190430,MDLZ,2019-04-30,train,3,-4.87766646253006,,-7.357195798573461
MDLZ_2019_Q2_20190730,MDLZ,2019-07-30,val,3,-4.378623269608799,,-5.642213176549763
MDLZ_2019_Q3_20191029,MDLZ,2019-10-29,train,3,-4.634578638334954,,-5.017060698998672
MDLZ_2019_Q4_20200129,MDLZ,2020-01-29,train,3,-3.1448250002114264,,-5.423642189507436
MDLZ_2020_Q1_20200428,MDLZ,2020-04-28,val,3,-4.70993909961199,,-5.647124495238172
MDLZ_2020_Q2_20200728,MDLZ,2020-07-28,train,3,-4.167873540639548,,-5.169933136765312
MDLZ_2020_Q3_20201102,MDLZ,2020-11-02,train,3,-5.351142867028338,,-4.510538822637019
MDLZ_2020_Q4_20210128,MDLZ,2021-01-28,val,3,-3.974585775974624,,-4.16783238183402
MDLZ_2021_Q1_20210427,MDLZ,2021-04-27,val,3,-4.037945204118276,,-5.202459123859635
MDLZ_2021_Q2_20210727,MDLZ,2021-07-27,train,3,-4.365847213389388,,-4.950293307854272
MDLZ_2021_Q3_20211102,MDLZ,2021-11-02,val,3,-4.791512239466367,,-5.417186434934809
MO_2018_Q4_20190131,MO,2019-01-31,train,3,-4.107862283728583,,-4.472447939152584
MO_2019_Q1_20190425,MO,2019-04-25,val,3,-3.26085347374082,,-5.842569223767077
MO_2019_Q2_20190730,MO,2019-07-30,val,3,-3.7426781386672254,,-5.219183899532938
MO_2019_Q3_20191031,MO,2019-10-31,train,3,-4.10876413954961,,-4.532650517544466
MO_2019_Q4_20200130,MO,2020-01-30,train,3,-4.32781031310969,,-4.93591116255482
MO_2020_Q1_20200430,MO,2020-04-30,val,3,-4.105788709341404,,-4.400371945565473
MO_2020_Q2_20200728,MO,2020-07-28,train,3,-4.380684047082756,,-7.873954388094649
MO_2020_Q3_20201030,MO,2020-10-30,train,3,-3.940682417992072,,-4.098716397484618
MO_2020_Q4_20210128,MO,2021-01-28,train,3,-3.766378797813642,,-4.967680887211246
MO_2021_Q1_20210429,MO,2021-04-29,train,3,-4.171436811994557,,-6.410048239680262
MO_2021_Q2_20210729,MO,2021-07-29,train,3,-4.262144809343915,,-5.743269636179344
MO_2021_Q3_20211028,MO,2021-10-28,val,3,-3.6328700162707808,,-5.027921773863803
MRK_2018_Q4_20190201,MRK,2019-02-01,train,3,-4.540577216875762,,-5.213308091245622
MRK_2019_Q1_20190430,MRK,2019-04-30,train,3,-4.577942183939649,,-4.7295512786129
MRK_2019_Q2_20190730,MRK,2019-07-30,train,3,-5.1469891105569126,,-4.928544503613291
MRK_2019_Q3_20191029,MRK,2019-10-29,train,3,-4.361591674629316,,-6.569476145420246
MRK_2019_Q4_20200205,MRK,2020-02-05,val,3,-4.453786348654029,,-4.238427923513934
MRK_2020_Q1_20200428,MRK,2020-04-28,train,3,-4.459198556440477,,-4.540914031652589
MRK_2020_Q2_20200731,MRK,2020-07-31,train,3,-4.115392114213457,,-5.01831236866416
MRK_2020_Q3_20201027,MRK,2020-10-27,train,3,-4.825302537312534,,-4.467856152530134
MRK_2020_Q4_20210204,MRK,2021-02-04,train,3,-5.189235541243428,,-5.317796964177807
MRK_2021_Q1_20210429,MRK,2021-04-29,val,3,-3.5619527167717573,,-6.967366963733172
MRK_2021_Q2_20210729,MRK,2021-07-29,val,3,-4.964703799283591,,-5.261645615929142
MRK_2021_Q3_20211028,MRK,2021-10-28,train,3,-3.6236670821260097,,-4.924867865572845
NEE_2018_Q4_20190125,NEE,2019-01-25,train,3,-4.203415946250479,,-5.958607923547516
NEE_2019_Q1_20190423,NEE,2019-04-23,train,3,-6.058127913507639,,-5.848970128831064
NEE_2019_Q2_20190724,NEE,2019-07-24,train,3,-4.545370921243996,,-5.397767143500155
NEE_2019_Q3_20191022,NEE,2019-10-22,train,3,-5.043792326125607,,-6.208850484575228
NEE_2019_Q4_20200124,NEE,2020-01-24,train,3,-4.864960087509576,,-5.15980613761863
NEE_2020_Q1_20200422,NEE,2020-04-22,train,3,-3.454761159294168,,-3.512630029883125
NEE_2020_Q2_20200724,NEE,2020-07-24,train,3,-4.901592363327086,,-5.246306486040567
NEE_2020_Q3_20201021,NEE,2020-10-21,val,3,-4.529417668417928,,-4.0232223015251085
NEE_2020_Q4_20210126,NEE,2021-01-26,val,3,-3.3316102819679,,-4.199413889164147
NEE_2021_Q1_20210421,NEE,2021-04-21,train,3,-4.13757188468318,,-4.499204483279895
NEE_2021_Q2_20210723,NEE,2021-07-23,train,3,-4.820681127620034,,-4.690392995201884
NEE_2021_Q3_20211020,NEE,2021-10-20,train,3,-4.59679847942837,,-4.751066980556327
NKE_2019_Q3_20190321,NKE,2019-03-21,train,3,-3.3560183293956234,,-4.510861327516746
NKE_2019_Q4_20190627,NKE,2019-06-27,train,3,-4.67437076943915,,-4.222061312235868
NKE_2020_Q1_20190924,NKE,2019-09-24,train,3,-4.094023777942034,,-4.615847936534653
NKE_2020_Q2_20191219,NKE,2019-12-19,train,3,-5.120895042025746,,-6.508155212101151
NKE_2020_Q3_20200324,NKE,2020-03-24,train,3,-3.106649089035922,,-2.3214561324087826
NKE_2020_Q4_20200625,NKE,2020-06-25,val,3,-3.061175514856224,,-4.0228123015561446
NKE_2021_Q1_20200922,NKE,2020-09-22,train,3,-3.056943445032493,,-3.877879803423356
NKE_2021_Q2_20201218,NKE,2020-12-18,val,3,-3.613052564248501,,-4.145452865954723
NKE_2021_Q3_20210318,NKE,2021-03-18,train,3,-3.9654558569089065,,-5.233175610918575
NKE_2021_Q4_20210624,NKE,2021-06-24,train,3,-2.627613754929877,,-5.002730044783826
NKE_2022_Q1_20210923,NKE,2021-09-23,val,3,-3.774510644529303,,-5.380781662981715
NKE_2022_Q2_20211220,NKE,2021-12-20,train,3,-3.4889219264853715,,-4.694930493524918
NUE_2018_Q4_20190129,NUE,2019-01-29,train,3,-4.609487653735714,,-4.4437362125001805
NUE_2019_Q1_20190423,NUE,2019-04-23,train,3,-3.9634747699827297,,-6.037354893474608
NUE_2019_Q2_20190718,NUE,2019-07-18,train,3,-3.93582004910521,,-4.690622107214075
NUE_2019_Q3_20191022,NUE,2019-10-22,train,3,-4.253440916681196,,-6.036546876697186
NUE_2019_Q4_20200128,NUE,2020-01-28,val,3,-3.9499002859170447,,-4.601784876477159
NUE_2020_Q1_20200428,NUE,2020-04-28,train,3,-3.406307065442961,,-3.6219974865792985
NUE_2020_Q2_20200723,NUE,2020-07-23,train,3,-4.888376935506731,,-4.046382312982856
NUE_2020_Q3_20201022,NUE,2020-10-22,train,3,-3.567760589062736,,-5.6945845303434695
NUE_2020_Q4_20210128,NUE,2021-01-28,val,3,-4.153192960704695,,-4.434846277776385
NUE_2021_Q1_20210422,NUE,2021-04-22,train,3,-3.265448794334866,,-4.274443096705192
NUE_2021_Q2_20210722,NUE,2021-07-22,train,3,-4.291439923459075,,-4.035295592182076
NUE_2021_Q3_20211021,NUE,2021-10-21,val,3,-3.191530654886788,,-5.3019655891509245
ORCL_2019_Q3_20190314,ORCL,2019-03-14,train,3,-5.138634069798987,,-6.1696463592931625
ORCL_2019_Q4_20190619,ORCL,2019-06-19,train,3,-3.194296334698173,,-7.29770788988566
ORCL_2020_Q1_20190911,ORCL,2019-09-11,train,3,-4.063555126549609,,-5.334378320628967
ORCL_2020_Q2_20191212,ORCL,2019-12-12,train,3,-4.577283419642695,,-5.840177235677896
ORCL_2020_Q3_20200312,ORCL,2020-03-12,train,3,-2.0413553106970515,,-2.6299854729996337
ORCL_2020_Q4_20200616,ORCL,2020-06-16,val,3,-3.1874487143462944,,-4.930055092916004
ORCL_2021_Q1_20200910,ORCL,2020-09-10,train,3,-3.90298872777526,,-4.188100668582925
ORCL_2021_Q2_20201210,ORCL,2020-12-10,val,3,-4.881226066200809,,-4.580952381754535
ORCL_2021_Q3_20210310,ORCL,2021-03-10,val,3,-3.4327410179745006,,-4.141042950590711
ORCL_2021_Q4_20210615,ORCL,2021-06-15,train,3,-3.665093629028875,,-4.849084075533911
ORCL_2022_Q1_20210913,ORCL,2021-09-13,val,3,-4.02749411966215,,-5.356807249232314
ORCL_2022_Q2_20211209,ORCL,2021-12-09,train,3,-2.525904828321097,,-4.588261911241332
PEP_2018_Q4_20190215,PEP,2019-02-15,val,3,-4.263732316076268,,-4.72235093200402
PEP_2019_Q1_20190417,PEP,2019-04-17,train,3,-3.967654531415069,,-4.701454806350406
PEP_2019_Q2_20190709,PEP,2019-07-09,train,3,-4.47754386377962,,-4.8010383763237545
PEP_2019_Q3_20191003,PEP,2019-10-03,train,3,-4.000191243740315,,-4.17994803199062
PEP_2019_Q4_20200213,PEP,2020-02-13,train,3,-5.126962861297505,,-6.720750813744709
PEP_2020_Q1_20200428,PEP,2020-04-28,train,3,-4.224057577164835,,-3.896216138362169
PEP_2020_Q2_20200714,PEP,2020-07-13,train,3,-4.799443844657711,,-4.590854614694082
PEP_2020_Q3_20201001,PEP,2020-10-01,train,3,-4.238407845791883,,-4.136678800825943
PEP_2020_Q4_20210211,PEP,2021-02-11,val,3,-4.64088260028547,,-5.473573760563476
PEP_2021_Q1_20210415,PEP,2021-04-15,train,3,-5.307409732137094,,-5.503406552614422
PEP_2021_Q2_20210713,PEP,2021-07-13,train,3,-4.863462090190327,,-6.602406369319325
PEP_2021_Q3_20211005,PEP,2021-10-05,val,3,-4.754926514483199,,-5.030192092117289
PFE_2018_Q4_20190129,PFE,2019-01-29,val,3,-5.278043672183001,,-4.640874344005196
PFE_2019_Q1_20190430,PFE,2019-04-30,train,3,-4.619201455837203,,-4.809462253099852
PFE_2019_Q2_20190729,PFE,2019-07-29,train,3,-3.61538954945737,,-4.969433297256253
PFE_2019_Q3_20191029,PFE,2019-10-29,train,3,-4.46506361223169,,-4.537964144844983
PFE_2019_Q4_20200128,PFE,2020-01-28,val,3,-3.914020258336461,,-4.168646971608961
PFE_2020_Q1_20200428,PFE,2020-04-28,val,3,-4.833079233288072,,-5.217530711515227
PFE_2020_Q2_20200728,PFE,2020-07-28,train,3,-3.994575658212564,,-4.887082033522549
PFE_2020_Q3_20201027,PFE,2020-10-27,val,3,-3.862047322610765,,-4.506089802054524
PFE_2020_Q4_20210202,PFE,2021-02-02,val,3,-4.579268457125006,,-6.390819491555993
PFE_2021_Q1_20210504,PFE,2021-05-04,val,3,-5.190747180411221,,-4.160185904046447
PFE_2021_Q2_20210728,PFE,2021-07-28,train,3,-4.091672843435249,,-6.463184030432045
PFE_2021_Q3_20211103,PFE,2021-11-02,train,3,-3.653549608580666,,-5.078101754300011
PLD_2018_Q4_20190122,PLD,2019-01-22,val,3,-5.513109729887345,,-6.205261758025264
PLD_2019_Q1_20190417,PLD,2019-04-17,val,3,-4.305667618979598,,-4.745965201561591
PLD_2019_Q2_20190716,PLD,2019-07-16,val,3,-4.959934925428437,,-4.669453654821091
PLD_2019_Q3_20191015,PLD,2019-10-15,train,3,-4.169071829425482,,-6.250732161752415
PLD_2019_Q4_20200122,PLD,2020-01-22,val,3,-4.2182209016305565,,-6.421284153374633
PLD_2020_Q1_20200421,PLD,2020-04-21,val,3,-4.749019774442781,,-3.9650387873247217
PLD_2020_Q2_20200721,PLD,2020-07-21,val,3,-4.297834920287328,,-3.786595753318171
PLD_2020_Q3_20201020,PLD,2020-10-20,train,3,-5.16745056978643,,-4.714602381421883
PLD_2020_Q4_20210126,PLD,2021-01-26,train,3,-3.729673140328386,,-5.184432076555162
PLD_2021_Q1_20210419,PLD,2021-04-19,train,3,-4.4853572809688,,-4.239691630641032
PLD_2021_Q2_20210719,PLD,2021-07-19,train,3,-4.871120063535996,,-6.728189594203592
PLD_2021_Q3_20211015,PLD,2021-10-15,train,3,-4.570637997746169,,-5.085154289365193
PPG_2018_Q4_20190117,PPG,2019-01-17,train,3,-3.5410482921103363,,-4.59429038636037
PPG_2019_Q1_20190418,PPG,2019-04-18,train,3,-4.039986121588067,,-4.56789920586545
PPG_2019_Q2_20190718,PPG,2019-07-18,train,3,-5.500899338216362,,-4.984306712189165
PPG_2019_Q3_20191017,PPG,2019-10-17,train,3,-4.720580694293245,,-4.483387774785372
PPG_2019_Q4_20200116,PPG,2020-01-16,train,3,-4.204891766302122,,-6.552182476807313
PPG_2020_Q1_20200428,PPG,2020-04-28,train,3,-3.0755150362052093,,-4.382890156997447
PPG_2020_Q2_20200717,PPG,2020-07-17,train,3,-4.151403464712181,,-4.151721563964962
PPG_2020_Q3_20201020,PPG,2020-10-20,val,3,-5.864645649927921,,-4.186945425344912
PPG_2020_Q4_20210122,PPG,2021-01-22,val,3,-3.680900393261041,,-4.92667431353203
PPG_2021_Q1_20210416,PPG,2021-04-16,train,3,-3.243827107674787,,-4.556257282955822
PPG_2021_Q2_20210720,PPG,2021-07-19,val,3,-3.743474869082416,,-4.266662792902821
PPG_2021_Q3_20211021,PPG,2021-10-20,train,3,-3.868216532722048,,-4.339375402897673
PSA_2018_Q4_20190227,PSA,2019-02-27,train,3,-4.293820165228566,,-6.172935435757701
PSA_2019_Q1_20190502,PSA,2019-05-02,train,3,-4.571275441125702,,-4.52800413224366
PSA_2019_Q2_20190731,PSA,2019-07-31,train,3,-4.92764275748826,,-4.588984845156799
PSA_2019_Q3_20191030,PSA,2019-10-30,train,3,-3.930022331153842,,-4.116161115890034
PSA_2019_Q4_20200226,PSA,2020-02-26,val,3,-3.121147755209554,,-4.091638611778635
PSA_2020_Q1_20200501,PSA,2020-05-01,train,3,-5.297209838695153,,-4.999857526937769
PSA_2020_Q2_20200806,PSA,2020-08-06,train,3,-4.628096409232979,,-3.760536236516966
PSA_2020_Q3_20201105,PSA,2020-11-05,train,3,-4.044607805819075,,-4.924326891287824
PSA_2020_Q4_20210225,PSA,2021-02-25,train,3,-4.038206624463904,,-4.888842052025701
PSA_2021_Q1_20210429,PSA,2021-04-29,val,3,-4.277060164730719,,-5.848491417816037
PSA_2021_Q2_20210804,PSA,2021-08-04,train,3,-4.6739503204420405,,-5.742830794158965
PSA_2021_Q3_20211102,PSA,2021-11-02,train,3,-4.303123515335062,,-4.306978497691679
PSX_2018_Q4_20190208,PSX,2019-02-08,train,3,-4.718647120676012,,-4.305314347518138
PSX_2019_Q1_20190430,PSX,2019-04-30,train,3,-4.841509324511316,,-5.22371027328786
PSX_2019_Q2_20190726,PSX,2019-07-26,train,3,-6.624268582693272,,-5.560857072558672
PSX_2019_Q3_20191025,PSX,2019-10-25,train,3,-4.824177196508046,,-5.209618697789138
PSX_2019_Q4_20200131,PSX,2020-01-31,train,3,-3.901905208428978,,-5.055720633704739
PSX_2020_Q1_20200501,PSX,2020-05-01,val,3,-2.4991054213555555,,-3.218795026323339
PSX_2020_Q2_20200731,PSX,2020-07-31,train,3,-4.33620034031231,,-3.542621869534632
PSX_2020_Q3_20201030,PSX,2020-10-30,val,3,-4.177579545375341,,-3.185757323585669
PSX_2020_Q4_20210129,PSX,2021-01-29,train,3,-3.540952907391686,,-5.137137385606216
PSX_2021_Q1_20210430,PSX,2021-04-30,val,3,-3.858988962175984,,-5.236328295626274
PSX_2021_Q2_20210803,PSX,2021-08-03,train,3,-3.177255484955403,,-4.858283801604941
PSX_2021_Q3_20211029,PSX,2021-10-29,train,3,-3.5086102996153574,,-3.805751857709948
RTX_2018_Q4_20190131,RTX,2019-01-23,val,3,-3.5577721547643133,,-3.996162490881716
RTX_2019_Q1_20190425,RTX,2019-04-25,val,3,-4.481351090185522,,-5.540465961730642
RTX_2019_Q2_20190725,RTX,2019-07-25,train,3,-4.641123794070271,,-6.132983578777272
RTX_2019_Q3_20191024,RTX,2019-10-24,val,3,-4.12210676039839,,-4.618701172085518
RTX_2019_Q4_20200130,RTX,2020-01-30,train,3,-5.273844128573311,,-5.122769463090898
RTX_2020_Q1_20200507,RTX,2020-05-07,train,3,-3.7787135654660298,,-4.12605540100093
RTX_2020_Q2_20200728,RTX,2020-07-28,train,3,-4.309150988988415,,-5.552014290584131
RTX_2020_Q3_20201027,RTX,2020-10-27,val,3,-3.187036997860304,,-3.559880157122408
RTX_2020_Q4_20210126,RTX,2021-01-26,train,3,-3.60732439935026,,-5.324169055204667
RTX_2021_Q1_20210427,RTX,2021-04-27,val,3,-4.544312222608833,,-4.578712313376959
RTX_2021_Q2_20210727,RTX,2021-07-27,train,3,-4.16442321434345,,-5.392382565534382
RTX_2021_Q3_20211026,RTX,2021-10-26,train,3,-4.49815807112875,,-5.618829660358872
SBUX_2019_Q1_20190124,SBUX,2019-01-24,val,3,-4.05120445550957,,-3.996542316684905
SBUX_2019_Q2_20190425,SBUX,2019-04-25,train,3,-4.9523859091402045,,-6.368620884005089
SBUX_2019_Q3_20190725,SBUX,2019-07-25,train,3,-3.036004561173184,,-5.029687411180637
SBUX_2019_Q4_20191030,SBUX,2019-10-30,train,3,-4.760988351080518,,-6.0596774398567685
SBUX_2020_Q1_20200128,SBUX,2020-01-28,val,3,-5.32201849166419,,-4.26569500527668
SBUX_2020_Q2_20200428,SBUX,2020-04-28,train,3,-4.197650310021379,,-4.644232356292045
SBUX_2020_Q3_20200728,SBUX,2020-07-28,val,3,-3.8836503844182015,,-4.218873718544836
SBUX_2020_Q4_20201029,SBUX,2020-10-29,train,3,-3.932647526789291,,-3.938487689518437
SBUX_2021_Q1_20210126,SBUX,2021-01-26,train,3,-3.54180814210417,,-4.798352218663416
SBUX_2021_Q2_20210427,SBUX,2021-04-27,val,3,-3.843868923113104,,-4.464939785414557
SBUX_2021_Q3_20210727,SBUX,2021-07-27,train,3,-4.418659665199674,,-4.363543511594898
SBUX_2021_Q4_20211028,SBUX,2021-10-28,train,3,-3.1623062844438707,,-5.1371750597153385
SHW_2018_Q4_20190131,SHW,2019-01-31,train,3,-3.848603934211001,,-5.543274174428281
SHW_2019_Q1_20190423,SHW,2019-04-23,val,3,-4.262080202919576,,-4.153083722424474
SHW_2019_Q2_20190723,SHW,2019-07-23,train,3,-3.576275764944012,,-5.952382432975844
SHW_2019_Q3_20191022,SHW,2019-10-22,val,3,-4.223229901572067,,-4.837600091350294
SHW_2019_Q4_20200130,SHW,2020-01-30,val,3,-3.530184761501222,,-4.4211975572662485
SHW_2020_Q1_20200429,SHW,2020-04-29,train,3,-3.3857936115240306,,-4.747665148601
SHW_2020_Q2_20200728,SHW,2020-07-28,train,3,-4.6984759207469065,,-4.750296402347481
SHW_2020_Q3_20201027,SHW,2020-10-27,val,3,-5.028474581228534,,-4.40894476992623
SHW_2020_Q4_20210128,SHW,2021-01-28,val,3,-4.176163901314243,,-4.933783157613688
SHW_2021_Q1_20210427,SHW,2021-04-27,train,3,-4.780595480068207,,-4.340558074927818
SHW_2021_Q2_20210727,SHW,2021-07-27,train,3,-5.597772572149426,,-4.82283756564632
SHW_2021_Q3_20211026,SHW,2021-10-26,train,3,-5.028281647385208,,-4.973117562860415
SLB_2018_Q4_20190118,SLB,2019-01-18,train,3,-3.082602209131564,,-4.741358001647109
SLB_2019_Q1_20190418,SLB,2019-04-18,val,3,-3.900813486362332,,-4.815618516304432
SLB_2019_Q2_20190719,SLB,2019-07-25,val,3,-4.735866611845085,,-5.190732503318194
SLB_2019_Q3_20191018,SLB,2019-10-18,val,3,-4.497975760342281,,-4.121177985523615
SLB_2019_Q4_20200117,SLB,2020-01-17,train,3,-4.320100987475857,,-3.965687359513801
SLB_2020_Q1_20200417,SLB,2020-04-17,train,3,-2.9596779145103924,,-4.481913331401474
SLB_2020_Q2_20200723,SLB,2020-07-24,train,3,-4.055934727033149,,-3.394530940765794
SLB_2020_Q3_20201016,SLB,2020-10-16,train,3,-2.971811159056176,,-3.791999062292174
SLB_2020_Q4_20210122,SLB,2021-01-22,train,3,-3.8380864272502686,,-3.5957576692077065
SLB_2021_Q1_20210423,SLB,2021-04-23,train,3,-4.2635028899108525,,-3.592672096176276
SLB_2021_Q2_20210723,SLB,2021-07-23,train,3,-3.964104238291433,,-3.7048888076415647
SLB_2021_Q3_20211022,SLB,2021-10-22,train,3,-4.583129937045922,,-4.586146986655186
SO_2018_Q4_20190220,SO,2019-02-20,train,3,-5.180613552640235,,-5.576119733872587
SO_2019_Q1_20190501,SO,2019-05-01,train,3,-4.642464406358834,,-4.613543654040524
SO_2019_Q2_20190731,SO,2019-07-31,train,3,-5.486324699917343,,-4.597979559255711
SO_2019_Q3_20191030,SO,2019-10-30,train,3,-4.2070117078083,,-5.69827897219775
SO_2019_Q4_20200220,SO,2020-02-20,train,3,-4.1834946290177495,,-4.933800747969696
SO_2020_Q1_20200430,SO,2020-04-30,val,3,-3.880722126820817,,-4.529126044949119
SO_2020_Q2_20200730,SO,2020-07-30,train,3,-5.520151318375386,,-4.414208597463492
SO_2020_Q3_20201029,SO,2020-10-29,train,3,-4.072797765867054,,-4.418898659055098
SO_2020_Q4_20210218,SO,2021-02-18,train,3,-4.8684295850553285,,-5.235092445760247
SO_2021_Q1_20210429,SO,2021-04-29,train,3,-4.880050178368277,,-5.460772830592945
SO_2021_Q2_20210729,SO,2021-07-29,train,3,-4.959121047809154,,-4.723526926866111
SO_2021_Q3_20211104,SO,2021-11-04,train,3,-4.951126468594025,,-6.907055747053981
T_2018_Q4_20190130,T,2019-01-30,train,3,-3.5925324453978056,,-7.306265139871253
T_2019_Q1_20190424,T,2019-04-24,train,3,-3.8520112051757023,,-7.17419565436807
T_2019_Q2_20190724,T,2019-07-24,train,3,-4.521414430505122,,-4.860274658723407
T_2019_Q3_20191028,T,2019-10-28,train,3,-3.78233903714784,,-4.514566951178289
T_2019_Q4_20200129,T,2020-01-29,val,3,-3.798242329786836,,-5.033536251267343
T_2020_Q1_20200422,T,2020-04-22,train,3,-4.756194357188268,,-3.528728189448132
T_2020_Q2_20200723,T,2020-07-23,train,3,-6.907018955405953,,-4.513199407557492
T_2020_Q3_20201022,T,2020-10-22,train,3,-3.350075014569543,,-5.039867780403611
T_2020_Q4_20210127,T,2021-01-27,val,3,-5.115425149154511,,-4.808810570249233
T_2021_Q1_20210422,T,2021-04-22,val,3,-3.731332750055549,,-5.4311696264203855
T_2021_Q2_20210722,T,2021-07-22,val,3,-6.400874924365326,,-4.579366352637291
T_2021_Q3_20211021,T,2021-10-21,val,3,-4.978710851126207,,-4.40739938692684
TGT_2018_Q4_20190305,TGT,2019-03-05,val,3,-3.781918367121535,,-5.4985073244529294
TGT_2019_Q1_20190522,TGT,2019-05-22,val,3,-3.7011384978482864,,-4.822345046457249
TGT_2019_Q2_20190821,TGT,2019-08-21,train,3,-2.3232430282430427,,-4.276623641674495
TGT_2019_Q3_20191120,TGT,2019-11-20,train,3,-2.7269864491733253,,-4.359265297570226
TGT_2019_Q4_20200303,TGT,2020-03-03,val,3,-3.88951004290355,,-3.0984565841945044
TGT_2020_Q1_20200520,TGT,2020-05-20,train,3,-4.672142889165132,,-3.965692481576649
TGT_2020_Q2_20200819,TGT,2020-08-19,train,3,-2.794008367818473,,-4.800941541294457
TGT_2020_Q3_20201118,TGT,2020-11-18,train,3,-4.663763319104951,,-4.360305361172875
TGT_2020_Q4_20210302,TGT,2021-03-02,train,3,-3.559180315609374,,-4.470390194060033
TGT_2021_Q1_20210519,TGT,2021-05-19,train,3,-3.805559907622005,,-4.520858422317386
TGT_2021_Q2_20210818,TGT,2021-08-18,val,3,-3.681629121632509,,-4.192007816959094
TGT_2021_Q3_20211117,TGT,2021-11-17,val,3,-3.942391413072925,,-6.061127139261406
TJX_2019_Q4_20190227,TJX,2019-02-27,val,3,-4.059190149932154,,-4.466436897336256
TJX_2020_Q1_20190521,TJX,2019-05-21,val,3,-4.076233594381105,,-5.582287971990763
TJX_2020_Q2_20190820,TJX,2019-08-20,train,3,-4.10982035991048,,-3.937355372810424
TJX_2020_Q3_20191119,TJX,2019-11-19,train,3,-4.1118219776211244,,-4.86681054325569
TJX_2020_Q4_20200226,TJX,2020-02-26,train,3,-2.91652423579858,,-4.604679555512011
TJX_2021_Q1_20200521,TJX,2020-05-21,train,3,-3.361339711859972,,-3.8747663965386834
TJX_2021_Q2_20200819,TJX,2020-08-19,train,3,-3.6987750964212527,,-3.6673242645787134
TJX_2021_Q3_20201118,TJX,2020-11-18,train,3,-4.20464100716467,,-4.555381153516724
TJX_2021_Q4_20210224,TJX,2021-02-24,train,3,-4.50495986423593,,-4.208696524102099
TJX_2022_Q1_20210519,TJX,2021-05-19,val,3,-3.7378475178867214,,-4.225810927266524
TJX_2022_Q2_20210818,TJX,2021-08-18,val,3,-3.776006765707408,,-5.014758189804135
TJX_2022_Q3_20211117,TJX,2021-11-17,train,3,-3.303129175713539,,-5.956001111669512
TMUS_2018_Q4_20190207,TMUS,2019-02-07,train,3,-4.723109303066865,,-4.07113053509118
TMUS_2019_Q1_20190425,TMUS,2019-04-25,val,3,-4.923077368969429,,-5.598717706228868
TMUS_2019_Q2_20190726,TMUS,2019-07-26,train,3,-3.3776913466230365,,-4.096104307322316
TMUS_2019_Q3_20191028,TMUS,2019-10-28,train,3,-4.410590356183373,,-5.60071106323284
TMUS_2019_Q4_20200206,TMUS,2020-02-06,train,3,-2.9298309323096072,,-4.686940657705724
TMUS_2020_Q1_20200506,TMUS,2020-05-06,val,3,-3.0242186347136712,,-3.7287775616376058
TMUS_2020_Q2_20200806,TMUS,2020-08-06,val,3,-3.333654714065001,,-4.861506810063154
TMUS_2020_Q3_20201105,TMUS,2020-11-05,train,3,-3.545096502285802,,-4.08685235110258
TMUS_2020_Q4_20210204,TMUS,2021-02-04,train,3,-3.942758615936607,,-3.9626631605612497
TMUS_2021_Q1_20210504,TMUS,2021-05-04,train,3,-4.00437371507483,,-4.944415640369697
TMUS_2021_Q2_20210729,TMUS,2021-07-29,train,3,-5.379704029276113,,-6.105168738387178
TMUS_2021_Q3_20211102,TMUS,2021-11-02,val,3,-3.742417587729917,,-5.035979832875397
V_2019_Q1_20190130,V,2019-01-30,train,3,-3.762454691327777,,-4.127771347444056
V_2019_Q2_20190424,V,2019-04-24,train,3,-5.0839150587366495,,-5.587303988126606
V_2019_Q3_20190723,V,2019-07-23,train,3,-4.566499784116505,,-5.116081026923977
V_2019_Q4_20191024,V,2019-10-24,val,3,-4.5364277097559285,,-3.7087515915256257
V_2020_Q1_20200130,V,2020-01-30,train,3,-3.6347651172111295,,-5.434969326639379
V_2020_Q2_20200430,V,2020-04-30,train,3,-4.359882759805172,,-3.3764194299935406
V_2020_Q3_20200728,V,2020-07-28,train,3,-4.246928521992829,,-4.779679578439606
V_2020_Q4_20201028,V,2020-10-28,val,3,-4.054533172462209,,-4.28459272438098
V_2021_Q1_20210128,V,2021-01-28,train,3,-3.763911711982919,,-3.813352970042416
V_2021_Q2_20210427,V,2021-04-27,train,3,-4.294476418577188,,-5.239277515704496
V_2021_Q3_20210727,V,2021-07-27,train,3,-4.814401786568379,,-4.87021046495393
V_2021_Q4_20211026,V,2021-10-26,train,3,-3.441295063095552,,-4.780433157526888
VZ_2018_Q4_20190129,VZ,2019-01-29,val,3,-3.7606738718094137,,-5.196684401446382
VZ_2019_Q1_20190423,VZ,2019-04-23,train,3,-4.663639727532095,,-4.555409304842039
VZ_2019_Q2_20190801,VZ,2019-08-01,train,3,-5.267800498284924,,-4.423793376986264
VZ_2019_Q3_20191025,VZ,2019-10-25,val,3,-6.411215381567522,,-5.845857571174581
VZ_2019_Q4_20200130,VZ,2020-01-30,train,3,-4.5277046848394304,,-4.317562819296196
VZ_2020_Q1_20200424,VZ,2020-04-24,train,3,-5.701763793224355,,-4.027036365277567
VZ_2020_Q2_20200724,VZ,2020-07-24,val,3,-4.932959379664037,,-6.556259345143764
VZ_2020_Q3_20201021,VZ,2020-10-21,train,3,-4.697067135299597,,-5.2112255672844645
VZ_2020_Q4_20210126,VZ,2021-01-26,train,3,-4.15266041934245,,-4.953389512665809
VZ_2021_Q1_20210421,VZ,2021-04-21,val,3,-5.061731564473303,,-5.434510128104841
VZ_2021_Q2_20210721,VZ,2021-07-21,train,3,-5.663115062359493,,-5.544409098376617
VZ_2021_Q3_20211020,VZ,2021-10-20,train,3,-4.236242553232633,,-4.9806014333617545
XOM_2018_Q4_20190201,XOM,2019-02-01,train,3,-3.881294477318395,,-5.479773177670656
XOM_2019_Q1_20190426,XOM,2019-04-26,val,3,-4.583285357703422,,-4.435472639469885
XOM_2019_Q2_20190802,XOM,2019-08-02,train,3,-4.383051564600499,,-4.557585617255128
XOM_2019_Q3_20191101,XOM,2019-11-01,val,3,-5.349030068083319,,-5.582931950086697
XOM_2019_Q4_20200131,XOM,2020-01-31,train,3,-4.430813101839245,,-4.849654838862295
XOM_2020_Q1_20200501,XOM,2020-05-01,train,3,-3.074083718709115,,-3.46545960091888
XOM_2020_Q2_20200731,XOM,2020-07-31,val,3,-4.466759832391516,,-3.698458273947676
XOM_2020_Q3_20201030,XOM,2020-10-30,train,3,-3.6323988932197766,,-3.357333249886145
XOM_2020_Q4_20210202,XOM,2021-02-02,val,3,-4.572017982917356,,-4.043532335538884
XOM_2021_Q1_20210430,XOM,2021-04-30,train,3,-3.760468607377547,,-4.858265317949483
XOM_2021_Q2_20210730,XOM,2021-07-30,train,3,-4.259043490834072,,-4.609645200021628
XOM_2021_Q3_20211029,XOM,2021-10-29,train,3,-4.391301454414875,,-3.904363046279335
ABT_2021_Q4_20220126,ABT,2022-01-26,test,3,-3.600250624728972,-4.339512,-4.585607957882295
ADP_2022_Q2_20220126,ADP,2022-01-26,test,3,-3.0984839749434108,-4.115146,-4.82654950953162
AMD_2021_Q4_20220201,AMD,2022-02-01,test,3,-3.4866045412418445,-3.944444,-3.53663052344704
AMT_2021_Q4_20220224,AMT,2022-02-24,test,3,-3.88424264441595,-4.093296,-6.428244252262891
BAC_2021_Q4_20220119,BAC,2022-01-19,test,3,-4.635034701779572,-4.163705,-4.325289772788395
CAT_2021_Q4_20220128,CAT,2022-01-28,test,3,-3.5014183489439854,-3.991282,-5.377432345093037
COP_2021_Q4_20220203,COP,2022-02-03,test,3,-4.406913719667898,-3.984405,-4.108916777180105
CSGP_2021_Q4_20220222,CSGP,2022-02-22,test,3,-2.153317563321496,-3.889475,-4.773582822880687
DE_2022_Q1_20220218,DE,2022-02-18,test,3,-5.004482552864599,-4.840758,-4.075024459233363
GE_2021_Q4_20220125,GE,2022-01-25,test,3,-3.601390951237423,-4.029031,-4.319808574256008
HD_2021_Q4_20220222,HD,2022-02-22,test,3,-3.1500125659172684,-4.153445,-6.028682877433519
HON_2021_Q4_20220203,HON,2022-02-03,test,3,-3.2992185843500064,-4.00714,-5.649848137593152
LOW_2021_Q4_20220223,LOW,2022-02-23,test,3,-4.224342374682401,-4.365781,-4.327627215507029
META_2021_Q4_20220202,META,2022-02-02,test,3,-2.177032328119915,-4.373652,-4.507349305308572
MPC_2021_Q4_20220202,MPC,2022-02-02,test,3,-3.419161786049444,-4.369952,-4.172799478309058
MSFT_2022_Q2_20220125,MSFT,2022-01-25,test,3,-4.78385544502451,-3.85111,-4.453041727832835
NEM_2021_Q4_20220224,NEM,2022-02-24,test,3,-3.934713889039035,-3.9045,-4.612366388205891
O_2021_Q4_20220223,O,2022-02-23,test,3,-4.1866422901291935,-3.724888,-6.380028129686559
PG_2022_Q2_20220119,PG,2022-01-19,test,3,-4.290979545477518,-4.104508,-4.440560955043345
PM_2021_Q4_20220210,PM,2022-02-10,test,3,-4.822999246004227,-4.1356,-6.700542709047717
SPGI_2021_Q4_20220208,SPGI,2022-02-08,test,3,-3.9136016022741953,-4.232872,-4.456658399786482
SRE_2021_Q4_20220225,SRE,2022-02-25,test,3,-3.9187527178847232,-4.1,-4.859036308793283
TMO_2021_Q4_20220202,TMO,2022-02-02,test,3,-4.344186623411965,-4.17858,-4.969159047054519
TSLA_2021_Q4_20220126,TSLA,2022-01-26,test,3,-2.3910422201267365,-4.198592,-4.123077880809711
UNH_2021_Q4_20220119,UNH,2022-01-19,test,3,-5.797050393239448,-4.416468,-4.782851652084345
UNP_2021_Q4_20220120,UNP,2022-01-20,test,3,-4.660593191657881,-4.236958,-4.099067310544371
VLO_2021_Q4_20220127,VLO,2022-01-27,test,3,-4.536091184448792,-4.159408,-4.038448032935739
WELL_2021_Q4_20220216,WELL,2022-02-16,test,3,-3.8042045247941263,-3.761042,-4.440227156286204
WFC_2021_Q4_20220114,WFC,2022-01-14,test,3,-3.5898116534667426,-4.270593,-4.795110097223162
XEL_2021_Q4_20220127,XEL,2022-01-27,test,3,-4.68023845572356,-4.503327,-4.8955017625196
ABT_2022_Q1_20220420,ABT,2022-04-20,test,3,-3.820996199330697,-4.308291,-3.84761150056443
ADP_2022_Q3_20220427,ADP,2022-04-27,test,3,-3.4330700430569925,-4.158268,-3.9365894754778505
AMD_2022_Q1_20220503,AMD,2022-05-03,test,3,-2.814500302026098,-4.047616,-3.223991013262629
AMT_2022_Q1_20220427,AMT,2022-04-27,test,3,-3.988288476946249,-4.247382,-5.456019726825181
BAC_2022_Q1_20220418,BAC,2022-04-18,test,3,-4.344226611508855,-4.101022,-4.547454169722951
CAT_2022_Q1_20220428,CAT,2022-04-28,test,3,-4.927104963402639,-4.282138,-3.936207356096567
COP_2022_Q1_20220505,COP,2022-05-05,test,3,-2.8235598601983845,-4.100384,-3.976641604563721
CSGP_2022_Q1_20220426,CSGP,2022-04-26,test,3,-3.2920976901765195,-3.897103,-3.609811630793136
DE_2022_Q2_20220520,DE,2022-05-20,test,3,-2.4277516709262,-4.7559,-3.6002286609373164
GE_2022_Q1_20220426,GE,2022-04-26,test,3,-3.183669251839318,-4.296808,-4.089616829865192
HD_2022_Q1_20220517,HD,2022-05-17,test,3,-3.475559163034424,-4.134033,-4.523063105043298
HON_2022_Q1_20220429,HON,2022-04-29,test,3,-4.807866843031609,-4.155084,-4.081848825904019
LOW_2022_Q1_20220518,LOW,2022-05-18,test,3,-3.491213801013247,-4.404834,-5.056278981557591
META_2022_Q1_20220427,META,2022-04-27,test,3,-2.489935415498823,-4.339376,-3.780750692870426
MPC_2022_Q1_20220503,MPC,2022-05-03,test,3,-3.514655620730608,-4.547958,-3.7075309528232814
MSFT_2022_Q3_20220426,MSFT,2022-04-26,test,3,-3.2743468697298024,-3.729846,-3.6278657497998505
NEM_2022_Q1_20220422,NEM,2022-04-22,test,3,-4.500394596535517,-3.837269,-3.645149440116218
O_2022_Q1_20220505,O,2022-05-05,test,3,-5.559319274888636,-3.834404,-4.015635208118353
PG_2022_Q3_20220420,PG,2022-04-20,test,3,-4.198640147572939,-4.678738,-4.534250127121316
PM_2022_Q1_20220421,PM,2022-04-21,test,3,-4.064432639617728,-3.93355,-4.702475999550688
SPGI_2022_Q1_20220503,SPGI,2022-05-03,test,3,-3.6928560852427146,-4.143388,-3.952551697470848
SRE_2022_Q1_20220505,SRE,2022-05-05,test,3,-3.908951521073072,-4.485882,-4.268209830485825
TMO_2022_Q1_20220428,TMO,2022-04-28,test,3,-3.2070543237060334,-4.244052,-3.714905893632417
TSLA_2022_Q1_20220420,TSLA,2022-04-20,test,3,-4.028247331597327,-4.311202,-3.3926462757125218
UNH_2022_Q1_20220414,UNH,2022-04-14,test,3,-5.379631206979464,-4.291759,-4.7162293484245135
UNP_2022_Q1_20220421,UNP,2022-04-21,test,3,-3.876752298093351,-4.187393,-4.334885295665392
VLO_2022_Q1_20220426,VLO,2022-04-26,test,3,-5.088052489298101,-4.034798,-5.331621772563773
WELL_2022_Q1_20220511,WELL,2022-05-10,test,3,-5.069624606540284,-4.303952,-6.822453860484066
WFC_2022_Q1_20220414,WFC,2022-04-14,test,3,-3.548217011110032,-4.544858,-4.356270079762546
XEL_2022_Q1_20220428,XEL,2022-04-28,test,3,-3.906231629214236,-4.635992,-6.467817185983852
ABT_2022_Q2_20220720,ABT,2022-07-20,test,3,-4.042610283679418,-4.343838,-3.8556283820728825
ADP_2022_Q4_20220727,ADP,2022-07-27,test,3,-3.5544985308450774,-3.852359,-4.833514505958855
AMD_2022_Q2_20220802,AMD,2022-08-02,test,3,-3.367535956325624,-4.03563,-5.954565413884326
AMT_2022_Q2_20220728,AMT,2022-07-28,test,3,-3.8829421054876,-4.205034,-5.083504260402
BAC_2022_Q2_20220718,BAC,2022-07-18,test,3,-4.148850545499144,-4.240288,-3.1562427029847124
CAT_2022_Q2_20220802,CAT,2022-08-02,test,3,-3.582482653196212,-4.268347,-3.5163960240522028
COP_2022_Q2_20220804,COP,2022-08-04,test,3,-3.915618460119618,-3.960188,-4.3372595625653725
CSGP_2022_Q2_20220726,CSGP,2022-07-26,test,3,-2.8127252672674725,-4.047291,-5.352657727698821
DE_2022_Q3_20220819,DE,2022-08-19,test,3,-5.127731409268499,-4.756794,-4.472007641714509
GE_2022_Q2_20220726,GE,2022-07-26,test,3,-3.9937009055008352,-4.414472,-6.820778962644476
HD_2022_Q2_20220816,HD,2022-08-16,test,3,-3.875634107269238,-4.24485,-4.919908537504516
HON_2022_Q2_20220728,HON,2022-07-28,test,3,-4.112366756510707,-4.162951,-5.125417036792073
LOW_2022_Q2_20220817,LOW,2022-08-17,test,3,-4.2895463146956025,-4.207782,-4.718840465889015
META_2022_Q2_20220727,META,2022-07-27,test,3,-3.717310899588637,-4.066066,-3.06333986379694
MPC_2022_Q2_20220802,MPC,2022-08-02,test,3,-3.616023201452938,-4.274496,-4.140043717614921
MSFT_2022_Q4_20220726,MSFT,2022-07-26,test,3,-3.828599929710288,-3.804118,-4.763467069090529
NEM_2022_Q2_20220725,NEM,2022-07-25,test,3,-2.652994471896673,-3.960849,-4.106609216571427
O_2022_Q2_20220804,O,2022-08-04,test,3,-6.661047731125355,-3.611812,-5.698370740662446
PG_2022_Q4_20220729,PG,2022-07-29,test,3,-3.290128029817777,-4.35963,-5.117571898210034
PM_2022_Q2_20220721,PM,2022-07-21,test,3,-4.039756907856654,-4.517986,-4.10390044686963
SPGI_2022_Q2_20220802,SPGI,2022-08-02,test,3,-4.0080659280317255,-4.319256,-4.059004717412252
SRE_2022_Q2_20220804,SRE,2022-08-04,test,3,-4.514399799668784,-4.198829,-5.068216368873844
TMO_2022_Q2_20220728,TMO,2022-07-28,test,3,-4.061948423030808,-3.940467,-6.107944439432244
TSLA_2022_Q2_20220720,TSLA,2022-07-20,test,3,-3.008389426077932,-3.673012,-4.853472737067965
UNH_2022_Q2_20220715,UNH,2022-07-15,test,3,-3.488601533495561,-4.315655,-4.4344956370869575
UNP_2022_Q2_20220721,UNP,2022-07-21,test,3,-4.377638172107919,-4.198538,-4.031753477837647
VLO_2022_Q2_20220728,VLO,2022-07-28,test,3,-4.420820401423786,-4.081049,-3.560000267756571
WELL_2022_Q2_20220810,WELL,2022-08-10,test,3,-3.999214813876256,-4.257946,-4.874446026153305
WFC_2022_Q2_20220715,WFC,2022-07-15,test,3,-3.687622011791226,-4.132874,-5.647170049471873
XEL_2022_Q2_20220728,XEL,2022-07-28,test,3,-4.479617568842903,-4.497769,-5.299084257047695
ABT_2022_Q3_20221019,ABT,2022-10-19,test,3,-3.6443073049167993,-4.408471,-4.058349153936657
ADP_2023_Q1_20221026,ADP,2022-10-26,test,3,-3.982670199498864,-3.942758,-5.104052731287773
AMD_2022_Q3_20221101,AMD,2022-11-01,test,3,-3.791120434318459,-3.978078,-3.275625332144262
AMT_2022_Q3_20221027,AMT,2022-10-27,test,3,-4.663353061086568,-4.27825,-3.580784521688183
BAC_2022_Q3_20221017,BAC,2022-10-17,test,3,-3.2889168121657724,-4.236535,-3.57106422996161
CAT_2022_Q3_20221027,CAT,2022-10-27,test,3,-3.3012655151378825,-4.203193,-5.246139424496138
COP_2022_Q3_20221103,COP,2022-11-03,test,3,-3.567960306926818,-3.815507,-4.539514929898787
CSGP_2022_Q3_20221025,CSGP,2022-10-25,test,3,-3.618572302030858,-3.89625,-3.905626835326438
DE_2022_Q4_20221123,DE,2022-11-23,test,3,-3.8129768785896943,-4.702406,-4.913986764118131
GE_2022_Q3_20221025,GE,2022-10-25,test,3,-4.12735371410913,-4.407259,-3.8963673205889946
HD_2022_Q3_20221115,HD,2022-11-15,test,3,-4.454433536434341,-4.249085,-3.059489204166634
HON_2022_Q3_20221027,HON,2022-10-27,test,3,-3.894254043270781,-3.926928,-4.847272790594412
LOW_2022_Q3_20221116,LOW,2022-11-16,test,3,-3.675208149711208,-4.055024,-3.907194419901399
META_2022_Q3_20221026,META,2022-10-26,test,3,-2.21918475439237,-3.987982,-3.049334532738202
MPC_2022_Q3_20221101,MPC,2022-11-01,test,3,-3.2917519336104206,-4.121421,-6.066994619099713
MSFT_2023_Q1_20221025,MSFT,2022-10-25,test,3,-3.0381641578475858,-3.69108,-5.34866287241097
NEM_2022_Q3_20221101,NEM,2022-11-01,test,3,-4.119563073059316,-3.940019,-5.331903809774976
O_2022_Q3_20221103,O,2022-11-03,test,3,-4.769912473380299,-3.704256,-4.67038062694322
PG_2023_Q1_20221019,PG,2022-10-19,test,3,-4.484260408510065,-4.42676,-4.465234977385933
PM_2022_Q3_20221020,PM,2022-10-20,test,3,-4.244385500806375,-4.481887,-5.851468113109699
SPGI_2022_Q3_20221027,SPGI,2022-10-27,test,3,-3.9268173015396095,-4.391351,-4.1008971115188215
SRE_2022_Q3_20221103,SRE,2022-11-03,test,3,-3.80491877688596,-4.46085,-5.213423606493099
TMO_2022_Q3_20221026,TMO,2022-10-26,test,3,-4.280036799008705,-3.627345,-6.494943332945005
TSLA_2022_Q3_20221019,TSLA,2022-10-19,test,3,-3.1882670326366505,-4.032525,-3.499988910804639
UNH_2022_Q3_20221014,UNH,2022-10-14,test,3,-4.989603132827206,-4.177687,-4.723254503871487
UNP_2022_Q3_20221020,UNP,2022-10-20,test,3,-3.194894908389467,-4.21769,-4.289372191125589
VLO_2022_Q3_20221025,VLO,2022-10-25,test,3,-4.370425467324328,-3.932831,-4.666984397093457
WELL_2022_Q3_20221108,WELL,2022-11-08,test,3,-3.377845339182871,-4.009826,-3.8400316840569895
WFC_2022_Q3_20221014,WFC,2022-10-14,test,3,-6.809466014920095,-3.940842,-3.478016539497464
XEL_2022_Q3_20221027,XEL,2022-10-27,test,3,-4.172210076014366,-4.597048,-5.387929878760343
AAPL_2019_Q1_20190129,AAPL,2019-01-29,train,7,-3.6566183210995535,,-4.104421292928522
AAPL_2019_Q2_20190430,AAPL,2019-04-30,train,7,-3.774528300547741,,-4.630392065137165
AAPL_2019_Q3_20190730,AAPL,2019-07-30,val,7,-3.627500847023172,,-4.65656120135365
AAPL_2019_Q4_20191030,AAPL,2019-10-30,val,7,-4.547171301577224,,-4.44993162266227
AAPL_2020_Q1_20200128,AAPL,2020-01-28,train,7,-3.7841826498762337,,-4.114686549518858
AAPL_2020_Q2_20200430,AAPL,2020-04-30,val,7,-4.454827602144433,,-4.021395634458562
AAPL_2020_Q3_20200730,AAPL,2020-07-30,train,7,-3.294933070406465,,-3.811298489861236
AAPL_2020_Q4_20201029,AAPL,2020-10-29,train,7,-3.4776495801121827,,-3.757023111062428
AAPL_2021_Q1_20210127,AAPL,2021-01-27,train,7,-3.80056983107659,,-4.154183121432054
AAPL_2021_Q2_20210428,AAPL,2021-04-28,train,7,-4.170428208534037,,-4.623624582014845
AAPL_2021_Q3_20210727,AAPL,2021-07-27,val,7,-4.959359467011305,,-4.108447290607518
AAPL_2021_Q4_20211028,AAPL,2021-10-28,train,7,-4.7331126942525925,,-4.6796767856155705
ABBV_2018_Q4_20190125,ABBV,2019-01-25,val,7,-3.5408948404636345,,-4.067053823242602
ABBV_2019_Q1_20190425,ABBV,2019-04-25,train,7,-4.943930191425583,,-4.471334752969392
ABBV_2019_Q2_20190726,ABBV,2019-07-26,train,7,-4.724482358296521,,-5.208438545711425
ABBV_2019_Q3_20191101,ABBV,2019-11-01,train,7,-4.0966455710635294,,-4.488310167521602
ABBV_2019_Q4_20200207,ABBV,2020-02-07,train,7,-3.651021221887663,,-4.125966186216019
ABBV_2020_Q1_20200501,ABBV,2020-05-01,train,7,-3.764060382748412,,-4.160631358355374
ABBV_2020_Q2_20200731,ABBV,2020-07-31,train,7,-4.71355080873038,,-5.201165108562494
ABBV_2020_Q3_20201030,ABBV,2020-10-30,train,7,-3.486910399105337,,-4.314332171164048
ABBV_2020_Q4_20210203,ABBV,2021-02-03,train,7,-4.078507054965392,,-3.836263374858533
ABBV_2021_Q1_20210430,ABBV,2021-04-30,train,7,-4.495999067468957,,-4.754693783643718
ABBV_2021_Q2_20210730,ABBV,2021-07-30,train,7,-4.797717305088591,,-5.682123459729985
ABBV_2021_Q3_20211029,ABBV,2021-10-29,val,7,-4.075932093863539,,-4.890800565070789
ACN_2019_Q2_20190328,ACN,2019-03-28,train,7,-4.029673589443458,,-4.685404058064896
ACN_2019_Q3_20190627,ACN,2019-06-27,train,7,-5.024587389129845,,-4.930882571597
ACN_2019_Q4_20190926,ACN,2019-09-26,train,7,-4.271353209658156,,-5.064464631697008
ACN_2020_Q1_20191219,ACN,2019-12-19,val,7,-4.9827561489394725,,-4.814599603184219
ACN_2020_Q2_20200319,ACN,2020-03-19,train,7,-2.6606568239208115,,-2.7183734445193752
ACN_2020_Q3_20200625,ACN,2020-06-25,train,7,-3.556723970952554,,-4.07887788769407
ACN_2020_Q4_20200924,ACN,2020-09-24,train,7,-3.4901031354384053,,-4.447677441988859
ACN_2021_Q1_20201217,ACN,2020-12-17,train,7,-3.628207554988989,,-4.865467417039914
ACN_2021_Q2_20210318,ACN,2021-03-18,val,7,-4.125667255370356,,-4.231937730769607
ACN_2021_Q3_20210624,ACN,2021-06-24,train,7,-4.677387798944244,,-4.814057752842501
ACN_2021_Q4_20210923,ACN,2021-09-23,train,7,-4.047801549543927,,-4.5674812934423725
ACN_2022_Q1_20211216,ACN,2021-12-16,train,7,-3.550335652607777,,-4.149243344985415
ADBE_2019_Q1_20190314,ADBE,2019-03-14,train,7,-4.007140371288148,,-4.6271854790409686
ADBE_2019_Q2_20190618,ADBE,2019-06-18,val,7,-3.573902967066101,,-4.87608150916353
ADBE_2019_Q3_20190917,ADBE,2019-09-17,train,7,-4.173362451752043,,-4.498405604726536
ADBE_2019_Q4_20191212,ADBE,2019-12-12,val,7,-4.315041864232582,,-5.064172196056012
ADBE_2020_Q1_20200312,ADBE,2020-03-12,train,7,-2.319188156038884,,-2.7620321892024022
ADBE_2020_Q2_20200611,ADBE,2020-06-11,train,7,-4.036858093305362,,-3.81317376156388
ADBE_2020_Q3_20200915,ADBE,2020-09-15,val,7,-3.784871725675674,,-3.405774578744813
ADBE_2020_Q4_20201210,ADBE,2020-12-10,val,7,-4.372413277335286,,-4.537715246157228
ADBE_2021_Q1_20210323,ADBE,2021-03-23,val,7,-3.987492967342452,,-4.211900646638255
ADBE_2021_Q2_20210617,ADBE,2021-06-17,train,7,-4.701559996338571,,-4.008585715654599
ADBE_2021_Q3_20210921,ADBE,2021-09-21,val,7,-4.082909355689826,,-4.145073030649935
ADBE_2021_Q4_20211216,ADBE,2021-12-16,val,7,-3.250628247422413,,-3.317302380210013
AEP_2018_Q4_20190124,AEP,2019-01-24,val,7,-4.54528123649665,,-4.782739069321804
AEP_2019_Q1_20190425,AEP,2019-04-25,train,7,-4.706664117642301,,-5.019555169349359
AEP_2019_Q2_20190725,AEP,2019-07-25,train,7,-4.807038148400738,,-4.85896658790065
AEP_2019_Q3_20191024,AEP,2019-10-24,train,7,-4.622703728485663,,-5.219479166096104
AEP_2019_Q4_20200220,AEP,2020-02-20,val,7,-4.110814543695979,,-5.072771797116126
AEP_2020_Q1_20200506,AEP,2020-05-06,val,7,-3.854494491973024,,-4.282122308096497
AEP_2020_Q2_20200806,AEP,2020-08-06,val,7,-4.145211376751435,,-4.528215467868719
AEP_2020_Q3_20201022,AEP,2020-10-22,train,7,-4.223406727582473,,-4.573368420883847
AEP_2020_Q4_20210225,AEP,2021-02-25,train,7,-4.184494171312148,,-4.021216528725028
AEP_2021_Q1_20210422,AEP,2021-04-22,train,7,-4.687767319079273,,-4.912764450655788
AEP_2021_Q2_20210722,AEP,2021-07-22,val,7,-4.496872091852776,,-4.543115231652734
AEP_2021_Q3_20211028,AEP,2021-10-28,val,7,-4.888124570774934,,-4.90054127896492
APD_2019_Q1_20190125,APD,2019-01-25,train,7,-4.528020102786972,,-4.776783076857457
APD_2019_Q2_20190424,APD,2019-04-24,val,7,-4.34406689481933,,-5.010688989343207
APD_2019_Q3_20190725,APD,2019-07-25,val,7,-4.498623729136665,,-4.737440640207285
APD_2019_Q4_20191107,APD,2019-11-07,train,7,-4.318634501672433,,-4.321240865122132
APD_2020_Q1_20200124,APD,2020-01-24,train,7,-3.804970790516646,,-5.325485625056522
APD_2020_Q2_20200423,APD,2020-04-23,val,7,-3.865309572770416,,-3.5020773820628577
APD_2020_Q3_20200723,APD,2020-07-23,train,7,-4.632468200712855,,-4.369757893709307
APD_2020_Q4_20201111,APD,2020-11-11,train,7,-3.289959612395619,,-3.975723960960433
APD_2021_Q1_20210204,APD,2021-02-04,train,7,-3.591273614083416,,-3.893526654421336
APD_2021_Q2_20210510,APD,2021-05-10,train,7,-4.139469244736744,,-4.793567835285599
APD_2021_Q3_20210809,APD,2021-08-09,train,7,-3.9246693163843376,,-4.988556731739791
APD_2021_Q4_20211104,APD,2021-11-04,train,7,-4.473886313635873,,-4.646896566205227
AVGO_2019_Q1_20190314,AVGO,2019-03-14,val,7,-3.464840119288872,,-4.309514022843498
AVGO_2019_Q2_20190613,AVGO,2019-06-13,train,7,-3.5623919513109987,,-4.424687998222945
AVGO_2019_Q3_20190912,AVGO,2019-09-12,train,7,-4.314749413084147,,-4.480512769105303
AVGO_2019_Q4_20191212,AVGO,2019-12-12,train,7,-4.01798388861923,,-4.674115790048705
AVGO_2020_Q1_20200312,AVGO,2020-03-12,train,7,-2.1314866614764933,,-2.840728196255935
AVGO_2020_Q2_20200604,AVGO,2020-06-04,train,7,-3.535037343745656,,-3.96836874187971
AVGO_2020_Q3_20200903,AVGO,2020-09-03,train,7,-3.889363501453421,,-3.458058868413388
AVGO_2020_Q4_20201210,AVGO,2020-12-10,train,7,-4.260687641593048,,-4.080900691347805
AVGO_2021_Q1_20210304,AVGO,2021-03-04,train,7,-3.275137196897416,,-3.369522292526872
AVGO_2021_Q2_20210603,AVGO,2021-06-03,train,7,-4.335849589207694,,-4.487043106032705
AVGO_2021_Q3_20210902,AVGO,2021-09-02,train,7,-5.154359010502974,,-4.741700288640574
AVGO_2021_Q4_20211209,AVGO,2021-12-09,train,7,-3.3310805403465844,,-4.085482180509554
AXP_2018_Q4_20190117,AXP,2019-01-17,train,7,-5.081190986207977,,-5.086161045823144
AXP_2019_Q1_20190418,AXP,2019-04-18,train,7,-4.479109112384792,,-5.001922111462249
AXP_2019_Q2_20190719,AXP,2019-07-19,train,7,-4.326484415160734,,-5.122708647989759
AXP_2019_Q3_20191018,AXP,2019-10-18,train,7,-4.272290109321276,,-5.142087389028943
AXP_2019_Q4_20200124,AXP,2020-01-24,val,7,-3.881650170861156,,-5.240019004133324
AXP_2020_Q1_20200424,AXP,2020-04-24,val,7,-3.1179612781562045,,-3.226907595509752
AXP_2020_Q2_20200724,AXP,2020-07-24,train,7,-4.2244095004966615,,-4.168079490598708
AXP_2020_Q3_20201023,AXP,2020-10-23,val,7,-3.815209567241248,,-4.081856756536712
AXP_2020_Q4_20210126,AXP,2021-01-26,train,7,-3.583945014267936,,-3.757774425616754
AXP_2021_Q1_20210423,AXP,2021-04-23,val,7,-4.015937227284013,,-4.391057222874496
AXP_2021_Q2_20210723,AXP,2021-07-23,train,7,-4.593122885353922,,-3.7342521757065854
AXP_2021_Q3_20211022,AXP,2021-10-22,train,7,-3.7024854040503694,,-3.975333186821764
BA_2018_Q4_20190130,BA,2019-01-30,train,7,-3.738744545950659,,-4.492413165599702
BA_2019_Q1_20190424,BA,2019-04-24,train,7,-4.807142411264641,,-4.265826957122097
BA_2019_Q2_20190724,BA,2019-07-24,train,7,-4.047612871579644,,-3.870483671196036
BA_2019_Q3_20191023,BA,2019-10-23,train,7,-4.267467354905339,,-3.624203171997552
BA_2019_Q4_20200129,BA,2020-01-29,train,7,-3.983983602553008,,-3.870931558849635
BA_2020_Q1_20200429,BA,2020-04-29,train,7,-3.152233667833321,,-3.342011024800402
BA_2020_Q2_20200729,BA,2020-07-29,train,7,-3.5098600041275003,,-4.198358252001212
BA_2020_Q3_20201028,BA,2020-10-28,train,7,-3.512393252009925,,-3.8012581113571153
BA_2020_Q4_20210127,BA,2021-01-27,train,7,-3.753700640212187,,-4.052820688399706
BA_2021_Q1_20210428,BA,2021-04-28,train,7,-4.36038832123531,,-3.970109227280172
BA_2021_Q2_20210728,BA,2021-07-28,train,7,-3.930661950661303,,-3.524235643295666
BA_2021_Q3_20211027,BA,2021-10-27,train,7,-4.173627517963121,,-5.285142692357288
BKNG_2018_Q4_20190227,BKNG,2019-02-27,val,7,-3.204618721841651,,-4.845793579476409
BKNG_2019_Q1_20190509,BKNG,2019-05-09,train,7,-3.6925866114124895,,-4.816825756616123
BKNG_2019_Q2_20190807,BKNG,2019-08-07,train,7,-3.6191691129792174,,-4.204298752418835
BKNG_2019_Q3_20191107,BKNG,2019-11-07,train,7,-4.6460856652005305,,-3.571433824507712
BKNG_2019_Q4_20200226,BKNG,2020-02-27,train,7,-3.60445836727806,,-3.776199512867137
BKNG_2020_Q1_20200507,BKNG,2020-05-07,train,7,-3.0535746436688425,,-3.422203346893456
BKNG_2020_Q2_20200806,BKNG,2020-08-06,val,7,-4.513841389242383,,-4.1462915591174445
BKNG_2020_Q3_20201105,BKNG,2020-11-05,train,7,-2.63846380135686,,-3.4925256362132737
BKNG_2020_Q4_20210224,BKNG,2021-02-24,train,7,-3.4195131724498173,,-4.655612767098673
BKNG_2021_Q1_20210506,BKNG,2021-05-05,train,7,-3.692000209175669,,-4.354820922644985
BKNG_2021_Q2_20210804,BKNG,2021-08-04,val,7,-3.780153780928708,,-4.649899788998285
BKNG_2021_Q3_20211103,BKNG,2021-11-03,train,7,-3.3947339380727937,,-4.308349931171777
BLK_2018_Q4_20190116,BLK,2019-01-16,train,7,-4.194876203747586,,-5.064337681951327
BLK_2019_Q1_20190416,BLK,2019-04-16,train,7,-4.220956791775313,,-4.634248405524536
BLK_2019_Q2_20190719,BLK,2019-07-19,val,7,-5.211520851027967,,-4.812083586416402
BLK_2019_Q3_20191015,BLK,2019-10-15,train,7,-4.38437227936727,,-4.072101856399536
BLK_2019_Q4_20200115,BLK,2020-01-15,val,7,-4.452554298311711,,-4.680557653309167
BLK_2020_Q1_20200416,BLK,2020-04-16,train,7,-3.881891591086032,,-3.250774264358635
BLK_2020_Q2_20200717,BLK,2020-07-17,train,7,-4.12982896052198,,-4.535183615467813
BLK_2020_Q3_20201013,BLK,2020-10-13,train,7,-3.8093669516804862,,-4.790713007618948
BLK_2020_Q4_20210114,BLK,2021-01-14,train,7,-3.994955181748499,,-4.773905993968567
BLK_2021_Q1_20210415,BLK,2021-04-15,train,7,-4.2272747720718,,-4.87907601908416
BLK_2021_Q2_20210714,BLK,2021-07-14,train,7,-3.7623447154500886,,-4.063280749479863
BLK_2021_Q3_20211013,BLK,2021-10-13,train,7,-4.131317704489866,,-4.5938479096613
CCI_2018_Q4_20190124,CCI,2019-01-24,val,7,-5.128575577568575,,-4.90634913399194
CCI_2019_Q1_20190418,CCI,2019-04-18,train,7,-4.946707155999836,,-4.597241001008252
CCI_2019_Q2_20190718,CCI,2019-07-18,train,7,-4.135322226975015,,-4.892988338746249
CCI_2019_Q3_20191017,CCI,2019-10-17,train,7,-4.0046310939771885,,-5.1013233237065325
CCI_2019_Q4_20200227,CCI,2020-02-27,val,7,-2.9669960949502565,,-4.697916577675767
CCI_2020_Q1_20200430,CCI,2020-04-30,val,7,-4.0767132664337655,,-3.9613420476093655
CCI_2020_Q2_20200730,CCI,2020-07-30,val,7,-4.116852148943349,,-4.485320425221908
CCI_2020_Q3_20201022,CCI,2020-10-22,train,7,-3.9133346540066,,-4.569539475194218
CCI_2020_Q4_20210128,CCI,2021-01-28,train,7,-4.244517357433828,,-4.406504663136685
CCI_2021_Q1_20210422,CCI,2021-04-22,val,7,-4.771161577598023,,-4.68076375655856
CCI_2021_Q2_20210722,CCI,2021-07-22,train,7,-4.05021413638754,,-4.855710887354851
CCI_2021_Q3_20211021,CCI,2021-10-21,val,7,-4.402019758582606,,-4.28195842888145
CL_2018_Q4_20190125,CL,2019-01-25,train,7,-4.966849175941109,,-4.981758298283331
CL_2019_Q1_20190426,CL,2019-04-26,train,7,-4.066391794967905,,-5.207924532777186
CL_2019_Q2_20190726,CL,2019-07-26,val,7,-3.745521532073888,,-4.820393831176444
CL_2019_Q3_20191101,CL,2019-11-01,train,7,-4.344887512550968,,-4.750719813694275
CL_2019_Q4_20200131,CL,2020-01-31,train,7,-3.910750114126761,,-5.077866149839798
CL_2020_Q1_20200501,CL,2020-05-01,val,7,-4.180008512304895,,-5.056347879578698
CL_2020_Q2_20200731,CL,2020-07-31,train,7,-5.180576959101692,,-5.401134823134995
CL_2020_Q3_20201030,CL,2020-10-30,train,7,-4.023189216620887,,-4.681483562836152
CL_2020_Q4_20210129,CL,2021-01-29,train,7,-4.869175342598448,,-4.723917131431133
CL_2021_Q1_20210430,CL,2021-04-30,train,7,-5.15843788698642,,-4.76587903368643
CL_2021_Q2_20210730,CL,2021-07-30,train,7,-4.063203635030191,,-4.727628808830783
CL_2021_Q3_20211029,CL,2021-10-29,train,7,-5.005548417332609,,-4.882987969641397
CMCSA_2018_Q4_20190123,CMCSA,2019-01-23,train,7,-3.616156197975561,,-4.329583534217715
CMCSA_2019_Q1_20190425,CMCSA,2019-04-25,train,7,-4.364980198564565,,-4.816353607175135
CMCSA_2019_Q2_20190725,CMCSA,2019-07-25,train,7,-5.095740526123238,,-4.600359295500298
CMCSA_2019_Q3_20191024,CMCSA,2019-10-24,val,7,-4.489749539652143,,-4.930335094349471
CMCSA_2019_Q4_20200123,CMCSA,2020-01-23,train,7,-4.077089230045126,,-4.957527338850588
CMCSA_2020_Q1_20200430,CMCSA,2020-04-30,train,7,-3.891208441949764,,-3.778563308637548
CMCSA_2020_Q2_20200730,CMCSA,2020-07-30,train,7,-4.405161814646643,,-4.624496145966926
CMCSA_2020_Q3_20201029,CMCSA,2020-10-29,val,7,-3.94056996241793,,-4.130131620598288
CMCSA_2020_Q4_20210128,CMCSA,2021-01-28,train,7,-3.4862911271795207,,-4.136337377954461
CMCSA_2021_Q1_20210429,CMCSA,2021-04-29,val,7,-4.179466632730607,,-5.483897850034402
CMCSA_2021_Q2_20210729,CMCSA,2021-07-29,train,7,-5.049522633069812,,-4.909303137453511
CMCSA_2021_Q3_20211028,CMCSA,2021-10-28,train,7,-4.461040627660054,,-4.325232344335263
CMG_2018_Q4_20190206,CMG,2019-02-06,train,7,-3.2075063782504616,,-5.6016183883613815
CMG_2019_Q1_20190424,CMG,2019-04-24,train,7,-3.875102359539114,,-4.360625634754899
CMG_2019_Q2_20190723,CMG,2019-07-23,train,7,-3.7814512521999606,,-4.391919773326723
CMG_2019_Q3_20191022,CMG,2019-10-22,val,7,-3.83202783304387,,-4.4157862417801885
CMG_2019_Q4_20200205,CMG,2020-02-05,val,7,-3.9929614426748095,,-4.515113087466972
CMG_2020_Q1_20200421,CMG,2020-04-21,train,7,-3.109253647025813,,-3.3991733739349788
CMG_2020_Q2_20200722,CMG,2020-07-22,train,7,-3.604834587147444,,-4.486968414512499
CMG_2020_Q3_20201021,CMG,2020-10-21,val,7,-3.6792985331575454,,-4.320271179061542
CMG_2020_Q4_20210202,CMG,2021-02-02,val,7,-4.160737845000328,,-4.552504369745346
CMG_2021_Q1_20210421,CMG,2021-04-21,val,7,-4.80737491770939,,-4.466374632710996
CMG_2021_Q2_20210720,CMG,2021-07-20,train,7,-3.224948955356768,,-4.302576190827433
CMG_2021_Q3_20211021,CMG,2021-10-21,train,7,-4.285996761980821,,-4.63950782091648
CRM_2019_Q4_20190304,CRM,2019-03-04,train,7,-4.7328796864932,,-4.1944105155243445
CRM_2020_Q1_20190604,CRM,2019-06-04,val,7,-3.543142047291935,,-3.665407506829668
CRM_2020_Q2_20190822,CRM,2019-08-22,val,7,-4.001695505100814,,-4.218145086880992
CRM_2020_Q3_20191203,CRM,2019-12-03,train,7,-4.274882619227726,,-4.991001971729694
CRM_2020_Q4_20200225,CRM,2020-02-25,train,7,-3.463866750659285,,-4.2798544345933065
CRM_2021_Q1_20200528,CRM,2020-05-28,train,7,-4.026888029497308,,-4.374046786959851
CRM_2021_Q2_20200825,CRM,2020-08-25,train,7,-2.405624973730294,,-4.167096769482335
CRM_2021_Q3_20201201,CRM,2020-12-01,train,7,-3.377175989894273,,-3.8938333077265392
CRM_2021_Q4_20210225,CRM,2021-02-25,train,7,-3.624682836846436,,-4.023238824388998
CRM_2022_Q1_20210527,CRM,2021-05-27,val,7,-3.748926317777823,,-4.200175430399414
CRM_2022_Q2_20210825,CRM,2021-08-25,train,7,-4.344731791925086,,-4.687282774220536
CRM_2022_Q3_20211130,CRM,2021-11-30,val,7,-3.045366055416545,,-3.739950659969547
D_2018_Q4_20190201,D,2019-02-01,train,7,-5.220180139147355,,-4.78306607767707
D_2019_Q1_20190503,D,2019-05-03,val,7,-4.386419031388925,,-4.576679967866817
D_2019_Q2_20190731,D,2019-07-31,val,7,-4.336516966452236,,-5.40262167744922
D_2019_Q3_20191101,D,2019-11-01,train,7,-4.801598515280373,,-5.109152355403952
D_2019_Q4_20200211,D,2020-02-11,val,7,-4.655797641762011,,-5.0337445280906215
D_2020_Q1_20200505,D,2020-05-05,train,7,-4.591793714928063,,-4.365569488743515
D_2020_Q2_20200731,D,2020-07-31,val,7,-4.754287411209571,,-4.516312891636388
D_2020_Q3_20201105,D,2020-11-05,train,7,-4.685468950143302,,-4.110154910941926
D_2020_Q4_20210212,D,2021-02-12,val,7,-4.299967032611327,,-5.007014829198562
D_2021_Q1_20210504,D,2021-05-04,train,7,-4.464503906810327,,-4.662043883541206
D_2021_Q2_20210806,D,2021-08-06,val,7,-5.664915028709411,,-4.911037436516696
D_2021_Q3_20211105,D,2021-11-05,val,7,-4.263503259699542,,-5.457035243966498
DHR_2018_Q4_20190129,DHR,2019-01-29,val,7,-4.169653664427469,,-4.76512421252238
DHR_2019_Q1_20190418,DHR,2019-04-18,train,7,-5.359662085490262,,-4.651969127171958
DHR_2019_Q2_20190718,DHR,2019-07-18,val,7,-4.594767541779648,,-4.7966491943007386
DHR_2019_Q3_20191024,DHR,2019-10-24,train,7,-4.87008750220621,,-5.101120715821701
DHR_2019_Q4_20200130,DHR,2020-01-30,train,7,-3.853960848431872,,-4.851107293860646
DHR_2020_Q1_20200507,DHR,2020-05-07,train,7,-4.716300430038522,,-4.3124985733211725
DHR_2020_Q2_20200723,DHR,2020-07-23,val,7,-4.352922599852606,,-5.255816382070264
DHR_2020_Q3_20201022,DHR,2020-10-22,val,7,-3.9286361195473,,-4.696298005680218
DHR_2020_Q4_20210128,DHR,2021-01-28,train,7,-3.827090674658919,,-3.869316672751043
DHR_2021_Q1_20210422,DHR,2021-04-22,val,7,-4.098410729821299,,-4.0626174979083896
DHR_2021_Q2_20210722,DHR,2021-07-22,train,7,-4.464798588478355,,-4.601520329082949
DHR_2021_Q3_20211021,DHR,2021-10-21,val,7,-4.269638870430524,,-4.675528654873295
DIS_2019_Q1_20190205,DIS,2019-02-05,train,7,-4.706083566590687,,-5.083337318837708
DIS_2019_Q2_20190508,DIS,2019-05-08,train,7,-4.481071894981382,,-4.5867675943546695
DIS_2019_Q3_20190806,DIS,2019-08-06,train,7,-3.6384653259808535,,-4.427565687221748
DIS_2019_Q4_20191107,DIS,2019-11-07,val,7,-3.517551825691141,,-4.627368266308695
DIS_2020_Q1_20200204,DIS,2020-02-04,val,7,-4.429572508410947,,-3.9551655023260768
DIS_2020_Q2_20200505,DIS,2020-05-05,train,7,-3.611292881953414,,-3.3632271673963747
DIS_2020_Q3_20200804,DIS,2020-08-04,train,7,-3.458157416380814,,-4.937717861903312
DIS_2020_Q4_20201112,DIS,2020-11-12,val,7,-3.850303331907577,,-3.097001690687505
DIS_2021_Q1_20210211,DIS,2021-02-11,val,7,-3.8370695402376014,,-4.028845673563383
DIS_2021_Q2_20210513,DIS,2021-05-13,val,7,-4.271367796188335,,-4.416700756453009
DIS_2021_Q3_20210812,DIS,2021-08-12,val,7,-4.437354717902727,,-4.787989639556651
DIS_2021_Q4_20211110,DIS,2021-11-10,train,7,-3.800588081410218,,-4.394467975325929
DLR_2018_Q4_20190205,DLR,2019-02-05,val,7,-4.100966610027698,,-5.501952501451093
DLR_2019_Q1_20190425,DLR,2019-04-25,train,7,-4.36190298891331,,-4.292847773521526
DLR_2019_Q2_20190730,DLR,2019-07-30,train,7,-4.659934240963868,,-4.024551560865686
DLR_2019_Q3_20191029,DLR,2019-10-29,train,7,-4.576971783679877,,-4.742159987989323
DLR_2019_Q4_20200213,DLR,2020-02-13,train,7,-3.887730932488303,,-4.540284699491156
DLR_2020_Q1_20200507,DLR,2020-05-07,train,7,-3.606039330537372,,-4.048280282169779
DLR_2020_Q2_20200730,DLR,2020-07-30,val,7,-4.68180367770376,,-4.919025968625854
DLR_2020_Q3_20201029,DLR,2020-10-29,train,7,-3.749165634878217,,-5.075965592104457
DLR_2020_Q4_20210211,DLR,2021-02-11,val,7,-4.2712188545521945,,-4.546235179755247
DLR_2021_Q1_20210429,DLR,2021-04-29,train,7,-4.060859863575932,,-4.969836147020216
DLR_2021_Q2_20210729,DLR,2021-07-29,val,7,-4.895184324011809,,-4.534034279417089
DLR_2021_Q3_20211027,DLR,2021-10-26,train,7,-4.507902179885766,,-4.827613929550262
DUK_2018_Q4_20190214,DUK,2019-02-14,train,7,-4.98650082072787,,-5.077594086200119
DUK_2019_Q1_20190509,DUK,2019-05-09,train,7,-4.692647135695749,,-4.61196407609473
DUK_2019_Q2_20190806,DUK,2019-08-06,val,7,-4.647934980848258,,-4.715559411764305
DUK_2019_Q3_20191108,DUK,2019-11-08,val,7,-4.2133550418924814,,-5.272814254062084
DUK_2019_Q4_20200213,DUK,2020-02-13,val,7,-4.452522615245522,,-4.943657851447997
DUK_2020_Q1_20200512,DUK,2020-05-12,train,7,-3.9133755000332977,,-4.045691457506634
DUK_2020_Q2_20200810,DUK,2020-08-10,val,7,-4.6554417615400885,,-4.304327403117199
DUK_2020_Q3_20201105,DUK,2020-11-05,val,7,-4.283465589693694,,-4.135720051717659
DUK_2020_Q4_20210211,DUK,2021-02-11,train,7,-4.5088195786974365,,-5.031882956769522
DUK_2021_Q1_20210510,DUK,2021-05-10,train,7,-4.0701346668949165,,-4.770439632401033
DUK_2021_Q2_20210805,DUK,2021-08-05,train,7,-4.956975036350658,,-4.854280735679674
DUK_2021_Q3_20211104,DUK,2021-11-04,val,7,-4.777924958025599,,-5.662714811960039
EA_2019_Q3_20190205,EA,2019-02-05,train,7,-2.5115859392909154,,-3.506389321373011
EA_2019_Q4_20190507,EA,2019-05-07,val,7,-3.7205939167396695,,-4.604716226817512
EA_2020_Q1_20190730,EA,2019-07-30,val,7,-3.5284302666812284,,-4.803607551246309
EA_2020_Q2_20191029,EA,2019-10-29,train,7,-4.15156123240689,,-4.368271622552254
EA_2020_Q3_20200130,EA,2020-01-30,train,7,-3.9407681230039393,,-4.704692502731077
EA_2020_Q4_20200505,EA,2020-05-05,val,7,-4.213127755975241,,-3.8053440791493047
EA_2021_Q1_20200730,EA,2020-07-30,train,7,-4.033071114608566,,-4.374740890412409
EA_2021_Q2_20201105,EA,2020-11-05,val,7,-3.580369450075561,,-3.819630886856832
EA_2021_Q3_20210202,EA,2021-02-02,train,7,-3.646077892143821,,-4.32387487840875
EA_2021_Q4_20210511,EA,2021-05-11,train,7,-4.586540312289814,,-4.133248505593519
EA_2022_Q1_20210804,EA,2021-08-04,train,7,-4.653820880783999,,-4.267089276375837
EA_2022_Q2_20211103,EA,2021-11-03,val,7,-4.012724896506168,,-4.856703275800493
ECL_2018_Q4_20190219,ECL,2019-02-19,train,7,-4.581037979355732,,-4.972614574271887
ECL_2019_Q1_20190430,ECL,2019-04-30,train,7,-4.537513779038388,,-5.289597050632917
ECL_2019_Q2_20190730,ECL,2019-07-30,train,7,-4.01102164116526,,-4.973730747172799
ECL_2019_Q3_20191029,ECL,2019-10-29,train,7,-4.638667212466536,,-4.681735001901723
ECL_2019_Q4_20200218,ECL,2020-02-18,train,7,-4.071656719297893,,-5.245049013369174
ECL_2020_Q1_20200428,ECL,2020-04-28,val,7,-3.778620774827556,,-3.6397454157587736
ECL_2020_Q2_20200728,ECL,2020-07-28,train,7,-3.3791463930915016,,-4.8351642686273815
ECL_2020_Q3_20201027,ECL,2020-10-27,train,7,-3.7547549500135537,,-4.206427813680988
ECL_2020_Q4_20210216,ECL,2021-02-16,val,7,-3.886864666950802,,-4.503913029383772
ECL_2021_Q1_20210427,ECL,2021-04-27,val,7,-4.064994840786148,,-4.366928039762847
ECL_2021_Q2_20210727,ECL,2021-07-27,train,7,-4.899716181964219,,-4.409580675917868
ECL_2021_Q3_20211026,ECL,2021-10-26,train,7,-3.807430717746444,,-5.342496870703508
EOG_2018_Q4_20190227,EOG,2019-02-27,train,7,-3.9770882236886695,,-3.971158726789064
EOG_2019_Q1_20190503,EOG,2019-05-03,train,7,-4.419188996357008,,-4.354762303230317
EOG_2019_Q2_20190802,EOG,2019-08-02,train,7,-3.756561656890911,,-3.759440983938661
EOG_2019_Q3_20191107,EOG,2019-11-07,train,7,-3.955277665989598,,-3.699932160710296
EOG_2019_Q4_20200228,EOG,2020-02-28,val,7,-2.1417060833195083,,-3.472289021637935
EOG_2020_Q1_20200508,EOG,2020-05-08,val,7,-3.068129067406764,,-3.1758957343500467
EOG_2020_Q2_20200807,EOG,2020-08-07,val,7,-3.686945293626271,,-3.547360170442008
EOG_2020_Q3_20201106,EOG,2020-11-06,train,7,-2.7458694163912507,,-3.437869185989785
EOG_2020_Q4_20210226,EOG,2021-02-25,train,7,-3.082822795737613,,-3.260470285389234
EOG_2021_Q1_20210507,EOG,2021-05-07,train,7,-3.340668693216958,,-3.721343942885633
EOG_2021_Q2_20210805,EOG,2021-08-05,val,7,-4.356717770274343,,-3.87523161749372
EOG_2021_Q3_20211105,EOG,2021-11-05,train,7,-3.782465986052274,,-4.426208334715764
EQIX_2018_Q4_20190213,EQIX,2019-02-13,train,7,-3.641411353446992,,-4.543287178729915
EQIX_2019_Q1_20190501,EQIX,2019-05-02,train,7,-4.265926625383895,,-4.813868503618519
EQIX_2019_Q2_20190731,EQIX,2019-07-31,val,7,-3.9471162639028496,,-4.095692535368216
EQIX_2019_Q3_20191030,EQIX,2019-10-30,train,7,-4.081575779831345,,-5.059643934135515
EQIX_2019_Q4_20200212,EQIX,2020-02-12,train,7,-4.342769959605821,,-4.885906564875884
EQIX_2020_Q1_20200506,EQIX,2020-05-06,train,7,-4.136425529254493,,-4.421159886228849
EQIX_2020_Q2_20200729,EQIX,2020-07-29,train,7,-4.775967697224957,,-4.472901489958595
EQIX_2020_Q3_20201028,EQIX,2020-10-28,train,7,-4.060195024469095,,-4.43649710024506
EQIX_2020_Q4_20210210,EQIX,2021-02-10,val,7,-4.143870995465286,,-4.499592448264199
EQIX_2021_Q1_20210428,EQIX,2021-04-28,val,7,-4.167029617888696,,-4.939826968309105
EQIX_2021_Q2_20210728,EQIX,2021-07-28,train,7,-3.559632205453363,,-4.558632382447799
EQIX_2021_Q3_20211103,EQIX,2021-11-03,train,7,-4.008705650883539,,-4.35472392127133
ETN_2018_Q4_20190131,ETN,2019-01-31,train,7,-4.058759058916451,,-3.9183201331502975
ETN_2019_Q1_20190430,ETN,2019-04-30,val,7,-4.57936182948586,,-4.781854434653017
ETN_2019_Q2_20190730,ETN,2019-07-30,train,7,-3.900748869801385,,-4.382286934693506
ETN_2019_Q3_20191029,ETN,2019-10-29,val,7,-4.30659428618845,,-4.783687042909737
ETN_2019_Q4_20200204,ETN,2020-02-04,train,7,-3.967615052154148,,-4.126601105317315
ETN_2020_Q1_20200430,ETN,2020-04-30,val,7,-3.879361719684732,,-4.019322279573134
ETN_2020_Q2_20200729,ETN,2020-07-29,train,7,-3.9162321250480754,,-4.367115149820057
ETN_2020_Q3_20201103,ETN,2020-11-03,train,7,-3.5232888752355422,,-3.8517260696978495
ETN_2020_Q4_20210202,ETN,2021-02-02,train,7,-4.531696274938771,,-3.6423973955328455
ETN_2021_Q1_20210504,ETN,2021-05-04,train,7,-4.81506389560525,,-4.814984661950426
ETN_2021_Q2_20210803,ETN,2021-08-03,train,7,-4.15572812055979,,-4.925757150247492
ETN_2021_Q3_20211102,ETN,2021-11-02,train,7,-3.998439801339957,,-4.424124179332578
FCX_2018_Q4_20190124,FCX,2019-01-24,val,7,-2.6602202422658427,,-4.063688735759645
FCX_2019_Q1_20190425,FCX,2019-04-25,train,7,-3.146725099335513,,-4.015798061310471
FCX_2019_Q2_20190724,FCX,2019-07-24,train,7,-3.709717078827581,,-4.485809633630886
FCX_2019_Q3_20191023,FCX,2019-10-23,val,7,-3.4088386334456744,,-4.522500314922094
FCX_2019_Q4_20200123,FCX,2020-01-23,val,7,-3.416496978508812,,-3.606376967399476
FCX_2020_Q1_20200424,FCX,2020-04-24,train,7,-3.1221702922855674,,-2.824589204517063
FCX_2020_Q2_20200723,FCX,2020-07-23,train,7,-3.909109908445605,,-4.190117084077333
FCX_2020_Q3_20201022,FCX,2020-10-22,val,7,-3.369307164259691,,-4.602791683499802
FCX_2020_Q4_20210126,FCX,2021-01-26,val,7,-2.9964738500073715,,-3.245177962801135
FCX_2021_Q1_20210422,FCX,2021-04-22,train,7,-3.3111027498692267,,-3.3131371947411004
FCX_2021_Q2_20210722,FCX,2021-07-22,val,7,-3.854398948327026,,-3.5382378413212807
FCX_2021_Q3_20211021,FCX,2021-10-21,train,7,-3.547290238560748,,-3.844141339727608
GOOG_2018_Q4_20190204,GOOG,2019-02-04,train,7,-4.175910911114639,,-4.070382598147369
GOOG_2019_Q1_20190429,GOOG,2019-04-29,val,7,-3.570265397498684,,-5.034733371834438
GOOG_2019_Q2_20190725,GOOG,2019-07-25,train,7,-3.1636861629467914,,-4.923828487268033
GOOG_2019_Q3_20191028,GOOG,2019-10-28,train,7,-4.563464044343158,,-4.780368243738557
GOOG_2019_Q4_20200203,GOOG,2020-02-03,val,7,-4.2487595177852295,,-3.990987921666936
GOOG_2020_Q1_20200428,GOOG,2020-04-28,train,7,-3.4496868546146287,,-3.70389157103564
GOOG_2020_Q2_20200730,GOOG,2020-07-30,train,7,-4.266956261416801,,-4.101207474663936
GOOG_2020_Q3_20201029,GOOG,2020-10-29,train,7,-3.876469377398127,,-3.5203926232198874
GOOG_2020_Q4_20210202,GOOG,2021-02-02,train,7,-3.645536293233695,,-3.7237605279804726
GOOG_2021_Q1_20210427,GOOG,2021-04-27,val,7,-4.135423273348319,,-4.626924645804996
GOOG_2021_Q2_20210727,GOOG,2021-07-27,train,7,-5.260010240031668,,-4.017156454598839
GOOG_2021_Q3_20211026,GOOG,2021-10-26,train,7,-3.8294784469016783,,-4.386329545513776
GS_2018_Q4_20190116,GS,2019-01-16,train,7,-3.3583226734535185,,-5.3518919364114685
GS_2019_Q1_20190415,GS,2019-04-15,val,7,-3.924591483478557,,-4.594153038464785
GS_2019_Q2_20190716,GS,2019-07-16,val,7,-4.449496813510361,,-4.332157868591146
GS_2019_Q3_20191015,GS,2019-10-15,train,7,-5.238585625628328,,-4.359895982965443
GS_2019_Q4_20200115,GS,2020-01-15,train,7,-4.522511368740245,,-4.993151138779463
GS_2020_Q1_20200415,GS,2020-04-15,train,7,-3.851208676257699,,-3.231461978454051
GS_2020_Q2_20200715,GS,2020-07-15,val,7,-4.355689027047037,,-3.470551145557533
GS_2020_Q3_20201014,GS,2020-10-14,train,7,-4.383666986724941,,-4.207176490508264
GS_2020_Q4_20210119,GS,2021-01-19,val,7,-4.548671363410317,,-4.127693179728779
GS_2021_Q1_20210414,GS,2021-04-14,train,7,-4.056612823841171,,-4.64780972196792
GS_2021_Q2_20210713,GS,2021-07-13,train,7,-3.9142088312077,,-3.929260220623605
GS_2021_Q3_20211015,GS,2021-10-15,val,7,-4.165667761055724,,-4.663159259364668
JNJ_2018_Q4_20190122,JNJ,2019-01-22,train,7,-4.588981146129381,,-4.740931131784207
JNJ_2019_Q1_20190416,JNJ,2019-04-16,val,7,-4.91433180920704,,-5.650825194402223
JNJ_2019_Q2_20190716,JNJ,2019-07-16,val,7,-4.775804822510181,,-4.212673353746362
JNJ_2019_Q3_20191015,JNJ,2019-10-15,val,7,-3.662416189533069,,-4.338665226977212
JNJ_2019_Q4_20200122,JNJ,2020-01-22,train,7,-5.453919570512306,,-5.711890681898927
JNJ_2020_Q1_20200414,JNJ,2020-04-14,val,7,-4.075075118004083,,-3.7025092057397138
JNJ_2020_Q2_20200716,JNJ,2020-07-16,train,7,-5.348954609244126,,-4.682750129698885
JNJ_2020_Q3_20201013,JNJ,2020-10-13,train,7,-4.492093618548705,,-4.620217488356524
JNJ_2020_Q4_20210126,JNJ,2021-01-26,train,7,-4.020111075939637,,-4.720432975255331
JNJ_2021_Q1_20210420,JNJ,2021-04-20,val,7,-4.554171533963412,,-4.823326453510782
JNJ_2021_Q2_20210721,JNJ,2021-07-21,train,7,-5.4877175483109895,,-4.980278112356897
JNJ_2021_Q3_20211019,JNJ,2021-10-19,train,7,-4.577721366163049,,-4.768449680659002
JPM_2018_Q4_20190115,JPM,2019-01-15,train,7,-4.6755028101956215,,-4.3060730383343415
JPM_2019_Q1_20190412,JPM,2019-04-12,train,7,-3.9438128001546,,-5.200703038604112
JPM_2019_Q2_20190716,JPM,2019-07-16,val,7,-4.649110897385366,,-4.851724476877382
JPM_2019_Q3_20191015,JPM,2019-10-15,val,7,-4.469896151069454,,-4.293187316433125
JPM_2019_Q4_20200114,JPM,2020-01-14,train,7,-4.753995214664774,,-4.648343988097388
JPM_2020_Q1_20200414,JPM,2020-04-14,train,7,-3.11409159881944,,-3.104933658318904
JPM_2020_Q2_20200714,JPM,2020-07-14,train,7,-4.333970928490216,,-3.6493645424672256
JPM_2020_Q3_20201013,JPM,2020-10-13,train,7,-4.532657192590421,,-4.451967251993545
JPM_2020_Q4_20210115,JPM,2021-01-15,train,7,-5.316186713287402,,-4.135828325851735
JPM_2021_Q1_20210414,JPM,2021-04-14,val,7,-4.338097912900678,,-4.757084697327409
JPM_2021_Q2_20210713,JPM,2021-07-13,train,7,-3.976182769552196,,-4.12268174395042
JPM_2021_Q3_20211013,JPM,2021-10-13,train,7,-4.1930144933079765,,-4.531070861540715
KO_2018_Q4_20190214,KO,2019-02-14,val,7,-3.4978692994391745,,-6.782589385641079
KO_2019_Q1_20190423,KO,2019-04-23,train,7,-4.692655415042848,,-5.776195506886388
KO_2019_Q2_20190723,KO,2019-07-23,train,7,-3.651291297059827,,-5.417422707851388
KO_2019_Q3_20191018,KO,2019-10-18,val,7,-4.44644512971681,,-5.480357503961233
KO_2019_Q4_20200130,KO,2020-01-30,train,7,-4.450844277142521,,-5.296810518168987
KO_2020_Q1_20200421,KO,2020-04-21,train,7,-4.127272361460415,,-3.5010812039951222
KO_2020_Q2_20200721,KO,2020-07-21,val,7,-4.366457266927804,,-4.32276542043585
KO_2020_Q3_20201022,KO,2020-10-22,val,7,-4.158334156025273,,-4.78294406296657
KO_2020_Q4_20210210,KO,2021-02-10,train,7,-4.633695030093737,,-5.103232994357905
KO_2021_Q1_20210419,KO,2021-04-19,val,7,-4.959900687906487,,-5.570916661543573
KO_2021_Q2_20210721,KO,2021-07-21,train,7,-5.00095030445546,,-4.62664457848886
KO_2021_Q3_20211027,KO,2021-10-27,val,7,-4.9710504805855935,,-5.10519493208161
LLY_2018_Q4_20190206,LLY,2019-02-06,val,7,-4.3472293061146825,,-4.7058344127414
LLY_2019_Q1_20190430,LLY,2019-04-30,val,7,-4.442734852154157,,-4.721059207626702
LLY_2019_Q2_20190730,LLY,2019-07-30,train,7,-4.045966540596092,,-4.903617045164604
LLY_2019_Q3_20191023,LLY,2019-10-23,val,7,-4.141114045709779,,-4.472471292438208
LLY_2019_Q4_20200130,LLY,2020-01-30,train,7,-4.160186437178769,,-4.830173505266595
LLY_2020_Q1_20200423,LLY,2020-04-23,train,7,-4.168966652617013,,-3.769137964960829
LLY_2020_Q2_20200730,LLY,2020-07-30,train,7,-3.817448095628055,,-4.554473649972543
LLY_2020_Q3_20201027,LLY,2020-10-27,train,7,-2.862733321183145,,-4.604061576868586
LLY_2020_Q4_20210129,LLY,2021-01-29,val,7,-4.009169832770383,,-4.149374901587003
LLY_2021_Q1_20210427,LLY,2021-04-27,train,7,-4.130753563549584,,-4.475890344753545
LLY_2021_Q2_20210803,LLY,2021-08-03,val,7,-4.053504351943795,,-4.537543418115932
LLY_2021_Q3_20211026,LLY,2021-10-26,train,7,-4.049839226884108,,-4.948437602850325
MA_2018_Q4_20190131,MA,2019-01-31,train,7,-4.384172296964382,,-4.311780515040346
MA_2019_Q1_20190430,MA,2019-04-30,train,7,-4.206747844934978,,-5.743532570870925
MA_2019_Q2_20190730,MA,2019-07-30,val,7,-3.720697263900909,,-5.162081778591677
MA_2019_Q3_20191029,MA,2019-10-29,train,7,-4.451170627743893,,-3.698014431421592
MA_2019_Q4_20200129,MA,2020-01-29,train,7,-4.163847325335593,,-4.420580084027461
MA_2020_Q1_20200429,MA,2020-04-29,val,7,-3.4490485304986187,,-3.667814554123912
MA_2020_Q2_20200730,MA,2020-07-30,val,7,-4.174564695740675,,-4.450378150942594
MA_2020_Q3_20201028,MA,2020-10-28,train,7,-3.288121335447877,,-4.301500649892764
MA_2020_Q4_20210128,MA,2021-01-28,val,7,-3.8573430862573193,,-3.983551488207573
MA_2021_Q1_20210429,MA,2021-04-29,val,7,-4.442649873828396,,-4.586993507730052
MA_2021_Q2_20210729,MA,2021-07-29,train,7,-4.216427900684772,,-4.159420616641917
MA_2021_Q3_20211028,MA,2021-10-28,train,7,-4.050491835438255,,-3.788329811817247
MCD_2018_Q4_20190130,MCD,2019-01-30,train,7,-5.015498392479428,,-4.617066507806036
MCD_2019_Q1_20190430,MCD,2019-04-30,train,7,-4.687142920631401,,-4.870468023767128
MCD_2019_Q2_20190726,MCD,2019-07-26,val,7,-4.544681711757657,,-4.961122935775318
MCD_2019_Q3_20191022,MCD,2019-10-22,train,7,-3.8734621095417214,,-4.913616956055264
MCD_2019_Q4_20200129,MCD,2020-01-29,val,7,-4.674551094928588,,-4.961899750580187
MCD_2020_Q1_20200430,MCD,2020-04-30,train,7,-4.241434194450346,,-3.768970738708564
MCD_2020_Q2_20200728,MCD,2020-07-28,train,7,-4.292153765570768,,-4.580514269816825
MCD_2020_Q3_20201109,MCD,2020-11-09,train,7,-4.22004612483819,,-4.682300315399311
MCD_2020_Q4_20210128,MCD,2021-01-28,val,7,-5.223981667792219,,-4.063302215257602
MCD_2021_Q1_20210429,MCD,2021-04-29,train,7,-5.170428313332618,,-4.83866113910996
MCD_2021_Q2_20210728,MCD,2021-07-28,train,7,-4.6533127035511175,,-4.295311753666573
MCD_2021_Q3_20211027,MCD,2021-10-27,train,7,-4.567039743290923,,-5.004980725319321
MDLZ_2018_Q4_20190130,MDLZ,2019-01-30,train,7,-3.8877619552744576,,-4.794535508966258
MDLZ_2019_Q1_20190430,MDLZ,2019-04-30,train,7,-4.825067525067412,,-5.440662810785914
MDLZ_2019_Q2_20190730,MDLZ,2019-07-30,val,7,-3.970083303283992,,-5.449371623954466
MDLZ_2019_Q3_20191029,MDLZ,2019-10-29,train,7,-4.758098073421015,,-4.684217691075304
MDLZ_2019_Q4_20200129,MDLZ,2020-01-29,train,7,-3.5325514720801894,,-5.337069792414943
MDLZ_2020_Q1_20200428,MDLZ,2020-04-28,val,7,-4.86696167114069,,-3.949308537104397
MDLZ_2020_Q2_20200728,MDLZ,2020-07-28,train,7,-4.524629022072209,,-4.82859584614336
MDLZ_2020_Q3_20201102,MDLZ,2020-11-02,train,7,-5.02088364485722,,-4.073554768615379
MDLZ_2020_Q4_20210128,MDLZ,2021-01-28,val,7,-4.211179939048129,,-4.3574354708541225
MDLZ_2021_Q1_20210427,MDLZ,2021-04-27,val,7,-4.280815140543468,,-5.0756771275343535
MDLZ_2021_Q2_20210727,MDLZ,2021-07-27,train,7,-4.378445575367293,,-4.924007390192715
MDLZ_2021_Q3_20211102,MDLZ,2021-11-02,val,7,-4.908067319016804,,-5.1009649018072505
MO_2018_Q4_20190131,MO,2019-01-31,train,7,-4.357367654816643,,-3.34856437031833
MO_2019_Q1_20190425,MO,2019-04-25,val,7,-3.6031322525357945,,-4.3899754628680006
MO_2019_Q2_20190730,MO,2019-07-30,val,7,-4.0092990166952935,,-4.778037301727417
MO_2019_Q3_20191031,MO,2019-10-31,train,7,-4.352666025875847,,-4.511290266470544
MO_2019_Q4_20200130,MO,2020-01-30,train,7,-4.106645236127725,,-5.145852761304615
MO_2020_Q1_20200430,MO,2020-04-30,val,7,-3.6038203029069225,,-3.9595711402563376
MO_2020_Q2_20200728,MO,2020-07-28,train,7,-4.51630032146442,,-4.849962251874211
MO_2020_Q3_20201030,MO,2020-10-30,train,7,-3.998860707871623,,-4.219621131945549
MO_2020_Q4_20210128,MO,2021-01-28,train,7,-3.985042753466507,,-4.69987480738232
MO_2021_Q1_20210429,MO,2021-04-29,train,7,-4.289403696457916,,-4.023948229636653
MO_2021_Q2_20210729,MO,2021-07-29,train,7,-4.480718748455111,,-5.1397088170191285
MO_2021_Q3_20211028,MO,2021-10-28,val,7,-3.7153580586044064,,-4.964089444140581
MRK_2018_Q4_20190201,MRK,2019-02-01,train,7,-4.478598372565643,,-4.367906234103736
MRK_2019_Q1_20190430,MRK,2019-04-30,train,7,-4.347439748009255,,-4.660281691312064
MRK_2019_Q2_20190730,MRK,2019-07-30,train,7,-4.628101423801317,,-4.725995373009804
MRK_2019_Q3_20191029,MRK,2019-10-29,train,7,-4.0527699787544025,,-4.101105223936316
MRK_2019_Q4_20200205,MRK,2020-02-05,val,7,-4.456807265208832,,-4.491071875097129
MRK_2020_Q1_20200428,MRK,2020-04-28,train,7,-4.277530880853377,,-3.676318597585914
MRK_2020_Q2_20200731,MRK,2020-07-31,train,7,-4.3565661942776535,,-4.462492715509256
MRK_2020_Q3_20201027,MRK,2020-10-27,train,7,-3.816971916082277,,-4.56015865594713
MRK_2020_Q4_20210204,MRK,2021-02-04,train,7,-5.068123121052615,,-4.164583237727388
MRK_2021_Q1_20210429,MRK,2021-04-29,val,7,-3.877634019238736,,-4.777622825915884
MRK_2021_Q2_20210729,MRK,2021-07-29,val,7,-4.93064067253191,,-4.895270343707131
MRK_2021_Q3_20211028,MRK,2021-10-28,train,7,-3.0920270323044523,,-4.4102915158736335
NEE_2018_Q4_20190125,NEE,2019-01-25,train,7,-4.02128709195081,,-5.079751210813302
NEE_2019_Q1_20190423,NEE,2019-04-23,train,7,-5.1095790397510985,,-5.311780457888054
NEE_2019_Q2_20190724,NEE,2019-07-24,train,7,-4.49604868956927,,-4.772891378700876
NEE_2019_Q3_20191022,NEE,2019-10-22,train,7,-4.644646959070213,,-4.986301418413028
NEE_2019_Q4_20200124,NEE,2020-01-24,train,7,-4.718805071676682,,-5.22215977638848
NEE_2020_Q1_20200422,NEE,2020-04-22,train,7,-3.702805369986952,,-3.6242441163594736
NEE_2020_Q2_20200724,NEE,2020-07-24,train,7,-4.965198772729369,,-4.137176919938284
NEE_2020_Q3_20201021,NEE,2020-10-21,val,7,-4.625303007545319,,-4.290036562647997
NEE_2020_Q4_20210126,NEE,2021-01-26,val,7,-3.611644568641007,,-4.4536202190932
NEE_2021_Q1_20210421,NEE,2021-04-21,train,7,-4.490162012183157,,-4.578588878459355
NEE_2021_Q2_20210723,NEE,2021-07-23,train,7,-4.942627088727684,,-4.455079249077095
NEE_2021_Q3_20211020,NEE,2021-10-20,train,7,-4.611151198992548,,-4.146221431639037
NKE_2019_Q3_20190321,NKE,2019-03-21,train,7,-3.652286942972142,,-4.74661619354838
NKE_2019_Q4_20190627,NKE,2019-06-27,train,7,-4.66744658707714,,-4.256361629449177
NKE_2020_Q1_20190924,NKE,2019-09-24,train,7,-4.025027275002428,,-4.92632136250699
NKE_2020_Q2_20191219,NKE,2019-12-19,train,7,-4.984191362947219,,-5.649904663642213
NKE_2020_Q3_20200324,NKE,2020-03-24,train,7,-3.073440822500473,,-2.503623200290595
NKE_2020_Q4_20200625,NKE,2020-06-25,val,7,-3.394519678442794,,-3.8284948179595855
NKE_2021_Q1_20200922,NKE,2020-09-22,train,7,-3.425470149964536,,-4.13682155003284
NKE_2021_Q2_20201218,NKE,2020-12-18,val,7,-3.9731943697219263,,-4.23187397025747
NKE_2021_Q3_20210318,NKE,2021-03-18,train,7,-3.71324444438844,,-4.186404577671203
NKE_2021_Q4_20210624,NKE,2021-06-24,train,7,-2.9222262733346307,,-4.68361346052709
NKE_2022_Q1_20210923,NKE,2021-09-23,val,7,-3.773324618310189,,-4.584152319462266
NKE_2022_Q2_20211220,NKE,2021-12-20,train,7,-3.781732335897288,,-4.713914163379434
NUE_2018_Q4_20190129,NUE,2019-01-29,train,7,-4.281199063332011,,-4.282380510089861
NUE_2019_Q1_20190423,NUE,2019-04-23,train,7,-4.104619198712119,,-4.703353855656547
NUE_2019_Q2_20190718,NUE,2019-07-18,train,7,-4.260136681873973,,-4.598436047148319
NUE_2019_Q3_20191022,NUE,2019-10-22,train,7,-4.367674017803412,,-3.7795015231037024
NUE_2019_Q4_20200128,NUE,2020-01-28,val,7,-3.961349466498676,,-4.337557105060531
NUE_2020_Q1_20200428,NUE,2020-04-28,train,7,-3.795891755674013,,-3.463881863021718
NUE_2020_Q2_20200723,NUE,2020-07-23,train,7,-4.084458836255466,,-4.131583912417573
NUE_2020_Q3_20201022,NUE,2020-10-22,train,7,-3.686624950047122,,-4.797413803690263
NUE_2020_Q4_20210128,NUE,2021-01-28,val,7,-3.8631366465627286,,-4.17900783337692
NUE_2021_Q1_20210422,NUE,2021-04-22,train,7,-3.6737133812428953,,-4.2086019480401005
NUE_2021_Q2_20210722,NUE,2021-07-22,train,7,-4.254075167004338,,-3.9636644850479614
NUE_2021_Q3_20211021,NUE,2021-10-21,val,7,-3.466895754180246,,-5.569478803797328
ORCL_2019_Q3_20190314,ORCL,2019-03-14,train,7,-4.044942729560398,,-5.9945887057998055
ORCL_2019_Q4_20190619,ORCL,2019-06-19,train,7,-3.501821461466227,,-5.496278522997795
ORCL_2020_Q1_20190911,ORCL,2019-09-11,train,7,-4.107462695832095,,-4.351935795259032
ORCL_2020_Q2_20191212,ORCL,2019-12-12,train,7,-4.201090728507991,,-5.4680284327761335
ORCL_2020_Q3_20200312,ORCL,2020-03-12,train,7,-2.3494260165588505,,-2.9036452174904164
ORCL_2020_Q4_20200616,ORCL,2020-06-16,val,7,-3.5766963057408296,,-3.63956232573202
ORCL_2021_Q1_20200910,ORCL,2020-09-10,train,7,-3.978692698556208,,-3.840067774224888
ORCL_2021_Q2_20201210,ORCL,2020-12-10,val,7,-4.577514096761126,,-4.786461081872497
ORCL_2021_Q3_20210310,ORCL,2021-03-10,val,7,-3.765350110328836,,-3.6418077386839207
ORCL_2021_Q4_20210615,ORCL,2021-06-15,train,7,-3.755870015869127,,-4.383806762357744
ORCL_2022_Q1_20210913,ORCL,2021-09-13,val,7,-4.209604305070872,,-4.962306721855312
ORCL_2022_Q2_20211209,ORCL,2021-12-09,train,7,-2.6843232951713043,,-4.530641184811205
PEP_2018_Q4_20190215,PEP,2019-02-15,val,7,-4.528713435878678,,-5.135535454511587
PEP_2019_Q1_20190417,PEP,2019-04-17,train,7,-4.274406300531653,,-5.070493351475148
PEP_2019_Q2_20190709,PEP,2019-07-09,train,7,-4.666166511518835,,-5.04020568952378
PEP_2019_Q3_20191003,PEP,2019-10-03,train,7,-4.279171719346181,,-4.563999520842532
PEP_2019_Q4_20200213,PEP,2020-02-13,train,7,-4.73140994910414,,-5.850667383304386
PEP_2020_Q1_20200428,PEP,2020-04-28,train,7,-4.426767061852806,,-3.901642193840556
PEP_2020_Q2_20200714,PEP,2020-07-13,train,7,-4.7930101187302165,,-5.005572389733294
PEP_2020_Q3_20201001,PEP,2020-10-01,train,7,-4.406259858775557,,-4.3483881085132
PEP_2020_Q4_20210211,PEP,2021-02-11,val,7,-4.583054939346825,,-4.708775742066049
PEP_2021_Q1_20210415,PEP,2021-04-15,train,7,-5.115912787354072,,-5.58632703275095
PEP_2021_Q2_20210713,PEP,2021-07-13,train,7,-4.791824124877772,,-6.038792206869921
PEP_2021_Q3_20211005,PEP,2021-10-05,val,7,-4.796661705291762,,-4.912721434053917
PFE_2018_Q4_20190129,PFE,2019-01-29,val,7,-4.16522361870112,,-4.339389729283776
PFE_2019_Q1_20190430,PFE,2019-04-30,train,7,-4.394581929079928,,-4.688530870638538
PFE_2019_Q2_20190729,PFE,2019-07-29,train,7,-3.79301569203557,,-5.067876990206715
PFE_2019_Q3_20191029,PFE,2019-10-29,train,7,-4.438264762998821,,-4.856063659497431
PFE_2019_Q4_20200128,PFE,2020-01-28,val,7,-3.912400256037832,,-4.579693695942526
PFE_2020_Q1_20200428,PFE,2020-04-28,val,7,-4.379671071942521,,-4.010197524061831
PFE_2020_Q2_20200728,PFE,2020-07-28,train,7,-4.225785147325641,,-3.880080013773556
PFE_2020_Q3_20201027,PFE,2020-10-27,val,7,-3.68208017503627,,-4.079825346506285
PFE_2020_Q4_20210202,PFE,2021-02-02,val,7,-4.79736486490909,,-4.324549377278404
PFE_2021_Q1_20210504,PFE,2021-05-04,val,7,-4.785740787242411,,-4.452195821288296
PFE_2021_Q2_20210728,PFE,2021-07-28,train,7,-3.9568416830808775,,-4.804905265223588
PFE_2021_Q3_20211103,PFE,2021-11-02,train,7,-3.1377930233988955,,-4.801897385207939
PLD_2018_Q4_20190122,PLD,2019-01-22,val,7,-4.861448386593659,,-5.080444188139649
PLD_2019_Q1_20190417,PLD,2019-04-17,val,7,-4.3914561352753,,-4.739333528294174
PLD_2019_Q2_20190716,PLD,2019-07-16,val,7,-4.373917607182883,,-4.66144077452598
PLD_2019_Q3_20191015,PLD,2019-10-15,train,7,-4.533625660681097,,-5.272656789453866
PLD_2019_Q4_20200122,PLD,2020-01-22,val,7,-4.45559523821663,,-4.489936813514473
PLD_2020_Q1_20200421,PLD,2020-04-21,val,7,-3.944216239610365,,-3.251895900651911
PLD_2020_Q2_20200721,PLD,2020-07-21,val,7,-4.404852986581908,,-4.065846533291412
PLD_2020_Q3_20201020,PLD,2020-10-20,train,7,-4.501573361534191,,-4.3857401774333775
PLD_2020_Q4_20210126,PLD,2021-01-26,train,7,-3.9832267063087694,,-4.693835428411591
PLD_2021_Q1_20210419,PLD,2021-04-19,train,7,-4.807896475133225,,-4.476245134875843
PLD_2021_Q2_20210719,PLD,2021-07-19,train,7,-5.075659650399932,,-4.592398705060769
PLD_2021_Q3_20211015,PLD,2021-10-15,train,7,-4.405278417283499,,-4.681722593349661
PPG_2018_Q4_20190117,PPG,2019-01-17,train,7,-3.835483944538104,,-4.752964979627459
PPG_2019_Q1_20190418,PPG,2019-04-18,train,7,-4.218994933586536,,-4.84034141200752
PPG_2019_Q2_20190718,PPG,2019-07-18,train,7,-4.9047849755924045,,-5.052801769293093
PPG_2019_Q3_20191017,PPG,2019-10-17,train,7,-4.5020189529206505,,-3.966635485184821
PPG_2019_Q4_20200116,PPG,2020-01-16,train,7,-4.362158444438075,,-5.196140627531198
PPG_2020_Q1_20200428,PPG,2020-04-28,train,7,-3.388997967025721,,-3.55958922046593
PPG_2020_Q2_20200717,PPG,2020-07-17,train,7,-4.2606625817964,,-3.979839405918887
PPG_2020_Q3_20201020,PPG,2020-10-20,val,7,-4.40983954057159,,-4.367403974415793
PPG_2020_Q4_20210122,PPG,2021-01-22,val,7,-3.763239833643633,,-4.417140175100373
PPG_2021_Q1_20210416,PPG,2021-04-16,train,7,-3.465197745346916,,-4.065213988053223
PPG_2021_Q2_20210720,PPG,2021-07-19,val,7,-3.972838087593282,,-4.363213049324036
PPG_2021_Q3_20211021,PPG,2021-10-20,train,7,-4.149385184900143,,-4.390545113684852
PSA_2018_Q4_20190227,PSA,2019-02-27,train,7,-4.512306277508033,,-4.600252230368173
PSA_2019_Q1_20190502,PSA,2019-05-02,train,7,-4.463803539005878,,-4.731651761849674
PSA_2019_Q2_20190731,PSA,2019-07-31,train,7,-4.501250008587019,,-4.804774078536277
PSA_2019_Q3_20191030,PSA,2019-10-30,train,7,-4.146796197384106,,-4.328861808624282
PSA_2019_Q4_20200226,PSA,2020-02-26,val,7,-3.25093981079031,,-3.678187106346368
PSA_2020_Q1_20200501,PSA,2020-05-01,train,7,-3.703598927380515,,-3.9851366962293255
PSA_2020_Q2_20200806,PSA,2020-08-06,train,7,-4.395493422853997,,-3.797443832252653
PSA_2020_Q3_20201105,PSA,2020-11-05,train,7,-3.590210310563334,,-4.586491759119252
PSA_2020_Q4_20210225,PSA,2021-02-25,train,7,-4.067515206227327,,-4.642960275126955
PSA_2021_Q1_20210429,PSA,2021-04-29,val,7,-4.416841484522049,,-5.02046115505077
PSA_2021_Q2_20210804,PSA,2021-08-04,train,7,-4.611780946423532,,-5.974104290421912
PSA_2021_Q3_20211102,PSA,2021-11-02,train,7,-4.243339003354135,,-4.381943784827676
PSX_2018_Q4_20190208,PSX,2019-02-08,train,7,-4.659552334396296,,-4.301358160691651
PSX_2019_Q1_20190430,PSX,2019-04-30,train,7,-4.389936781691931,,-4.195272357950428
PSX_2019_Q2_20190726,PSX,2019-07-26,train,7,-4.110728491185529,,-5.086121120103858
PSX_2019_Q3_20191025,PSX,2019-10-25,train,7,-4.09796399569039,,-4.909198742543728
PSX_2019_Q4_20200131,PSX,2020-01-31,train,7,-3.5741874971791545,,-4.375436151883119
PSX_2020_Q1_20200501,PSX,2020-05-01,val,7,-2.814352457548069,,-3.502260740662084
PSX_2020_Q2_20200731,PSX,2020-07-31,train,7,-3.919190547304903,,-3.932634265009425
PSX_2020_Q3_20201030,PSX,2020-10-30,val,7,-2.543475637043359,,-3.3705027850307445
PSX_2020_Q4_20210129,PSX,2021-01-29,train,7,-3.4750779778137053,,-4.483372319254056
PSX_2021_Q1_20210430,PSX,2021-04-30,val,7,-4.1436207060616175,,-4.065030982820354
PSX_2021_Q2_20210803,PSX,2021-08-03,train,7,-3.556805998963727,,-4.294145496101607
PSX_2021_Q3_20211029,PSX,2021-10-29,train,7,-3.755028748971636,,-3.826715077987602
RTX_2018_Q4_20190131,RTX,2019-01-23,val,7,-3.828979118740461,,-4.378830086234816
RTX_2019_Q1_20190425,RTX,2019-04-25,val,7,-4.705014072821089,,-4.936723666514272
RTX_2019_Q2_20190725,RTX,2019-07-25,train,7,-4.612499720110283,,-4.412576804705702
RTX_2019_Q3_20191024,RTX,2019-10-24,val,7,-4.316845039995351,,-4.787203278777966
RTX_2019_Q4_20200130,RTX,2020-01-30,train,7,-4.261407278755905,,-4.925027556761615
RTX_2020_Q1_20200507,RTX,2020-05-07,train,7,-3.825396890284091,,-3.4725103355865548
RTX_2020_Q2_20200728,RTX,2020-07-28,train,7,-3.7285428713584623,,-4.224147400400139
RTX_2020_Q3_20201027,RTX,2020-10-27,val,7,-3.1894493678664126,,-3.856954799355397
RTX_2020_Q4_20210126,RTX,2021-01-26,train,7,-3.659966084856456,,-4.596761431493082
RTX_2021_Q1_20210427,RTX,2021-04-27,val,7,-4.8204843184054775,,-4.306413249551287
RTX_2021_Q2_20210727,RTX,2021-07-27,train,7,-4.138314871538551,,-3.758200776269191
RTX_2021_Q3_20211026,RTX,2021-10-26,train,7,-4.660752839134269,,-4.8879784302886
SBUX_2019_Q1_20190124,SBUX,2019-01-24,val,7,-4.261682862042155,,-4.335642055751681
SBUX_2019_Q2_20190425,SBUX,2019-04-25,train,7,-5.213875211293876,,-4.791771437165201
SBUX_2019_Q3_20190725,SBUX,2019-07-25,train,7,-3.33025364177752,,-4.746025341663284
SBUX_2019_Q4_20191030,SBUX,2019-10-30,train,7,-4.654699236443124,,-4.665007142494995
SBUX_2020_Q1_20200128,SBUX,2020-01-28,val,7,-4.118272248753684,,-4.133679498909326
SBUX_2020_Q2_20200428,SBUX,2020-04-28,train,7,-3.61880160904327,,-3.402860297538021
SBUX_2020_Q3_20200728,SBUX,2020-07-28,val,7,-4.152989761114738,,-4.0829220286643215
SBUX_2020_Q4_20201029,SBUX,2020-10-29,train,7,-3.760293809110966,,-4.136645764645702
SBUX_2021_Q1_20210126,SBUX,2021-01-26,train,7,-3.49503913788947,,-4.4271567897618445
SBUX_2021_Q2_20210427,SBUX,2021-04-27,val,7,-4.110620708076829,,-4.696416330985443
SBUX_2021_Q3_20210727,SBUX,2021-07-27,train,7,-4.598873920583682,,-3.9876698467123055
SBUX_2021_Q4_20211028,SBUX,2021-10-28,train,7,-3.418821617272988,,-5.231718302769553
SHW_2018_Q4_20190131,SHW,2019-01-31,train,7,-4.167412353254283,,-4.70762079587985
SHW_2019_Q1_20190423,SHW,2019-04-23,val,7,-4.350229100701752,,-4.444798896187502
SHW_2019_Q2_20190723,SHW,2019-07-23,train,7,-3.6366128473274335,,-4.520559145884427
SHW_2019_Q3_20191022,SHW,2019-10-22,val,7,-4.536422391204229,,-4.4602529148185965
SHW_2019_Q4_20200130,SHW,2020-01-30,val,7,-3.811433005084901,,-4.777077226874277
SHW_2020_Q1_20200429,SHW,2020-04-29,train,7,-3.727059553958548,,-3.804445986164045
SHW_2020_Q2_20200728,SHW,2020-07-28,train,7,-4.556200774359474,,-4.535319420673464
SHW_2020_Q3_20201027,SHW,2020-10-27,val,7,-4.433596387138409,,-4.449982652978401
SHW_2020_Q4_20210128,SHW,2021-01-28,val,7,-4.168328940186787,,-4.7551082631242
SHW_2021_Q1_20210427,SHW,2021-04-27,train,7,-4.728403131060156,,-4.1088645434538
SHW_2021_Q2_20210727,SHW,2021-07-27,train,7,-5.30910531009042,,-4.939218784693478
SHW_2021_Q3_20211026,SHW,2021-10-26,train,7,-4.292919193547647,,-5.1276435221800885
SLB_2018_Q4_20190118,SLB,2019-01-18,train,7,-3.3912093106020267,,-4.693125360163538
SLB_2019_Q1_20190418,SLB,2019-04-18,val,7,-4.018950553395212,,-4.522132630332618
SLB_2019_Q2_20190719,SLB,2019-07-25,val,7,-4.06956784617991,,-4.063350666568288
SLB_2019_Q3_20191018,SLB,2019-10-18,val,7,-3.989881181854968,,-3.927962028842019
SLB_2019_Q4_20200117,SLB,2020-01-17,train,7,-4.070356601774331,,-4.065249166865352
SLB_2020_Q1_20200417,SLB,2020-04-17,train,7,-3.0896858793731083,,-3.174648519911708
SLB_2020_Q2_20200723,SLB,2020-07-24,train,7,-3.631917232842061,,-3.646982940453969
SLB_2020_Q3_20201016,SLB,2020-10-16,train,7,-3.293349156224138,,-3.923713594118345
SLB_2020_Q4_20210122,SLB,2021-01-22,train,7,-3.6146523082437,,-3.4385395045072804
SLB_2021_Q1_20210423,SLB,2021-04-23,train,7,-3.717366659418416,,-3.518675825238477
SLB_2021_Q2_20210723,SLB,2021-07-23,train,7,-3.938309058406416,,-3.500914287652455
SLB_2021_Q3_20211022,SLB,2021-10-22,train,7,-3.59375452236612,,-4.517309549623715
SO_2018_Q4_20190220,SO,2019-02-20,train,7,-4.603604651347681,,-5.751041561052209
SO_2019_Q1_20190501,SO,2019-05-01,train,7,-4.844557077566793,,-4.934805672278453
SO_2019_Q2_20190731,SO,2019-07-31,train,7,-4.289611200697991,,-4.935681652816172
SO_2019_Q3_20191030,SO,2019-10-30,train,7,-4.280898770275854,,-5.112049240050475
SO_2019_Q4_20200220,SO,2020-02-20,train,7,-3.895884087435199,,-4.988431603456441
SO_2020_Q1_20200430,SO,2020-04-30,val,7,-3.76294808309223,,-4.307034527572608
SO_2020_Q2_20200730,SO,2020-07-30,train,7,-4.4421730713903775,,-4.432081140915952
SO_2020_Q3_20201029,SO,2020-10-29,train,7,-4.390752054195019,,-4.090747880506693
SO_2020_Q4_20210218,SO,2021-02-18,train,7,-4.809106284598435,,-5.048309732387284
SO_2021_Q1_20210429,SO,2021-04-29,train,7,-4.667375746548525,,-4.699807850714171
SO_2021_Q2_20210729,SO,2021-07-29,train,7,-5.076949292207074,,-4.88704169875869
SO_2021_Q3_20211104,SO,2021-11-04,train,7,-4.700404205886379,,-5.20518980783342
T_2018_Q4_20190130,T,2019-01-30,train,7,-3.99119021885579,,-4.820614569444071
T_2019_Q1_20190424,T,2019-04-24,train,7,-4.129966243454594,,-5.29211580762808
T_2019_Q2_20190724,T,2019-07-24,train,7,-4.33649313451181,,-5.0184541302216
T_2019_Q3_20191028,T,2019-10-28,train,7,-4.160765627693013,,-4.427966112935139
T_2019_Q4_20200129,T,2020-01-29,val,7,-3.9414591490679705,,-4.785845049931377
T_2020_Q1_20200422,T,2020-04-22,train,7,-3.960557429681341,,-3.6310992097129655
T_2020_Q2_20200723,T,2020-07-23,train,7,-4.838315011714129,,-4.711266567491322
T_2020_Q3_20201022,T,2020-10-22,train,7,-3.662357958384984,,-5.203714503156751
T_2020_Q4_20210127,T,2021-01-27,val,7,-4.630235735038558,,-4.689100003959438
T_2021_Q1_20210422,T,2021-04-22,val,7,-4.102044263476521,,-5.136686569293842
T_2021_Q2_20210722,T,2021-07-22,val,7,-5.109910047736546,,-4.840605152966497
T_2021_Q3_20211021,T,2021-10-21,val,7,-4.501798828408244,,-4.338151388002143
TGT_2018_Q4_20190305,TGT,2019-03-05,val,7,-4.076002981459126,,-4.862145490204279
TGT_2019_Q1_20190522,TGT,2019-05-22,val,7,-3.5436368512594068,,-4.130699337293125
TGT_2019_Q2_20190821,TGT,2019-08-21,train,7,-2.6490733712200227,,-3.968815132137332
TGT_2019_Q3_20191120,TGT,2019-11-20,train,7,-2.9823050067235406,,-4.262954223368703
TGT_2019_Q4_20200303,TGT,2020-03-03,val,7,-3.725507758525465,,-3.4840833938347373
TGT_2020_Q1_20200520,TGT,2020-05-20,train,7,-3.8862638874100943,,-4.0168184398224565
TGT_2020_Q2_20200819,TGT,2020-08-19,train,7,-3.0709652977912207,,-4.5943213799758205
TGT_2020_Q3_20201118,TGT,2020-11-18,train,7,-4.443600497951033,,-3.8990184900115823
TGT_2020_Q4_20210302,TGT,2021-03-02,train,7,-3.5380145596215176,,-4.616974612172268
TGT_2021_Q1_20210519,TGT,2021-05-19,train,7,-3.9165397631306935,,-3.992132285074783
TGT_2021_Q2_20210818,TGT,2021-08-18,val,7,-4.083173103216441,,-4.431152741641352
TGT_2021_Q3_20211117,TGT,2021-11-17,val,7,-3.963353135317506,,-4.850878123973303
TJX_2019_Q4_20190227,TJX,2019-02-27,val,7,-4.204165600131801,,-4.595851820470782
TJX_2020_Q1_20190521,TJX,2019-05-21,val,7,-4.085984477171865,,-4.342326521335229
TJX_2020_Q2_20190820,TJX,2019-08-20,train,7,-3.834841824517437,,-3.764800712213933
TJX_2020_Q3_20191119,TJX,2019-11-19,train,7,-4.363302849409432,,-4.82729343876875
TJX_2020_Q4_20200226,TJX,2020-02-26,train,7,-3.119277590391143,,-4.290668540297999
TJX_2021_Q1_20200521,TJX,2020-05-21,train,7,-3.458092019173153,,-3.264313860784773
TJX_2021_Q2_20200819,TJX,2020-08-19,train,7,-3.5321077994354697,,-3.951200114650574
TJX_2021_Q3_20201118,TJX,2020-11-18,train,7,-3.855223684434156,,-3.0246837048156925
TJX_2021_Q4_20210224,TJX,2021-02-24,train,7,-4.040109709812993,,-4.150584500901085
TJX_2022_Q1_20210519,TJX,2021-05-19,val,7,-3.904665013223666,,-4.0458678830244965
TJX_2022_Q2_20210818,TJX,2021-08-18,val,7,-3.8017793434541134,,-4.100258227862508
TJX_2022_Q3_20211117,TJX,2021-11-17,train,7,-3.559201030181661,,-4.6504177590195
TMUS_2018_Q4_20190207,TMUS,2019-02-07,train,7,-4.496204578388085,,-4.135411965698192
TMUS_2019_Q1_20190425,TMUS,2019-04-25,val,7,-4.889094718010563,,-4.479738111115491
TMUS_2019_Q2_20190726,TMUS,2019-07-26,train,7,-3.673573682128439,,-4.2955520009920285
TMUS_2019_Q3_20191028,TMUS,2019-10-28,train,7,-4.496884742227517,,-5.290136291960051
TMUS_2019_Q4_20200206,TMUS,2020-02-06,train,7,-3.219206500781405,,-4.180581723151959
TMUS_2020_Q1_20200506,TMUS,2020-05-06,val,7,-3.2087972970257206,,-3.821554302696069
TMUS_2020_Q2_20200806,TMUS,2020-08-06,val,7,-3.715998705304656,,-4.719029974027322
TMUS_2020_Q3_20201105,TMUS,2020-11-05,train,7,-3.907385369499314,,-3.938896998100226
TMUS_2020_Q4_20210204,TMUS,2021-02-04,train,7,-4.241097424201121,,-3.462996202500606
TMUS_2021_Q1_20210504,TMUS,2021-05-04,train,7,-3.8090627192863504,,-4.510904095503484
TMUS_2021_Q2_20210729,TMUS,2021-07-29,train,7,-4.977965227738234,,-5.622368089286485
TMUS_2021_Q3_20211102,TMUS,2021-11-02,val,7,-3.855523324868148,,-5.173800194109231
V_2019_Q1_20190130,V,2019-01-30,train,7,-4.0731116206811295,,-4.460699524012933
V_2019_Q2_20190424,V,2019-04-24,train,7,-4.833243852030276,,-5.705421393578409
V_2019_Q3_20190723,V,2019-07-23,train,7,-4.476984423190486,,-5.187262179015682
V_2019_Q4_20191024,V,2019-10-24,val,7,-4.624846374338422,,-4.08682151575574
V_2020_Q1_20200130,V,2020-01-30,train,7,-3.96793126695278,,-4.562108699470121
V_2020_Q2_20200430,V,2020-04-30,train,7,-4.374763223394088,,-3.674271188015035
V_2020_Q3_20200728,V,2020-07-28,train,7,-4.1935720596411725,,-4.536240688304242
V_2020_Q4_20201028,V,2020-10-28,val,7,-4.244275890819205,,-4.0242297426106
V_2021_Q1_20210128,V,2021-01-28,train,7,-3.850970384812317,,-4.027470157791739
V_2021_Q2_20210427,V,2021-04-27,train,7,-4.483077680728161,,-4.712370639884122
V_2021_Q3_20210727,V,2021-07-27,train,7,-4.372221260770043,,-4.228617254973882
V_2021_Q4_20211026,V,2021-10-26,train,7,-3.680883578797999,,-4.7843522619072525
VZ_2018_Q4_20190129,VZ,2019-01-29,val,7,-4.14137138384175,,-4.488369112139273
VZ_2019_Q1_20190423,VZ,2019-04-23,train,7,-4.366803290150718,,-4.940730404954393
VZ_2019_Q2_20190801,VZ,2019-08-01,train,7,-5.112632336808328,,-4.399108527703889
VZ_2019_Q3_20191025,VZ,2019-10-25,val,7,-5.191950047941104,,-5.266607078849657
VZ_2019_Q4_20200130,VZ,2020-01-30,train,7,-4.495174294489209,,-4.681168145196656
VZ_2020_Q1_20200424,VZ,2020-04-24,train,7,-4.962364080331418,,-4.135496933756638
VZ_2020_Q2_20200724,VZ,2020-07-24,val,7,-4.907765135119227,,-4.936112756195964
VZ_2020_Q3_20201021,VZ,2020-10-21,train,7,-4.560429353788003,,-5.058998080306815
VZ_2020_Q4_20210126,VZ,2021-01-26,train,7,-4.279223638092634,,-5.050525208858948
VZ_2021_Q1_20210421,VZ,2021-04-21,val,7,-4.681661895670431,,-5.725050115169542
VZ_2021_Q2_20210721,VZ,2021-07-21,train,7,-5.249475752852831,,-5.310797186805439
VZ_2021_Q3_20211020,VZ,2021-10-20,train,7,-4.493502542362191,,-4.473169298565764
XOM_2018_Q4_20190201,XOM,2019-02-01,train,7,-4.185033215883503,,-4.883111742890946
XOM_2019_Q1_20190426,XOM,2019-04-26,val,7,-4.633087445216949,,-4.462628424798986
XOM_2019_Q2_20190802,XOM,2019-08-02,train,7,-4.150446497027413,,-4.609094786904084
XOM_2019_Q3_20191101,XOM,2019-11-01,val,7,-3.8622044348213698,,-4.999035695189284
XOM_2019_Q4_20200131,XOM,2020-01-31,train,7,-3.6993417153678174,,-4.665095116248619
XOM_2020_Q1_20200501,XOM,2020-05-01,train,7,-3.320385731081996,,-3.7958776322488776
XOM_2020_Q2_20200731,XOM,2020-07-31,val,7,-4.400390528404513,,-3.8925348401348
XOM_2020_Q3_20201030,XOM,2020-10-30,train,7,-3.0330765040199985,,-3.4211697467300706
XOM_2020_Q4_20210202,XOM,2021-02-02,val,7,-4.031918635338009,,-4.322759966120126
XOM_2021_Q1_20210430,XOM,2021-04-30,train,7,-4.01017643059805,,-4.400755376788548
XOM_2021_Q2_20210730,XOM,2021-07-30,train,7,-4.266707861883492,,-4.15556238713128
XOM_2021_Q3_20211029,XOM,2021-10-29,train,7,-4.500733881546642,,-4.085534122941596
ABT_2021_Q4_20220126,ABT,2022-01-26,test,7,-3.9319127670135385,-4.260363,-4.868667390932553
ADP_2022_Q2_20220126,ADP,2022-01-26,test,7,-3.306176720402205,-4.102132,-4.90435442012275
AMD_2021_Q4_20220201,AMD,2022-02-01,test,7,-3.352831566204588,-3.929768,-3.02921185388872
AMT_2021_Q4_20220224,AMT,2022-02-24,test,7,-4.185234035791392,-4.096638,-5.262450010314221
BAC_2021_Q4_20220119,BAC,2022-01-19,test,7,-4.344727863129942,-3.948336,-4.114773059053961
CAT_2021_Q4_20220128,CAT,2022-01-28,test,7,-3.846593046579962,-4.043037,-4.466451925831342
COP_2021_Q4_20220203,COP,2022-02-03,test,7,-4.172467966130981,-3.855468,-3.8968349210018367
CSGP_2021_Q4_20220222,CSGP,2022-02-22,test,7,-2.5708483332206606,-3.857053,-3.741472764527309
DE_2022_Q1_20220218,DE,2022-02-18,test,7,-3.521821705736219,-4.685086,-4.29268013916629
GE_2021_Q4_20220125,GE,2022-01-25,test,7,-3.483711314612343,-3.966016,-4.363053768472388
HD_2021_Q4_20220222,HD,2022-02-22,test,7,-3.323428698330749,-4.121978,-4.637189950139284
HON_2021_Q4_20220203,HON,2022-02-03,test,7,-3.5439665087710046,-4.075761,-4.800386370536844
LOW_2021_Q4_20220223,LOW,2022-02-23,test,7,-4.188399745724173,-4.310248,-4.319776654300963
META_2021_Q4_20220202,META,2022-02-02,test,7,-2.3729642121075227,-4.30792,-3.826092004847584
MPC_2021_Q4_20220202,MPC,2022-02-02,test,7,-3.7364280998117545,-4.225248,-4.34339386831482
MSFT_2022_Q2_20220125,MSFT,2022-01-25,test,7,-3.829986717262668,-3.805139,-4.199133162906633
NEM_2021_Q4_20220224,NEM,2022-02-24,test,7,-3.619059601590321,-3.823377,-3.853662568774004
O_2021_Q4_20220223,O,2022-02-23,test,7,-4.352470927170822,-3.683794,-5.138286291992699
PG_2022_Q2_20220119,PG,2022-01-19,test,7,-4.25545965568958,-4.08014,-4.677393803497768
PM_2021_Q4_20220210,PM,2022-02-10,test,7,-4.674894953123026,-4.168322,-5.908677967777913
SPGI_2021_Q4_20220208,SPGI,2022-02-08,test,7,-4.076574094108048,-4.162436,-4.012001714201316
SRE_2021_Q4_20220225,SRE,2022-02-25,test,7,-4.1727749854106335,-4.04857,-5.133639326165095
TMO_2021_Q4_20220202,TMO,2022-02-02,test,7,-4.501934395000635,-4.03306,-3.997654503783784
TSLA_2021_Q4_20220126,TSLA,2022-01-26,test,7,-2.7691237040013914,-4.194079,-3.830393865489389
UNH_2021_Q4_20220119,UNH,2022-01-19,test,7,-5.159471797148756,-4.181716,-4.283784429941504
UNP_2021_Q4_20220120,UNP,2022-01-20,test,7,-4.878412626177303,-4.183378,-4.329985757356224
VLO_2021_Q4_20220127,VLO,2022-01-27,test,7,-4.008528604284049,-4.07061,-3.886379795025535
WELL_2021_Q4_20220216,WELL,2022-02-16,test,7,-3.874662969590201,-3.776365,-4.329883612879118
WFC_2021_Q4_20220114,WFC,2022-01-14,test,7,-3.911874187486188,-3.962635,-4.414688140155949
XEL_2021_Q4_20220127,XEL,2022-01-27,test,7,-4.354577243020948,-4.305036,-5.171114674482029
ABT_2022_Q1_20220420,ABT,2022-04-20,test,7,-4.036016242977024,-4.249992,-4.001204807972656
ADP_2022_Q3_20220427,ADP,2022-04-27,test,7,-3.4942068072376924,-4.064425,-4.112163703061479
AMD_2022_Q1_20220503,AMD,2022-05-03,test,7,-2.8982516472443685,-4.059754,-3.1715083815415768
AMT_2022_Q1_20220427,AMT,2022-04-27,test,7,-3.899343131316,-4.255796,-4.006182905553831
BAC_2022_Q1_20220418,BAC,2022-04-18,test,7,-3.798417341370385,-3.89791,-4.506067136878338
CAT_2022_Q1_20220428,CAT,2022-04-28,test,7,-3.889818707126365,-4.146497,-3.597913265739073
COP_2022_Q1_20220505,COP,2022-05-05,test,7,-3.140442808175251,-3.806306,-3.7003125224547264
CSGP_2022_Q1_20220426,CSGP,2022-04-26,test,7,-3.314296395171466,-3.880918,-3.6885485723013134
DE_2022_Q2_20220520,DE,2022-05-20,test,7,-2.7830559591873927,-4.53714,-3.874633505156738
GE_2022_Q1_20220426,GE,2022-04-26,test,7,-3.107823282607556,-4.17121,-4.316767591333709
HD_2022_Q1_20220517,HD,2022-05-17,test,7,-3.79312822066948,-4.129972,-3.956977726422436
HON_2022_Q1_20220429,HON,2022-04-29,test,7,-3.6983284846665927,-4.23859,-4.228113026858929
LOW_2022_Q1_20220518,LOW,2022-05-18,test,7,-3.575134435065202,-4.334858,-4.105869603027927
META_2022_Q1_20220427,META,2022-04-27,test,7,-2.6059695761518795,-4.287852,-3.32573817181608
MPC_2022_Q1_20220503,MPC,2022-05-03,test,7,-3.4691831478010915,-4.235093,-3.733264049052015
MSFT_2022_Q3_20220426,MSFT,2022-04-26,test,7,-3.393005911783144,-3.794085,-3.8602446069307113
NEM_2022_Q1_20220422,NEM,2022-04-22,test,7,-4.2007142884485,-3.678772,-3.548604520441323
O_2022_Q1_20220505,O,2022-05-05,test,7,-3.866336201954348,-3.827752,-3.914286675787971
PG_2022_Q3_20220420,PG,2022-04-20,test,7,-4.178018424960265,-4.558166,-4.841533406103842
PM_2022_Q1_20220421,PM,2022-04-21,test,7,-4.227592101205971,-3.919783,-4.828229635840547
SPGI_2022_Q1_20220503,SPGI,2022-05-03,test,7,-3.81360384826579,-4.040576,-4.025294416913195
SRE_2022_Q1_20220505,SRE,2022-05-05,test,7,-4.055476557930814,-4.33676,-4.218788058493233
TMO_2022_Q1_20220428,TMO,2022-04-28,test,7,-3.467245256803248,-4.178834,-3.653666714066152
TSLA_2022_Q1_20220420,TSLA,2022-04-20,test,7,-3.091789975852357,-4.309624,-3.3738285785917017
UNH_2022_Q1_20220414,UNH,2022-04-14,test,7,-4.238996389342155,-4.162388,-4.305189815249346
UNP_2022_Q1_20220421,UNP,2022-04-21,test,7,-3.9904889506398544,-4.024832,-4.693313988580496
VLO_2022_Q1_20220426,VLO,2022-04-26,test,7,-3.5300490733246166,-3.964486,-3.632863128142717
WELL_2022_Q1_20220511,WELL,2022-05-10,test,7,-4.546167616789876,-4.230169,-4.858473920689538
WFC_2022_Q1_20220414,WFC,2022-04-14,test,7,-3.7659106995908527,-4.267768,-4.422267841313527
XEL_2022_Q1_20220428,XEL,2022-04-28,test,7,-4.171175647585174,-4.366072,-4.91856910661355
ABT_2022_Q2_20220720,ABT,2022-07-20,test,7,-4.386416029174696,-4.262524,-4.016427945577743
ADP_2022_Q4_20220727,ADP,2022-07-27,test,7,-3.687262561088676,-3.813372,-4.109394837476652
AMD_2022_Q2_20220802,AMD,2022-08-02,test,7,-3.3958761263960966,-4.007238,-3.724002041781076
AMT_2022_Q2_20220728,AMT,2022-07-28,test,7,-4.186361513232745,-4.190077,-3.9583259306263865
BAC_2022_Q2_20220718,BAC,2022-07-18,test,7,-4.174906994873558,-4.129156,-3.4974141350436034
CAT_2022_Q2_20220802,CAT,2022-08-02,test,7,-3.721076897837377,-4.106259,-3.769241432226383
COP_2022_Q2_20220804,COP,2022-08-04,test,7,-3.983539247978943,-3.7604,-3.74613994718906
CSGP_2022_Q2_20220726,CSGP,2022-07-26,test,7,-2.973758663945404,-4.014957,-4.048293209881712
DE_2022_Q3_20220819,DE,2022-08-19,test,7,-4.340149635792329,-4.540514,-4.252232102841417
GE_2022_Q2_20220726,GE,2022-07-26,test,7,-3.955532070598724,-4.169064,-4.140902452928923
HD_2022_Q2_20220816,HD,2022-08-16,test,7,-3.899211529554498,-4.203765,-4.364710861880374
HON_2022_Q2_20220728,HON,2022-07-28,test,7,-4.199438893798711,-4.13271,-4.45324698862628
LOW_2022_Q2_20220817,LOW,2022-08-17,test,7,-4.455567636207695,-4.16029,-3.8991642396710287
META_2022_Q2_20220727,META,2022-07-27,test,7,-3.5103402442904925,-4.134127,-3.022401639914444
MPC_2022_Q2_20220802,MPC,2022-08-02,test,7,-3.84369225912512,-4.154534,-3.9627850991181455
MSFT_2022_Q4_20220726,MSFT,2022-07-26,test,7,-3.683102595922239,-3.824234,-4.15501862617704
NEM_2022_Q2_20220725,NEM,2022-07-25,test,7,-3.016238234300697,-3.721774,-3.881690868751616
O_2022_Q2_20220804,O,2022-08-04,test,7,-5.461822202480027,-3.612776,-4.384746074530141
PG_2022_Q4_20220729,PG,2022-07-29,test,7,-3.61286507244138,-4.41083,-4.537531780926143
PM_2022_Q2_20220721,PM,2022-07-21,test,7,-4.207467907200164,-4.448662,-4.088035244129832
SPGI_2022_Q2_20220802,SPGI,2022-08-02,test,7,-3.9573584658097753,-4.219998,-4.095022747329145
SRE_2022_Q2_20220804,SRE,2022-08-04,test,7,-4.498136279118041,-4.088818,-4.608272892333034
TMO_2022_Q2_20220728,TMO,2022-07-28,test,7,-4.438387245131547,-3.914308,-3.658332929430307
TSLA_2022_Q2_20220720,TSLA,2022-07-20,test,7,-3.1283755105265496,-3.71853,-4.807569492669287
UNH_2022_Q2_20220715,UNH,2022-07-15,test,7,-3.6629268042620766,-4.108958,-4.352614644301314
UNP_2022_Q2_20220721,UNP,2022-07-21,test,7,-4.442076281159628,-4.0547,-4.163587819240133
VLO_2022_Q2_20220728,VLO,2022-07-28,test,7,-3.8718890710452927,-3.956243,-3.4903488175246102
WELL_2022_Q2_20220810,WELL,2022-08-10,test,7,-4.171399833671792,-4.145276,-4.29110982728943
WFC_2022_Q2_20220715,WFC,2022-07-15,test,7,-3.7628065059476192,-4.010115,-4.623968069312605
XEL_2022_Q2_20220728,XEL,2022-07-28,test,7,-4.497576943507214,-4.285974,-4.588721907585074
ABT_2022_Q3_20221019,ABT,2022-10-19,test,7,-3.552787726328228,-4.325143,-4.060485516217508
ADP_2023_Q1_20221026,ADP,2022-10-26,test,7,-4.095202064700066,-3.771368,-4.210260946268754
AMD_2022_Q3_20221101,AMD,2022-11-01,test,7,-2.850231994798521,-3.994723,-3.402131754925616
AMT_2022_Q3_20221027,AMT,2022-10-27,test,7,-4.172775203832423,-4.1549,-3.62916718722297
BAC_2022_Q3_20221017,BAC,2022-10-17,test,7,-3.5747270591652573,-3.965728,-3.590078672392909
CAT_2022_Q3_20221027,CAT,2022-10-27,test,7,-3.493184282917974,-4.123357,-3.788077014056617
COP_2022_Q3_20221103,COP,2022-11-03,test,7,-3.2605615287495784,-3.612572,-4.483860544509873
CSGP_2022_Q3_20221025,CSGP,2022-10-25,test,7,-3.4964354272887457,-3.80594,-3.8081146662773016
DE_2022_Q4_20221123,DE,2022-11-23,test,7,-4.07609973882518,-4.42699,-4.935422168750901
GE_2022_Q3_20221025,GE,2022-10-25,test,7,-4.1058306992078535,-4.169608,-4.057144198667059
HD_2022_Q3_20221115,HD,2022-11-15,test,7,-4.385350023034538,-4.198613,-3.390323102320507
HON_2022_Q3_20221027,HON,2022-10-27,test,7,-3.9438507725760856,-3.974585,-4.350362696872782
LOW_2022_Q3_20221116,LOW,2022-11-16,test,7,-3.952668056901201,-3.952955,-3.371867592974428
META_2022_Q3_20221026,META,2022-10-26,test,7,-2.43770823519552,-4.034754,-3.452755221251357
MPC_2022_Q3_20221101,MPC,2022-11-01,test,7,-3.558216541291253,-3.886974,-4.9045338255029405
MSFT_2023_Q1_20221025,MSFT,2022-10-25,test,7,-3.4412077191193915,-3.709338,-4.175256737456231
NEM_2022_Q3_20221101,NEM,2022-11-01,test,7,-3.0556589024343253,-3.627669,-4.056690669309285
O_2022_Q3_20221103,O,2022-11-03,test,7,-4.337465670680702,-3.57871,-4.332113375337747
PG_2023_Q1_20221019,PG,2022-10-19,test,7,-4.81480833499345,-4.359366,-4.686512562298877
PM_2022_Q3_20221020,PM,2022-10-20,test,7,-4.238987327030467,-4.357408,-4.34412943043815
SPGI_2022_Q3_20221027,SPGI,2022-10-27,test,7,-3.959212879113221,-4.21108,-4.0430706071511855
SRE_2022_Q3_20221103,SRE,2022-11-03,test,7,-3.8437474803043576,-4.262433,-4.615896565050424
TMO_2022_Q3_20221026,TMO,2022-10-26,test,7,-3.800478214485734,-3.693255,-3.663053571041595
TSLA_2022_Q3_20221019,TSLA,2022-10-19,test,7,-3.339191429486754,-3.983357,-3.1859637219110577
UNH_2022_Q3_20221014,UNH,2022-10-14,test,7,-4.648418863175024,-4.04336,-4.226998727102163
UNP_2022_Q3_20221020,UNP,2022-10-20,test,7,-3.565954298488769,-4.055212,-4.181227704269568
VLO_2022_Q3_20221025,VLO,2022-10-25,test,7,-3.873739226228053,-3.918485,-3.48409684117005
WELL_2022_Q3_20221108,WELL,2022-11-08,test,7,-3.3101183112228583,-3.909584,-3.82508619231147
WFC_2022_Q3_20221014,WFC,2022-10-14,test,7,-4.167145442599364,-3.876115,-3.7628116106562417
XEL_2022_Q3_20221027,XEL,2022-10-27,test,7,-4.331878408688452,-4.349733,-4.25714873770322
AAPL_2019_Q1_20190129,AAPL,2019-01-29,train,15,-3.95430769941865,,-4.202423560368143
AAPL_2019_Q2_20190430,AAPL,2019-04-30,train,15,-3.722098095285808,,-4.715001224700384
AAPL_2019_Q3_20190730,AAPL,2019-07-30,val,15,-3.726756021881411,,-4.652651577495122
AAPL_2019_Q4_20191030,AAPL,2019-10-30,val,15,-4.585297310754778,,-4.487321367819634
AAPL_2020_Q1_20200128,AAPL,2020-01-28,train,15,-3.995856474481412,,-4.227639700514169
AAPL_2020_Q2_20200430,AAPL,2020-04-30,val,15,-4.3188410918393165,,-3.803102038280501
AAPL_2020_Q3_20200730,AAPL,2020-07-30,train,15,-3.5121169744561147,,-4.04884201191039
AAPL_2020_Q4_20201029,AAPL,2020-10-29,train,15,-3.777632594213197,,-3.659927347270632
AAPL_2021_Q1_20210127,AAPL,2021-01-27,train,15,-4.129877669112851,,-3.859965158267065
AAPL_2021_Q2_20210428,AAPL,2021-04-28,train,15,-4.149172500486627,,-4.293336820181386
AAPL_2021_Q3_20210727,AAPL,2021-07-27,val,15,-4.810014019530324,,-4.21566087230226
AAPL_2021_Q4_20211028,AAPL,2021-10-28,train,15,-4.41748736243144,,-4.651022840571594
ABBV_2018_Q4_20190125,ABBV,2019-01-25,val,15,-3.824972532400399,,-3.886653605914541
ABBV_2019_Q1_20190425,ABBV,2019-04-25,train,15,-4.714456722188914,,-4.618071449064163
ABBV_2019_Q2_20190726,ABBV,2019-07-26,train,15,-4.560743988127382,,-4.671066588586337
ABBV_2019_Q3_20191101,ABBV,2019-11-01,train,15,-4.243509242177122,,-4.739430152909506
ABBV_2019_Q4_20200207,ABBV,2020-02-07,train,15,-3.7100996922030167,,-4.217246215100349
ABBV_2020_Q1_20200501,ABBV,2020-05-01,train,15,-3.9802499033976586,,-3.951612314688294
ABBV_2020_Q2_20200731,ABBV,2020-07-31,train,15,-4.423687174115899,,-4.46200869720033
ABBV_2020_Q3_20201030,ABBV,2020-10-30,train,15,-3.676326135232896,,-4.428293047499033
ABBV_2020_Q4_20210203,ABBV,2021-02-03,train,15,-4.204240167063024,,-4.0072155630547925
ABBV_2021_Q1_20210430,ABBV,2021-04-30,train,15,-4.572438067365661,,-4.8602586291555445
ABBV_2021_Q2_20210730,ABBV,2021-07-30,train,15,-4.462676314117804,,-5.0826372038127
ABBV_2021_Q3_20211029,ABBV,2021-10-29,val,15,-4.369113329617116,,-4.661203771025295
ACN_2019_Q2_20190328,ACN,2019-03-28,train,15,-4.329192459491976,,-4.877819048397994
ACN_2019_Q3_20190627,ACN,2019-06-27,train,15,-5.011055676490648,,-4.959850208232031
ACN_2019_Q4_20190926,ACN,2019-09-26,train,15,-4.361299881707634,,-4.320163275615959
ACN_2020_Q1_20191219,ACN,2019-12-19,val,15,-4.781141597074394,,-4.944820435326484
ACN_2020_Q2_20200319,ACN,2020-03-19,train,15,-2.8386340949886564,,-2.9133955817729715
ACN_2020_Q3_20200625,ACN,2020-06-25,train,15,-3.838258094662154,,-3.721584352277516
ACN_2020_Q4_20200924,ACN,2020-09-24,train,15,-3.794771994014419,,-4.011903415661576
ACN_2021_Q1_20201217,ACN,2020-12-17,train,15,-3.925517093362717,,-4.722347876264742
ACN_2021_Q2_20210318,ACN,2021-03-18,val,15,-4.388754957677097,,-4.03898021399572
ACN_2021_Q3_20210624,ACN,2021-06-24,train,15,-4.8304023259423525,,-4.942697768300753
ACN_2021_Q4_20210923,ACN,2021-09-23,train,15,-4.2599034846549895,,-4.792633883202896
ACN_2022_Q1_20211216,ACN,2021-12-16,train,15,-3.638992595881952,,-4.052852882473496
ADBE_2019_Q1_20190314,ADBE,2019-03-14,train,15,-4.186595568312021,,-4.606978470128751
ADBE_2019_Q2_20190618,ADBE,2019-06-18,val,15,-3.9033270079290543,,-4.038263336035626
ADBE_2019_Q3_20190917,ADBE,2019-09-17,train,15,-4.1276291672012695,,-4.427908114087714
ADBE_2019_Q4_20191212,ADBE,2019-12-12,val,15,-4.487407699343052,,-4.690355724398737
ADBE_2020_Q1_20200312,ADBE,2020-03-12,train,15,-2.6211918610629974,,-3.0161157035249384
ADBE_2020_Q2_20200611,ADBE,2020-06-11,train,15,-3.985355253959341,,-4.051304703986084
ADBE_2020_Q3_20200915,ADBE,2020-09-15,val,15,-3.79592550477519,,-3.291092983286372
ADBE_2020_Q4_20201210,ADBE,2020-12-10,val,15,-4.492680857578704,,-4.491776465738808
ADBE_2021_Q1_20210323,ADBE,2021-03-23,val,15,-4.264626156959787,,-3.722206263089079
ADBE_2021_Q2_20210617,ADBE,2021-06-17,train,15,-4.72097685410918,,-4.09525170065084
ADBE_2021_Q3_20210921,ADBE,2021-09-21,val,15,-4.012271278136601,,-4.493298656096357
ADBE_2021_Q4_20211216,ADBE,2021-12-16,val,15,-3.4661889673381654,,-3.3343756520959724
AEP_2018_Q4_20190124,AEP,2019-01-24,val,15,-4.750361740933381,,-4.498125203285517
AEP_2019_Q1_20190425,AEP,2019-04-25,train,15,-4.532820621904904,,-5.098069195759764
AEP_2019_Q2_20190725,AEP,2019-07-25,train,15,-4.711850709010398,,-4.91860096736314
AEP_2019_Q3_20191024,AEP,2019-10-24,train,15,-4.564897103371103,,-5.053789871750048
AEP_2019_Q4_20200220,AEP,2020-02-20,val,15,-3.4930854886576226,,-4.961771238836904
AEP_2020_Q1_20200506,AEP,2020-05-06,val,15,-3.905923866600664,,-3.900923674753877
AEP_2020_Q2_20200806,AEP,2020-08-06,val,15,-4.2278684960466855,,-3.9725116531646334
AEP_2020_Q3_20201022,AEP,2020-10-22,train,15,-4.495242222377906,,-4.494040302708377
AEP_2020_Q4_20210225,AEP,2021-02-25,train,15,-4.257897897635317,,-4.295006465552794
AEP_2021_Q1_20210422,AEP,2021-04-22,train,15,-4.747001000670212,,-5.012930750968279
AEP_2021_Q2_20210722,AEP,2021-07-22,val,15,-4.775054917233724,,-4.831593121392565
AEP_2021_Q3_20211028,AEP,2021-10-28,val,15,-4.650806008874161,,-4.856078388058664
APD_2019_Q1_20190125,APD,2019-01-25,train,15,-4.433346725213755,,-4.212931724430482
APD_2019_Q2_20190424,APD,2019-04-24,val,15,-4.174726043044254,,-5.192404740312377
APD_2019_Q3_20190725,APD,2019-07-25,val,15,-4.285170294983054,,-4.91327990176188
APD_2019_Q4_20191107,APD,2019-11-07,train,15,-4.330605680691137,,-4.299003462355744
APD_2020_Q1_20200124,APD,2020-01-24,train,15,-4.141285810062972,,-4.458384805124581
APD_2020_Q2_20200423,APD,2020-04-23,val,15,-4.031257119706084,,-3.3255201324470325
APD_2020_Q3_20200723,APD,2020-07-23,train,15,-4.4317581851648615,,-4.099519219801924
APD_2020_Q4_20201111,APD,2020-11-11,train,15,-3.47883512640105,,-3.861098267372797
APD_2021_Q1_20210204,APD,2021-02-04,train,15,-3.919142158232764,,-4.074512608321748
APD_2021_Q2_20210510,APD,2021-05-10,train,15,-4.430581807019021,,-4.653960463794802
APD_2021_Q3_20210809,APD,2021-08-09,train,15,-4.123006606118948,,-4.94259937230939
APD_2021_Q4_20211104,APD,2021-11-04,train,15,-4.547975533485518,,-4.470693019015502
AVGO_2019_Q1_20190314,AVGO,2019-03-14,val,15,-3.7723635433542304,,-4.386558368999991
AVGO_2019_Q2_20190613,AVGO,2019-06-13,train,15,-3.667489658977574,,-3.933974755283349
AVGO_2019_Q3_20190912,AVGO,2019-09-12,train,15,-4.354478684628037,,-3.84123671398156
AVGO_2019_Q4_20191212,AVGO,2019-12-12,train,15,-4.176639698110213,,-4.428949533914514
AVGO_2020_Q1_20200312,AVGO,2020-03-12,train,15,-2.36376860951424,,-3.084339129692326
AVGO_2020_Q2_20200604,AVGO,2020-06-04,train,15,-3.658683673394375,,-3.87630984903345
AVGO_2020_Q3_20200903,AVGO,2020-09-03,train,15,-3.972736611435198,,-3.815289968235252
AVGO_2020_Q4_20201210,AVGO,2020-12-10,train,15,-4.1983472551064684,,-4.353652804102294
AVGO_2021_Q1_20210304,AVGO,2021-03-04,train,15,-3.482060396726858,,-3.635358045029119
AVGO_2021_Q2_20210603,AVGO,2021-06-03,train,15,-4.445694098176247,,-4.235412642664481
AVGO_2021_Q3_20210902,AVGO,2021-09-02,train,15,-4.633986402929194,,-4.528875666973514
AVGO_2021_Q4_20211209,AVGO,2021-12-09,train,15,-3.653531001289502,,-3.982655958220301
AXP_2018_Q4_20190117,AXP,2019-01-17,train,15,-5.059214443712613,,-4.3182453783562496
AXP_2019_Q1_20190418,AXP,2019-04-18,train,15,-4.606266503411652,,-4.872611668742596
AXP_2019_Q2_20190719,AXP,2019-07-19,train,15,-4.285363072911849,,-5.108943689537365
AXP_2019_Q3_20191018,AXP,2019-10-18,train,15,-4.445228376662237,,-4.372362487718465
AXP_2019_Q4_20200124,AXP,2020-01-24,val,15,-4.196282467883588,,-4.744733939261148
AXP_2020_Q1_20200424,AXP,2020-04-24,val,15,-3.120245627225187,,-2.9574036716670404
AXP_2020_Q2_20200724,AXP,2020-07-24,train,15,-4.0509684878105165,,-3.973011905426677
AXP_2020_Q3_20201023,AXP,2020-10-23,val,15,-2.814760663330627,,-4.087526559813851
AXP_2020_Q4_20210126,AXP,2021-01-26,train,15,-3.829267035386176,,-3.9171756367205375
AXP_2021_Q1_20210423,AXP,2021-04-23,val,15,-4.128566619004999,,-4.52569461569944
AXP_2021_Q2_20210723,AXP,2021-07-23,train,15,-4.708628253874496,,-3.954616965838012
AXP_2021_Q3_20211022,AXP,2021-10-22,train,15,-3.97209028834762,,-4.0885072786308765
BA_2018_Q4_20190130,BA,2019-01-30,train,15,-3.995263510791887,,-4.293674425390722
BA_2019_Q1_20190424,BA,2019-04-24,train,15,-4.051273618363997,,-4.006915678033069
BA_2019_Q2_20190724,BA,2019-07-24,train,15,-4.04304880788581,,-4.126336548561832
BA_2019_Q3_20191023,BA,2019-10-23,train,15,-4.0299531543856775,,-3.853803763852702
BA_2019_Q4_20200129,BA,2020-01-29,train,15,-4.133401275338554,,-4.07565361332958
BA_2020_Q1_20200429,BA,2020-04-29,train,15,-3.023565071107892,,-2.8679825209841967
BA_2020_Q2_20200729,BA,2020-07-29,train,15,-3.5724592392759424,,-3.685041712020375
BA_2020_Q3_20201028,BA,2020-10-28,train,15,-3.0373236450563565,,-3.8293713386415935
BA_2020_Q4_20210127,BA,2021-01-27,train,15,-3.932845509382944,,-4.006242269897779
BA_2021_Q1_20210428,BA,2021-04-28,train,15,-4.074672477345182,,-4.223077140195559
BA_2021_Q2_20210728,BA,2021-07-28,train,15,-3.993220794808576,,-3.679204305911204
BA_2021_Q3_20211027,BA,2021-10-27,train,15,-3.739396918237428,,-4.981176045062802
BKNG_2018_Q4_20190227,BKNG,2019-02-27,val,15,-3.516026022575577,,-4.598489977116776
BKNG_2019_Q1_20190509,BKNG,2019-05-09,train,15,-3.982264107071288,,-4.545551207303133
BKNG_2019_Q2_20190807,BKNG,2019-08-07,train,15,-3.87661611486445,,-4.2281142298281
BKNG_2019_Q3_20191107,BKNG,2019-11-07,train,15,-4.805192020273571,,-3.869958899891312
BKNG_2019_Q4_20200226,BKNG,2020-02-27,train,15,-2.797691382409015,,-3.624366192468775
BKNG_2020_Q1_20200507,BKNG,2020-05-07,train,15,-3.2267091546744497,,-3.4500654145250698
BKNG_2020_Q2_20200806,BKNG,2020-08-06,val,15,-4.450428952147108,,-4.331751585942765
BKNG_2020_Q3_20201105,BKNG,2020-11-05,train,15,-2.934190394423124,,-3.5178980954392323
BKNG_2020_Q4_20210224,BKNG,2021-02-24,train,15,-3.646762853643628,,-4.245287880470172
BKNG_2021_Q1_20210506,BKNG,2021-05-05,train,15,-3.85691634955382,,-3.9990846711290553
BKNG_2021_Q2_20210804,BKNG,2021-08-04,val,15,-3.7644261089002446,,-4.045604546036409
BKNG_2021_Q3_20211103,BKNG,2021-11-03,train,15,-3.693811801141935,,-4.188057285929124
BLK_2018_Q4_20190116,BLK,2019-01-16,train,15,-4.45311042796955,,-3.9221127324235607
BLK_2019_Q1_20190416,BLK,2019-04-16,train,15,-4.21894988152169,,-4.584923585854146
BLK_2019_Q2_20190719,BLK,2019-07-19,val,15,-4.189599008689244,,-4.791802029632196
BLK_2019_Q3_20191015,BLK,2019-10-15,train,15,-4.489079672909992,,-4.118284442815331
BLK_2019_Q4_20200115,BLK,2020-01-15,val,15,-4.298815067059641,,-4.815604936122204
BLK_2020_Q1_20200416,BLK,2020-04-16,train,15,-3.788796927037876,,-2.9320698221510755
BLK_2020_Q2_20200717,BLK,2020-07-17,train,15,-4.299345578796424,,-4.35381703386019
BLK_2020_Q3_20201013,BLK,2020-10-13,train,15,-3.950913502965988,,-4.353474451464529
BLK_2020_Q4_20210114,BLK,2021-01-14,train,15,-3.855936663855194,,-4.5080663338737645
BLK_2021_Q1_20210415,BLK,2021-04-15,train,15,-4.423335173719158,,-4.383928370206504
BLK_2021_Q2_20210714,BLK,2021-07-14,train,15,-4.071467420489864,,-4.412503562277812
BLK_2021_Q3_20211013,BLK,2021-10-13,train,15,-4.283118426843646,,-4.369819304732203
CCI_2018_Q4_20190124,CCI,2019-01-24,val,15,-4.768129904282045,,-4.487887617062651
CCI_2019_Q1_20190418,CCI,2019-04-18,train,15,-4.806704392636767,,-4.677856147852734
CCI_2019_Q2_20190718,CCI,2019-07-18,train,15,-4.231006381781794,,-4.561362684528587
CCI_2019_Q3_20191017,CCI,2019-10-17,train,15,-4.104973233457385,,-4.558709315077893
CCI_2019_Q4_20200227,CCI,2020-02-27,val,15,-2.7257849071265943,,-4.158741905886974
CCI_2020_Q1_20200430,CCI,2020-04-30,val,15,-3.910362932376705,,-3.391451746062794
CCI_2020_Q2_20200730,CCI,2020-07-30,val,15,-4.177918138570398,,-4.34023461063349
CCI_2020_Q3_20201022,CCI,2020-10-22,train,15,-4.032597367410604,,-4.5972269472604
CCI_2020_Q4_20210128,CCI,2021-01-28,train,15,-4.339776306737449,,-4.275452911058277
CCI_2021_Q1_20210422,CCI,2021-04-22,val,15,-4.507666414700489,,-4.735204889052207
CCI_2021_Q2_20210722,CCI,2021-07-22,train,15,-4.326682334750092,,-4.823086364181763
CCI_2021_Q3_20211021,CCI,2021-10-21,val,15,-4.64725403292542,,-4.3848455148152965
CL_2018_Q4_20190125,CL,2019-01-25,train,15,-4.919602557116105,,-4.958449354594605
CL_2019_Q1_20190426,CL,2019-04-26,train,15,-4.286600447207818,,-5.346181199712295
CL_2019_Q2_20190726,CL,2019-07-26,val,15,-3.954118017758813,,-4.874883351072121
CL_2019_Q3_20191101,CL,2019-11-01,train,15,-4.611418359964151,,-4.691027993712367
CL_2019_Q4_20200131,CL,2020-01-31,train,15,-4.047296988623169,,-5.146230253894458
CL_2020_Q1_20200501,CL,2020-05-01,val,15,-4.145909489091111,,-4.108267355790272
CL_2020_Q2_20200731,CL,2020-07-31,train,15,-5.02767481148784,,-4.904763770665326
CL_2020_Q3_20201030,CL,2020-10-30,train,15,-4.242210072500511,,-4.644929098643909
CL_2020_Q4_20210129,CL,2021-01-29,train,15,-4.78421566984531,,-4.912835808460474
CL_2021_Q1_20210430,CL,2021-04-30,train,15,-4.903196286333171,,-4.743131213222667
CL_2021_Q2_20210730,CL,2021-07-30,train,15,-4.219181510024121,,-4.879502596218858
CL_2021_Q3_20211029,CL,2021-10-29,train,15,-4.981652417886281,,-4.892506254231362
CMCSA_2018_Q4_20190123,CMCSA,2019-01-23,train,15,-3.9355291358674753,,-4.281277475885676
CMCSA_2019_Q1_20190425,CMCSA,2019-04-25,train,15,-4.393195277140952,,-5.09795363924621
CMCSA_2019_Q2_20190725,CMCSA,2019-07-25,train,15,-4.251723831886996,,-4.596622371760712
CMCSA_2019_Q3_20191024,CMCSA,2019-10-24,val,15,-4.564365291833825,,-4.685080291635418
CMCSA_2019_Q4_20200123,CMCSA,2020-01-23,train,15,-3.94702693478564,,-4.742006918793245
CMCSA_2020_Q1_20200430,CMCSA,2020-04-30,train,15,-3.707406846525453,,-3.760987602545985
CMCSA_2020_Q2_20200730,CMCSA,2020-07-30,train,15,-4.659894548552046,,-4.449978284919331
CMCSA_2020_Q3_20201029,CMCSA,2020-10-29,val,15,-3.916898872000105,,-4.147385225939932
CMCSA_2020_Q4_20210128,CMCSA,2021-01-28,train,15,-3.8178279574382,,-4.182146305751888
CMCSA_2021_Q1_20210429,CMCSA,2021-04-29,val,15,-3.857334201388865,,-4.618879821981124
CMCSA_2021_Q2_20210729,CMCSA,2021-07-29,train,15,-5.098139544868744,,-4.882979196098416
CMCSA_2021_Q3_20211028,CMCSA,2021-10-28,train,15,-4.638007221557479,,-3.906182314321824
CMG_2018_Q4_20190206,CMG,2019-02-06,train,15,-3.507469137946692,,-4.547125532459484
CMG_2019_Q1_20190424,CMG,2019-04-24,train,15,-4.046134143444851,,-4.530851441635041
CMG_2019_Q2_20190723,CMG,2019-07-23,train,15,-4.032681019366099,,-4.525972674905469
CMG_2019_Q3_20191022,CMG,2019-10-22,val,15,-4.008317630917582,,-4.3197510527824985
CMG_2019_Q4_20200205,CMG,2020-02-05,val,15,-3.969559901741988,,-4.66853057672594
CMG_2020_Q1_20200421,CMG,2020-04-21,train,15,-3.4136556226393604,,-3.0877270026148347
CMG_2020_Q2_20200722,CMG,2020-07-22,train,15,-3.884415972237543,,-3.868573799402851
CMG_2020_Q3_20201021,CMG,2020-10-21,val,15,-3.4390513409957006,,-4.509535049270268
CMG_2020_Q4_20210202,CMG,2021-02-02,val,15,-4.069471699672464,,-4.370523317023879
CMG_2021_Q1_20210421,CMG,2021-04-21,val,15,-4.3663732257318575,,-4.468020736332182
CMG_2021_Q2_20210720,CMG,2021-07-20,train,15,-3.5147467226244493,,-4.405273342354479
CMG_2021_Q3_20211021,CMG,2021-10-21,train,15,-4.463113060606754,,-4.491893089333565
CRM_2019_Q4_20190304,CRM,2019-03-04,train,15,-4.396225754699413,,-4.274905995248467
CRM_2020_Q1_20190604,CRM,2019-06-04,val,15,-3.762637745816049,,-3.770981209004263
CRM_2020_Q2_20190822,CRM,2019-08-22,val,15,-4.124682267229497,,-4.074547552260898
CRM_2020_Q3_20191203,CRM,2019-12-03,train,15,-4.486788097135274,,-5.1390729537337885
CRM_2020_Q4_20200225,CRM,2020-02-25,train,15,-2.756505903034197,,-4.362425726185317
CRM_2021_Q1_20200528,CRM,2020-05-28,train,15,-3.693861640078088,,-3.7308775198894
CRM_2021_Q2_20200825,CRM,2020-08-25,train,15,-2.6404787827816456,,-3.971383132819244
CRM_2021_Q3_20201201,CRM,2020-12-01,train,15,-3.668390447098249,,-3.74914519961908
CRM_2021_Q4_20210225,CRM,2021-02-25,train,15,-3.813746015873401,,-4.024634974938147
CRM_2022_Q1_20210527,CRM,2021-05-27,val,15,-3.994357466495419,,-4.16330415301186
CRM_2022_Q2_20210825,CRM,2021-08-25,train,15,-4.435516853427309,,-4.29716990347134
CRM_2022_Q3_20211130,CRM,2021-11-30,val,15,-3.331387412112317,,-3.942105628628157
D_2018_Q4_20190201,D,2019-02-01,train,15,-5.270970250401829,,-4.396478794213427
D_2019_Q1_20190503,D,2019-05-03,val,15,-4.5202862665750585,,-4.647222999659769
D_2019_Q2_20190731,D,2019-07-31,val,15,-4.408058457292662,,-5.375220087147596
D_2019_Q3_20191101,D,2019-11-01,train,15,-4.78376190666061,,-5.220210185801238
D_2019_Q4_20200211,D,2020-02-11,val,15,-3.5672687236093674,,-4.837714783526754
D_2020_Q1_20200505,D,2020-05-05,train,15,-4.398464970458917,,-3.747693605666215
D_2020_Q2_20200731,D,2020-07-31,val,15,-4.774962455708632,,-4.47628539969302
D_2020_Q3_20201105,D,2020-11-05,train,15,-4.248918636800847,,-4.394304090929585
D_2020_Q4_20210212,D,2021-02-12,val,15,-4.112414474770465,,-4.945496369782126
D_2021_Q1_20210504,D,2021-05-04,train,15,-4.517527134341825,,-4.677303839524068
D_2021_Q2_20210806,D,2021-08-06,val,15,-4.927765847887186,,-4.530335140863325
D_2021_Q3_20211105,D,2021-11-05,val,15,-4.470372212196177,,-4.26045457684471
DHR_2018_Q4_20190129,DHR,2019-01-29,val,15,-4.416314443707479,,-4.634979623323251
DHR_2019_Q1_20190418,DHR,2019-04-18,train,15,-4.6508775653495205,,-4.644609686613152
DHR_2019_Q2_20190718,DHR,2019-07-18,val,15,-4.451311101365093,,-4.825711767559688
DHR_2019_Q3_20191024,DHR,2019-10-24,train,15,-4.782952798529933,,-4.430138787700446
DHR_2019_Q4_20200130,DHR,2020-01-30,train,15,-4.105462892182016,,-5.013294049183094
DHR_2020_Q1_20200507,DHR,2020-05-07,train,15,-4.541945514723156,,-4.020920241688787
DHR_2020_Q2_20200723,DHR,2020-07-23,val,15,-4.310021574895604,,-4.749128199990555
DHR_2020_Q3_20201022,DHR,2020-10-22,val,15,-3.742541672369546,,-4.413334928686076
DHR_2020_Q4_20210128,DHR,2021-01-28,train,15,-4.04081101296105,,-3.957178229755382
DHR_2021_Q1_20210422,DHR,2021-04-22,val,15,-4.225206221207399,,-4.369197795832012
DHR_2021_Q2_20210722,DHR,2021-07-22,train,15,-4.698842080194939,,-4.674075566068868
DHR_2021_Q3_20211021,DHR,2021-10-21,val,15,-4.005540847869578,,-4.647093508082198
DIS_2019_Q1_20190205,DIS,2019-02-05,train,15,-4.662697253143336,,-5.17640745743132
DIS_2019_Q2_20190508,DIS,2019-05-08,train,15,-4.759211613109805,,-4.459015685069228
DIS_2019_Q3_20190806,DIS,2019-08-06,train,15,-3.850902505904559,,-4.561552757377166
DIS_2019_Q4_20191107,DIS,2019-11-07,val,15,-3.8278139846798647,,-4.631816702661136
DIS_2020_Q1_20200204,DIS,2020-02-04,val,15,-4.0541918753023785,,-4.206432768619306
DIS_2020_Q2_20200505,DIS,2020-05-05,train,15,-3.535033901752964,,-3.521373099415149
DIS_2020_Q3_20200804,DIS,2020-08-04,train,15,-3.7105098974958186,,-4.764437273226237
DIS_2020_Q4_20201112,DIS,2020-11-12,val,15,-3.943550434044029,,-3.3144700357006824
DIS_2021_Q1_20210211,DIS,2021-02-11,val,15,-3.887816282281627,,-3.714679526678162
DIS_2021_Q2_20210513,DIS,2021-05-13,val,15,-4.481723359714541,,-4.637098973292506
DIS_2021_Q3_20210812,DIS,2021-08-12,val,15,-4.519380943095732,,-4.670931315092228
DIS_2021_Q4_20211110,DIS,2021-11-10,train,15,-3.858473638719329,,-4.5226771349876
DLR_2018_Q4_20190205,DLR,2019-02-05,val,15,-4.153793415008245,,-4.726506461862953
DLR_2019_Q1_20190425,DLR,2019-04-25,train,15,-4.5908860620203695,,-4.531999952057041
DLR_2019_Q2_20190730,DLR,2019-07-30,train,15,-4.407909841480899,,-4.297045869773087
DLR_2019_Q3_20191029,DLR,2019-10-29,train,15,-4.311373014905264,,-4.779320781274881
DLR_2019_Q4_20200213,DLR,2020-02-13,train,15,-3.351453625697827,,-4.417349317043296
DLR_2020_Q1_20200507,DLR,2020-05-07,train,15,-3.562564518080785,,-3.770293773255064
DLR_2020_Q2_20200730,DLR,2020-07-30,val,15,-4.041117487187864,,-4.013054171564307
DLR_2020_Q3_20201029,DLR,2020-10-29,train,15,-3.8236364030953616,,-4.834215256255358
DLR_2020_Q4_20210211,DLR,2021-02-11,val,15,-4.018483782009764,,-4.129928048735527
DLR_2021_Q1_20210429,DLR,2021-04-29,train,15,-4.290077305675978,,-4.360687114296831
DLR_2021_Q2_20210729,DLR,2021-07-29,val,15,-4.509008211140422,,-4.565456794943385
DLR_2021_Q3_20211027,DLR,2021-10-26,train,15,-4.3405710259323085,,-4.275189661783385
DUK_2018_Q4_20190214,DUK,2019-02-14,train,15,-5.209699329717276,,-4.9207130270514
DUK_2019_Q1_20190509,DUK,2019-05-09,train,15,-4.636311897182175,,-4.826048911118099
DUK_2019_Q2_20190806,DUK,2019-08-06,val,15,-4.822111195608487,,-4.835973441088125
DUK_2019_Q3_20191108,DUK,2019-11-08,val,15,-4.438903145516743,,-5.145974635185652
DUK_2019_Q4_20200213,DUK,2020-02-13,val,15,-3.556128789725712,,-5.183995378711513
DUK_2020_Q1_20200512,DUK,2020-05-12,train,15,-4.119519892068306,,-4.092006276979176
DUK_2020_Q2_20200810,DUK,2020-08-10,val,15,-4.795850978163927,,-4.074717024659846
DUK_2020_Q3_20201105,DUK,2020-11-05,val,15,-4.229161831947077,,-4.395850777978029
DUK_2020_Q4_20210211,DUK,2021-02-11,train,15,-4.4668513344173535,,-4.429047848814972
DUK_2021_Q1_20210510,DUK,2021-05-10,train,15,-4.308691460710559,,-4.838581866222289
DUK_2021_Q2_20210805,DUK,2021-08-05,train,15,-4.860332544507921,,-4.845177903732464
DUK_2021_Q3_20211104,DUK,2021-11-04,val,15,-4.698982192647152,,-4.909982775722268
EA_2019_Q3_20190205,EA,2019-02-05,train,15,-2.8178791632837816,,-3.704985392622711
EA_2019_Q4_20190507,EA,2019-05-07,val,15,-3.694478268870075,,-4.136749180805068
EA_2020_Q1_20190730,EA,2019-07-30,val,15,-3.609446508301585,,-4.418114627362113
EA_2020_Q2_20191029,EA,2019-10-29,train,15,-4.324891230245016,,-4.440072275496922
EA_2020_Q3_20200130,EA,2020-01-30,train,15,-4.258185050950528,,-4.712492804040971
EA_2020_Q4_20200505,EA,2020-05-05,val,15,-4.187420384505853,,-3.8756259349567057
EA_2021_Q1_20200730,EA,2020-07-30,train,15,-4.001402586068979,,-4.089427804764878
EA_2021_Q2_20201105,EA,2020-11-05,val,15,-3.757867059996592,,-4.109090147444303
EA_2021_Q3_20210202,EA,2021-02-02,train,15,-3.9033492158356577,,-4.218656651878597
EA_2021_Q4_20210511,EA,2021-05-11,train,15,-4.614416249542338,,-4.236723735697161
EA_2022_Q1_20210804,EA,2021-08-04,train,15,-4.69781102113137,,-4.408787116155603
EA_2022_Q2_20211103,EA,2021-11-03,val,15,-3.8364437052129774,,-4.697613838604934
ECL_2018_Q4_20190219,ECL,2019-02-19,train,15,-4.8636378749006415,,-5.150591697269157
ECL_2019_Q1_20190430,ECL,2019-04-30,train,15,-4.672842305946323,,-5.02535240499021
ECL_2019_Q2_20190730,ECL,2019-07-30,train,15,-4.092822975355801,,-4.89861490070583
ECL_2019_Q3_20191029,ECL,2019-10-29,train,15,-4.785622582054774,,-4.813505360360259
ECL_2019_Q4_20200218,ECL,2020-02-18,train,15,-3.42053814785734,,-4.586564559156516
ECL_2020_Q1_20200428,ECL,2020-04-28,val,15,-3.8519610054055735,,-3.360273606760127
ECL_2020_Q2_20200728,ECL,2020-07-28,train,15,-3.68070941606971,,-4.400567189184663
ECL_2020_Q3_20201027,ECL,2020-10-27,train,15,-3.464477249413339,,-4.331285085079083
ECL_2020_Q4_20210216,ECL,2021-02-16,val,15,-4.040336358440523,,-4.237250290383068
ECL_2021_Q1_20210427,ECL,2021-04-27,val,15,-4.1034250164151445,,-4.358731344184316
ECL_2021_Q2_20210727,ECL,2021-07-27,train,15,-5.042303753014978,,-4.63916285277914
ECL_2021_Q3_20211026,ECL,2021-10-26,train,15,-4.144262812776505,,-4.670979801587778
EOG_2018_Q4_20190227,EOG,2019-02-27,train,15,-3.807043174228926,,-4.017406221852614
EOG_2019_Q1_20190503,EOG,2019-05-03,train,15,-3.9817489842693146,,-3.5817347614638964
EOG_2019_Q2_20190802,EOG,2019-08-02,train,15,-3.81358005195986,,-3.956783876812183
EOG_2019_Q3_20191107,EOG,2019-11-07,train,15,-3.9846801493946735,,-3.6252425445328376
EOG_2019_Q4_20200228,EOG,2020-02-28,val,15,-2.219786909007072,,-3.643697315816973
EOG_2020_Q1_20200508,EOG,2020-05-08,val,15,-3.304016344147718,,-3.030790315973545
EOG_2020_Q2_20200807,EOG,2020-08-07,val,15,-3.7219019371677615,,-3.588042485821976
EOG_2020_Q3_20201106,EOG,2020-11-06,train,15,-2.8661157415711505,,-3.3826230836967848
EOG_2020_Q4_20210226,EOG,2021-02-25,train,15,-3.236725249050275,,-3.447271531876822
EOG_2021_Q1_20210507,EOG,2021-05-07,train,15,-3.5541808350200954,,-3.751166805909389
EOG_2021_Q2_20210805,EOG,2021-08-05,val,15,-3.9822901482720248,,-3.668550306403772
EOG_2021_Q3_20211105,EOG,2021-11-05,train,15,-3.502774860417049,,-4.134394923702615
EQIX_2018_Q4_20190213,EQIX,2019-02-13,train,15,-3.8594392004772415,,-4.417431580828382
EQIX_2019_Q1_20190501,EQIX,2019-05-02,train,15,-4.291710120624336,,-4.847965895738424
EQIX_2019_Q2_20190731,EQIX,2019-07-31,val,15,-4.10140528534754,,-4.430504090028089
EQIX_2019_Q3_20191030,EQIX,2019-10-30,train,15,-4.129621083989056,,-5.0399117645145735
EQIX_2019_Q4_20200212,EQIX,2020-02-12,train,15,-3.3941774538161167,,-4.536521322004178
EQIX_2020_Q1_20200506,EQIX,2020-05-06,train,15,-3.923871685545976,,-4.15384319421866
EQIX_2020_Q2_20200729,EQIX,2020-07-29,train,15,-4.257318114907173,,-4.312424130137202
EQIX_2020_Q3_20201028,EQIX,2020-10-28,train,15,-3.665545186649436,,-4.3458503216571
EQIX_2020_Q4_20210210,EQIX,2021-02-10,val,15,-4.079519217230335,,-4.506005147470559
EQIX_2021_Q1_20210428,EQIX,2021-04-28,val,15,-4.353454417067217,,-4.312275141374577
EQIX_2021_Q2_20210728,EQIX,2021-07-28,train,15,-3.849542064575784,,-4.724005511951956
EQIX_2021_Q3_20211103,EQIX,2021-11-03,train,15,-4.035177646185634,,-4.372254254995562
ETN_2018_Q4_20190131,ETN,2019-01-31,train,15,-4.309896886349053,,-4.210786662480963
ETN_2019_Q1_20190430,ETN,2019-04-30,val,15,-4.370224905973072,,-4.809772659235585
ETN_2019_Q2_20190730,ETN,2019-07-30,train,15,-3.7773351106400246,,-4.28821492824142
ETN_2019_Q3_20191029,ETN,2019-10-29,val,15,-4.390123580341768,,-4.222673030042319
ETN_2019_Q4_20200204,ETN,2020-02-04,train,15,-3.915618470999104,,-4.236515250405208
ETN_2020_Q1_20200430,ETN,2020-04-30,val,15,-3.578129292255735,,-3.5522303819766696
ETN_2020_Q2_20200729,ETN,2020-07-29,train,15,-4.153668335135476,,-4.1351907746923
ETN_2020_Q3_20201103,ETN,2020-11-03,train,15,-3.795167239493797,,-4.141511349948362
ETN_2020_Q4_20210202,ETN,2021-02-02,train,15,-4.532292805042527,,-3.909593060548648
ETN_2021_Q1_20210504,ETN,2021-05-04,train,15,-4.526988287581364,,-4.640518386758116
ETN_2021_Q2_20210803,ETN,2021-08-03,train,15,-4.425804742153993,,-4.410559835494541
ETN_2021_Q3_20211102,ETN,2021-11-02,train,15,-4.2752599634019495,,-4.302795175359829
FCX_2018_Q4_20190124,FCX,2019-01-24,val,15,-2.952850614396361,,-3.759733581248799
FCX_2019_Q1_20190425,FCX,2019-04-25,train,15,-3.4029207373022827,,-3.931496790906544
FCX_2019_Q2_20190724,FCX,2019-07-24,train,15,-3.715331594245489,,-4.307776792494624
FCX_2019_Q3_20191023,FCX,2019-10-23,val,15,-3.343787848223534,,-3.660069694905007
FCX_2019_Q4_20200123,FCX,2020-01-23,val,15,-3.3868019716932034,,-3.84073112874821
FCX_2020_Q1_20200424,FCX,2020-04-24,train,15,-3.2739867766267072,,-2.8775194542025093
FCX_2020_Q2_20200723,FCX,2020-07-23,train,15,-3.457577950371904,,-3.565903359857059
FCX_2020_Q3_20201022,FCX,2020-10-22,val,15,-3.403815006442648,,-3.6938105989480703
FCX_2020_Q4_20210126,FCX,2021-01-26,val,15,-3.207212343850142,,-3.2997304867547417
FCX_2021_Q1_20210422,FCX,2021-04-22,train,15,-3.32989803708099,,-3.5052307068221342
FCX_2021_Q2_20210722,FCX,2021-07-22,val,15,-3.694122395402412,,-3.5894146977329604
FCX_2021_Q3_20211021,FCX,2021-10-21,train,15,-3.5141392899812054,,-3.584410157680747
GOOG_2018_Q4_20190204,GOOG,2019-02-04,train,15,-4.425550841041366,,-4.110382330000865
GOOG_2019_Q1_20190429,GOOG,2019-04-29,val,15,-3.7035668094580223,,-5.133361186048284
GOOG_2019_Q2_20190725,GOOG,2019-07-25,train,15,-3.4578781969099808,,-4.824797243002418
GOOG_2019_Q3_20191028,GOOG,2019-10-28,train,15,-4.596693899345452,,-4.696665432235316
GOOG_2019_Q4_20200203,GOOG,2020-02-03,val,15,-4.098395822223699,,-4.280670897121362
GOOG_2020_Q1_20200428,GOOG,2020-04-28,train,15,-3.6940408350976632,,-3.847412536483746
GOOG_2020_Q2_20200730,GOOG,2020-07-30,train,15,-4.224288744228648,,-4.123525374145324
GOOG_2020_Q3_20201029,GOOG,2020-10-29,train,15,-4.016711674750383,,-3.738710895624164
GOOG_2020_Q4_20210202,GOOG,2021-02-02,train,15,-3.914787351884889,,-3.7883858227964193
GOOG_2021_Q1_20210427,GOOG,2021-04-27,val,15,-4.065594077193102,,-4.630084733446237
GOOG_2021_Q2_20210727,GOOG,2021-07-27,train,15,-5.239123432212471,,-4.341799918375119
GOOG_2021_Q3_20211026,GOOG,2021-10-26,train,15,-4.076933687477307,,-4.371441207299436
GS_2018_Q4_20190116,GS,2019-01-16,train,15,-3.631082956501004,,-4.020264107277826
GS_2019_Q1_20190415,GS,2019-04-15,val,15,-4.170135015072726,,-4.64262942191409
GS_2019_Q2_20190716,GS,2019-07-16,val,15,-4.0642367568220745,,-4.454785286267054
GS_2019_Q3_20191015,GS,2019-10-15,train,15,-4.725069042777674,,-4.209628874397646
GS_2019_Q4_20200115,GS,2020-01-15,train,15,-4.295517817601693,,-4.7811166396436
GS_2020_Q1_20200415,GS,2020-04-15,train,15,-3.774039983234247,,-2.949409182004597
GS_2020_Q2_20200715,GS,2020-07-15,val,15,-4.469776598988819,,-3.32948322973094
GS_2020_Q3_20201014,GS,2020-10-14,train,15,-4.037944935611001,,-3.937673126014394
GS_2020_Q4_20210119,GS,2021-01-19,val,15,-3.969850146868667,,-4.065795255436921
GS_2021_Q1_20210414,GS,2021-04-14,train,15,-4.240962462638883,,-4.485776477446574
GS_2021_Q2_20210713,GS,2021-07-13,train,15,-4.24420930103559,,-4.139052866212098
GS_2021_Q3_20211015,GS,2021-10-15,val,15,-4.171399004319337,,-4.175499526927944
JNJ_2018_Q4_20190122,JNJ,2019-01-22,train,15,-4.769818829200482,,-4.463772793411451
JNJ_2019_Q1_20190416,JNJ,2019-04-16,val,15,-4.890834571048603,,-5.052273641137271
JNJ_2019_Q2_20190716,JNJ,2019-07-16,val,15,-4.649783960068576,,-4.338178544498633
JNJ_2019_Q3_20191015,JNJ,2019-10-15,val,15,-3.911675767008506,,-4.509132042297127
JNJ_2019_Q4_20200122,JNJ,2020-01-22,train,15,-4.951273238290453,,-5.340303215688035
JNJ_2020_Q1_20200414,JNJ,2020-04-14,val,15,-4.136275841253675,,-3.194028469226256
JNJ_2020_Q2_20200716,JNJ,2020-07-16,train,15,-5.206831618403336,,-4.525017552420624
JNJ_2020_Q3_20201013,JNJ,2020-10-13,train,15,-4.403594720234205,,-4.749612119040905
JNJ_2020_Q4_20210126,JNJ,2021-01-26,train,15,-4.272299366890562,,-4.769453058250541
JNJ_2021_Q1_20210420,JNJ,2021-04-20,val,15,-4.592394848739929,,-5.017930563187675
JNJ_2021_Q2_20210721,JNJ,2021-07-21,train,15,-5.351642311630841,,-4.905178992007871
JNJ_2021_Q3_20211019,JNJ,2021-10-19,train,15,-4.737166380731637,,-4.819505565855865
JPM_2018_Q4_20190115,JPM,2019-01-15,train,15,-4.920491591669779,,-4.031166167208924
JPM_2019_Q1_20190412,JPM,2019-04-12,train,15,-4.234821207193151,,-4.338939831655408
JPM_2019_Q2_20190716,JPM,2019-07-16,val,15,-4.378064091250288,,-4.608588579498575
JPM_2019_Q3_20191015,JPM,2019-10-15,val,15,-4.536056391514774,,-4.342176069689655
JPM_2019_Q4_20200114,JPM,2020-01-14,train,15,-4.325342930790467,,-4.799550154760133
JPM_2020_Q1_20200414,JPM,2020-04-14,train,15,-3.339830530062712,,-2.8520820588560865
JPM_2020_Q2_20200714,JPM,2020-07-14,train,15,-4.287901941946406,,-3.60756372493992
JPM_2020_Q3_20201013,JPM,2020-10-13,train,15,-4.041553163418498,,-4.330334697293773
JPM_2020_Q4_20210115,JPM,2021-01-15,train,15,-4.148916223928938,,-4.213520896570495
JPM_2021_Q1_20210414,JPM,2021-04-14,val,15,-4.339112611620253,,-4.523396074930218
JPM_2021_Q2_20210713,JPM,2021-07-13,train,15,-4.284055970870663,,-4.423976525550862
JPM_2021_Q3_20211013,JPM,2021-10-13,train,15,-4.345946100025506,,-4.224989520853977
KO_2018_Q4_20190214,KO,2019-02-14,val,15,-3.80394389853763,,-5.075672745104449
KO_2019_Q1_20190423,KO,2019-04-23,train,15,-4.703358746081105,,-5.526566748774061
KO_2019_Q2_20190723,KO,2019-07-23,train,15,-3.942618358965519,,-5.141180009684144
KO_2019_Q3_20191018,KO,2019-10-18,val,15,-4.534885515798476,,-4.598931729698622
KO_2019_Q4_20200130,KO,2020-01-30,train,15,-4.705159433422759,,-5.028564869860787
KO_2020_Q1_20200421,KO,2020-04-21,train,15,-4.091195828421959,,-3.3629234471421583
KO_2020_Q2_20200721,KO,2020-07-21,val,15,-4.437646554991329,,-4.352490052836907
KO_2020_Q3_20201022,KO,2020-10-22,val,15,-3.854792171031236,,-4.7078162015957705
KO_2020_Q4_20210210,KO,2021-02-10,train,15,-4.50730513011063,,-4.62088638567018
KO_2021_Q1_20210419,KO,2021-04-19,val,15,-4.956482228097137,,-4.808708242396728
KO_2021_Q2_20210721,KO,2021-07-21,train,15,-5.028208567370795,,-4.832369103020723
KO_2021_Q3_20211027,KO,2021-10-27,val,15,-5.015512058106755,,-5.219248392792749
LLY_2018_Q4_20190206,LLY,2019-02-06,val,15,-4.614841861976704,,-4.21270810640068
LLY_2019_Q1_20190430,LLY,2019-04-30,val,15,-4.553590820141342,,-4.263468601643277
LLY_2019_Q2_20190730,LLY,2019-07-30,train,15,-3.988046485069349,,-4.259106283482272
LLY_2019_Q3_20191023,LLY,2019-10-23,val,15,-4.244955974426043,,-4.343689310968183
LLY_2019_Q4_20200130,LLY,2020-01-30,train,15,-4.399955358939778,,-4.708898686791313
LLY_2020_Q1_20200423,LLY,2020-04-23,train,15,-4.070693872405872,,-3.815799769857537
LLY_2020_Q2_20200730,LLY,2020-07-30,train,15,-4.0750388039839285,,-4.52892497123077
LLY_2020_Q3_20201027,LLY,2020-10-27,train,15,-3.182067177702055,,-4.010609566793401
LLY_2020_Q4_20210129,LLY,2021-01-29,val,15,-4.099112297857999,,-3.398425025307635
LLY_2021_Q1_20210427,LLY,2021-04-27,train,15,-4.417354474002198,,-4.563093786544126
LLY_2021_Q2_20210803,LLY,2021-08-03,val,15,-4.211007602432896,,-4.608079617733285
LLY_2021_Q3_20211026,LLY,2021-10-26,train,15,-4.079769065067864,,-4.527578082435611
MA_2018_Q4_20190131,MA,2019-01-31,train,15,-4.565233612361979,,-4.528946988422344
MA_2019_Q1_20190430,MA,2019-04-30,train,15,-4.25365365598609,,-5.514262946618391
MA_2019_Q2_20190730,MA,2019-07-30,val,15,-3.804892237961267,,-5.082484475697206
MA_2019_Q3_20191029,MA,2019-10-29,train,15,-4.67923594579509,,-3.98756680897924
MA_2019_Q4_20200129,MA,2020-01-29,train,15,-4.450707241656843,,-4.421718355411008
MA_2020_Q1_20200429,MA,2020-04-29,val,15,-3.62153167772016,,-3.425693028334152
MA_2020_Q2_20200730,MA,2020-07-30,val,15,-4.344851366884818,,-4.069394111220577
MA_2020_Q3_20201028,MA,2020-10-28,train,15,-3.293491970316268,,-4.247634134271899
MA_2020_Q4_20210128,MA,2021-01-28,val,15,-4.053603695630297,,-3.9135603116517337
MA_2021_Q1_20210429,MA,2021-04-29,val,15,-4.3411331212418665,,-4.569506380321144
MA_2021_Q2_20210729,MA,2021-07-29,train,15,-4.539799098770006,,-3.8966989226505455
MA_2021_Q3_20211028,MA,2021-10-28,train,15,-3.927184349674324,,-3.90121840114578
MCD_2018_Q4_20190130,MCD,2019-01-30,train,15,-4.701015490780866,,-4.818213042504043
MCD_2019_Q1_20190430,MCD,2019-04-30,train,15,-4.895369825685264,,-4.979445844093899
MCD_2019_Q2_20190726,MCD,2019-07-26,val,15,-4.39871298373607,,-5.1798936588715065
MCD_2019_Q3_20191022,MCD,2019-10-22,train,15,-4.0478130375571215,,-4.532606109096793
MCD_2019_Q4_20200129,MCD,2020-01-29,val,15,-4.854427528962499,,-4.879958617678743
MCD_2020_Q1_20200430,MCD,2020-04-30,train,15,-4.026562821175115,,-3.71645880211252
MCD_2020_Q2_20200728,MCD,2020-07-28,train,15,-4.517095106209785,,-4.423765094742548
MCD_2020_Q3_20201109,MCD,2020-11-09,train,15,-4.485898192701997,,-4.353757421756009
MCD_2020_Q4_20210128,MCD,2021-01-28,val,15,-4.874189444126824,,-4.262634462421223
MCD_2021_Q1_20210429,MCD,2021-04-29,train,15,-4.655999000036892,,-4.982005208167404
MCD_2021_Q2_20210728,MCD,2021-07-28,train,15,-4.724761450755714,,-4.514460307370973
MCD_2021_Q3_20211027,MCD,2021-10-27,train,15,-4.616848911789445,,-4.987107050446891
MDLZ_2018_Q4_20190130,MDLZ,2019-01-30,train,15,-4.178018900000694,,-4.905982108169885
MDLZ_2019_Q1_20190430,MDLZ,2019-04-30,train,15,-4.69531576321768,,-5.4993122413770585
MDLZ_2019_Q2_20190730,MDLZ,2019-07-30,val,15,-4.158693087665855,,-5.167720776561253
MDLZ_2019_Q3_20191029,MDLZ,2019-10-29,train,15,-4.8946761030722845,,-4.761234739565154
MDLZ_2019_Q4_20200129,MDLZ,2020-01-29,train,15,-3.867411118263056,,-5.210858801405546
MDLZ_2020_Q1_20200428,MDLZ,2020-04-28,val,15,-4.479970048638535,,-3.950927180494913
MDLZ_2020_Q2_20200728,MDLZ,2020-07-28,train,15,-4.691164564062725,,-4.428255647382683
MDLZ_2020_Q3_20201102,MDLZ,2020-11-02,train,15,-4.738427685144453,,-4.405632747802797
MDLZ_2020_Q4_20210128,MDLZ,2021-01-28,val,15,-4.219515077828138,,-4.579895946453193
MDLZ_2021_Q1_20210427,MDLZ,2021-04-27,val,15,-4.529155684588537,,-5.272212448418099
MDLZ_2021_Q2_20210727,MDLZ,2021-07-27,train,15,-4.502090107311975,,-5.108709024027605
MDLZ_2021_Q3_20211102,MDLZ,2021-11-02,val,15,-4.611383273388743,,-5.063023517664069
MO_2018_Q4_20190131,MO,2019-01-31,train,15,-4.345063282112811,,-3.647424079008596
MO_2019_Q1_20190425,MO,2019-04-25,val,15,-3.9255614224452926,,-4.125158548529174
MO_2019_Q2_20190730,MO,2019-07-30,val,15,-4.079913379611751,,-4.64196618001296
MO_2019_Q3_20191031,MO,2019-10-31,train,15,-4.1206973712584025,,-4.450779754850215
MO_2019_Q4_20200130,MO,2020-01-30,train,15,-4.321407425387573,,-4.977884499063608
MO_2020_Q1_20200430,MO,2020-04-30,val,15,-3.78740484782435,,-3.6764693001019024
MO_2020_Q2_20200728,MO,2020-07-28,train,15,-4.418736530280675,,-4.147828206119577
MO_2020_Q3_20201030,MO,2020-10-30,train,15,-3.9632884420970975,,-4.375259093489255
MO_2020_Q4_20210128,MO,2021-01-28,train,15,-4.325156644479856,,-4.76863453845819
MO_2021_Q1_20210429,MO,2021-04-29,train,15,-4.305143146526341,,-3.888801043265571
MO_2021_Q2_20210729,MO,2021-07-29,train,15,-4.6939196637559695,,-4.667875719226854
MO_2021_Q3_20211028,MO,2021-10-28,val,15,-4.048665489121216,,-4.761224936252899
MRK_2018_Q4_20190201,MRK,2019-02-01,train,15,-4.5983749429599134,,-4.4155532700840565
MRK_2019_Q1_20190430,MRK,2019-04-30,train,15,-4.512255621386328,,-4.209056494497628
MRK_2019_Q2_20190730,MRK,2019-07-30,train,15,-4.365745223380372,,-4.210324063012679
MRK_2019_Q3_20191029,MRK,2019-10-29,train,15,-4.352252138667017,,-4.365432711035381
MRK_2019_Q4_20200205,MRK,2020-02-05,val,15,-4.586902712495118,,-4.3549883641029945
MRK_2020_Q1_20200428,MRK,2020-04-28,train,15,-4.111048245076018,,-3.639410437571936
MRK_2020_Q2_20200731,MRK,2020-07-31,train,15,-4.535513948170872,,-4.634704506759663
MRK_2020_Q3_20201027,MRK,2020-10-27,train,15,-4.103189374911143,,-4.6014741446200285
MRK_2020_Q4_20210204,MRK,2021-02-04,train,15,-4.787592717980048,,-4.388592251683551
MRK_2021_Q1_20210429,MRK,2021-04-29,val,15,-4.157236800617106,,-4.909248369536741
MRK_2021_Q2_20210729,MRK,2021-07-29,val,15,-4.667252755467412,,-5.009834102551765
MRK_2021_Q3_20211028,MRK,2021-10-28,train,15,-3.4475176980042312,,-4.36452178951702
NEE_2018_Q4_20190125,NEE,2019-01-25,train,15,-4.314913566971569,,-4.540085913415897
NEE_2019_Q1_20190423,NEE,2019-04-23,train,15,-4.765332736635046,,-5.033895143522265
NEE_2019_Q2_20190724,NEE,2019-07-24,train,15,-4.584532070104932,,-4.802696362173091
NEE_2019_Q3_20191022,NEE,2019-10-22,train,15,-4.464485366632064,,-4.742316844021324
NEE_2019_Q4_20200124,NEE,2020-01-24,train,15,-4.7541165094399895,,-4.936716220136886
NEE_2020_Q1_20200422,NEE,2020-04-22,train,15,-3.8723345877798807,,-3.2361298576138844
NEE_2020_Q2_20200724,NEE,2020-07-24,train,15,-4.321830681291121,,-4.155583868900297
NEE_2020_Q3_20201021,NEE,2020-10-21,val,15,-4.180909086918059,,-4.221082610220979
NEE_2020_Q4_20210126,NEE,2021-01-26,val,15,-3.928187685413351,,-3.9096411884544575
NEE_2021_Q1_20210421,NEE,2021-04-21,train,15,-4.521514559887991,,-4.696485222436992
NEE_2021_Q2_20210723,NEE,2021-07-23,train,15,-4.944787815159716,,-4.715519840701503
NEE_2021_Q3_20211020,NEE,2021-10-20,train,15,-4.628234671154865,,-4.368150221427803
NKE_2019_Q3_20190321,NKE,2019-03-21,train,15,-3.9929844039545466,,-4.608403914522799
NKE_2019_Q4_20190627,NKE,2019-06-27,train,15,-4.599423992748018,,-4.281467811950575
NKE_2020_Q1_20190924,NKE,2019-09-24,train,15,-4.285884635353561,,-4.501520186245706
NKE_2020_Q2_20191219,NKE,2019-12-19,train,15,-5.062217897377608,,-4.816673419109507
NKE_2020_Q3_20200324,NKE,2020-03-24,train,15,-3.227398139708926,,-2.6960685502399344
NKE_2020_Q4_20200625,NKE,2020-06-25,val,15,-3.6765099263897247,,-3.69380995261822
NKE_2021_Q1_20200922,NKE,2020-09-22,train,15,-3.7439669803009608,,-4.006547018596734
NKE_2021_Q2_20201218,NKE,2020-12-18,val,15,-4.215930656816433,,-4.527795032098108
NKE_2021_Q3_20210318,NKE,2021-03-18,train,15,-3.9200402231270366,,-4.220063376937565
NKE_2021_Q4_20210624,NKE,2021-06-24,train,15,-3.233427101201373,,-4.791771115065023
NKE_2022_Q1_20210923,NKE,2021-09-23,val,15,-3.8874833286939774,,-4.520072058828753
NKE_2022_Q2_20211220,NKE,2021-12-20,train,15,-3.80118830168574,,-4.478409907007002
NUE_2018_Q4_20190129,NUE,2019-01-29,train,15,-4.204577966645918,,-4.282043110928184
NUE_2019_Q1_20190423,NUE,2019-04-23,train,15,-4.04255398293179,,-4.379050454779312
NUE_2019_Q2_20190718,NUE,2019-07-18,train,15,-4.055855401901042,,-4.631042275844414
NUE_2019_Q3_20191022,NUE,2019-10-22,train,15,-4.399895578033264,,-3.928039817706256
NUE_2019_Q4_20200128,NUE,2020-01-28,val,15,-4.154026769307677,,-4.424238972220463
NUE_2020_Q1_20200428,NUE,2020-04-28,train,15,-3.450783540136669,,-3.332426069438802
NUE_2020_Q2_20200723,NUE,2020-07-23,train,15,-4.037297517400447,,-3.8030934852260834
NUE_2020_Q3_20201022,NUE,2020-10-22,train,15,-3.492754942877208,,-4.225465856034771
NUE_2020_Q4_20210128,NUE,2021-01-28,val,15,-4.0771177105125735,,-3.8165975265806353
NUE_2021_Q1_20210422,NUE,2021-04-22,train,15,-3.505218819740165,,-4.514760807567441
NUE_2021_Q2_20210722,NUE,2021-07-22,train,15,-3.4874896751968727,,-3.781337739451533
NUE_2021_Q3_20211021,NUE,2021-10-21,val,15,-3.581058477105618,,-4.2479143064927145
ORCL_2019_Q3_20190314,ORCL,2019-03-14,train,15,-4.291322570994868,,-5.391818564622354
ORCL_2019_Q4_20190619,ORCL,2019-06-19,train,15,-3.854939857254654,,-4.369037354137284
ORCL_2020_Q1_20190911,ORCL,2019-09-11,train,15,-4.203270883499991,,-4.2638828725403135
ORCL_2020_Q2_20191212,ORCL,2019-12-12,train,15,-4.363032153189348,,-4.939806781926433
ORCL_2020_Q3_20200312,ORCL,2020-03-12,train,15,-2.6026069409146806,,-3.170211975207038
ORCL_2020_Q4_20200616,ORCL,2020-06-16,val,15,-3.9207641011887953,,-3.937088861120418
ORCL_2021_Q1_20200910,ORCL,2020-09-10,train,15,-4.14659723584543,,-4.040725732556783
ORCL_2021_Q2_20201210,ORCL,2020-12-10,val,15,-4.521230363323629,,-4.574409282131138
ORCL_2021_Q3_20210310,ORCL,2021-03-10,val,15,-3.874541903860756,,-3.742116315298277
ORCL_2021_Q4_20210615,ORCL,2021-06-15,train,15,-3.842355380400683,,-4.4742120494677975
ORCL_2022_Q1_20210913,ORCL,2021-09-13,val,15,-4.011087128269253,,-5.09944285242102
ORCL_2022_Q2_20211209,ORCL,2021-12-09,train,15,-3.052326713435309,,-4.50293411503862
PEP_2018_Q4_20190215,PEP,2019-02-15,val,15,-4.740121692897732,,-4.882795096575991
PEP_2019_Q1_20190417,PEP,2019-04-17,train,15,-4.520219851696062,,-5.337341067048581
PEP_2019_Q2_20190709,PEP,2019-07-09,train,15,-4.599472680342641,,-5.084277926318284
PEP_2019_Q3_20191003,PEP,2019-10-03,train,15,-4.582610429395274,,-4.77272254286988
PEP_2019_Q4_20200213,PEP,2020-02-13,train,15,-3.751406180682321,,-5.063143304428873
PEP_2020_Q1_20200428,PEP,2020-04-28,train,15,-4.427000700500699,,-3.662398429860557
PEP_2020_Q2_20200714,PEP,2020-07-13,train,15,-4.882475474289632,,-4.5775140070359095
PEP_2020_Q3_20201001,PEP,2020-10-01,train,15,-4.420603049640852,,-4.36611901404597
PEP_2020_Q4_20210211,PEP,2021-02-11,val,15,-4.60731287825516,,-4.428799633026812
PEP_2021_Q1_20210415,PEP,2021-04-15,train,15,-4.717033815959148,,-4.668311280853706
PEP_2021_Q2_20210713,PEP,2021-07-13,train,15,-4.887095172611165,,-5.287937215632993
PEP_2021_Q3_20211005,PEP,2021-10-05,val,15,-4.738278310763468,,-5.109589363047803
PFE_2018_Q4_20190129,PFE,2019-01-29,val,15,-4.285763722572931,,-4.346618732308679
PFE_2019_Q1_20190430,PFE,2019-04-30,train,15,-4.661480951654349,,-4.456140381027095
PFE_2019_Q2_20190729,PFE,2019-07-29,train,15,-3.9540364820389984,,-4.578187970520334
PFE_2019_Q3_20191029,PFE,2019-10-29,train,15,-4.573794167529191,,-4.956209935508671
PFE_2019_Q4_20200128,PFE,2020-01-28,val,15,-4.206771200625049,,-4.5944174583975625
PFE_2020_Q1_20200428,PFE,2020-04-28,val,15,-4.149310129226455,,-3.890270395206064
PFE_2020_Q2_20200728,PFE,2020-07-28,train,15,-4.419470178222972,,-3.98024197519995
PFE_2020_Q3_20201027,PFE,2020-10-27,val,15,-3.5124839547096136,,-4.316757846588665
PFE_2020_Q4_20210202,PFE,2021-02-02,val,15,-4.902026191133544,,-4.497545346020058
PFE_2021_Q1_20210504,PFE,2021-05-04,val,15,-4.9727904275950285,,-4.39280135462836
PFE_2021_Q2_20210728,PFE,2021-07-28,train,15,-3.8143905714533615,,-5.034703220648711
PFE_2021_Q3_20211103,PFE,2021-11-02,train,15,-3.4469429996900645,,-4.691422924912192
PLD_2018_Q4_20190122,PLD,2019-01-22,val,15,-4.975419134911847,,-4.275767901384462
PLD_2019_Q1_20190417,PLD,2019-04-17,val,15,-4.305278149116581,,-4.776508767349215
PLD_2019_Q2_20190716,PLD,2019-07-16,val,15,-4.386312462984084,,-4.39364690829785
PLD_2019_Q3_20191015,PLD,2019-10-15,train,15,-4.0251361124132,,-4.850990039610063
PLD_2019_Q4_20200122,PLD,2020-01-22,val,15,-4.234019851788215,,-4.591177207537449
PLD_2020_Q1_20200421,PLD,2020-04-21,val,15,-4.0647452719388895,,-3.038234161803753
PLD_2020_Q2_20200721,PLD,2020-07-21,val,15,-4.305732558481424,,-4.208965511174411
PLD_2020_Q3_20201020,PLD,2020-10-20,train,15,-3.894866811930944,,-4.37992366063058
PLD_2020_Q4_20210126,PLD,2021-01-26,train,15,-4.322600672449322,,-4.108059383511965
PLD_2021_Q1_20210419,PLD,2021-04-19,train,15,-4.616395461702125,,-4.507631871170067
PLD_2021_Q2_20210719,PLD,2021-07-19,train,15,-4.956060818231844,,-4.681349455331497
PLD_2021_Q3_20211015,PLD,2021-10-15,train,15,-4.389865236545647,,-4.574089037313247
PPG_2018_Q4_20190117,PPG,2019-01-17,train,15,-4.161849742075838,,-4.10717021426904
PPG_2019_Q1_20190418,PPG,2019-04-18,train,15,-4.379473877902139,,-4.937617640483077
PPG_2019_Q2_20190718,PPG,2019-07-18,train,15,-4.459189692768208,,-4.800160840851469
PPG_2019_Q3_20191017,PPG,2019-10-17,train,15,-4.651809646303926,,-4.141245457383067
PPG_2019_Q4_20200116,PPG,2020-01-16,train,15,-4.267542016167518,,-4.98872685223444
PPG_2020_Q1_20200428,PPG,2020-04-28,train,15,-3.4201033729205177,,-3.343977673615372
PPG_2020_Q2_20200717,PPG,2020-07-17,train,15,-4.133974167192415,,-4.155688248416882
PPG_2020_Q3_20201020,PPG,2020-10-20,val,15,-3.8104558134361297,,-4.005875020822466
PPG_2020_Q4_20210122,PPG,2021-01-22,val,15,-4.047479153228862,,-4.15654492996657
PPG_2021_Q1_20210416,PPG,2021-04-16,train,15,-3.730444085330712,,-4.133019746851135
PPG_2021_Q2_20210720,PPG,2021-07-19,val,15,-4.265171954254276,,-4.425010864079041
PPG_2021_Q3_20211021,PPG,2021-10-20,train,15,-4.405412328889106,,-4.415132895173039
PSA_2018_Q4_20190227,PSA,2019-02-27,train,15,-4.644510126461276,,-4.822066631766028
PSA_2019_Q1_20190502,PSA,2019-05-02,train,15,-4.753033754938095,,-4.691249478354691
PSA_2019_Q2_20190731,PSA,2019-07-31,train,15,-4.613522837905919,,-4.934943558513636
PSA_2019_Q3_20191030,PSA,2019-10-30,train,15,-4.288338850450086,,-4.659026203317324
PSA_2019_Q4_20200226,PSA,2020-02-26,val,15,-2.9473333809307296,,-4.021171787160396
PSA_2020_Q1_20200501,PSA,2020-05-01,train,15,-3.726681318862458,,-3.7202046751874094
PSA_2020_Q2_20200806,PSA,2020-08-06,train,15,-4.367277792378323,,-3.933529713800569
PSA_2020_Q3_20201105,PSA,2020-11-05,train,15,-3.85545232379694,,-4.811456953796206
PSA_2020_Q4_20210225,PSA,2021-02-25,train,15,-4.223076164803389,,-4.628074155292292
PSA_2021_Q1_20210429,PSA,2021-04-29,val,15,-4.503898148637408,,-4.671105416535629
PSA_2021_Q2_20210804,PSA,2021-08-04,train,15,-4.754016702842227,,-4.82139622418502
PSA_2021_Q3_20211102,PSA,2021-11-02,train,15,-4.414704268932394,,-4.235664584690936
PSX_2018_Q4_20190208,PSX,2019-02-08,train,15,-4.66708947095617,,-4.2593787252795225
PSX_2019_Q1_20190430,PSX,2019-04-30,train,15,-4.220270215016931,,-4.423880254159728
PSX_2019_Q2_20190726,PSX,2019-07-26,train,15,-4.004432696008913,,-5.1038184888657225
PSX_2019_Q3_20191025,PSX,2019-10-25,train,15,-4.3382635890763215,,-4.477394656269349
PSX_2019_Q4_20200131,PSX,2020-01-31,train,15,-3.850032348642229,,-4.45524912995173
PSX_2020_Q1_20200501,PSX,2020-05-01,val,15,-3.0180474311583927,,-2.99331510672477
PSX_2020_Q2_20200731,PSX,2020-07-31,train,15,-4.063064164104587,,-3.515355116659298
PSX_2020_Q3_20201030,PSX,2020-10-30,val,15,-2.720522114804792,,-3.5534110732917497
PSX_2020_Q4_20210129,PSX,2021-01-29,train,15,-3.684287441562176,,-3.8304162623152975
PSX_2021_Q1_20210430,PSX,2021-04-30,val,15,-3.957725090271625,,-4.019825050544153
PSX_2021_Q2_20210803,PSX,2021-08-03,train,15,-3.660940955794566,,-3.756110440465775
PSX_2021_Q3_20211029,PSX,2021-10-29,train,15,-3.902314595568895,,-3.898399664561588
RTX_2018_Q4_20190131,RTX,2019-01-23,val,15,-4.159356585757324,,-4.013068065445896
RTX_2019_Q1_20190425,RTX,2019-04-25,val,15,-4.135752684682744,,-4.501261564326935
RTX_2019_Q2_20190725,RTX,2019-07-25,train,15,-4.1271367515517285,,-4.635117329360054
RTX_2019_Q3_20191024,RTX,2019-10-24,val,15,-4.545586713300297,,-4.364428034724374
RTX_2019_Q4_20200130,RTX,2020-01-30,train,15,-4.483074614062546,,-5.120813136904484
RTX_2020_Q1_20200507,RTX,2020-05-07,train,15,-3.3004285237351425,,-3.4880336891927115
RTX_2020_Q2_20200728,RTX,2020-07-28,train,15,-3.821997708056276,,-3.7742946452797423
RTX_2020_Q3_20201027,RTX,2020-10-27,val,15,-3.1121466586329327,,-4.0091247307286215
RTX_2020_Q4_20210126,RTX,2021-01-26,train,15,-3.937255235329284,,-4.119334911269343
RTX_2021_Q1_20210427,RTX,2021-04-27,val,15,-4.392493331288723,,-4.533515451985417
RTX_2021_Q2_20210727,RTX,2021-07-27,train,15,-4.390576344399939,,-4.087006756769955
RTX_2021_Q3_20211026,RTX,2021-10-26,train,15,-4.385510692198187,,-4.93876950880545
SBUX_2019_Q1_20190124,SBUX,2019-01-24,val,15,-4.465050364076555,,-4.070626800129124
SBUX_2019_Q2_20190425,SBUX,2019-04-25,train,15,-4.772146241507234,,-4.986801281467646
SBUX_2019_Q3_20190725,SBUX,2019-07-25,train,15,-3.645180228488429,,-4.923335662696925
SBUX_2019_Q4_20191030,SBUX,2019-10-30,train,15,-4.724818755958767,,-4.943549380655782
SBUX_2020_Q1_20200128,SBUX,2020-01-28,val,15,-4.329963709751471,,-4.287179972815889
SBUX_2020_Q2_20200428,SBUX,2020-04-28,train,15,-3.786593846630354,,-3.5071371022554336
SBUX_2020_Q3_20200728,SBUX,2020-07-28,val,15,-4.349568244392994,,-4.058415320457925
SBUX_2020_Q4_20201029,SBUX,2020-10-29,train,15,-3.929610558606478,,-4.3978538256373385
SBUX_2021_Q1_20210126,SBUX,2021-01-26,train,15,-3.803616842265104,,-4.407054710613077
SBUX_2021_Q2_20210427,SBUX,2021-04-27,val,15,-4.293850841894188,,-4.723654423927735
SBUX_2021_Q3_20210727,SBUX,2021-07-27,train,15,-4.668756600036657,,-4.249423222243236
SBUX_2021_Q4_20211028,SBUX,2021-10-28,train,15,-3.771126531747933,,-4.9885171753192
SHW_2018_Q4_20190131,SHW,2019-01-31,train,15,-4.275157926286334,,-4.2426479407402775
SHW_2019_Q1_20190423,SHW,2019-04-23,val,15,-4.479984920325379,,-4.6761450260870285
SHW_2019_Q2_20190723,SHW,2019-07-23,train,15,-3.7565340115117136,,-4.547958183386049
SHW_2019_Q3_20191022,SHW,2019-10-22,val,15,-4.2356194476847175,,-4.570737504624661
SHW_2019_Q4_20200130,SHW,2020-01-30,val,15,-4.11496473409029,,-4.647217566692588
SHW_2020_Q1_20200429,SHW,2020-04-29,train,15,-3.792301665837992,,-3.572931751608116
SHW_2020_Q2_20200728,SHW,2020-07-28,train,15,-4.528350193976146,,-4.471583739202897
SHW_2020_Q3_20201027,SHW,2020-10-27,val,15,-3.786662503830069,,-4.536144309564511
SHW_2020_Q4_20210128,SHW,2021-01-28,val,15,-4.2742412815117525,,-4.59996687324781
SHW_2021_Q1_20210427,SHW,2021-04-27,train,15,-4.495799544750541,,-4.212591649529231
SHW_2021_Q2_20210727,SHW,2021-07-27,train,15,-5.072712965324477,,-4.770864115485421
SHW_2021_Q3_20211026,SHW,2021-10-26,train,15,-4.565191216004454,,-4.693362891504355
SLB_2018_Q4_20190118,SLB,2019-01-18,train,15,-3.608543822446368,,-4.18423968181889
SLB_2019_Q1_20190418,SLB,2019-04-18,val,15,-4.227124788326088,,-4.246357007341791
SLB_2019_Q2_20190719,SLB,2019-07-25,val,15,-3.842184416449804,,-4.35592450223284
SLB_2019_Q3_20191018,SLB,2019-10-18,val,15,-3.5764735187339385,,-3.8473742104211976
SLB_2019_Q4_20200117,SLB,2020-01-17,train,15,-3.9644377018798433,,-4.310591418958684
SLB_2020_Q1_20200417,SLB,2020-04-17,train,15,-2.8975764916133384,,-2.784921257749552
SLB_2020_Q2_20200723,SLB,2020-07-24,train,15,-3.785275782073004,,-3.432555399917696
SLB_2020_Q3_20201016,SLB,2020-10-16,train,15,-3.3518088406404494,,-3.528645984387325
SLB_2020_Q4_20210122,SLB,2021-01-22,train,15,-3.481172789068274,,-3.519877437907499
SLB_2021_Q1_20210423,SLB,2021-04-23,train,15,-3.6735659144377686,,-3.760653314699757
SLB_2021_Q2_20210723,SLB,2021-07-23,train,15,-3.8869430950924047,,-3.606184062292253
SLB_2021_Q3_20211022,SLB,2021-10-22,train,15,-3.783150541738357,,-4.16994371084514
SO_2018_Q4_20190220,SO,2019-02-20,train,15,-4.907478108073862,,-5.23216644164195
SO_2019_Q1_20190501,SO,2019-05-01,train,15,-4.717167679458783,,-5.025279240791935
SO_2019_Q2_20190731,SO,2019-07-31,train,15,-4.362522019375549,,-4.790114064486337
SO_2019_Q3_20191030,SO,2019-10-30,train,15,-4.440527280003116,,-5.150011143462075
SO_2019_Q4_20200220,SO,2020-02-20,train,15,-3.317599747989729,,-4.867513498561584
SO_2020_Q1_20200430,SO,2020-04-30,val,15,-3.7585067898299167,,-3.501911963938448
SO_2020_Q2_20200730,SO,2020-07-30,train,15,-4.532703873954266,,-4.313496865485633
SO_2020_Q3_20201029,SO,2020-10-29,train,15,-4.060087531160359,,-4.374009548874964
SO_2020_Q4_20210218,SO,2021-02-18,train,15,-4.488921587406063,,-4.725987157165375
SO_2021_Q1_20210429,SO,2021-04-29,train,15,-4.4955707593609,,-4.885212067543303
SO_2021_Q2_20210729,SO,2021-07-29,train,15,-5.134373522013807,,-4.942074175778218
SO_2021_Q3_20211104,SO,2021-11-04,train,15,-4.801622213324736,,-4.762483555733684
T_2018_Q4_20190130,T,2019-01-30,train,15,-4.214794371752289,,-4.683484014615596
T_2019_Q1_20190424,T,2019-04-24,train,15,-4.322584943566144,,-5.100347755425131
T_2019_Q2_20190724,T,2019-07-24,train,15,-4.412351736833722,,-4.803024267164414
T_2019_Q3_20191028,T,2019-10-28,train,15,-4.416869130618578,,-4.631571658713047
T_2019_Q4_20200129,T,2020-01-29,val,15,-4.3012228940217385,,-4.928768204168142
T_2020_Q1_20200422,T,2020-04-22,train,15,-3.956781782441064,,-3.3879631636753564
T_2020_Q2_20200723,T,2020-07-23,train,15,-4.939786151375182,,-4.583440494951088
T_2020_Q3_20201022,T,2020-10-22,train,15,-3.884846803629882,,-4.809478319201334
T_2020_Q4_20210127,T,2021-01-27,val,15,-4.657245257013688,,-4.5568015794361365
T_2021_Q1_20210422,T,2021-04-22,val,15,-4.286827668162045,,-4.967149712079278
T_2021_Q2_20210722,T,2021-07-22,val,15,-5.136320375982736,,-4.906770692392539
T_2021_Q3_20211021,T,2021-10-21,val,15,-4.603941990795476,,-4.327458526000133
TGT_2018_Q4_20190305,TGT,2019-03-05,val,15,-4.182080904183137,,-4.4849510177816345
TGT_2019_Q1_20190522,TGT,2019-05-22,val,15,-3.8124710331694303,,-4.344158495086392
TGT_2019_Q2_20190821,TGT,2019-08-21,train,15,-2.9602458406010963,,-3.9137313495534674
TGT_2019_Q3_20191120,TGT,2019-11-20,train,15,-3.32546710935723,,-4.524396917966653
TGT_2019_Q4_20200303,TGT,2020-03-03,val,15,-2.9094771075149364,,-3.761768103479617
TGT_2020_Q1_20200520,TGT,2020-05-20,train,15,-4.032272640898621,,-4.040720622945175
TGT_2020_Q2_20200819,TGT,2020-08-19,train,15,-3.3651227208519914,,-4.595607476353771
TGT_2020_Q3_20201118,TGT,2020-11-18,train,15,-4.335628701258247,,-4.108580988363089
TGT_2020_Q4_20210302,TGT,2021-03-02,train,15,-3.749244172991952,,-4.430952370988439
TGT_2021_Q1_20210519,TGT,2021-05-19,train,15,-4.131160838583779,,-4.22426678495507
TGT_2021_Q2_20210818,TGT,2021-08-18,val,15,-4.378350378068383,,-4.466741186602912
TGT_2021_Q3_20211117,TGT,2021-11-17,val,15,-4.003987888870143,,-4.589744556862778
TJX_2019_Q4_20190227,TJX,2019-02-27,val,15,-4.3014943033171305,,-4.719755047122235
TJX_2020_Q1_20190521,TJX,2019-05-21,val,15,-4.223042273218122,,-4.477222655933243
TJX_2020_Q2_20190820,TJX,2019-08-20,train,15,-4.073888190620905,,-3.778960408177152
TJX_2020_Q3_20191119,TJX,2019-11-19,train,15,-4.5287145508870426,,-4.586856366555479
TJX_2020_Q4_20200226,TJX,2020-02-26,train,15,-2.698998856837114,,-4.274589814845169
TJX_2021_Q1_20200521,TJX,2020-05-21,train,15,-3.5462493076464083,,-3.4917791769275164
TJX_2021_Q2_20200819,TJX,2020-08-19,train,15,-3.734691899657043,,-4.013022594288959
TJX_2021_Q3_20201118,TJX,2020-11-18,train,15,-4.096065946541771,,-3.2160879930288133
TJX_2021_Q4_20210224,TJX,2021-02-24,train,15,-3.870856576487429,,-4.156156968718259
TJX_2022_Q1_20210519,TJX,2021-05-19,val,15,-4.2069538395039965,,-4.093999818139476
TJX_2022_Q2_20210818,TJX,2021-08-18,val,15,-4.025874619487227,,-4.154423636836082
TJX_2022_Q3_20211117,TJX,2021-11-17,train,15,-3.72527623573272,,-4.425684780531835
TMUS_2018_Q4_20190207,TMUS,2019-02-07,train,15,-4.605181349211987,,-4.340596848618914
TMUS_2019_Q1_20190425,TMUS,2019-04-25,val,15,-4.386915813794653,,-4.607808694207361
TMUS_2019_Q2_20190726,TMUS,2019-07-26,train,15,-3.9417117192511473,,-4.158379131752492
TMUS_2019_Q3_20191028,TMUS,2019-10-28,train,15,-4.377133830503609,,-4.818207182295631
TMUS_2019_Q4_20200206,TMUS,2020-02-06,train,15,-3.3617419937854427,,-4.406408140358058
TMUS_2020_Q1_20200506,TMUS,2020-05-06,val,15,-3.366116736666485,,-3.887211439096919
TMUS_2020_Q2_20200806,TMUS,2020-08-06,val,15,-4.001233871470969,,-4.799418732804851
TMUS_2020_Q3_20201105,TMUS,2020-11-05,train,15,-4.092620391470942,,-4.183567959410093
TMUS_2020_Q4_20210204,TMUS,2021-02-04,train,15,-4.2394374688884255,,-3.700264654280877
TMUS_2021_Q1_20210504,TMUS,2021-05-04,train,15,-3.878261962665972,,-4.504541186227302
TMUS_2021_Q2_20210729,TMUS,2021-07-29,train,15,-4.660387316450983,,-4.660720281268873
TMUS_2021_Q3_20211102,TMUS,2021-11-02,val,15,-4.122974361145146,,-4.156710703064444
V_2019_Q1_20190130,V,2019-01-30,train,15,-4.387684327022327,,-4.704830945002259
V_2019_Q2_20190424,V,2019-04-24,train,15,-4.53665534667187,,-5.407604318979716
V_2019_Q3_20190723,V,2019-07-23,train,15,-3.987128000974957,,-5.1644041084875765
V_2019_Q4_20191024,V,2019-10-24,val,15,-4.800771951394933,,-4.265587648577857
V_2020_Q1_20200130,V,2020-01-30,train,15,-4.188165143481645,,-4.656007745269613
V_2020_Q2_20200430,V,2020-04-30,train,15,-4.002706757174527,,-3.473962719855599
V_2020_Q3_20200728,V,2020-07-28,train,15,-4.449793381064877,,-4.353572834398701
V_2020_Q4_20201028,V,2020-10-28,val,15,-3.811801264059492,,-4.193677978947576
V_2021_Q1_20210128,V,2021-01-28,train,15,-4.053147465614569,,-4.136713887220807
V_2021_Q2_20210427,V,2021-04-27,train,15,-4.343821005943557,,-4.824499607170237
V_2021_Q3_20210727,V,2021-07-27,train,15,-4.543184036566716,,-4.387308907994429
V_2021_Q4_20211026,V,2021-10-26,train,15,-3.690268698188314,,-4.4087944049377015
VZ_2018_Q4_20190129,VZ,2019-01-29,val,15,-4.352047225991166,,-4.336890361650844
VZ_2019_Q1_20190423,VZ,2019-04-23,train,15,-4.620661190518045,,-5.145807998711529
VZ_2019_Q2_20190801,VZ,2019-08-01,train,15,-4.864034995751637,,-4.579824195924615
VZ_2019_Q3_20191025,VZ,2019-10-25,val,15,-4.901223970062687,,-4.900475542616929
VZ_2019_Q4_20200130,VZ,2020-01-30,train,15,-4.517384466750124,,-4.9199765235685184
VZ_2020_Q1_20200424,VZ,2020-04-24,train,15,-4.542391163871155,,-3.943432455848523
VZ_2020_Q2_20200724,VZ,2020-07-24,val,15,-4.917118071189691,,-4.768576198772408
VZ_2020_Q3_20201021,VZ,2020-10-21,train,15,-4.4636887333051085,,-5.113752861443835
VZ_2020_Q4_20210126,VZ,2021-01-26,train,15,-4.538413842560176,,-4.94757378937567
VZ_2021_Q1_20210421,VZ,2021-04-21,val,15,-4.600777380186115,,-5.172187185548761
VZ_2021_Q2_20210721,VZ,2021-07-21,train,15,-5.401860942777182,,-5.365289696783869
VZ_2021_Q3_20211020,VZ,2021-10-20,train,15,-4.6093317908762375,,-4.727655729632696
XOM_2018_Q4_20190201,XOM,2019-02-01,train,15,-4.399941281078207,,-4.854886522710195
XOM_2019_Q1_20190426,XOM,2019-04-26,val,15,-4.689812631829784,,-4.568199993051262
XOM_2019_Q2_20190802,XOM,2019-08-02,train,15,-4.081835007644151,,-4.803540100411664
XOM_2019_Q3_20191101,XOM,2019-11-01,val,15,-4.051332923599839,,-4.72590775345518
XOM_2019_Q4_20200131,XOM,2020-01-31,train,15,-3.986686124825592,,-4.750361556782371
XOM_2020_Q1_20200501,XOM,2020-05-01,train,15,-3.293410148850939,,-3.2566405411626698
XOM_2020_Q2_20200731,XOM,2020-07-31,val,15,-4.280365973476271,,-3.701457672097707
XOM_2020_Q3_20201030,XOM,2020-10-30,train,15,-3.220486014079376,,-3.751182344231921
XOM_2020_Q4_20210202,XOM,2021-02-02,val,15,-3.9290082883894666,,-3.7276461063609982
XOM_2021_Q1_20210430,XOM,2021-04-30,train,15,-3.867730992323224,,-4.277831543486984
XOM_2021_Q2_20210730,XOM,2021-07-30,train,15,-4.267206355989714,,-3.993020072904244
XOM_2021_Q3_20211029,XOM,2021-10-29,train,15,-4.489525825309936,,-4.246147869975855
ABT_2021_Q4_20220126,ABT,2022-01-26,test,15,-4.019218110949979,-4.334088,-4.632431185585123
ADP_2022_Q2_20220126,ADP,2022-01-26,test,15,-3.6147424096790592,-4.183345,-4.70518226022603
AMD_2021_Q4_20220201,AMD,2022-02-01,test,15,-3.1170089818616544,-4.061272,-3.2077410500556924
AMT_2021_Q4_20220224,AMT,2022-02-24,test,15,-4.171629178977792,-4.126917,-4.4578689331812615
BAC_2021_Q4_20220119,BAC,2022-01-19,test,15,-4.201917625870291,-3.92765,-3.941204416072571
CAT_2021_Q4_20220128,CAT,2022-01-28,test,15,-3.9330426702987,-4.059254,-4.313073034815265
COP_2021_Q4_20220203,COP,2022-02-03,test,15,-4.204719124946476,-3.872994,-3.833693279397434
CSGP_2021_Q4_20220222,CSGP,2022-02-22,test,15,-2.8307603338846388,-3.922996,-3.793717006300346
DE_2022_Q1_20220218,DE,2022-02-18,test,15,-3.4805094599250164,-4.649484,-4.118667282010811
GE_2021_Q4_20220125,GE,2022-01-25,test,15,-3.819426733729343,-3.978167,-4.101744126247547
HD_2021_Q4_20220222,HD,2022-02-22,test,15,-3.6733791081467393,-4.162834,-4.45711696571203
HON_2021_Q4_20220203,HON,2022-02-03,test,15,-3.749001249477786,-4.11568,-4.599013909080927
LOW_2021_Q4_20220223,LOW,2022-02-23,test,15,-4.27913295736047,-4.334395,-4.213453920396233
META_2021_Q4_20220202,META,2022-02-02,test,15,-2.6677394403658248,-4.386594,-3.754014420330675
MPC_2021_Q4_20220202,MPC,2022-02-02,test,15,-3.891325691693076,-4.256922,-4.143382838574948
MSFT_2022_Q2_20220125,MSFT,2022-01-25,test,15,-3.8854055270897234,-3.876937,-4.077170205566478
NEM_2021_Q4_20220224,NEM,2022-02-24,test,15,-3.636367705877769,-3.866257,-3.6686118586390912
O_2021_Q4_20220223,O,2022-02-23,test,15,-4.367193995575699,-3.776341,-4.717560496330407
PG_2022_Q2_20220119,PG,2022-01-19,test,15,-4.403902377618031,-4.163945,-4.779787718849083
PM_2021_Q4_20220210,PM,2022-02-10,test,15,-3.823663924973992,-4.288184,-4.71042656141279
SPGI_2021_Q4_20220208,SPGI,2022-02-08,test,15,-3.9983921984062833,-4.20301,-4.038436889567403
SRE_2021_Q4_20220225,SRE,2022-02-25,test,15,-4.216588516273699,-4.114425,-5.0062019178992285
TMO_2021_Q4_20220202,TMO,2022-02-02,test,15,-4.624496593251272,-4.120122,-4.070936645696882
TSLA_2021_Q4_20220126,TSLA,2022-01-26,test,15,-3.034794025632232,-4.221014,-3.47304682370967
UNH_2021_Q4_20220119,UNH,2022-01-19,test,15,-4.526468535412597,-4.23128,-4.216620875503617
UNP_2021_Q4_20220120,UNP,2022-01-20,test,15,-4.458112638646577,-4.214146,-4.362703181254947
VLO_2021_Q4_20220127,VLO,2022-01-27,test,15,-3.9644351034897976,-4.20078,-3.930878990552772
WELL_2021_Q4_20220216,WELL,2022-02-16,test,15,-4.093437713479323,-3.84626,-4.068624406810931
WFC_2021_Q4_20220114,WFC,2022-01-14,test,15,-4.003344330624762,-3.913557,-4.002173384643244
XEL_2021_Q4_20220127,XEL,2022-01-27,test,15,-4.409753304989906,-4.348865,-4.811228144527944
ABT_2022_Q1_20220420,ABT,2022-04-20,test,15,-3.8935081138629126,-4.28128,-4.171790222299708
ADP_2022_Q3_20220427,ADP,2022-04-27,test,15,-3.707360456013161,-4.064269,-4.213135195693552
AMD_2022_Q1_20220503,AMD,2022-05-03,test,15,-2.911228184901992,-4.12661,-3.302731640100455
AMT_2022_Q1_20220427,AMT,2022-04-27,test,15,-3.7842800388274345,-4.214342,-4.140178802742815
BAC_2022_Q1_20220418,BAC,2022-04-18,test,15,-3.758543799388135,-3.896487,-4.31508760833824
CAT_2022_Q1_20220428,CAT,2022-04-28,test,15,-3.870089470681231,-4.090118,-3.771706848478229
COP_2022_Q1_20220505,COP,2022-05-05,test,15,-3.419985373297948,-3.853988,-3.5731402799480643
CSGP_2022_Q1_20220426,CSGP,2022-04-26,test,15,-3.3925141588100964,-3.905316,-3.897582876161597
DE_2022_Q2_20220520,DE,2022-05-20,test,15,-3.100803548994142,-4.384326,-3.8649885760159775
GE_2022_Q1_20220426,GE,2022-04-26,test,15,-3.32418985940693,-4.145956,-4.5165991660417895
HD_2022_Q1_20220517,HD,2022-05-17,test,15,-3.891196685043776,-4.110757,-3.6769266570959744
HON_2022_Q1_20220429,HON,2022-04-29,test,15,-3.905737200421377,-4.250058,-4.204671183891651
LOW_2022_Q1_20220518,LOW,2022-05-18,test,15,-3.791213990218081,-4.34618,-3.720321940620096
META_2022_Q1_20220427,META,2022-04-27,test,15,-2.857613964755636,-4.316878,-3.5927181169351154
MPC_2022_Q1_20220503,MPC,2022-05-03,test,15,-3.754618954295936,-4.279185,-3.846797636548403
MSFT_2022_Q3_20220426,MSFT,2022-04-26,test,15,-3.554718241028753,-3.839644,-3.8842985971451065
NEM_2022_Q1_20220422,NEM,2022-04-22,test,15,-3.9151071374315647,-3.770344,-3.700370842215285
O_2022_Q1_20220505,O,2022-05-05,test,15,-4.083807703508238,-3.851078,-4.128900029097905
PG_2022_Q3_20220420,PG,2022-04-20,test,15,-4.26612084582957,-4.603395,-4.691570574945802
PM_2022_Q1_20220421,PM,2022-04-21,test,15,-4.034410266647219,-3.974626,-4.407183500767324
SPGI_2022_Q1_20220503,SPGI,2022-05-03,test,15,-3.7488375402982914,-4.026347,-4.166864664233476
SRE_2022_Q1_20220505,SRE,2022-05-05,test,15,-4.21114232946141,-4.301573,-4.380078976768248
TMO_2022_Q1_20220428,TMO,2022-04-28,test,15,-3.537712113356685,-4.229971,-3.691360517963559
TSLA_2022_Q1_20220420,TSLA,2022-04-20,test,15,-2.9965035144355823,-4.305588,-3.417435593699301
UNH_2022_Q1_20220414,UNH,2022-04-14,test,15,-4.117964536657572,-4.143843,-4.313851513719886
UNP_2022_Q1_20220421,UNP,2022-04-21,test,15,-4.137516657548666,-4.013491,-4.033288391271919
VLO_2022_Q1_20220426,VLO,2022-04-26,test,15,-3.2945136521958576,-3.969095,-3.842675804694364
WELL_2022_Q1_20220511,WELL,2022-05-10,test,15,-4.60190348046378,-4.18929,-4.305235469354343
WFC_2022_Q1_20220414,WFC,2022-04-14,test,15,-3.7555312754780807,-4.153444,-4.1638266396912735
XEL_2022_Q1_20220428,XEL,2022-04-28,test,15,-4.457978669498729,-4.283854,-4.702221853504997
ABT_2022_Q2_20220720,ABT,2022-07-20,test,15,-4.584415674292449,-4.272898,-4.190928429602199
ADP_2022_Q4_20220727,ADP,2022-07-27,test,15,-3.9662922977657207,-3.84423,-4.273854009285363
AMD_2022_Q2_20220802,AMD,2022-08-02,test,15,-3.5513345420371265,-4.056004,-3.7111210795686578
AMT_2022_Q2_20220728,AMT,2022-07-28,test,15,-4.340331840768014,-4.156183,-4.110264038979454
BAC_2022_Q2_20220718,BAC,2022-07-18,test,15,-4.230910991420235,-4.130264,-3.7819823834419983
CAT_2022_Q2_20220802,CAT,2022-08-02,test,15,-3.97218025199568,-4.140025,-3.8833643831647993
COP_2022_Q2_20220804,COP,2022-08-04,test,15,-4.025606117793539,-3.767504,-3.698184218561912
CSGP_2022_Q2_20220726,CSGP,2022-07-26,test,15,-3.2775434584050545,-4.062802,-4.026410210600592
DE_2022_Q3_20220819,DE,2022-08-19,test,15,-4.294923902506626,-4.454019,-4.194877870113466
GE_2022_Q2_20220726,GE,2022-07-26,test,15,-4.104582388777529,-4.12943,-3.940220271944963
HD_2022_Q2_20220816,HD,2022-08-16,test,15,-4.04031571836435,-4.196312,-4.297511389908329
HON_2022_Q2_20220728,HON,2022-07-28,test,15,-4.492667693735934,-4.145029,-4.388940745647851
LOW_2022_Q2_20220817,LOW,2022-08-17,test,15,-3.937917111585149,-4.107556,-3.950402672864194
META_2022_Q2_20220727,META,2022-07-27,test,15,-3.6059068076534966,-4.180137,-3.257197678052037
MPC_2022_Q2_20220802,MPC,2022-08-02,test,15,-4.054848148076212,-4.205117,-3.847466724245749
MSFT_2022_Q4_20220726,MSFT,2022-07-26,test,15,-3.905338330143085,-3.911407,-4.131673634792905
NEM_2022_Q2_20220725,NEM,2022-07-25,test,15,-3.30382807378758,-3.715279,-3.971022402248176
O_2022_Q2_20220804,O,2022-08-04,test,15,-4.775320675778522,-3.70516,-4.459823566800112
PG_2022_Q4_20220729,PG,2022-07-29,test,15,-3.942748938010613,-4.472255,-4.661276185442882
PM_2022_Q2_20220721,PM,2022-07-21,test,15,-4.399524784207791,-4.476662,-4.242842471896453
SPGI_2022_Q2_20220802,SPGI,2022-08-02,test,15,-4.127261317557275,-4.208785,-4.131882462778578
SRE_2022_Q2_20220804,SRE,2022-08-04,test,15,-4.740670634037027,-4.118334,-4.531028234405242
TMO_2022_Q2_20220728,TMO,2022-07-28,test,15,-4.475196803413468,-3.93683,-3.619126404907144
TSLA_2022_Q2_20220720,TSLA,2022-07-20,test,15,-3.227512532324673,-3.755213,-3.6535645652974016
UNH_2022_Q2_20220715,UNH,2022-07-15,test,15,-3.963812765219007,-4.15574,-4.279390343109389
UNP_2022_Q2_20220721,UNP,2022-07-21,test,15,-4.335286768905963,-4.04556,-4.293709955945176
VLO_2022_Q2_20220728,VLO,2022-07-28,test,15,-3.769462090804209,-4.006898,-3.580433226448309
WELL_2022_Q2_20220810,WELL,2022-08-10,test,15,-4.26905696270399,-4.119436,-4.319339142593934
WFC_2022_Q2_20220715,WFC,2022-07-15,test,15,-3.8372670252188734,-3.901729,-3.785098890971756
XEL_2022_Q2_20220728,XEL,2022-07-28,test,15,-4.670268064246028,-4.250952,-4.52102262543024
ABT_2022_Q3_20221019,ABT,2022-10-19,test,15,-3.762641254060557,-4.376078,-4.06441646876197
ADP_2023_Q1_20221026,ADP,2022-10-26,test,15,-3.8403487602574016,-3.904982,-4.039655161474703
AMD_2022_Q3_20221101,AMD,2022-11-01,test,15,-3.0781908920738035,-4.159099,-3.5440724503726178
AMT_2022_Q3_20221027,AMT,2022-10-27,test,15,-3.537219861459625,-4.161569,-3.5282076739050234
BAC_2022_Q3_20221017,BAC,2022-10-17,test,15,-3.859685798174181,-3.941624,-3.682394200879173
CAT_2022_Q3_20221027,CAT,2022-10-27,test,15,-3.68097965733836,-4.146804,-3.949459972183204
COP_2022_Q3_20221103,COP,2022-11-03,test,15,-3.4427664171969226,-3.700499,-3.887534422197312
CSGP_2022_Q3_20221025,CSGP,2022-10-25,test,15,-3.668084380833256,-3.857354,-3.970073748719486
DE_2022_Q4_20221123,DE,2022-11-23,test,15,-4.207176830529066,-4.388188,-4.475427398180281
GE_2022_Q3_20221025,GE,2022-10-25,test,15,-4.134086747587184,-4.174446,-3.70091719235728
HD_2022_Q3_20221115,HD,2022-11-15,test,15,-4.1309060346511615,-4.205958,-3.597843468109335
HON_2022_Q3_20221027,HON,2022-10-27,test,15,-4.102276516169822,-4.038772,-4.1398795833145945
LOW_2022_Q3_20221116,LOW,2022-11-16,test,15,-3.895785311825005,-3.98606,-3.467401009385745
META_2022_Q3_20221026,META,2022-10-26,test,15,-2.576642209727758,-4.134242,-3.4659695107773065
MPC_2022_Q3_20221101,MPC,2022-11-01,test,15,-3.855108831998048,-4.026754,-3.945663142677754
MSFT_2023_Q1_20221025,MSFT,2022-10-25,test,15,-3.301742873259452,-3.843755,-3.74853905991042
NEM_2022_Q3_20221101,NEM,2022-11-01,test,15,-3.2848882796180066,-3.730002,-4.05553533049968
O_2022_Q3_20221103,O,2022-11-03,test,15,-4.376391354117459,-3.68627,-4.025108116011348
PG_2023_Q1_20221019,PG,2022-10-19,test,15,-4.521703282680177,-4.449362,-4.266498411712098
PM_2022_Q3_20221020,PM,2022-10-20,test,15,-4.137578487631365,-4.397786,-4.070896538178722
SPGI_2022_Q3_20221027,SPGI,2022-10-27,test,15,-3.485669942787036,-4.257959,-3.867421130362133
SRE_2022_Q3_20221103,SRE,2022-11-03,test,15,-4.052329371688219,-4.330352,-4.2555673533453735
TMO_2022_Q3_20221026,TMO,2022-10-26,test,15,-3.5911011246862667,-3.835878,-3.808283781952987
TSLA_2022_Q3_20221019,TSLA,2022-10-19,test,15,-3.335857537877518,-4.073319,-3.172273950419544
UNH_2022_Q3_20221014,UNH,2022-10-14,test,15,-4.593014473743372,-4.08578,-4.320127124010033
UNP_2022_Q3_20221020,UNP,2022-10-20,test,15,-3.768117550834127,-4.087275,-4.026158231810476
VLO_2022_Q3_20221025,VLO,2022-10-25,test,15,-3.81575626847661,-4.03085,-3.423988652468952
WELL_2022_Q3_20221108,WELL,2022-11-08,test,15,-3.5013616462866337,-4.013032,-3.8392336831038674
WFC_2022_Q3_20221014,WFC,2022-10-14,test,15,-4.231475858311722,-3.814311,-3.7386755297832814
XEL_2022_Q3_20221027,XEL,2022-10-27,test,15,-4.006004666081409,-4.377728,-3.822668077982153
AAPL_2019_Q1_20190129,AAPL,2019-01-29,train,30,-4.154252394295685,,-3.541777744520316
AAPL_2019_Q2_20190430,AAPL,2019-04-30,train,30,-3.868775728203503,,-4.466730777136769
AAPL_2019_Q3_20190730,AAPL,2019-07-30,val,30,-3.848525840345893,,-4.515699820969688
AAPL_2019_Q4_20191030,AAPL,2019-10-30,val,30,-4.5167006669580365,,-4.361267712098163
AAPL_2020_Q1_20200128,AAPL,2020-01-28,train,30,-3.324286301741211,,-4.402736960253157
AAPL_2020_Q2_20200430,AAPL,2020-04-30,val,30,-4.13980848629411,,-3.3291123928920503
AAPL_2020_Q3_20200730,AAPL,2020-07-30,train,30,-3.368105371591278,,-4.069186720534196
AAPL_2020_Q4_20201029,AAPL,2020-10-29,train,30,-3.944947726928526,,-3.674074809657808
AAPL_2021_Q1_20210127,AAPL,2021-01-27,train,30,-3.8397379472188886,,-3.8880817557341016
AAPL_2021_Q2_20210428,AAPL,2021-04-28,train,30,-4.291411331452958,,-4.211607559183895
AAPL_2021_Q3_20210727,AAPL,2021-07-27,val,30,-4.546621057042986,,-4.405070557973904
AAPL_2021_Q4_20211028,AAPL,2021-10-28,train,30,-4.157559792487884,,-4.397064313568682
ABBV_2018_Q4_20190125,ABBV,2019-01-25,val,30,-4.098110429051669,,-3.879431015858872
ABBV_2019_Q1_20190425,ABBV,2019-04-25,train,30,-4.612946964091111,,-4.484698011287931
ABBV_2019_Q2_20190726,ABBV,2019-07-26,train,30,-4.349892504654438,,-3.4213872112971497
ABBV_2019_Q3_20191101,ABBV,2019-11-01,train,30,-4.358164292288333,,-4.374006080954158
ABBV_2019_Q4_20200207,ABBV,2020-02-07,train,30,-3.233023553915648,,-4.428548091192225
ABBV_2020_Q1_20200501,ABBV,2020-05-01,train,30,-3.962384005843653,,-3.517635837488875
ABBV_2020_Q2_20200731,ABBV,2020-07-31,train,30,-4.2936622320852,,-4.505240174919254
ABBV_2020_Q3_20201030,ABBV,2020-10-30,train,30,-3.900787078268505,,-4.414172397345294
ABBV_2020_Q4_20210203,ABBV,2021-02-03,train,30,-4.154761962342376,,-4.212888373888982
ABBV_2021_Q1_20210430,ABBV,2021-04-30,train,30,-4.548740806641202,,-4.5428703649766895
ABBV_2021_Q2_20210730,ABBV,2021-07-30,train,30,-4.092637470912277,,-4.857152132178774
ABBV_2021_Q3_20211029,ABBV,2021-10-29,val,30,-4.374066923015922,,-4.720732760183263
ACN_2019_Q2_20190328,ACN,2019-03-28,train,30,-4.485396299362892,,-4.915882424435723
ACN_2019_Q3_20190627,ACN,2019-06-27,train,30,-4.467068329595665,,-4.828967067086938
ACN_2019_Q4_20190926,ACN,2019-09-26,train,30,-4.466337536901219,,-4.313890591941806
ACN_2020_Q1_20191219,ACN,2019-12-19,val,30,-4.7264335476691794,,-4.996868640061768
ACN_2020_Q2_20200319,ACN,2020-03-19,train,30,-3.06451262807582,,-3.221885941581277
ACN_2020_Q3_20200625,ACN,2020-06-25,train,30,-4.138334649680121,,-3.840118545681038
ACN_2020_Q4_20200924,ACN,2020-09-24,train,30,-3.8713782489777167,,-4.282687644427704
ACN_2021_Q1_20201217,ACN,2020-12-17,train,30,-4.006570574604107,,-4.455717993318469
ACN_2021_Q2_20210318,ACN,2021-03-18,val,30,-4.635886946247772,,-4.2707964569342005
ACN_2021_Q3_20210624,ACN,2021-06-24,train,30,-4.789844931747305,,-4.611647878809458
ACN_2021_Q4_20210923,ACN,2021-09-23,train,30,-4.347280225612281,,-4.821456129120652
ACN_2022_Q1_20211216,ACN,2021-12-16,train,30,-3.7967656806515264,,-4.294388303330947
ADBE_2019_Q1_20190314,ADBE,2019-03-14,train,30,-4.395485315906602,,-4.604098600686023
ADBE_2019_Q2_20190618,ADBE,2019-06-18,val,30,-4.128023726093851,,-4.026906733441538
ADBE_2019_Q3_20190917,ADBE,2019-09-17,train,30,-4.195727735679963,,-4.167486934240729
ADBE_2019_Q4_20191212,ADBE,2019-12-12,val,30,-4.583609497123742,,-4.545845071106485
ADBE_2020_Q1_20200312,ADBE,2020-03-12,train,30,-2.8644859347978087,,-3.2892895293937303
ADBE_2020_Q2_20200611,ADBE,2020-06-11,train,30,-3.8082885882189976,,-4.061606308708659
ADBE_2020_Q3_20200915,ADBE,2020-09-15,val,30,-3.93343094114498,,-3.5253346665189365
ADBE_2020_Q4_20201210,ADBE,2020-12-10,val,30,-4.17201874273284,,-3.73326904023
ADBE_2021_Q1_20210323,ADBE,2021-03-23,val,30,-4.261511601183726,,-3.8933767657400966
ADBE_2021_Q2_20210617,ADBE,2021-06-17,train,30,-4.780608896609046,,-4.146803007406729
ADBE_2021_Q3_20210921,ADBE,2021-09-21,val,30,-4.087427563032664,,-4.530163137923713
ADBE_2021_Q4_20211216,ADBE,2021-12-16,val,30,-3.5605808739997133,,-3.5667352636416654
AEP_2018_Q4_20190124,AEP,2019-01-24,val,30,-4.921484639976242,,-4.33138737742883
AEP_2019_Q1_20190425,AEP,2019-04-25,train,30,-4.541524195727323,,-4.873678184358295
AEP_2019_Q2_20190725,AEP,2019-07-25,train,30,-4.598337352911586,,-4.803432013284644
AEP_2019_Q3_20191024,AEP,2019-10-24,train,30,-4.71539278461091,,-5.072488873065425
AEP_2019_Q4_20200220,AEP,2020-02-20,val,30,-2.9548456155322613,,-5.0090409317136695
AEP_2020_Q1_20200506,AEP,2020-05-06,val,30,-3.887058129133077,,-3.2582439171453563
AEP_2020_Q2_20200806,AEP,2020-08-06,val,30,-4.294697897788846,,-4.112686896526191
AEP_2020_Q3_20201022,AEP,2020-10-22,train,30,-4.357324316349645,,-4.52698688141179
AEP_2020_Q4_20210225,AEP,2021-02-25,train,30,-4.490259655158656,,-4.412217692904791
AEP_2021_Q1_20210422,AEP,2021-04-22,train,30,-4.786474339156978,,-4.735015679037355
AEP_2021_Q2_20210722,AEP,2021-07-22,val,30,-4.869918137173448,,-4.637998193925894
AEP_2021_Q3_20211028,AEP,2021-10-28,val,30,-4.554595773646559,,-4.632594665466589
APD_2019_Q1_20190125,APD,2019-01-25,train,30,-4.63910068599747,,-4.141628847486054
APD_2019_Q2_20190424,APD,2019-04-24,val,30,-4.248020431269547,,-5.181941508413864
APD_2019_Q3_20190725,APD,2019-07-25,val,30,-4.3738587557565705,,-4.881591323962272
APD_2019_Q4_20191107,APD,2019-11-07,train,30,-4.4408124764608985,,-4.214264445829461
APD_2020_Q1_20200124,APD,2020-01-24,train,30,-3.797799145345977,,-4.652855569926238
APD_2020_Q2_20200423,APD,2020-04-23,val,30,-4.054961414631877,,-2.8401904457207947
APD_2020_Q3_20200723,APD,2020-07-23,train,30,-4.3471000941560245,,-3.9359796299200416
APD_2020_Q4_20201111,APD,2020-11-11,train,30,-3.7403231147161136,,-4.082421526167501
APD_2021_Q1_20210204,APD,2021-02-04,train,30,-4.031286738588362,,-4.041639792931625
APD_2021_Q2_20210510,APD,2021-05-10,train,30,-4.54520634525058,,-4.469916906971914
APD_2021_Q3_20210809,APD,2021-08-09,train,30,-4.38246031758416,,-4.862076192932794
APD_2021_Q4_20211104,APD,2021-11-04,train,30,-4.54436182218177,,-4.583709976234712
AVGO_2019_Q1_20190314,AVGO,2019-03-14,val,30,-4.029265322055397,,-4.354987179462358
AVGO_2019_Q2_20190613,AVGO,2019-06-13,train,30,-3.870531047925424,,-3.852806107241392
AVGO_2019_Q3_20190912,AVGO,2019-09-12,train,30,-4.191325285807987,,-3.832849257644244
AVGO_2019_Q4_20191212,AVGO,2019-12-12,train,30,-4.037104670933008,,-4.336656722631006
AVGO_2020_Q1_20200312,AVGO,2020-03-12,train,30,-2.652933343355886,,-3.3278227166309
AVGO_2020_Q2_20200604,AVGO,2020-06-04,train,30,-3.897166789209856,,-3.826842839177591
AVGO_2020_Q3_20200903,AVGO,2020-09-03,train,30,-4.076865983814492,,-3.988663941714516
AVGO_2020_Q4_20201210,AVGO,2020-12-10,train,30,-4.246011800242642,,-4.065519536437523
AVGO_2021_Q1_20210304,AVGO,2021-03-04,train,30,-3.6634914529420106,,-3.780711179137496
AVGO_2021_Q2_20210603,AVGO,2021-06-03,train,30,-4.408512607166658,,-4.042722684164607
AVGO_2021_Q3_20210902,AVGO,2021-09-02,train,30,-4.408407171304198,,-4.709118451519378
AVGO_2021_Q4_20211209,AVGO,2021-12-09,train,30,-3.6825589756261103,,-4.212128458715057
AXP_2018_Q4_20190117,AXP,2019-01-17,train,30,-5.043981249995193,,-3.860614324147843
AXP_2019_Q1_20190418,AXP,2019-04-18,train,30,-4.515097632233762,,-4.681354316586242
AXP_2019_Q2_20190719,AXP,2019-07-19,train,30,-4.173940387688815,,-4.950334261274401
AXP_2019_Q3_20191018,AXP,2019-10-18,train,30,-4.685522085741742,,-4.503944335513173
AXP_2019_Q4_20200124,AXP,2020-01-24,val,30,-3.5855083865399,,-4.774941504373044
AXP_2020_Q1_20200424,AXP,2020-04-24,val,30,-3.195048673456915,,-2.479280023696866
AXP_2020_Q2_20200724,AXP,2020-07-24,train,30,-4.1062047509675725,,-3.727516947605268
AXP_2020_Q3_20201023,AXP,2020-10-23,val,30,-3.111458712077752,,-3.942853190782539
AXP_2020_Q4_20210126,AXP,2021-01-26,train,30,-3.862912235931971,,-4.102045010575934
AXP_2021_Q1_20210423,AXP,2021-04-23,val,30,-4.351544489868545,,-4.310722524238894
AXP_2021_Q2_20210723,AXP,2021-07-23,train,30,-4.40525901075442,,-4.004814258297146
AXP_2021_Q3_20211022,AXP,2021-10-22,train,30,-3.740055274938461,,-4.076576185184222
BA_2018_Q4_20190130,BA,2019-01-30,train,30,-3.8120372347743694,,-3.729083470200364
BA_2019_Q1_20190424,BA,2019-04-24,train,30,-4.140086877071664,,-3.9101659958113806
BA_2019_Q2_20190724,BA,2019-07-24,train,30,-3.948688539701895,,-4.010703787332962
BA_2019_Q3_20191023,BA,2019-10-23,train,30,-4.1609354164454455,,-3.996470765397426
BA_2019_Q4_20200129,BA,2020-01-29,train,30,-3.050375642026476,,-4.0818750094421015
BA_2020_Q1_20200429,BA,2020-04-29,train,30,-2.89106055709159,,-2.319631420732132
BA_2020_Q2_20200729,BA,2020-07-29,train,30,-3.597383576335165,,-3.25453924169396
BA_2020_Q3_20201028,BA,2020-10-28,train,30,-3.195456912733716,,-3.509973173998504
BA_2020_Q4_20210127,BA,2021-01-27,train,30,-3.497705633587828,,-4.083809220263463
BA_2021_Q1_20210428,BA,2021-04-28,train,30,-4.009961940416488,,-3.9390720902506313
BA_2021_Q2_20210728,BA,2021-07-28,train,30,-4.024890190569335,,-3.835607500960809
BA_2021_Q3_20211027,BA,2021-10-27,train,30,-3.530009596195754,,-4.1954915610483
BKNG_2018_Q4_20190227,BKNG,2019-02-27,val,30,-3.786262725130636,,-4.327892857073609
BKNG_2019_Q1_20190509,BKNG,2019-05-09,train,30,-3.992757697473892,,-4.663064007254118
BKNG_2019_Q2_20190807,BKNG,2019-08-07,train,30,-4.123477001490037,,-4.383097587585671
BKNG_2019_Q3_20191107,BKNG,2019-11-07,train,30,-4.689113396017387,,-4.075102309743835
BKNG_2019_Q4_20200226,BKNG,2020-02-27,train,30,-2.8182609408567023,,-3.8738610654318695
BKNG_2020_Q1_20200507,BKNG,2020-05-07,train,30,-3.325781641609084,,-3.236168341616512
BKNG_2020_Q2_20200806,BKNG,2020-08-06,val,30,-4.211560934297719,,-3.843639099813458
BKNG_2020_Q3_20201105,BKNG,2020-11-05,train,30,-3.2535215318480275,,-3.678700318063067
BKNG_2020_Q4_20210224,BKNG,2021-02-24,train,30,-3.764352467190443,,-3.64718392385138
BKNG_2021_Q1_20210506,BKNG,2021-05-05,train,30,-4.152351635307239,,-4.095457844620459
BKNG_2021_Q2_20210804,BKNG,2021-08-04,val,30,-4.026002565957752,,-4.150665666761667
BKNG_2021_Q3_20211103,BKNG,2021-11-03,train,30,-3.537838536545502,,-4.20847457506886
BLK_2018_Q4_20190116,BLK,2019-01-16,train,30,-4.506747112161793,,-3.882954003491848
BLK_2019_Q1_20190416,BLK,2019-04-16,train,30,-4.261938237368486,,-4.443436334519851
BLK_2019_Q2_20190719,BLK,2019-07-19,val,30,-4.066959347355828,,-4.649590076483038
BLK_2019_Q3_20191015,BLK,2019-10-15,train,30,-4.623885778797113,,-4.2596233003739234
BLK_2019_Q4_20200115,BLK,2020-01-15,val,30,-3.881756665050684,,-4.808188465613848
BLK_2020_Q1_20200416,BLK,2020-04-16,train,30,-3.5962223462537826,,-2.646414828296006
BLK_2020_Q2_20200717,BLK,2020-07-17,train,30,-4.520237369169298,,-4.083955845225004
BLK_2020_Q3_20201013,BLK,2020-10-13,train,30,-4.0225513058579,,-4.038833679540703
BLK_2020_Q4_20210114,BLK,2021-01-14,train,30,-4.085393071702972,,-4.409908031956388
BLK_2021_Q1_20210415,BLK,2021-04-15,train,30,-4.316672875318625,,-4.238792046203037
BLK_2021_Q2_20210714,BLK,2021-07-14,train,30,-4.300245096062085,,-4.362084928720678
BLK_2021_Q3_20211013,BLK,2021-10-13,train,30,-4.350698369277097,,-4.459273717325518
CCI_2018_Q4_20190124,CCI,2019-01-24,val,30,-4.901334463424647,,-4.257081116438227
CCI_2019_Q1_20190418,CCI,2019-04-18,train,30,-4.562794027023177,,-4.779481320491271
CCI_2019_Q2_20190718,CCI,2019-07-18,train,30,-4.363193278743046,,-4.593861419825793
CCI_2019_Q3_20191017,CCI,2019-10-17,train,30,-4.2092557150139625,,-4.342206421539187
CCI_2019_Q4_20200227,CCI,2020-02-27,val,30,-2.782895833561863,,-4.334820751643243
CCI_2020_Q1_20200430,CCI,2020-04-30,val,30,-3.729871748337079,,-3.071240637466589
CCI_2020_Q2_20200730,CCI,2020-07-30,val,30,-4.2399501570427445,,-4.093743764778001
CCI_2020_Q3_20201022,CCI,2020-10-22,train,30,-4.150862300441572,,-4.264251251569441
CCI_2020_Q4_20210128,CCI,2021-01-28,train,30,-4.181291737833479,,-4.375024807574501
CCI_2021_Q1_20210422,CCI,2021-04-22,val,30,-4.619533405701009,,-4.412940221461475
CCI_2021_Q2_20210722,CCI,2021-07-22,train,30,-4.388221343511257,,-4.61951181937834
CCI_2021_Q3_20211021,CCI,2021-10-21,val,30,-4.39695736278936,,-4.4244589113308175
CL_2018_Q4_20190125,CL,2019-01-25,train,30,-5.006112735826037,,-4.372719412309402
CL_2019_Q1_20190426,CL,2019-04-26,train,30,-4.393137634463624,,-4.940307850883599
CL_2019_Q2_20190726,CL,2019-07-26,val,30,-4.232750334791053,,-4.736775886358407
CL_2019_Q3_20191101,CL,2019-11-01,train,30,-4.682676763207643,,-4.596495241463333
CL_2019_Q4_20200131,CL,2020-01-31,train,30,-3.3965236497254008,,-4.822892158828983
CL_2020_Q1_20200501,CL,2020-05-01,val,30,-4.219961736883736,,-3.663229409164388
CL_2020_Q2_20200731,CL,2020-07-31,train,30,-4.571795663632384,,-4.782832927480914
CL_2020_Q3_20201030,CL,2020-10-30,train,30,-4.4757183309597,,-4.664365384024364
CL_2020_Q4_20210129,CL,2021-01-29,train,30,-4.64666880883174,,-4.767169629116622
CL_2021_Q1_20210430,CL,2021-04-30,train,30,-4.868104355891153,,-4.659124474723424
CL_2021_Q2_20210730,CL,2021-07-30,train,30,-4.482559203158541,,-4.889879637889794
CL_2021_Q3_20211029,CL,2021-10-29,train,30,-4.525919872527624,,-4.83946352439109
CMCSA_2018_Q4_20190123,CMCSA,2019-01-23,train,30,-4.206965006837807,,-4.247612180421836
CMCSA_2019_Q1_20190425,CMCSA,2019-04-25,train,30,-4.471520395045832,,-4.77106031297674
CMCSA_2019_Q2_20190725,CMCSA,2019-07-25,train,30,-4.152446738042049,,-4.607435620647783
CMCSA_2019_Q3_20191024,CMCSA,2019-10-24,val,30,-4.446956621999204,,-4.668720275885377
CMCSA_2019_Q4_20200123,CMCSA,2020-01-23,train,30,-3.840840345151726,,-4.564943822335079
CMCSA_2020_Q1_20200430,CMCSA,2020-04-30,train,30,-3.809434319004733,,-3.248793012534575
CMCSA_2020_Q2_20200730,CMCSA,2020-07-30,train,30,-4.580491071206254,,-4.348975713530934
CMCSA_2020_Q3_20201029,CMCSA,2020-10-29,val,30,-3.9564008789377767,,-4.101923379370136
CMCSA_2020_Q4_20210128,CMCSA,2021-01-28,train,30,-3.985024538728628,,-4.250965941959084
CMCSA_2021_Q1_20210429,CMCSA,2021-04-29,val,30,-4.128747922262751,,-4.532628482384275
CMCSA_2021_Q2_20210729,CMCSA,2021-07-29,train,30,-4.8418562898758735,,-4.54104287785228
CMCSA_2021_Q3_20211028,CMCSA,2021-10-28,train,30,-4.025797103485339,,-4.094506054397475
CMG_2018_Q4_20190206,CMG,2019-02-06,train,30,-3.800966005509088,,-3.9288807048916734
CMG_2019_Q1_20190424,CMG,2019-04-24,train,30,-3.882362109104225,,-4.572910445554601
CMG_2019_Q2_20190723,CMG,2019-07-23,train,30,-4.130584085904741,,-4.576590049220532
CMG_2019_Q3_20191022,CMG,2019-10-22,val,30,-4.112544480400312,,-4.237619672826971
CMG_2019_Q4_20200205,CMG,2020-02-05,val,30,-3.0590896701725927,,-4.727251893596546
CMG_2020_Q1_20200421,CMG,2020-04-21,train,30,-3.537542137812052,,-2.7418960451266265
CMG_2020_Q2_20200722,CMG,2020-07-22,train,30,-3.947186054456908,,-3.828831781524956
CMG_2020_Q3_20201021,CMG,2020-10-21,val,30,-3.673532231654786,,-4.270514360650371
CMG_2020_Q4_20210202,CMG,2021-02-02,val,30,-3.737874017373671,,-4.156723751508404
CMG_2021_Q1_20210421,CMG,2021-04-21,val,30,-4.27286693818596,,-4.247169314479386
CMG_2021_Q2_20210720,CMG,2021-07-20,train,30,-3.8016779944129935,,-4.43720799020595
CMG_2021_Q3_20211021,CMG,2021-10-21,train,30,-4.394819979057146,,-4.345331585434036
CRM_2019_Q4_20190304,CRM,2019-03-04,train,30,-4.329459465461476,,-4.150359996784341
CRM_2020_Q1_20190604,CRM,2019-06-04,val,30,-4.020348344433529,,-3.86846250360659
CRM_2020_Q2_20190822,CRM,2019-08-22,val,30,-4.241875316881748,,-4.201304445866296
CRM_2020_Q3_20191203,CRM,2019-12-03,train,30,-4.3104469165473605,,-4.522159607479602
CRM_2020_Q4_20200225,CRM,2020-02-25,train,30,-2.846922415435021,,-4.348692818745502
CRM_2021_Q1_20200528,CRM,2020-05-28,train,30,-3.851471258702024,,-3.622710832576761
CRM_2021_Q2_20200825,CRM,2020-08-25,train,30,-2.944994191951759,,-3.976110059364952
CRM_2021_Q3_20201201,CRM,2020-12-01,train,30,-3.920622570598806,,-3.679052362604669
CRM_2021_Q4_20210225,CRM,2021-02-25,train,30,-3.90908609061809,,-4.146864737928392
CRM_2022_Q1_20210527,CRM,2021-05-27,val,30,-4.242672192004394,,-4.208171826735865
CRM_2022_Q2_20210825,CRM,2021-08-25,train,30,-4.006719963749085,,-4.381698445219593
CRM_2022_Q3_20211130,CRM,2021-11-30,val,30,-3.4866075078605587,,-4.189792720249689
D_2018_Q4_20190201,D,2019-02-01,train,30,-5.144354611164663,,-4.207337282537178
D_2019_Q1_20190503,D,2019-05-03,val,30,-4.438495844554843,,-4.752461055237624
D_2019_Q2_20190731,D,2019-07-31,val,30,-4.533320303034052,,-4.84302109229038
D_2019_Q3_20191101,D,2019-11-01,train,30,-4.924550947795798,,-4.9206800993284725
D_2019_Q4_20200211,D,2020-02-11,val,30,-2.7337564689678504,,-4.953422932546824
D_2020_Q1_20200505,D,2020-05-05,train,30,-4.290983689462036,,-3.124539292278733
D_2020_Q2_20200731,D,2020-07-31,val,30,-4.644041809771793,,-3.7121935366309406
D_2020_Q3_20201105,D,2020-11-05,train,30,-4.296591245468038,,-4.563823880671452
D_2020_Q4_20210212,D,2021-02-12,val,30,-4.2355347893702255,,-4.509981103020647
D_2021_Q1_20210504,D,2021-05-04,train,30,-4.605278374724228,,-4.792382839359755
D_2021_Q2_20210806,D,2021-08-06,val,30,-4.6569370241808405,,-4.588272566742421
D_2021_Q3_20211105,D,2021-11-05,val,30,-4.201022857907292,,-4.342808573969488
DHR_2018_Q4_20190129,DHR,2019-01-29,val,30,-4.01448444981529,,-4.026242833031488
DHR_2019_Q1_20190418,DHR,2019-04-18,train,30,-4.662171258542139,,-4.607507558922541
DHR_2019_Q2_20190718,DHR,2019-07-18,val,30,-4.27707250799275,,-4.814012543592913
DHR_2019_Q3_20191024,DHR,2019-10-24,train,30,-4.375778269761006,,-4.345511945317631
DHR_2019_Q4_20200130,DHR,2020-01-30,train,30,-3.598178369296711,,-4.961915397309529
DHR_2020_Q1_20200507,DHR,2020-05-07,train,30,-4.196533256357894,,-3.544964438450631
DHR_2020_Q2_20200723,DHR,2020-07-23,val,30,-4.47017677920351,,-4.223128386206489
DHR_2020_Q3_20201022,DHR,2020-10-22,val,30,-3.93689552119432,,-4.531706595331948
DHR_2020_Q4_20210128,DHR,2021-01-28,train,30,-3.959944793003432,,-4.172349236928287
DHR_2021_Q1_20210422,DHR,2021-04-22,val,30,-4.21812001280993,,-4.203575462443098
DHR_2021_Q2_20210722,DHR,2021-07-22,train,30,-4.604641872271957,,-4.354288321138289
DHR_2021_Q3_20211021,DHR,2021-10-21,val,30,-4.161799487685926,,-4.409106682216431
DIS_2019_Q1_20190205,DIS,2019-02-05,train,30,-4.65750568488719,,-4.125259123271829
DIS_2019_Q2_20190508,DIS,2019-05-08,train,30,-4.438499749281469,,-3.787433888658586
DIS_2019_Q3_20190806,DIS,2019-08-06,train,30,-4.095962516195251,,-4.678595145443144
DIS_2019_Q4_20191107,DIS,2019-11-07,val,30,-4.070497783170108,,-4.685704187443015
DIS_2020_Q1_20200204,DIS,2020-02-04,val,30,-3.106576923005552,,-4.386055160247456
DIS_2020_Q2_20200505,DIS,2020-05-05,train,30,-3.5353752743366926,,-3.172146874100524
DIS_2020_Q3_20200804,DIS,2020-08-04,train,30,-3.9208106336955386,,-4.213680002486101
DIS_2020_Q4_20201112,DIS,2020-11-12,val,30,-3.52572947848324,,-3.5898931644075427
DIS_2021_Q1_20210211,DIS,2021-02-11,val,30,-3.861690873466879,,-3.938482181219367
DIS_2021_Q2_20210513,DIS,2021-05-13,val,30,-4.6406967433793325,,-4.5860457745811125
DIS_2021_Q3_20210812,DIS,2021-08-12,val,30,-4.299892250395327,,-4.204026657766632
DIS_2021_Q4_20211110,DIS,2021-11-10,train,30,-3.953809230168755,,-4.276662005557933
DLR_2018_Q4_20190205,DLR,2019-02-05,val,30,-4.386362612381159,,-4.072988979867753
DLR_2019_Q1_20190425,DLR,2019-04-25,train,30,-4.516535673950429,,-4.6080927161651655
DLR_2019_Q2_20190730,DLR,2019-07-30,train,30,-4.520693556872983,,-4.320469286322261
DLR_2019_Q3_20191029,DLR,2019-10-29,train,30,-4.456582823005116,,-4.647432604010577
DLR_2019_Q4_20200213,DLR,2020-02-13,train,30,-2.812260755297176,,-4.46342782540864
DLR_2020_Q1_20200507,DLR,2020-05-07,train,30,-3.70370877644438,,-3.487051509805989
DLR_2020_Q2_20200730,DLR,2020-07-30,val,30,-4.102720461338613,,-4.070155893314717
DLR_2020_Q3_20201029,DLR,2020-10-29,train,30,-3.893993775324066,,-4.328012432107479
DLR_2020_Q4_20210211,DLR,2021-02-11,val,30,-4.087335639977884,,-4.195384928516933
DLR_2021_Q1_20210429,DLR,2021-04-29,train,30,-4.441686409859858,,-4.241786585694217
DLR_2021_Q2_20210729,DLR,2021-07-29,val,30,-4.254505777836955,,-4.565008345466956
DLR_2021_Q3_20211027,DLR,2021-10-26,train,30,-4.329463063456845,,-4.19320766217686
DUK_2018_Q4_20190214,DUK,2019-02-14,train,30,-5.087124908085525,,-4.749695212687449
DUK_2019_Q1_20190509,DUK,2019-05-09,train,30,-4.7178584411385085,,-4.858242423955884
DUK_2019_Q2_20190806,DUK,2019-08-06,val,30,-4.936726794226273,,-4.791500008367628
DUK_2019_Q3_20191108,DUK,2019-11-08,val,30,-4.647200468841285,,-4.969581803140078
DUK_2019_Q4_20200213,DUK,2020-02-13,val,30,-2.8354779765009743,,-5.147811281945962
DUK_2020_Q1_20200512,DUK,2020-05-12,train,30,-4.043629758594936,,-3.4668553074447366
DUK_2020_Q2_20200810,DUK,2020-08-10,val,30,-4.479284045904891,,-4.148042222945135
DUK_2020_Q3_20201105,DUK,2020-11-05,val,30,-4.341807423620117,,-4.085733948122455
DUK_2020_Q4_20210211,DUK,2021-02-11,train,30,-4.46561585752338,,-4.411650417555308
DUK_2021_Q1_20210510,DUK,2021-05-10,train,30,-4.409323336988666,,-4.873434281334587
DUK_2021_Q2_20210805,DUK,2021-08-05,train,30,-4.68067416807583,,-4.85838699251104
DUK_2021_Q3_20211104,DUK,2021-11-04,val,30,-4.483490887794548,,-4.736599085186307
EA_2019_Q3_20190205,EA,2019-02-05,train,30,-3.1213404912454243,,-3.66152193529625
EA_2019_Q4_20190507,EA,2019-05-07,val,30,-3.911523565116477,,-4.134579034206669
EA_2020_Q1_20190730,EA,2019-07-30,val,30,-3.856860909895945,,-3.988175788418508
EA_2020_Q2_20191029,EA,2019-10-29,train,30,-4.485963404568456,,-4.377352216352299
EA_2020_Q3_20200130,EA,2020-01-30,train,30,-3.5875235778159005,,-4.822753778802112
EA_2020_Q4_20200505,EA,2020-05-05,val,30,-4.031232487650547,,-3.492697289902296
EA_2021_Q1_20200730,EA,2020-07-30,train,30,-3.914280030537949,,-4.293394801348733
EA_2021_Q2_20201105,EA,2020-11-05,val,30,-3.957700878735012,,-4.042904551374527
EA_2021_Q3_20210202,EA,2021-02-02,train,30,-3.963944941893534,,-4.156667555061566
EA_2021_Q4_20210511,EA,2021-05-11,train,30,-4.5372945876834265,,-4.376862353012735
EA_2022_Q1_20210804,EA,2021-08-04,train,30,-4.272429748330818,,-4.424938680692633
EA_2022_Q2_20211103,EA,2021-11-03,val,30,-4.003431563409273,,-3.9989629877121
ECL_2018_Q4_20190219,ECL,2019-02-19,train,30,-4.958526075983059,,-4.722370303524233
ECL_2019_Q1_20190430,ECL,2019-04-30,train,30,-4.615751777976601,,-4.948540801647323
ECL_2019_Q2_20190730,ECL,2019-07-30,train,30,-4.207332425437111,,-4.328430475134436
ECL_2019_Q3_20191029,ECL,2019-10-29,train,30,-4.695469275856818,,-4.706513709983973
ECL_2019_Q4_20200218,ECL,2020-02-18,train,30,-2.711607525785932,,-4.715118557000551
ECL_2020_Q1_20200428,ECL,2020-04-28,val,30,-3.95028074639364,,-2.751891924670978
ECL_2020_Q2_20200728,ECL,2020-07-28,train,30,-3.8309500499349913,,-4.248018104518127
ECL_2020_Q3_20201027,ECL,2020-10-27,train,30,-3.701402021075389,,-4.378867101101696
ECL_2020_Q4_20210216,ECL,2021-02-16,val,30,-4.23776384167129,,-4.117355093762435
ECL_2021_Q1_20210427,ECL,2021-04-27,val,30,-4.344877432265967,,-4.4889261090629935
ECL_2021_Q2_20210727,ECL,2021-07-27,train,30,-5.09066905555162,,-4.51767202604885
ECL_2021_Q3_20211026,ECL,2021-10-26,train,30,-4.118330234459316,,-4.387736266564712
EOG_2018_Q4_20190227,EOG,2019-02-27,train,30,-3.833944491683547,,-4.106015245546535
EOG_2019_Q1_20190503,EOG,2019-05-03,train,30,-4.002270928327087,,-3.7162397600783295
EOG_2019_Q2_20190802,EOG,2019-08-02,train,30,-3.828615777780855,,-3.854070321844878
EOG_2019_Q3_20191107,EOG,2019-11-07,train,30,-3.8506714244706894,,-3.816222002411488
EOG_2019_Q4_20200228,EOG,2020-02-28,val,30,-2.3874878939634727,,-3.6775104454589
EOG_2020_Q1_20200508,EOG,2020-05-08,val,30,-3.209458719209639,,-2.928764737837614
EOG_2020_Q2_20200807,EOG,2020-08-07,val,30,-3.499768672251986,,-3.528780804754497
EOG_2020_Q3_20201106,EOG,2020-11-06,train,30,-2.988479836241961,,-3.541073020947231
EOG_2020_Q4_20210226,EOG,2021-02-25,train,30,-3.428105393915857,,-3.2612399858620496
EOG_2021_Q1_20210507,EOG,2021-05-07,train,30,-3.695831003707729,,-3.733889332513839
EOG_2021_Q2_20210805,EOG,2021-08-05,val,30,-3.703822342848672,,-3.695825036579144
EOG_2021_Q3_20211105,EOG,2021-11-05,train,30,-3.717240122565047,,-3.894898148834241
EQIX_2018_Q4_20190213,EQIX,2019-02-13,train,30,-4.114273864850343,,-4.256721397981743
EQIX_2019_Q1_20190501,EQIX,2019-05-02,train,30,-4.371971801038163,,-4.72180019454026
EQIX_2019_Q2_20190731,EQIX,2019-07-31,val,30,-4.168931339481272,,-4.41985802107917
EQIX_2019_Q3_20191030,EQIX,2019-10-30,train,30,-4.235948072370612,,-4.513458094252951
EQIX_2019_Q4_20200212,EQIX,2020-02-12,train,30,-2.9414098928336525,,-4.65773269554147
EQIX_2020_Q1_20200506,EQIX,2020-05-06,train,30,-3.895208651897479,,-3.4105144382863006
EQIX_2020_Q2_20200729,EQIX,2020-07-29,train,30,-4.20859029612276,,-4.268524261793062
EQIX_2020_Q3_20201028,EQIX,2020-10-28,train,30,-3.837772288891558,,-4.30936410620852
EQIX_2020_Q4_20210210,EQIX,2021-02-10,val,30,-3.855046975316746,,-4.204132953871895
EQIX_2021_Q1_20210428,EQIX,2021-04-28,val,30,-4.361008671134016,,-4.2652783001639385
EQIX_2021_Q2_20210728,EQIX,2021-07-28,train,30,-3.964032922259269,,-4.480656042440817
EQIX_2021_Q3_20211103,EQIX,2021-11-03,train,30,-4.118904873596293,,-4.217344851364385
ETN_2018_Q4_20190131,ETN,2019-01-31,train,30,-4.509316792379924,,-4.056095889530694
ETN_2019_Q1_20190430,ETN,2019-04-30,val,30,-4.292724352975453,,-4.526012741417202
ETN_2019_Q2_20190730,ETN,2019-07-30,train,30,-3.8925659206563816,,-4.3200778889894
ETN_2019_Q3_20191029,ETN,2019-10-29,val,30,-4.595474742256041,,-4.154717196169958
ETN_2019_Q4_20200204,ETN,2020-02-04,train,30,-3.00217207993662,,-4.523096526517061
ETN_2020_Q1_20200430,ETN,2020-04-30,val,30,-3.487481079881886,,-2.7693392231990765
ETN_2020_Q2_20200729,ETN,2020-07-29,train,30,-4.148064807923638,,-4.0954916528468575
ETN_2020_Q3_20201103,ETN,2020-11-03,train,30,-3.935286606156952,,-4.211405176239391
ETN_2020_Q4_20210202,ETN,2021-02-02,train,30,-4.300005648304259,,-3.978516587119332
ETN_2021_Q1_20210504,ETN,2021-05-04,train,30,-4.693357522207482,,-4.594064659688748
ETN_2021_Q2_20210803,ETN,2021-08-03,train,30,-4.483925909353798,,-4.446438074344686
ETN_2021_Q3_20211102,ETN,2021-11-02,train,30,-4.174187058648269,,-4.312366106595683
FCX_2018_Q4_20190124,FCX,2019-01-24,val,30,-3.2182240734449663,,-3.648249408753516
FCX_2019_Q1_20190425,FCX,2019-04-25,train,30,-3.589913334158054,,-3.9235755616483
FCX_2019_Q2_20190724,FCX,2019-07-24,train,30,-3.733148206593352,,-4.315463158124977
FCX_2019_Q3_20191023,FCX,2019-10-23,val,30,-3.518024232446687,,-3.722375932447332
FCX_2019_Q4_20200123,FCX,2020-01-23,val,30,-3.365906629370859,,-3.8965123102390686
FCX_2020_Q1_20200424,FCX,2020-04-24,train,30,-3.3271752546370266,,-2.3862457287838663
FCX_2020_Q2_20200723,FCX,2020-07-23,train,30,-3.5923223898397927,,-3.248578026567035
FCX_2020_Q3_20201022,FCX,2020-10-22,val,30,-3.606700471048777,,-3.505751375358266
FCX_2020_Q4_20210126,FCX,2021-01-26,val,30,-3.1709095866242336,,-3.465439928839006
FCX_2021_Q1_20210422,FCX,2021-04-22,train,30,-3.4144585495244995,,-3.334638688773261
FCX_2021_Q2_20210722,FCX,2021-07-22,val,30,-3.5675054567640267,,-3.6642385703910367
FCX_2021_Q3_20211021,FCX,2021-10-21,train,30,-3.5018497721375788,,-3.44177663217623
GOOG_2018_Q4_20190204,GOOG,2019-02-04,train,30,-4.455441669340774,,-3.859342689786223
GOOG_2019_Q1_20190429,GOOG,2019-04-29,val,30,-3.8202174526203296,,-4.718359505241739
GOOG_2019_Q2_20190725,GOOG,2019-07-25,train,30,-3.705528532516951,,-4.679424961320689
GOOG_2019_Q3_20191028,GOOG,2019-10-28,train,30,-4.710288395161185,,-4.521152362130915
GOOG_2019_Q4_20200203,GOOG,2020-02-03,val,30,-3.1956838237456515,,-4.410803960997813
GOOG_2020_Q1_20200428,GOOG,2020-04-28,train,30,-3.975715325617607,,-3.4276104653508304
GOOG_2020_Q2_20200730,GOOG,2020-07-30,train,30,-3.9234606751240673,,-3.999062053628797
GOOG_2020_Q3_20201029,GOOG,2020-10-29,train,30,-4.151063987749031,,-3.851386103605329
GOOG_2020_Q4_20210202,GOOG,2021-02-02,train,30,-3.888006951138807,,-3.9732875152704654
GOOG_2021_Q1_20210427,GOOG,2021-04-27,val,30,-4.241262503877219,,-4.351105465688415
GOOG_2021_Q2_20210727,GOOG,2021-07-27,train,30,-4.953469529189668,,-4.559331398638463
GOOG_2021_Q3_20211026,GOOG,2021-10-26,train,30,-4.10380827903944,,-4.218605697200796
GS_2018_Q4_20190116,GS,2019-01-16,train,30,-3.87626773636853,,-3.892839027580032
GS_2019_Q1_20190415,GS,2019-04-15,val,30,-4.226637924914983,,-4.361286088749475
GS_2019_Q2_20190716,GS,2019-07-16,val,30,-4.028582446143923,,-4.376029359836895
GS_2019_Q3_20191015,GS,2019-10-15,train,30,-4.6977353664801305,,-4.245433674311412
GS_2019_Q4_20200115,GS,2020-01-15,train,30,-4.166296607544969,,-4.402382935968641
GS_2020_Q1_20200415,GS,2020-04-15,train,30,-3.489506214126171,,-2.620374028777587
GS_2020_Q2_20200715,GS,2020-07-15,val,30,-4.39672013382082,,-3.403128003867145
GS_2020_Q3_20201014,GS,2020-10-14,train,30,-3.8722842542890334,,-3.981071438769477
GS_2020_Q4_20210119,GS,2021-01-19,val,30,-4.025691043086291,,-3.95542251329555
GS_2021_Q1_20210414,GS,2021-04-14,train,30,-4.187924842435677,,-4.329246031778738
GS_2021_Q2_20210713,GS,2021-07-13,train,30,-4.25074596813324,,-4.097633808623996
GS_2021_Q3_20211015,GS,2021-10-15,val,30,-4.171718143250085,,-4.212616239087409
JNJ_2018_Q4_20190122,JNJ,2019-01-22,train,30,-4.852819684880708,,-3.767325329875058
JNJ_2019_Q1_20190416,JNJ,2019-04-16,val,30,-4.571523967386199,,-5.1165562041261765
JNJ_2019_Q2_20190716,JNJ,2019-07-16,val,30,-4.551334887710344,,-4.457692585185475
JNJ_2019_Q3_20191015,JNJ,2019-10-15,val,30,-4.160494767691231,,-4.637648110619984
JNJ_2019_Q4_20200122,JNJ,2020-01-22,train,30,-4.016151498166357,,-5.280327580884491
JNJ_2020_Q1_20200414,JNJ,2020-04-14,val,30,-4.339185891138234,,-3.079537765546634
JNJ_2020_Q2_20200716,JNJ,2020-07-16,train,30,-5.046638492047268,,-4.335469012895104
JNJ_2020_Q3_20201013,JNJ,2020-10-13,train,30,-4.389733179647046,,-4.43185623276791
JNJ_2020_Q4_20210126,JNJ,2021-01-26,train,30,-4.318523227703285,,-4.599956614439074
JNJ_2021_Q1_20210420,JNJ,2021-04-20,val,30,-4.70718992618592,,-5.023394428572655
JNJ_2021_Q2_20210721,JNJ,2021-07-21,train,30,-5.082515135052974,,-4.803768421426702
JNJ_2021_Q3_20211019,JNJ,2021-10-19,train,30,-4.699030721553847,,-4.86172060650528
JPM_2018_Q4_20190115,JPM,2019-01-15,train,30,-4.67574889229398,,-4.077025843119455
JPM_2019_Q1_20190412,JPM,2019-04-12,train,30,-4.290935556271728,,-4.477388138535082
JPM_2019_Q2_20190716,JPM,2019-07-16,val,30,-4.174565022118485,,-4.579996837253775
JPM_2019_Q3_20191015,JPM,2019-10-15,val,30,-4.740400989150305,,-4.387441005193574
JPM_2019_Q4_20200114,JPM,2020-01-14,train,30,-4.258296076829313,,-4.6457615699324855
JPM_2020_Q1_20200414,JPM,2020-04-14,train,30,-3.386741952022556,,-2.600117369802464
JPM_2020_Q2_20200714,JPM,2020-07-14,train,30,-4.201205286206441,,-3.487641041832395
JPM_2020_Q3_20201013,JPM,2020-10-13,train,30,-3.483724837752604,,-4.101285569729062
JPM_2020_Q4_20210115,JPM,2021-01-15,train,30,-4.194126998265166,,-4.202264629551018
JPM_2021_Q1_20210414,JPM,2021-04-14,val,30,-4.367118928671352,,-4.370533404003067
JPM_2021_Q2_20210713,JPM,2021-07-13,train,30,-4.336750605852036,,-4.341819524088007
JPM_2021_Q3_20211013,JPM,2021-10-13,train,30,-4.434801510070708,,-4.311390172300566
KO_2018_Q4_20190214,KO,2019-02-14,val,30,-4.040586619388117,,-4.70531902191709
KO_2019_Q1_20190423,KO,2019-04-23,train,30,-4.636750449251001,,-4.977808494923161
KO_2019_Q2_20190723,KO,2019-07-23,train,30,-4.192325597292779,,-5.107315916448786
KO_2019_Q3_20191018,KO,2019-10-18,val,30,-4.737670712327133,,-4.782487364279575
KO_2019_Q4_20200130,KO,2020-01-30,train,30,-3.528369994409446,,-5.045785023426412
KO_2020_Q1_20200421,KO,2020-04-21,train,30,-4.070631165886015,,-3.060538943807405
KO_2020_Q2_20200721,KO,2020-07-21,val,30,-4.457817030679661,,-4.019808434144733
KO_2020_Q3_20201022,KO,2020-10-22,val,30,-4.095120747525001,,-4.476331823900154
KO_2020_Q4_20210210,KO,2021-02-10,train,30,-4.561855119385707,,-4.295338560982627
KO_2021_Q1_20210419,KO,2021-04-19,val,30,-5.042454133811543,,-4.706156313529973
KO_2021_Q2_20210721,KO,2021-07-21,train,30,-5.044155313561825,,-4.79413719963155
KO_2021_Q3_20211027,KO,2021-10-27,val,30,-4.43700110251441,,-4.954169057574949
LLY_2018_Q4_20190206,LLY,2019-02-06,val,30,-4.527737501145264,,-4.094955741181137
LLY_2019_Q1_20190430,LLY,2019-04-30,val,30,-4.493891422792385,,-4.380874384759838
LLY_2019_Q2_20190730,LLY,2019-07-30,train,30,-4.149822430001799,,-4.305702511330753
LLY_2019_Q3_20191023,LLY,2019-10-23,val,30,-4.480480986733806,,-4.444596298510473
LLY_2019_Q4_20200130,LLY,2020-01-30,train,30,-3.495696655640459,,-4.64099148227669
LLY_2020_Q1_20200423,LLY,2020-04-23,train,30,-4.144143645494458,,-3.029415779785164
LLY_2020_Q2_20200730,LLY,2020-07-30,train,30,-4.183640035144258,,-4.3699491246767375
LLY_2020_Q3_20201027,LLY,2020-10-27,train,30,-3.479828166182998,,-4.174345163520329
LLY_2020_Q4_20210129,LLY,2021-01-29,val,30,-4.255554130205972,,-3.569813075490224
LLY_2021_Q1_20210427,LLY,2021-04-27,train,30,-3.8835548640281137,,-3.932010454338968
LLY_2021_Q2_20210803,LLY,2021-08-03,val,30,-4.064929477478279,,-4.125467462585583
LLY_2021_Q3_20211026,LLY,2021-10-26,train,30,-4.249314552871928,,-4.238223158557671
MA_2018_Q4_20190131,MA,2019-01-31,train,30,-4.68881727334361,,-3.8056616126366913
MA_2019_Q1_20190430,MA,2019-04-30,train,30,-4.110579913992602,,-4.790928608048226
MA_2019_Q2_20190730,MA,2019-07-30,val,30,-3.895517162326262,,-4.737413608578265
MA_2019_Q3_20191029,MA,2019-10-29,train,30,-4.69530596765946,,-4.154063304796429
MA_2019_Q4_20200129,MA,2020-01-29,train,30,-3.406677866301093,,-4.604730923585459
MA_2020_Q1_20200429,MA,2020-04-29,val,30,-3.827119746056883,,-2.9385312913111563
MA_2020_Q2_20200730,MA,2020-07-30,val,30,-4.030877649726019,,-4.01163688213653
MA_2020_Q3_20201028,MA,2020-10-28,train,30,-3.5438096038479308,,-4.177072343427575
MA_2020_Q4_20210128,MA,2021-01-28,val,30,-3.8910879994390166,,-4.023571047630071
MA_2021_Q1_20210429,MA,2021-04-29,val,30,-4.398178261349705,,-4.313704159422326
MA_2021_Q2_20210729,MA,2021-07-29,train,30,-4.440536264098848,,-4.083887615306639
MA_2021_Q3_20211028,MA,2021-10-28,train,30,-3.6668047478002688,,-3.91528233870362
MCD_2018_Q4_20190130,MCD,2019-01-30,train,30,-4.723949580079863,,-4.4319009170071
MCD_2019_Q1_20190430,MCD,2019-04-30,train,30,-4.78663241359566,,-5.032439274251696
MCD_2019_Q2_20190726,MCD,2019-07-26,val,30,-4.550968338430667,,-5.031535037932754
MCD_2019_Q3_20191022,MCD,2019-10-22,train,30,-4.29861586670914,,-4.507310516674271
MCD_2019_Q4_20200129,MCD,2020-01-29,val,30,-3.6389633973234927,,-4.960250677982862
MCD_2020_Q1_20200430,MCD,2020-04-30,train,30,-4.019956843509963,,-3.0051557812753096
MCD_2020_Q2_20200728,MCD,2020-07-28,train,30,-4.651073231314517,,-4.4229689491032005
MCD_2020_Q3_20201109,MCD,2020-11-09,train,30,-4.521764475227715,,-4.508895481777869
MCD_2020_Q4_20210128,MCD,2021-01-28,val,30,-4.638050626008701,,-4.372756723434547
MCD_2021_Q1_20210429,MCD,2021-04-29,train,30,-4.83018671123793,,-4.843182114982501
MCD_2021_Q2_20210728,MCD,2021-07-28,train,30,-4.84716977897997,,-4.650083502418772
MCD_2021_Q3_20211027,MCD,2021-10-27,train,30,-4.464820924261828,,-4.815060343340372
MDLZ_2018_Q4_20190130,MDLZ,2019-01-30,train,30,-4.386292174735472,,-4.412624160088445
MDLZ_2019_Q1_20190430,MDLZ,2019-04-30,train,30,-4.676274148664241,,-5.344421945841166
MDLZ_2019_Q2_20190730,MDLZ,2019-07-30,val,30,-4.25419357261947,,-4.937071883002027
MDLZ_2019_Q3_20191029,MDLZ,2019-10-29,train,30,-5.025592196551092,,-4.63215653216893
MDLZ_2019_Q4_20200129,MDLZ,2020-01-29,train,30,-3.470861290387321,,-5.0560186346849205
MDLZ_2020_Q1_20200428,MDLZ,2020-04-28,val,30,-4.416581779019805,,-3.273080003920977
MDLZ_2020_Q2_20200728,MDLZ,2020-07-28,train,30,-4.560428185374094,,-4.401471865387339
MDLZ_2020_Q3_20201102,MDLZ,2020-11-02,train,30,-4.778773507021294,,-4.324751525389707
MDLZ_2020_Q4_20210128,MDLZ,2021-01-28,val,30,-4.279713187160215,,-4.72993825767652
MDLZ_2021_Q1_20210427,MDLZ,2021-04-27,val,30,-4.774873161052279,,-4.91911475030513
MDLZ_2021_Q2_20210727,MDLZ,2021-07-27,train,30,-4.525965852107071,,-4.935058785820058
MDLZ_2021_Q3_20211102,MDLZ,2021-11-02,val,30,-4.395476902304042,,-4.74760724568496
MO_2018_Q4_20190131,MO,2019-01-31,train,30,-4.46003397168787,,-3.821613806219452
MO_2019_Q1_20190425,MO,2019-04-25,val,30,-3.984160614977528,,-4.246684414475027
MO_2019_Q2_20190730,MO,2019-07-30,val,30,-4.1161162767566,,-4.351857978238522
MO_2019_Q3_20191031,MO,2019-10-31,train,30,-4.375080409998768,,-4.382346638748396
MO_2019_Q4_20200130,MO,2020-01-30,train,30,-3.5334468508611803,,-4.915989846070613
MO_2020_Q1_20200430,MO,2020-04-30,val,30,-3.8165382218704127,,-3.276473556546837
MO_2020_Q2_20200728,MO,2020-07-28,train,30,-4.521933050717833,,-4.072546196839028
MO_2020_Q3_20201030,MO,2020-10-30,train,30,-4.144561142068808,,-4.285441158927304
MO_2020_Q4_20210128,MO,2021-01-28,train,30,-4.222520645719065,,-4.573125666853745
MO_2021_Q1_20210429,MO,2021-04-29,train,30,-4.513956838702335,,-3.969059692741637
MO_2021_Q2_20210729,MO,2021-07-29,train,30,-4.785776517578198,,-4.573722349558059
MO_2021_Q3_20211028,MO,2021-10-28,val,30,-4.242062783756352,,-4.224480728961785
MRK_2018_Q4_20190201,MRK,2019-02-01,train,30,-4.744303162033434,,-4.190562344576085
MRK_2019_Q1_20190430,MRK,2019-04-30,train,30,-4.621541685152546,,-4.446146052879728
MRK_2019_Q2_20190730,MRK,2019-07-30,train,30,-4.316958279297313,,-4.319551168891651
MRK_2019_Q3_20191029,MRK,2019-10-29,train,30,-4.594355780118457,,-4.337124715530172
MRK_2019_Q4_20200205,MRK,2020-02-05,val,30,-3.4147081440415623,,-4.4737642059204505
MRK_2020_Q1_20200428,MRK,2020-04-28,train,30,-4.187034700421584,,-3.235052541724792
MRK_2020_Q2_20200731,MRK,2020-07-31,train,30,-4.405743554440055,,-4.463284986889444
MRK_2020_Q3_20201027,MRK,2020-10-27,train,30,-4.352435920169618,,-4.542294609380816
MRK_2020_Q4_20210204,MRK,2021-02-04,train,30,-4.562736340331354,,-4.337213955508678
MRK_2021_Q1_20210429,MRK,2021-04-29,val,30,-4.2037002544706095,,-4.773806699491304
MRK_2021_Q2_20210729,MRK,2021-07-29,val,30,-4.708900800132929,,-4.9570634470020325
MRK_2021_Q3_20211028,MRK,2021-10-28,train,30,-3.631925139016678,,-3.960659991659627
NEE_2018_Q4_20190125,NEE,2019-01-25,train,30,-4.624099512526166,,-4.32876994216454
NEE_2019_Q1_20190423,NEE,2019-04-23,train,30,-4.838269392997298,,-4.984953953729587
NEE_2019_Q2_20190724,NEE,2019-07-24,train,30,-4.639363269219772,,-4.852677434729779
NEE_2019_Q3_20191022,NEE,2019-10-22,train,30,-4.577824166893152,,-4.787074231669859
NEE_2019_Q4_20200124,NEE,2020-01-24,train,30,-3.8473583406954113,,-4.918705098729829
NEE_2020_Q1_20200422,NEE,2020-04-22,train,30,-3.903822865530106,,-2.801076330974735
NEE_2020_Q2_20200724,NEE,2020-07-24,train,30,-4.309212479206554,,-4.101369583156564
NEE_2020_Q3_20201021,NEE,2020-10-21,val,30,-4.2828887545909975,,-3.99458440112672
NEE_2020_Q4_20210126,NEE,2021-01-26,val,30,-3.8591440882817913,,-4.169806686479952
NEE_2021_Q1_20210421,NEE,2021-04-21,train,30,-4.398105818826629,,-4.211068357361851
NEE_2021_Q2_20210723,NEE,2021-07-23,train,30,-4.75752443681196,,-4.570403774297252
NEE_2021_Q3_20211020,NEE,2021-10-20,train,30,-4.519436505924853,,-4.352915967853921
NKE_2019_Q3_20190321,NKE,2019-03-21,train,30,-4.183437479409256,,-4.704599892598376
NKE_2019_Q4_20190627,NKE,2019-06-27,train,30,-4.270524106483532,,-4.14120423508346
NKE_2020_Q1_20190924,NKE,2019-09-24,train,30,-4.326154253714219,,-4.187517931169019
NKE_2020_Q2_20191219,NKE,2019-12-19,train,30,-4.5276371654476,,-4.718857427445387
NKE_2020_Q3_20200324,NKE,2020-03-24,train,30,-3.4407352848530044,,-2.989155010503336
NKE_2020_Q4_20200625,NKE,2020-06-25,val,30,-3.880096244179773,,-3.78808637567574
NKE_2021_Q1_20200922,NKE,2020-09-22,train,30,-3.8727666698411016,,-4.243535755684739
NKE_2021_Q2_20201218,NKE,2020-12-18,val,30,-4.097208811346977,,-4.637773673973947
NKE_2021_Q3_20210318,NKE,2021-03-18,train,30,-4.012101281327944,,-4.160044412119346
NKE_2021_Q4_20210624,NKE,2021-06-24,train,30,-3.547917320273417,,-4.699953628368212
NKE_2022_Q1_20210923,NKE,2021-09-23,val,30,-4.079782093111349,,-4.54811919304602
NKE_2022_Q2_20211220,NKE,2021-12-20,train,30,-4.031047904402622,,-4.27462855591505
NUE_2018_Q4_20190129,NUE,2019-01-29,train,30,-4.304470376411523,,-3.919553577541728
NUE_2019_Q1_20190423,NUE,2019-04-23,train,30,-4.009761826234723,,-4.380814036495443
NUE_2019_Q2_20190718,NUE,2019-07-18,train,30,-3.94364766746391,,-4.351568713862397
NUE_2019_Q3_20191022,NUE,2019-10-22,train,30,-4.437344264787166,,-3.9535547549589176
NUE_2019_Q4_20200128,NUE,2020-01-28,val,30,-3.3900079080633563,,-4.501096486513408
NUE_2020_Q1_20200428,NUE,2020-04-28,train,30,-3.615560617506133,,-2.9782613568273333
NUE_2020_Q2_20200723,NUE,2020-07-23,train,30,-4.126345668760553,,-3.510633382625242
NUE_2020_Q3_20201022,NUE,2020-10-22,train,30,-3.567965747421908,,-3.921931242541433
NUE_2020_Q4_20210128,NUE,2021-01-28,val,30,-3.8321006871347896,,-3.955154568130676
NUE_2021_Q1_20210422,NUE,2021-04-22,train,30,-3.4701825074068813,,-3.7782379268638895
NUE_2021_Q2_20210722,NUE,2021-07-22,train,30,-3.551871467447101,,-3.839338906689772
NUE_2021_Q3_20211021,NUE,2021-10-21,val,30,-3.581409949091337,,-3.763138043766428
ORCL_2019_Q3_20190314,ORCL,2019-03-14,train,30,-4.583351177736271,,-5.046344572196011
ORCL_2019_Q4_20190619,ORCL,2019-06-19,train,30,-4.058935951414092,,-4.4137485039380495
ORCL_2020_Q1_20190911,ORCL,2019-09-11,train,30,-4.218149086538312,,-4.116153666515954
ORCL_2020_Q2_20191212,ORCL,2019-12-12,train,30,-4.462932637772713,,-5.074127162866876
ORCL_2020_Q3_20200312,ORCL,2020-03-12,train,30,-2.8989260147764133,,-3.425905332256993
ORCL_2020_Q4_20200616,ORCL,2020-06-16,val,30,-4.170169238450037,,-4.104522270468011
ORCL_2021_Q1_20200910,ORCL,2020-09-10,train,30,-4.351729084394409,,-4.263228516927821
ORCL_2021_Q2_20201210,ORCL,2020-12-10,val,30,-4.586380465937795,,-4.712748501937808
ORCL_2021_Q3_20210310,ORCL,2021-03-10,val,30,-3.977307442815108,,-3.9399014592061743
ORCL_2021_Q4_20210615,ORCL,2021-06-15,train,30,-3.977300191384989,,-4.472438760018099
ORCL_2022_Q1_20210913,ORCL,2021-09-13,val,30,-4.185988444289625,,-4.853145015601153
ORCL_2022_Q2_20211209,ORCL,2021-12-09,train,30,-3.357889154343047,,-4.598082981156056
PEP_2018_Q4_20190215,PEP,2019-02-15,val,30,-4.881160027967041,,-4.601992888843086
PEP_2019_Q1_20190417,PEP,2019-04-17,train,30,-4.656038807618562,,-5.092729014576525
PEP_2019_Q2_20190709,PEP,2019-07-09,train,30,-4.477048063785643,,-4.955857762722248
PEP_2019_Q3_20191003,PEP,2019-10-03,train,30,-4.754551959742382,,-4.626620996638265
PEP_2019_Q4_20200213,PEP,2020-02-13,train,30,-2.883604929592027,,-4.915190669216128
PEP_2020_Q1_20200428,PEP,2020-04-28,train,30,-4.496941555389532,,-3.0002961790113485
PEP_2020_Q2_20200714,PEP,2020-07-13,train,30,-4.875833406643104,,-4.3812054349661
PEP_2020_Q3_20201001,PEP,2020-10-01,train,30,-4.368171520910072,,-4.363796574186111
PEP_2020_Q4_20210211,PEP,2021-02-11,val,30,-4.452583125796092,,-4.522174218191348
PEP_2021_Q1_20210415,PEP,2021-04-15,train,30,-4.824845891042154,,-4.508823392948809
PEP_2021_Q2_20210713,PEP,2021-07-13,train,30,-4.8646852633205135,,-4.986799570405955
PEP_2021_Q3_20211005,PEP,2021-10-05,val,30,-4.749735087087843,,-4.9762027730223615
PFE_2018_Q4_20190129,PFE,2019-01-29,val,30,-4.35731182435321,,-4.101380718880241
PFE_2019_Q1_20190430,PFE,2019-04-30,train,30,-4.846062864060778,,-4.588158799335444
PFE_2019_Q2_20190729,PFE,2019-07-29,train,30,-3.9903454712119486,,-4.687913777475155
PFE_2019_Q3_20191029,PFE,2019-10-29,train,30,-4.611862877814665,,-4.662435479779284
PFE_2019_Q4_20200128,PFE,2020-01-28,val,30,-3.8128730039579306,,-4.7277682307695805
PFE_2020_Q1_20200428,PFE,2020-04-28,val,30,-3.990689943976927,,-3.3672468298069456
PFE_2020_Q2_20200728,PFE,2020-07-28,train,30,-4.47595904128108,,-4.109049243917992
PFE_2020_Q3_20201027,PFE,2020-10-27,val,30,-3.7105540385462814,,-4.490576263997897
PFE_2020_Q4_20210202,PFE,2021-02-02,val,30,-4.683154537383633,,-4.579408912571144
PFE_2021_Q1_20210504,PFE,2021-05-04,val,30,-4.672473995062378,,-4.483912162585302
PFE_2021_Q2_20210728,PFE,2021-07-28,train,30,-3.883500677421661,,-4.815918287176224
PFE_2021_Q3_20211103,PFE,2021-11-02,train,30,-3.5030335582745944,,-4.682512564130588
PLD_2018_Q4_20190122,PLD,2019-01-22,val,30,-4.866844748635481,,-3.860958011424622
PLD_2019_Q1_20190417,PLD,2019-04-17,val,30,-4.427113097791048,,-4.7450404879548165
PLD_2019_Q2_20190716,PLD,2019-07-16,val,30,-4.323293106732604,,-4.399572180697796
PLD_2019_Q3_20191015,PLD,2019-10-15,train,30,-4.227131990179877,,-4.709877156965352
PLD_2019_Q4_20200122,PLD,2020-01-22,val,30,-3.785851903337037,,-4.685844494119138
PLD_2020_Q1_20200421,PLD,2020-04-21,val,30,-3.849085257610296,,-2.705326307374978
PLD_2020_Q2_20200721,PLD,2020-07-21,val,30,-4.276731585442782,,-3.9027937235629744
PLD_2020_Q3_20201020,PLD,2020-10-20,train,30,-4.100934480725248,,-4.091475035395495
PLD_2020_Q4_20210126,PLD,2021-01-26,train,30,-4.267739046667448,,-4.228871564135669
PLD_2021_Q1_20210419,PLD,2021-04-19,train,30,-4.638489743494798,,-4.283104861656888
PLD_2021_Q2_20210719,PLD,2021-07-19,train,30,-4.821425251491391,,-4.438136307024672
PLD_2021_Q3_20211015,PLD,2021-10-15,train,30,-4.462223745797349,,-4.537948030668205
PPG_2018_Q4_20190117,PPG,2019-01-17,train,30,-4.354840580786185,,-4.1099866765623325
PPG_2019_Q1_20190418,PPG,2019-04-18,train,30,-4.378629356142709,,-4.352357028584536
PPG_2019_Q2_20190718,PPG,2019-07-18,train,30,-4.252580232922846,,-4.805968990194023
PPG_2019_Q3_20191017,PPG,2019-10-17,train,30,-4.65535551016238,,-4.181076265809871
PPG_2019_Q4_20200116,PPG,2020-01-16,train,30,-4.094618992151918,,-4.945970411285648
PPG_2020_Q1_20200428,PPG,2020-04-28,train,30,-3.5839739906953985,,-2.9044936128681664
PPG_2020_Q2_20200717,PPG,2020-07-17,train,30,-4.125096375140107,,-3.801320393640816
PPG_2020_Q3_20201020,PPG,2020-10-20,val,30,-4.040846674542419,,-3.949759221828429
PPG_2020_Q4_20210122,PPG,2021-01-22,val,30,-4.1236069966242495,,-4.365294368672449
PPG_2021_Q1_20210416,PPG,2021-04-16,train,30,-3.937951180464926,,-4.17509007153037
PPG_2021_Q2_20210720,PPG,2021-07-19,val,30,-4.37673706013805,,-4.472573650697498
PPG_2021_Q3_20211021,PPG,2021-10-20,train,30,-4.318567106516963,,-4.398753170215498
PSA_2018_Q4_20190227,PSA,2019-02-27,train,30,-4.717529682601731,,-4.750025295244959
PSA_2019_Q1_20190502,PSA,2019-05-02,train,30,-4.615844685800873,,-4.782635890525734
PSA_2019_Q2_20190731,PSA,2019-07-31,train,30,-4.578452033878465,,-4.634328050418164
PSA_2019_Q3_20191030,PSA,2019-10-30,train,30,-4.459247329776324,,-4.699602570400214
PSA_2019_Q4_20200226,PSA,2020-02-26,val,30,-3.022471280380713,,-4.310673636871073
PSA_2020_Q1_20200501,PSA,2020-05-01,train,30,-3.737726393826131,,-3.34989548683232
PSA_2020_Q2_20200806,PSA,2020-08-06,train,30,-4.427869512460043,,-4.112410841723028
PSA_2020_Q3_20201105,PSA,2020-11-05,train,30,-4.00755087820509,,-4.697738926608379
PSA_2020_Q4_20210225,PSA,2021-02-25,train,30,-4.235791135718528,,-4.5044941208874105
PSA_2021_Q1_20210429,PSA,2021-04-29,val,30,-4.733337079473529,,-4.388388911594393
PSA_2021_Q2_20210804,PSA,2021-08-04,train,30,-4.701263192331862,,-4.814539807373406
PSA_2021_Q3_20211102,PSA,2021-11-02,train,30,-4.343895092107156,,-4.300495113264521
PSX_2018_Q4_20190208,PSX,2019-02-08,train,30,-4.501635790785678,,-3.950922133255456
PSX_2019_Q1_20190430,PSX,2019-04-30,train,30,-4.168907660950825,,-4.424507005989367
PSX_2019_Q2_20190726,PSX,2019-07-26,train,30,-4.114433521067085,,-4.503325676465939
PSX_2019_Q3_20191025,PSX,2019-10-25,train,30,-4.427725863036226,,-4.382575663478242
PSX_2019_Q4_20200131,PSX,2020-01-31,train,30,-2.8794577524566765,,-4.389470897128283
PSX_2020_Q1_20200501,PSX,2020-05-01,val,30,-3.1015959948021004,,-2.815284997764976
PSX_2020_Q2_20200731,PSX,2020-07-31,train,30,-3.793325192255232,,-3.4033085397224467
PSX_2020_Q3_20201030,PSX,2020-10-30,val,30,-2.9271478897068475,,-3.562573391268643
PSX_2020_Q4_20210129,PSX,2021-01-29,train,30,-3.7284623154430943,,-3.970989969268905
PSX_2021_Q1_20210430,PSX,2021-04-30,val,30,-4.0521345781825975,,-3.9147891172305465
PSX_2021_Q2_20210803,PSX,2021-08-03,train,30,-3.794066730197376,,-3.758182399790536
PSX_2021_Q3_20211029,PSX,2021-10-29,train,30,-3.713589127772273,,-3.8121968662988728
RTX_2018_Q4_20190131,RTX,2019-01-23,val,30,-4.304531357014663,,-3.922244945987364
RTX_2019_Q1_20190425,RTX,2019-04-25,val,30,-4.174771880929872,,-4.571792207240451
RTX_2019_Q2_20190725,RTX,2019-07-25,train,30,-4.105585050806284,,-4.274487394883836
RTX_2019_Q3_20191024,RTX,2019-10-24,val,30,-4.628975133854951,,-4.567501972972641
RTX_2019_Q4_20200130,RTX,2020-01-30,train,30,-3.5071746522942537,,-4.95651541546941
RTX_2020_Q1_20200507,RTX,2020-05-07,train,30,-3.2505755214151586,,-2.9097098466152898
RTX_2020_Q2_20200728,RTX,2020-07-28,train,30,-3.9388297118730793,,-3.775946519218301
RTX_2020_Q3_20201027,RTX,2020-10-27,val,30,-3.3819375672281007,,-3.9975070978346894
RTX_2020_Q4_20210126,RTX,2021-01-26,train,30,-3.859042586055472,,-4.275087737663252
RTX_2021_Q1_20210427,RTX,2021-04-27,val,30,-4.566633805196587,,-4.372929866788277
RTX_2021_Q2_20210727,RTX,2021-07-27,train,30,-4.51546644470409,,-4.24447380924738
RTX_2021_Q3_20211026,RTX,2021-10-26,train,30,-4.057579557587776,,-4.594497681744284
SBUX_2019_Q1_20190124,SBUX,2019-01-24,val,30,-4.550321500223967,,-4.070651567081991
SBUX_2019_Q2_20190425,SBUX,2019-04-25,train,30,-4.462812254702133,,-5.0610905295707855
SBUX_2019_Q3_20190725,SBUX,2019-07-25,train,30,-3.924595741505446,,-4.725277932649739
SBUX_2019_Q4_20191030,SBUX,2019-10-30,train,30,-4.610855170737752,,-4.610705808579217
SBUX_2020_Q1_20200128,SBUX,2020-01-28,val,30,-3.532986276519682,,-4.5350262768335
SBUX_2020_Q2_20200428,SBUX,2020-04-28,train,30,-3.859292711965696,,-3.0633374931044286
SBUX_2020_Q3_20200728,SBUX,2020-07-28,val,30,-4.138221341781425,,-4.114414808416299
SBUX_2020_Q4_20201029,SBUX,2020-10-29,train,30,-4.010803673694178,,-4.31867747337265
SBUX_2021_Q1_20210126,SBUX,2021-01-26,train,30,-3.932108545112808,,-4.344047396944196
SBUX_2021_Q2_20210427,SBUX,2021-04-27,val,30,-4.467362054316366,,-4.37107379559706
SBUX_2021_Q3_20210727,SBUX,2021-07-27,train,30,-4.644484801370353,,-4.437174542060318
SBUX_2021_Q4_20211028,SBUX,2021-10-28,train,30,-3.930921322263843,,-4.673807765517522
SHW_2018_Q4_20190131,SHW,2019-01-31,train,30,-4.267276096433869,,-3.9712409698226847
SHW_2019_Q1_20190423,SHW,2019-04-23,val,30,-4.438922044502314,,-4.51439309919736
SHW_2019_Q2_20190723,SHW,2019-07-23,train,30,-3.9702294094223727,,-4.608426166605901
SHW_2019_Q3_20191022,SHW,2019-10-22,val,30,-4.389594304403949,,-4.471043008646955
SHW_2019_Q4_20200130,SHW,2020-01-30,val,30,-3.5786877054872943,,-4.671552391533383
SHW_2020_Q1_20200429,SHW,2020-04-29,train,30,-3.949572147929604,,-3.001819110742761
SHW_2020_Q2_20200728,SHW,2020-07-28,train,30,-4.416322286963076,,-4.2787713891510535
SHW_2020_Q3_20201027,SHW,2020-10-27,val,30,-3.976880843654423,,-4.395284902445492
SHW_2020_Q4_20210128,SHW,2021-01-28,val,30,-4.158194280543621,,-4.676265932967075
SHW_2021_Q1_20210427,SHW,2021-04-27,train,30,-4.738930544009622,,-4.2699301476313805
SHW_2021_Q2_20210727,SHW,2021-07-27,train,30,-4.83092383288869,,-4.74996157935196
SHW_2021_Q3_20211026,SHW,2021-10-26,train,30,-4.394433501527606,,-4.4903455703275785
SLB_2018_Q4_20190118,SLB,2019-01-18,train,30,-3.838709174042399,,-3.783573569724658
SLB_2019_Q1_20190418,SLB,2019-04-18,val,30,-4.1562742690477865,,-4.076041163710443
SLB_2019_Q2_20190719,SLB,2019-07-25,val,30,-3.686997866926659,,-4.083378432513144
SLB_2019_Q3_20191018,SLB,2019-10-18,val,30,-3.705675954663502,,-3.694244328241771
SLB_2019_Q4_20200117,SLB,2020-01-17,train,30,-3.708439709449393,,-4.173959214102535
SLB_2020_Q1_20200417,SLB,2020-04-17,train,30,-2.933174693987166,,-2.3628221455684004
SLB_2020_Q2_20200723,SLB,2020-07-24,train,30,-3.7411771134269065,,-3.235287240943975
SLB_2020_Q3_20201016,SLB,2020-10-16,train,30,-2.9781975390350945,,-3.4701692170638747
SLB_2020_Q4_20210122,SLB,2021-01-22,train,30,-3.522968995150104,,-3.660482092076217
SLB_2021_Q1_20210423,SLB,2021-04-23,train,30,-3.582412280509817,,-3.788545916508668
SLB_2021_Q2_20210723,SLB,2021-07-23,train,30,-3.894071948643878,,-3.653186546445199
SLB_2021_Q3_20211022,SLB,2021-10-22,train,30,-3.737578543644977,,-3.708788579936293
SO_2018_Q4_20190220,SO,2019-02-20,train,30,-4.853971901827215,,-4.79208023955321
SO_2019_Q1_20190501,SO,2019-05-01,train,30,-4.732236221277229,,-4.900740762532398
SO_2019_Q2_20190731,SO,2019-07-31,train,30,-4.470867457804466,,-4.791277298330255
SO_2019_Q3_20191030,SO,2019-10-30,train,30,-4.570584150654572,,-5.125583834584684
SO_2019_Q4_20200220,SO,2020-02-20,train,30,-2.681032486811077,,-4.868604321490587
SO_2020_Q1_20200430,SO,2020-04-30,val,30,-3.817766840557109,,-2.913768465310445
SO_2020_Q2_20200730,SO,2020-07-30,train,30,-4.448114653967878,,-4.161824101569583
SO_2020_Q3_20201029,SO,2020-10-29,train,30,-4.251168384829295,,-4.438092204530653
SO_2020_Q4_20210218,SO,2021-02-18,train,30,-4.546965690576168,,-4.315507619411604
SO_2021_Q1_20210429,SO,2021-04-29,train,30,-4.681131092456556,,-4.824279583692539
SO_2021_Q2_20210729,SO,2021-07-29,train,30,-4.9167668292585,,-4.550654881257423
SO_2021_Q3_20211104,SO,2021-11-04,train,30,-4.478489804482836,,-4.809260915632994
T_2018_Q4_20190130,T,2019-01-30,train,30,-4.382363350818239,,-4.158266907343078
T_2019_Q1_20190424,T,2019-04-24,train,30,-4.31594180618641,,-4.721131183777403
T_2019_Q2_20190724,T,2019-07-24,train,30,-4.462795244934544,,-4.923953748714176
T_2019_Q3_20191028,T,2019-10-28,train,30,-4.316499308412169,,-4.631189574280379
T_2019_Q4_20200129,T,2020-01-29,val,30,-3.707122823346571,,-5.117687681785182
T_2020_Q1_20200422,T,2020-04-22,train,30,-3.909245868339877,,-3.0210460113243665
T_2020_Q2_20200723,T,2020-07-23,train,30,-5.010819348847662,,-4.096525168926153
T_2020_Q3_20201022,T,2020-10-22,train,30,-4.116105790102602,,-4.766339084844541
T_2020_Q4_20210127,T,2021-01-27,val,30,-4.4015221528965975,,-4.443462756840345
T_2021_Q1_20210422,T,2021-04-22,val,30,-4.064049608669644,,-4.95475006173286
T_2021_Q2_20210722,T,2021-07-22,val,30,-5.051187493286431,,-4.994902123486627
T_2021_Q3_20211021,T,2021-10-21,val,30,-4.220463561987841,,-4.531629803336127
TGT_2018_Q4_20190305,TGT,2019-03-05,val,30,-4.342141425918324,,-4.4162963200295415
TGT_2019_Q1_20190522,TGT,2019-05-22,val,30,-4.018928419715288,,-4.199553273307759
TGT_2019_Q2_20190821,TGT,2019-08-21,train,30,-3.2590574632213523,,-4.128394945126785
TGT_2019_Q3_20191120,TGT,2019-11-20,train,30,-3.626224856827661,,-4.569814080773344
TGT_2019_Q4_20200303,TGT,2020-03-03,val,30,-3.032960082319172,,-3.941667788381101
TGT_2020_Q1_20200520,TGT,2020-05-20,train,30,-4.139662001405393,,-3.757305830437349
TGT_2020_Q2_20200819,TGT,2020-08-19,train,30,-3.662621615729094,,-4.598759390331603
TGT_2020_Q3_20201118,TGT,2020-11-18,train,30,-4.529240929158173,,-4.284714714449027
TGT_2020_Q4_20210302,TGT,2021-03-02,train,30,-3.931623850273674,,-4.102254470236284
TGT_2021_Q1_20210519,TGT,2021-05-19,train,30,-4.393349484914739,,-4.487925703337011
TGT_2021_Q2_20210818,TGT,2021-08-18,val,30,-4.512166650736884,,-4.616260026007561
TGT_2021_Q3_20211117,TGT,2021-11-17,val,30,-4.030276077978277,,-4.453958364471851
TJX_2019_Q4_20190227,TJX,2019-02-27,val,30,-4.544927916989008,,-4.628099313803508
TJX_2020_Q1_20190521,TJX,2019-05-21,val,30,-4.466123994659251,,-4.616387705369036
TJX_2020_Q2_20190820,TJX,2019-08-20,train,30,-4.201949781671324,,-4.0377906011778855
TJX_2020_Q3_20191119,TJX,2019-11-19,train,30,-4.772440689728962,,-4.49263100564081
TJX_2020_Q4_20200226,TJX,2020-02-26,train,30,-2.6902018448732647,,-4.352747830768625
TJX_2021_Q1_20200521,TJX,2020-05-21,train,30,-3.667693600663477,,-3.3785749616993304
TJX_2021_Q2_20200819,TJX,2020-08-19,train,30,-3.778102262436016,,-3.9459175983986814
TJX_2021_Q3_20201118,TJX,2020-11-18,train,30,-4.28339686122885,,-3.4671018526935
TJX_2021_Q4_20210224,TJX,2021-02-24,train,30,-4.046137486232698,,-4.125901030694021
TJX_2022_Q1_20210519,TJX,2021-05-19,val,30,-4.246167103987974,,-4.235445988970684
TJX_2022_Q2_20210818,TJX,2021-08-18,val,30,-4.248197063797633,,-4.176006737819304
TJX_2022_Q3_20211117,TJX,2021-11-17,train,30,-3.973813756854656,,-4.448717569650818
TMUS_2018_Q4_20190207,TMUS,2019-02-07,train,30,-4.6480253284248425,,-4.168563192621892
TMUS_2019_Q1_20190425,TMUS,2019-04-25,val,30,-4.204933119597581,,-4.3697949150114015
TMUS_2019_Q2_20190726,TMUS,2019-07-26,train,30,-4.154397562119765,,-4.204177398048518
TMUS_2019_Q3_20191028,TMUS,2019-10-28,train,30,-4.451840101976446,,-4.609084924944932
TMUS_2019_Q4_20200206,TMUS,2020-02-06,train,30,-2.921055538258641,,-4.673908495713967
TMUS_2020_Q1_20200506,TMUS,2020-05-06,val,30,-3.555650105587937,,-3.712903629377737
TMUS_2020_Q2_20200806,TMUS,2020-08-06,val,30,-4.0221344650450215,,-4.343467840106819
TMUS_2020_Q3_20201105,TMUS,2020-11-05,train,30,-4.274350735110283,,-4.098859143867101
TMUS_2020_Q4_20210204,TMUS,2021-02-04,train,30,-4.029226958773401,,-3.9301012244473785
TMUS_2021_Q1_20210504,TMUS,2021-05-04,train,30,-4.137159626341562,,-4.448206221862511
TMUS_2021_Q2_20210729,TMUS,2021-07-29,train,30,-4.705864040803478,,-4.829140767492813
TMUS_2021_Q3_20211102,TMUS,2021-11-02,val,30,-4.02776193788888,,-4.178521750696026
V_2019_Q1_20190130,V,2019-01-30,train,30,-4.569748079508944,,-3.8754569313198006
V_2019_Q2_20190424,V,2019-04-24,train,30,-4.500794193775889,,-4.991145922902198
V_2019_Q3_20190723,V,2019-07-23,train,30,-4.1137341956412445,,-4.941549214166498
V_2019_Q4_20191024,V,2019-10-24,val,30,-4.805546184217474,,-4.386467511115889
V_2020_Q1_20200130,V,2020-01-30,train,30,-3.247150664827511,,-4.72047780719724
V_2020_Q2_20200430,V,2020-04-30,train,30,-3.9823726460700377,,-3.0569720113148526
V_2020_Q3_20200728,V,2020-07-28,train,30,-4.240764848299903,,-4.287549744053355
V_2020_Q4_20201028,V,2020-10-28,val,30,-4.011416742283615,,-4.208905721073412
V_2021_Q1_20210128,V,2021-01-28,train,30,-4.083324599591375,,-4.256568482802353
V_2021_Q2_20210427,V,2021-04-27,train,30,-4.575182801816855,,-4.195588515033127
V_2021_Q3_20210727,V,2021-07-27,train,30,-4.565279144778726,,-4.495321632051952
V_2021_Q4_20211026,V,2021-10-26,train,30,-3.704349617384118,,-4.263080536044509
VZ_2018_Q4_20190129,VZ,2019-01-29,val,30,-4.537091485899729,,-4.297568870893048
VZ_2019_Q1_20190423,VZ,2019-04-23,train,30,-4.240462504381652,,-4.641932225787177
VZ_2019_Q2_20190801,VZ,2019-08-01,train,30,-4.825793731179114,,-4.557816282832141
VZ_2019_Q3_20191025,VZ,2019-10-25,val,30,-5.090371749923276,,-4.958300132899642
VZ_2019_Q4_20200130,VZ,2020-01-30,train,30,-3.7960249473812766,,-4.845145661218329
VZ_2020_Q1_20200424,VZ,2020-04-24,train,30,-4.334284317231607,,-3.43524819646044
VZ_2020_Q2_20200724,VZ,2020-07-24,val,30,-4.967661329134033,,-4.419530019245301
VZ_2020_Q3_20201021,VZ,2020-10-21,train,30,-4.699259766619143,,-5.060513434557532
VZ_2020_Q4_20210126,VZ,2021-01-26,train,30,-4.214181028151431,,-4.850158524139041
VZ_2021_Q1_20210421,VZ,2021-04-21,val,30,-4.80016808955191,,-4.786588284922841
VZ_2021_Q2_20210721,VZ,2021-07-21,train,30,-5.382824747775291,,-5.252079355267395
VZ_2021_Q3_20211020,VZ,2021-10-20,train,30,-4.652028147739187,,-4.969688446355929
XOM_2018_Q4_20190201,XOM,2019-02-01,train,30,-4.555588976159557,,-4.054483434762753
XOM_2019_Q1_20190426,XOM,2019-04-26,val,30,-4.468466649813464,,-4.677672907391609
XOM_2019_Q2_20190802,XOM,2019-08-02,train,30,-4.24868452091029,,-4.674223283238494
XOM_2019_Q3_20191101,XOM,2019-11-01,val,30,-4.260915202309405,,-4.472815063649213
XOM_2019_Q4_20200131,XOM,2020-01-31,train,30,-3.2309990963267032,,-4.774944601908454
XOM_2020_Q1_20200501,XOM,2020-05-01,train,30,-3.263348130053537,,-3.115661300710748
XOM_2020_Q2_20200731,XOM,2020-07-31,val,30,-4.162453537995798,,-3.756647827168955
XOM_2020_Q3_20201030,XOM,2020-10-30,train,30,-3.3115819408119656,,-3.759522341713952
XOM_2020_Q4_20210202,XOM,2021-02-02,val,30,-3.806020161817791,,-3.8622796610059296
XOM_2021_Q1_20210430,XOM,2021-04-30,train,30,-4.048604222895609,,-4.117817209601
XOM_2021_Q2_20210730,XOM,2021-07-30,train,30,-4.190268364843195,,-3.991046425574993
XOM_2021_Q3_20211029,XOM,2021-10-29,train,30,-4.115561088523653,,-4.075999699244115
ABT_2021_Q4_20220126,ABT,2022-01-26,test,30,-4.004994149982196,-4.237497,-4.381265192679947
ADP_2022_Q2_20220126,ADP,2022-01-26,test,30,-3.831252229782129,-4.20928,-4.386537629100372
AMD_2021_Q4_20220201,AMD,2022-02-01,test,30,-3.084154717437092,-4.024349,-3.2925723459599414
AMT_2021_Q4_20220224,AMT,2022-02-24,test,30,-4.193356830693157,-4.096877,-4.17004728999898
BAC_2021_Q4_20220119,BAC,2022-01-19,test,30,-4.020966926497739,-3.89912,-4.069355306781949
CAT_2021_Q4_20220128,CAT,2022-01-28,test,30,-3.77395119177765,-3.969616,-4.093701924464615
COP_2021_Q4_20220203,COP,2022-02-03,test,30,-3.8637136415196784,-3.815955,-3.9005547494428328
CSGP_2021_Q4_20220222,CSGP,2022-02-22,test,30,-3.0975872831087194,-3.90098,-3.7705842847608793
DE_2022_Q1_20220218,DE,2022-02-18,test,30,-3.663073011972886,-4.555862,-4.264087823288956
GE_2021_Q4_20220125,GE,2022-01-25,test,30,-3.6216661317566943,-3.857583,-4.13413313035734
HD_2021_Q4_20220222,HD,2022-02-22,test,30,-3.761775093221143,-4.149002,-4.095378739743172
HON_2021_Q4_20220203,HON,2022-02-03,test,30,-3.844052854739025,-4.030568,-4.579827502304843
LOW_2021_Q4_20220223,LOW,2022-02-23,test,30,-3.968257050923977,-4.275211,-4.002687645207612
META_2021_Q4_20220202,META,2022-02-02,test,30,-2.886926418554402,-4.297734,-3.847884379857677
MPC_2021_Q4_20220202,MPC,2022-02-02,test,30,-3.811524075928826,-4.176838,-4.084750685818734
MSFT_2022_Q2_20220125,MSFT,2022-01-25,test,30,-3.782461272234881,-3.870125,-4.060662594841984
NEM_2021_Q4_20220224,NEM,2022-02-24,test,30,-3.783438060947426,-3.832699,-3.771812094527085
O_2021_Q4_20220223,O,2022-02-23,test,30,-4.38679423742455,-3.791489,-4.51775329758646
PG_2022_Q2_20220119,PG,2022-01-19,test,30,-4.2491962816895485,-4.141598,-4.648445333344834
PM_2021_Q4_20220210,PM,2022-02-10,test,30,-3.7894203356115033,-4.178932,-4.737474755710982
SPGI_2021_Q4_20220208,SPGI,2022-02-08,test,30,-3.904874365902632,-4.10892,-4.18371122690198
SRE_2021_Q4_20220225,SRE,2022-02-25,test,30,-4.302475178351137,-4.107612,-4.65343096038836
TMO_2021_Q4_20220202,TMO,2022-02-02,test,30,-4.133828908848559,-4.123806,-4.045182481447701
TSLA_2021_Q4_20220126,TSLA,2022-01-26,test,30,-3.1136283233475344,-4.168312,-3.168914133698656
UNH_2021_Q4_20220119,UNH,2022-01-19,test,30,-4.260650722867827,-4.202359,-4.2505147548335165
UNP_2021_Q4_20220120,UNP,2022-01-20,test,30,-4.183532539195627,-4.158777,-4.521655869809623
VLO_2021_Q4_20220127,VLO,2022-01-27,test,30,-3.685254680294317,-4.094538,-4.09732541866426
WELL_2021_Q4_20220216,WELL,2022-02-16,test,30,-4.306642832419589,-3.869974,-4.172547794572642
WFC_2021_Q4_20220114,WFC,2022-01-14,test,30,-4.027137851892964,-3.784112,-3.8255998896394434
XEL_2021_Q4_20220127,XEL,2022-01-27,test,30,-4.247721250768747,-4.327768,-4.672231120150165
ABT_2022_Q1_20220420,ABT,2022-04-20,test,30,-3.937875164331088,-4.242404,-4.099030740483648
ADP_2022_Q3_20220427,ADP,2022-04-27,test,30,-3.869537718095345,-4.116721,-4.236163627683327
AMD_2022_Q1_20220503,AMD,2022-05-03,test,30,-3.050256173078247,-4.170211,-3.3689210949151094
AMT_2022_Q1_20220427,AMT,2022-04-27,test,30,-3.771043339954975,-4.26505,-4.185156879407388
BAC_2022_Q1_20220418,BAC,2022-04-18,test,30,-3.756772626773053,-3.866386,-3.76269385599961
CAT_2022_Q1_20220428,CAT,2022-04-28,test,30,-3.913292143558152,-4.107943,-4.019694148654083
COP_2022_Q1_20220505,COP,2022-05-05,test,30,-3.481066247863504,-3.800881,-3.6382122119046096
CSGP_2022_Q1_20220426,CSGP,2022-04-26,test,30,-3.5362569927765173,-3.935175,-3.737540177029527
DE_2022_Q2_20220520,DE,2022-05-20,test,30,-3.28173605292618,-4.45803,-3.866489820166132
GE_2022_Q1_20220426,GE,2022-04-26,test,30,-3.5628507483543306,-4.134783,-4.323629076181565
HD_2022_Q1_20220517,HD,2022-05-17,test,30,-3.891027889662696,-4.196469,-3.8032444997013153
HON_2022_Q1_20220429,HON,2022-04-29,test,30,-4.0342741824342,-4.25113,-4.378019179447186
LOW_2022_Q1_20220518,LOW,2022-05-18,test,30,-3.7544333507965018,-4.419701,-3.8307046799976607
META_2022_Q1_20220427,META,2022-04-27,test,30,-3.041285767430128,-4.302249,-3.4968324702695663
MPC_2022_Q1_20220503,MPC,2022-05-03,test,30,-3.74727667132285,-4.291845,-4.079791587079864
MSFT_2022_Q3_20220426,MSFT,2022-04-26,test,30,-3.735278751946183,-3.847677,-3.8931726593705607
NEM_2022_Q1_20220422,NEM,2022-04-22,test,30,-3.9554849243954857,-3.732123,-3.8145419621971737
O_2022_Q1_20220505,O,2022-05-05,test,30,-4.069695578540838,-3.898487,-4.233972901168174
PG_2022_Q3_20220420,PG,2022-04-20,test,30,-4.038985368149921,-4.584284,-4.291297927237886
PM_2022_Q1_20220421,PM,2022-04-21,test,30,-4.00136327033696,-3.958962,-4.2261542787799495
SPGI_2022_Q1_20220503,SPGI,2022-05-03,test,30,-3.77701797810344,-3.993765,-4.224301463995166
SRE_2022_Q1_20220505,SRE,2022-05-05,test,30,-4.1081220066648765,-4.371732,-4.378491195036289
TMO_2022_Q1_20220428,TMO,2022-04-28,test,30,-3.653110891534813,-4.318416,-3.865283653207333
TSLA_2022_Q1_20220420,TSLA,2022-04-20,test,30,-2.962571985124113,-4.326759,-3.27803594960774
UNH_2022_Q1_20220414,UNH,2022-04-14,test,30,-4.097493664625478,-4.144472,-4.223725228611432
UNP_2022_Q1_20220421,UNP,2022-04-21,test,30,-4.0521909248949415,-4.047441,-4.172828587049028
VLO_2022_Q1_20220426,VLO,2022-04-26,test,30,-3.521938799533917,-3.961662,-3.705812722315111
WELL_2022_Q1_20220511,WELL,2022-05-10,test,30,-4.061302989000935,-4.285616,-4.326293905300293
WFC_2022_Q1_20220414,WFC,2022-04-14,test,30,-3.738128285486382,-4.12083,-3.675776805166013
XEL_2022_Q1_20220428,XEL,2022-04-28,test,30,-4.33382918094376,-4.295162,-4.776135674098878
ABT_2022_Q2_20220720,ABT,2022-07-20,test,30,-4.411155217971734,-4.25337,-4.04645523270707
ADP_2022_Q4_20220727,ADP,2022-07-27,test,30,-4.01530045848525,-3.874666,-4.052882402322791
AMD_2022_Q2_20220802,AMD,2022-08-02,test,30,-3.42855568272338,-4.057739,-3.496062657933294
AMT_2022_Q2_20220728,AMT,2022-07-28,test,30,-4.207979657427125,-4.147231,-3.993251071731404
BAC_2022_Q2_20220718,BAC,2022-07-18,test,30,-4.116524087662468,-4.128535,-3.841374939171154
CAT_2022_Q2_20220802,CAT,2022-08-02,test,30,-3.892149177073799,-4.144238,-3.7050002197290057
COP_2022_Q2_20220804,COP,2022-08-04,test,30,-3.883476001359506,-3.779422,-3.4767513295099874
CSGP_2022_Q2_20220726,CSGP,2022-07-26,test,30,-3.434634908394884,-4.105407,-3.8163651134603054
DE_2022_Q3_20220819,DE,2022-08-19,test,30,-4.134096206013783,-4.433944,-4.11319000787049
GE_2022_Q2_20220726,GE,2022-07-26,test,30,-3.96116833395748,-4.111258,-3.7136416846542457
HD_2022_Q2_20220816,HD,2022-08-16,test,30,-3.936994851899637,-4.246859,-4.501811934153706
HON_2022_Q2_20220728,HON,2022-07-28,test,30,-4.2893946229590645,-4.126826,-4.267252582822882
LOW_2022_Q2_20220817,LOW,2022-08-17,test,30,-3.89519117590012,-4.127016,-4.112242028149336
META_2022_Q2_20220727,META,2022-07-27,test,30,-3.658875627417437,-4.189389,-3.315757714561351
MPC_2022_Q2_20220802,MPC,2022-08-02,test,30,-3.965918619536452,-4.265788,-3.5560217376704006
MSFT_2022_Q4_20220726,MSFT,2022-07-26,test,30,-3.940304128252128,-3.877561,-3.9262727848456014
NEM_2022_Q2_20220725,NEM,2022-07-25,test,30,-3.558897399202073,-3.718432,-3.843100625225259
O_2022_Q2_20220804,O,2022-08-04,test,30,-4.475140536481104,-3.763433,-4.38613013501962
PG_2022_Q4_20220729,PG,2022-07-29,test,30,-4.117750637877184,-4.432282,-4.431013833483924
PM_2022_Q2_20220721,PM,2022-07-21,test,30,-4.4541498050240005,-4.41547,-4.162436593002282
SPGI_2022_Q2_20220802,SPGI,2022-08-02,test,30,-4.044170277620125,-4.186318,-4.255382754053456
SRE_2022_Q2_20220804,SRE,2022-08-04,test,30,-4.3875910475025055,-4.115006,-4.302406315950538
TMO_2022_Q2_20220728,TMO,2022-07-28,test,30,-4.259279610001699,-4.005363,-3.8181610480772568
TSLA_2022_Q2_20220720,TSLA,2022-07-20,test,30,-3.415670853565445,-3.87965,-3.2974729377582244
UNH_2022_Q2_20220715,UNH,2022-07-15,test,30,-4.224014089880477,-4.187426,-4.028322053263129
UNP_2022_Q2_20220721,UNP,2022-07-21,test,30,-4.297266396177467,-4.078172,-4.207932338985475
VLO_2022_Q2_20220728,VLO,2022-07-28,test,30,-3.787815254332914,-3.957386,-3.258627197986928
WELL_2022_Q2_20220810,WELL,2022-08-10,test,30,-4.2088970888334245,-4.258359,-4.442526875481438
WFC_2022_Q2_20220715,WFC,2022-07-15,test,30,-4.015352497437872,-3.862205,-3.7389552337036895
XEL_2022_Q2_20220728,XEL,2022-07-28,test,30,-4.457423191716633,-4.22303,-4.178789555548734
ABT_2022_Q3_20221019,ABT,2022-10-19,test,30,-3.893713240411126,-4.29999,-4.122401997622855
ADP_2023_Q1_20221026,ADP,2022-10-26,test,30,-4.012662956602467,-3.953851,-4.161014674755797
AMD_2022_Q3_20221101,AMD,2022-11-01,test,30,-3.2372506864867394,-4.197774,-3.270733101466465
AMT_2022_Q3_20221027,AMT,2022-10-27,test,30,-3.768418271051548,-4.167012,-3.7205853329023335
BAC_2022_Q3_20221017,BAC,2022-10-17,test,30,-3.9721145937987417,-3.985983,-3.7965345794677385
CAT_2022_Q3_20221027,CAT,2022-10-27,test,30,-3.9029748336226016,-4.158836,-3.7794654350526766
COP_2022_Q3_20221103,COP,2022-11-03,test,30,-3.6920505344255288,-3.666156,-3.546301193854513
CSGP_2022_Q3_20221025,CSGP,2022-10-25,test,30,-3.841675635593651,-3.890348,-3.895690662046278
DE_2022_Q4_20221123,DE,2022-11-23,test,30,-4.271184738246211,-4.399992,-4.2002211511214185
GE_2022_Q3_20221025,GE,2022-10-25,test,30,-4.108998440640232,-4.138128,-3.7028414778928544
HD_2022_Q3_20221115,HD,2022-11-15,test,30,-4.220665960573116,-4.254987,-3.754633588624096
HON_2022_Q3_20221027,HON,2022-10-27,test,30,-4.260983720125137,-4.011811,-4.090591874766472
LOW_2022_Q3_20221116,LOW,2022-11-16,test,30,-4.0456494046385245,-4.04395,-3.599207196646722
META_2022_Q3_20221026,META,2022-10-26,test,30,-2.84814435270537,-4.07296,-3.60466423831498
MPC_2022_Q3_20221101,MPC,2022-11-01,test,30,-3.752361704654775,-4.083179,-3.659366983869332
MSFT_2023_Q1_20221025,MSFT,2022-10-25,test,30,-3.529204427531533,-3.836114,-3.8770695970459736
NEM_2022_Q3_20221101,NEM,2022-11-01,test,30,-3.5076903852886625,-3.724754,-3.8149634260996192
O_2022_Q3_20221103,O,2022-11-03,test,30,-4.288911233500876,-3.711575,-4.036676379470021
PG_2023_Q1_20221019,PG,2022-10-19,test,30,-4.499340078234092,-4.453082,-4.355844769252523
PM_2022_Q3_20221020,PM,2022-10-20,test,30,-4.310506546497331,-4.384228,-4.064329363867253
SPGI_2022_Q3_20221027,SPGI,2022-10-27,test,30,-3.712973486557519,-4.246354,-3.9695451869418488
SRE_2022_Q3_20221103,SRE,2022-11-03,test,30,-4.14808478784435,-4.251229,-3.945763202092713
TMO_2022_Q3_20221026,TMO,2022-10-26,test,30,-3.811147995611032,-3.97226,-3.945180986828401
TSLA_2022_Q3_20221019,TSLA,2022-10-19,test,30,-3.219582343272488,-4.177974,-3.3200597734382185
UNH_2022_Q3_20221014,UNH,2022-10-14,test,30,-4.158849341849184,-4.046829,-4.285439616588671
UNP_2022_Q3_20221020,UNP,2022-10-20,test,30,-3.8690380755167015,-4.086714,-3.990925732177518
VLO_2022_Q3_20221025,VLO,2022-10-25,test,30,-3.7410833739870486,-3.965242,-3.3724210344200904
WELL_2022_Q3_20221108,WELL,2022-11-08,test,30,-3.624159546277992,-4.106686,-3.783295555828869
WFC_2022_Q3_20221014,WFC,2022-10-14,test,30,-4.180514116197353,-3.82085,-3.8099346656740223
XEL_2022_Q3_20221027,XEL,2022-10-27,test,30,-4.190585954197991,-4.354449,-3.855104907656663
