dataset,convention,split,target,horizon,model,segment,n,mse,mae,r2_oos,spearman_q,gbdt_mse_std,dm_p_vs_persistence
fincall,trading,combined,dv,3,ewma,test,92,0.7460992106534836,0.6548610633062062,0.30333410466877764,0.6323620918421815,,0.006651173598676171
fincall,trading,combined,dv,3,ewma,val,21,0.4156639377126953,0.543236292468878,0.6101974618556063,0.6090225563909774,,0.04006741152250001
fincall,trading,combined,dv,3,garch,test,92,0.8179346469814198,0.6669395204323112,0.23625817448239173,0.6129450146664838,,0.0651654339037545
fincall,trading,combined,dv,3,garch,val,21,0.3986687560477223,0.5338306649516208,0.6261352528164631,0.5533834586466165,,0.03529416063984388
fincall,trading,combined,dv,3,gbdt_tickerFE,test,92,0.8677144244449796,0.7111304466466262,0.18977659034338046,0.46814752398236975,0.030073641212249674,0.1409306116480938
fincall,trading,combined,dv,3,gbdt_tickerFE,val,21,0.500645743127828,0.5682934481935457,0.5305029768608357,0.7918796992481203,0.010978399069708463,0.07440125555485201
fincall,trading,combined,dv,3,har,test,92,0.6933921773559792,0.6442819412602369,0.35254899729719547,0.5712111160253576,,0.0019101787406728655
fincall,trading,combined,dv,3,har,val,21,0.3877132666709202,0.5161388541883328,0.6364091235524978,0.7669172932330827,,0.03171457442240298
fincall,trading,combined,dv,3,persistence,test,92,1.0709569905079948,0.8332343829553942,0.0,,,
fincall,trading,combined,dv,3,persistence,val,21,1.0663448721791593,0.8146545794815291,0.0,,,
fincall,trading,combined,dv,7,ewma,test,92,0.2626542948487506,0.42085414668571813,0.20815343385366614,0.5239594930531197,,0.018285590762561775
fincall,trading,combined,dv,7,ewma,val,21,0.2406290612197076,0.3925073464946697,0.524342915018172,0.41503759398496237,,0.11098201487019381
fincall,trading,combined,dv,7,garch,test,92,0.2950325546092992,0.43004745288812585,0.11053990035348682,0.5737796570533841,,0.42466780549263394
fincall,trading,combined,dv,7,garch,val,21,0.23165963829226413,0.4023080684506359,0.5420729827914137,0.47218045112781953,,0.11279477058350491
fincall,trading,combined,dv,7,gbdt_tickerFE,test,92,0.33994311724126886,0.4674501601550152,-0.024855847979139867,0.3817821429842355,0.006270266202352845,0.9035452394366007
fincall,trading,combined,dv,7,gbdt_tickerFE,val,21,0.3374132373852966,0.41871902147338086,0.33302737368686813,0.6108270676691728,0.012656309896756313,0.1880700161983452
fincall,trading,combined,dv,7,har,test,92,0.25477462984349136,0.40652205822096354,0.23190893985211525,0.504381262486846,,0.029392952073264825
fincall,trading,combined,dv,7,har,val,21,0.26459236523107177,0.39277221105239024,0.47697409233814025,0.6496240601503759,,0.07936602373793514
fincall,trading,combined,dv,7,persistence,test,92,0.33169847048400514,0.4758263298240852,0.0,,,
fincall,trading,combined,dv,7,persistence,val,21,0.5058876842524075,0.5154328229666916,0.0,,,
fincall,trading,combined,dv,15,ewma,test,92,0.1629397175574359,0.310009435530757,0.10456481367477866,0.46666577701861145,,0.29569180821245056
fincall,trading,combined,dv,15,ewma,val,21,0.1153284521000904,0.26109649129847884,0.5637247080549334,0.7308270676691728,,0.004154404595558893
fincall,trading,combined,dv,15,garch,test,92,0.20595370567331747,0.33983795378703274,-0.13181854969737405,0.5492487557636485,,0.5871750114142216
fincall,trading,combined,dv,15,garch,val,21,0.09906640314333626,0.2650267160317012,0.6252423130087877,0.544360902255639,,0.03597337162560131
fincall,trading,combined,dv,15,gbdt_tickerFE,test,92,0.2548936855665922,0.4058261995643225,-0.40076819973613576,0.2744740654882643,0.0034775031854298163,0.02409211968503918
fincall,trading,combined,dv,15,gbdt_tickerFE,val,21,0.20397090584176653,0.35305011922635404,0.22839971512678767,0.2652631578947368,0.0015141690607762082,0.2697865399762728
fincall,trading,combined,dv,15,har,test,92,0.15866091767093013,0.31830556334297744,0.12807895762357402,0.4054241841927334,,0.23307482934310988
fincall,trading,combined,dv,15,har,val,21,0.13987214588605815,0.29826633589152785,0.4708785198255935,0.5142857142857143,,0.019770230158412436
fincall,trading,combined,dv,15,persistence,test,92,0.1819670703651088,0.3395555844962652,0.0,,,
fincall,trading,combined,dv,15,persistence,val,21,0.26434788820131466,0.3977497480436844,0.0,,,
fincall,trading,combined,dv,30,ewma,test,92,0.12422638416080271,0.25791409457079306,-0.16018283064328243,0.08484319317563686,,0.2532498376496649
fincall,trading,combined,dv,30,ewma,val,21,0.06013331421501971,0.20432792212003897,0.1131142749994335,0.15037593984962402,,0.4764412194042309
fincall,trading,combined,dv,30,garch,test,92,0.15656277094729992,0.28352805207178716,-0.46218084023013684,0.41356903923093735,,0.17938917760247072
fincall,trading,combined,dv,30,garch,val,21,0.10375335924624585,0.25171268044904904,-0.5302228795725927,0.29624060150375936,,0.38945567359361916
fincall,trading,combined,dv,30,gbdt_tickerFE,test,92,0.20081014235064165,0.3683911460097503,-0.875418663660656,0.258377586969452,0.006153306838955506,0.0010457036480969674
fincall,trading,combined,dv,30,gbdt_tickerFE,val,21,0.15750468538063694,0.30684474536249595,-1.322982840847675,-0.06827067669172933,0.006819608298722134,0.10183055076823
fincall,trading,combined,dv,30,har,test,92,0.1274874779883357,0.2963155339808339,-0.19063904244868368,0.2623021804002908,,0.22433458831265377
fincall,trading,combined,dv,30,har,val,21,0.09218649598753341,0.24488767851033252,-0.35962716168975395,0.2721804511278195,,0.3908913880508649
fincall,trading,combined,dv,30,persistence,test,92,0.10707483413792925,0.24452379630554263,0.0,,,
fincall,trading,combined,dv,30,persistence,val,21,0.06780277607352547,0.20570292551498248,0.0,,,
fincall,trading,combined,har_resid,3,ewma,test,92,0.7460992106534836,0.6548610633062062,-0.07601330822404884,0.21054804862053716,,0.27952758985223997
fincall,trading,combined,har_resid,3,ewma,val,21,0.4156639377126953,0.543236292468878,-0.07209108752396354,-0.3218045112781954,,0.687616384495145
fincall,trading,combined,har_resid,3,garch,test,92,0.8179346469814198,0.6669395204323112,-0.17961331796436175,0.3056154585246077,,0.1395494221002431
fincall,trading,combined,har_resid,3,garch,val,21,0.3986687560477223,0.5338306649516208,-0.02825667914557295,-0.14736842105263157,,0.9124714762984885
fincall,trading,combined,har_resid,3,gbdt_tickerFE,test,92,0.8550669680520215,0.7076740048900088,-0.23316500528248735,0.09291288566243194,0.011738423507245346,0.027751812034792638
fincall,trading,combined,har_resid,3,gbdt_tickerFE,val,21,0.5772504303478543,0.6165639227721612,-0.488859113087321,-0.04150375939849623,0.0340454658671337,0.05592514347112622
fincall,trading,combined,har_resid,3,har,test,92,0.6933921773559792,0.6442819412602369,0.0,,,
fincall,trading,combined,har_resid,3,har,val,21,0.3877132666709202,0.5161388541883328,0.0,,,
fincall,trading,combined,har_resid,3,persistence,test,92,0.6933921773559792,0.6442819412602369,0.0,,,
fincall,trading,combined,har_resid,3,persistence,val,21,0.3877132666709202,0.5161388541883328,0.0,,,
fincall,trading,combined,har_resid,7,ewma,test,92,0.2626542948487506,0.42085414668571813,-0.030927981369650803,0.2248352880172033,,0.7369000089305263
fincall,trading,combined,har_resid,7,ewma,val,21,0.2406290612197076,0.3925073464946697,0.09056687629832672,0.22857142857142856,,0.6233831719223855
fincall,trading,combined,har_resid,7,garch,test,92,0.2950325546092992,0.43004745288812585,-0.1580138681411818,0.3396987651684994,,0.34610889363817526
fincall,trading,combined,har_resid,7,garch,val,21,0.23165963829226413,0.4023080684506359,0.12446590025395132,0.18646616541353384,,0.5837794420422953
fincall,trading,combined,har_resid,7,gbdt_tickerFE,test,92,0.3321986918140053,0.4637982280198356,-0.3038923538739932,0.058573868748951485,0.0008006810188051389,0.00345028982760689
fincall,trading,combined,har_resid,7,gbdt_tickerFE,val,21,0.334394711979038,0.4159899449190834,-0.2638108876913625,0.05533834586466165,0.021760922806997863,0.4016469026356484
fincall,trading,combined,har_resid,7,har,test,92,0.25477462984349136,0.40652205822096354,0.0,,,
fincall,trading,combined,har_resid,7,har,val,21,0.26459236523107177,0.39277221105239024,0.0,,,
fincall,trading,combined,har_resid,7,persistence,test,92,0.25477462984349136,0.40652205822096354,0.0,,,
fincall,trading,combined,har_resid,7,persistence,val,21,0.26459236523107177,0.39277221105239024,0.0,,,
fincall,trading,combined,har_resid,15,ewma,test,92,0.1629397175574359,0.310009435530757,-0.026968203318854966,0.28099749881803904,,0.8486266244980738
fincall,trading,combined,har_resid,15,ewma,val,21,0.1153284521000904,0.26109649129847884,0.17547234748197393,0.35037593984962395,,0.47134367214092443
fincall,trading,combined,har_resid,15,garch,test,92,0.20595370567331747,0.33983795378703274,-0.29807459011723814,0.42626304605326715,,0.23728615705682532
fincall,trading,combined,har_resid,15,garch,val,21,0.09906640314333626,0.2650267160317012,0.2917360170906568,0.2706766917293233,,0.3486280696517212
fincall,trading,combined,har_resid,15,gbdt_tickerFE,test,92,0.2515812390315721,0.40395347570672985,-0.5856534975636718,-0.011500480409949831,0.005134237835584941,0.0003133677716835863
fincall,trading,combined,har_resid,15,gbdt_tickerFE,val,21,0.21352593337382791,0.3505863143652722,-0.5265793773391394,0.03699248120300751,0.009228919230671132,0.09680906029360013
fincall,trading,combined,har_resid,15,har,test,92,0.15866091767093013,0.31830556334297744,0.0,,,
fincall,trading,combined,har_resid,15,har,val,21,0.13987214588605815,0.29826633589152785,0.0,,,
fincall,trading,combined,har_resid,15,persistence,test,92,0.15866091767093013,0.31830556334297744,0.0,,,
fincall,trading,combined,har_resid,15,persistence,val,21,0.13987214588605815,0.29826633589152785,0.0,,,
fincall,trading,combined,har_resid,30,ewma,test,92,0.12422638416080271,0.25791409457079306,0.02557971872211129,0.36411363093331706,,0.885708852336953
fincall,trading,combined,har_resid,30,ewma,val,21,0.06013331421501971,0.20432792212003897,0.34769931787892583,0.4030075187969925,,0.27497652327342825
fincall,trading,combined,har_resid,30,garch,test,92,0.15656277094729992,0.28352805207178716,-0.22806391198376708,0.5270018352168454,,0.3924937964352621
fincall,trading,combined,har_resid,30,garch,val,21,0.10375335924624585,0.25171268044904904,-0.1254724255955737,0.431578947368421,,0.7718026564234386
fincall,trading,combined,har_resid,30,gbdt_tickerFE,test,92,0.20333276405447548,0.3655138836212895,-0.5949234172871408,-0.03090428912036684,0.007142370350710801,0.0008454642322997945
fincall,trading,combined,har_resid,30,gbdt_tickerFE,val,21,0.14366467932835641,0.2978670250367763,-0.5584134941823207,-0.039097744360902256,0.004519689014987415,0.16345410503066793
fincall,trading,combined,har_resid,30,har,test,92,0.1274874779883357,0.2963155339808339,0.0,,,
fincall,trading,combined,har_resid,30,har,val,21,0.09218649598753341,0.24488767851033252,0.0,,,
fincall,trading,combined,har_resid,30,persistence,test,92,0.1274874779883357,0.2963155339808339,0.0,,,
fincall,trading,combined,har_resid,30,persistence,val,21,0.09218649598753341,0.24488767851033252,0.0,,,
fincall,trading,combined,v,3,ewma,test,92,0.7460992106534836,0.6548610633062062,0.30333410466877764,0.3468644989756339,,0.006651173598676171
fincall,trading,combined,v,3,ewma,val,21,0.4156639377126953,0.543236292468878,0.6101974618556063,-0.29172932330827067,,0.04006741152250001
fincall,trading,combined,v,3,garch,test,92,0.8179346469814198,0.6669395204323112,0.23625817448239173,0.4241506402924146,,0.0651654339037545
fincall,trading,combined,v,3,garch,val,21,0.3986687560477223,0.5338306649516208,0.6261352528164631,-0.3609022556390977,,0.03529416063984388
fincall,trading,combined,v,3,gbdt_tickerFE,test,92,0.8691715730287728,0.7116537113030825,0.1884159861391891,0.24440901950616908,0.01264433518207058,0.1286279090652102
fincall,trading,combined,v,3,gbdt_tickerFE,val,21,0.5836903613654268,0.6237271104188589,0.4526251528995401,-0.09353383458646616,0.01734529861288724,0.07611259939236989
fincall,trading,combined,v,3,har,test,92,0.6933921773559792,0.6442819412602369,0.35254899729719547,0.3500218599236429,,0.0019101787406728655
fincall,trading,combined,v,3,har,val,21,0.3877132666709202,0.5161388541883328,0.6364091235524978,-0.05413533834586466,,0.03171457442240298
fincall,trading,combined,v,3,persistence,test,92,1.0709569905079948,0.8332343829553942,0.0,0.15058551551292024,,
fincall,trading,combined,v,3,persistence,val,21,1.0663448721791593,0.8146545794815291,0.0,0.14285714285714285,,
fincall,trading,combined,v,7,ewma,test,92,0.2626542948487506,0.42085414668571813,0.20815343385366614,0.4625496296522239,,0.018285590762561775
fincall,trading,combined,v,7,ewma,val,21,0.2406290612197076,0.3925073464946697,0.524342915018172,0.1518796992481203,,0.11098201487019381
fincall,trading,combined,v,7,garch,test,92,0.2950325546092992,0.43004745288812585,0.11053990035348682,0.5241910557326379,,0.42466780549263394
fincall,trading,combined,v,7,garch,val,21,0.23165963829226413,0.4023080684506359,0.5420729827914137,0.16992481203007515,,0.11279477058350491
fincall,trading,combined,v,7,gbdt_tickerFE,test,92,0.3413346619878097,0.4701776546938842,-0.029051057997776342,0.2757876181325525,0.0058391573252707715,0.8725371311074793
fincall,trading,combined,v,7,gbdt_tickerFE,val,21,0.3356670768915649,0.4212015064991664,0.3364790499147886,0.1882706766917293,0.007147520882408934,0.18290022158548688
fincall,trading,combined,v,7,har,test,92,0.25477462984349136,0.40652205822096354,0.23190893985211525,0.44662797968552215,,0.029392952073264825
fincall,trading,combined,v,7,har,val,21,0.26459236523107177,0.39277221105239024,0.47697409233814025,0.18345864661654135,,0.07936602373793514
fincall,trading,combined,v,7,persistence,test,92,0.33169847048400514,0.4758263298240852,0.0,0.36422394729216556,,
fincall,trading,combined,v,7,persistence,val,21,0.5058876842524075,0.5154328229666916,0.0,0.07218045112781954,,
fincall,trading,combined,v,15,ewma,test,92,0.1629397175574359,0.310009435530757,0.10456481367477866,0.5661891798461671,,0.29569180821245056
fincall,trading,combined,v,15,ewma,val,21,0.1153284521000904,0.26109649129847884,0.5637247080549334,0.4541353383458646,,0.004154404595558893
fincall,trading,combined,v,15,garch,test,92,0.20595370567331747,0.33983795378703274,-0.13181854969737405,0.6401945533204207,,0.5871750114142216
fincall,trading,combined,v,15,garch,val,21,0.09906640314333626,0.2650267160317012,0.6252423130087877,0.3578947368421052,,0.03597337162560131
fincall,trading,combined,v,15,gbdt_tickerFE,test,92,0.24890363549226224,0.4003478517681553,-0.3678498807110988,0.22842728016796557,0.0058190505088556626,0.036879496888204494
fincall,trading,combined,v,15,gbdt_tickerFE,val,21,0.21559458975611928,0.364029638225514,0.18442855275646158,0.35789473684210527,0.008906012311362831,0.3864341752943473
fincall,trading,combined,v,15,har,test,92,0.15866091767093013,0.31830556334297744,0.12807895762357402,0.5347355457609542,,0.23307482934310988
fincall,trading,combined,v,15,har,val,21,0.13987214588605815,0.29826633589152785,0.4708785198255935,0.3759398496240601,,0.019770230158412436
fincall,trading,combined,v,15,persistence,test,92,0.1819670703651088,0.3395555844962652,0.0,0.4602373072641035,,
fincall,trading,combined,v,15,persistence,val,21,0.26434788820131466,0.3977497480436844,0.0,0.4661654135338345,,
fincall,trading,combined,v,30,ewma,test,92,0.12422638416080271,0.25791409457079306,-0.16018283064328243,0.6557145907364762,,0.2532498376496649
fincall,trading,combined,v,30,ewma,val,21,0.06013331421501971,0.20432792212003897,0.1131142749994335,0.5007518796992482,,0.4764412194042309
fincall,trading,combined,v,30,garch,test,92,0.15656277094729992,0.28352805207178716,-0.46218084023013684,0.731860203246453,,0.17938917760247072
fincall,trading,combined,v,30,garch,val,21,0.10375335924624585,0.25171268044904904,-0.5302228795725927,0.4631578947368421,,0.38945567359361916
fincall,trading,combined,v,30,gbdt_tickerFE,test,92,0.20275723751981914,0.3654673150451423,-0.8936030968643471,0.2876049403427433,0.004752735019242012,0.001079326112164804
fincall,trading,combined,v,30,gbdt_tickerFE,val,21,0.14439917428979482,0.2961915296593234,-1.1296941313023532,0.18406015037593984,0.00296812276785721,0.13230809141776156
fincall,trading,combined,v,30,har,test,92,0.1274874779883357,0.2963155339808339,-0.19063904244868368,0.6451108755661975,,0.22433458831265377
fincall,trading,combined,v,30,har,val,21,0.09218649598753341,0.24488767851033252,-0.35962716168975395,0.38947368421052625,,0.3908913880508649
fincall,trading,combined,v,30,persistence,test,92,0.10707483413792925,0.24452379630554263,0.0,0.6658575953067253,,
fincall,trading,combined,v,30,persistence,val,21,0.06780277607352547,0.20570292551498248,0.0,0.4541353383458646,,
fincall,trading,temporal,dv,3,ewma,test,481,0.7199654405750961,0.6517816972359788,0.386892820988638,0.6945430822798826,,4.073590886063106e-14
fincall,trading,temporal,dv,3,ewma,val,228,0.5120446516959838,0.5636907997366336,0.5985827938736534,0.6747630380788671,,4.249748988175598e-06
fincall,trading,temporal,dv,3,garch,test,479,0.8597339689659537,0.7072834996707299,0.2645215290850105,0.6821595931099316,,6.882794527278517e-07
fincall,trading,temporal,dv,3,garch,val,228,0.5737841258051214,0.5949633024337806,0.5501821570883394,0.7436473878709438,,3.0270099982612982e-05
fincall,trading,temporal,dv,3,gbdt_tickerFE,test,481,0.7707879278131918,0.6850737539996079,0.34361347725236074,0.616851495781028,0.00738436171587199,3.6424513542411126e-09
fincall,trading,temporal,dv,3,gbdt_tickerFE,val,228,0.6137200804544525,0.6178052572656025,0.5188743809281442,0.598536802865385,0.007361543227411713,7.882751073570815e-06
fincall,trading,temporal,dv,3,har,test,481,0.6295258267009284,0.613025346824617,0.46390926290142753,0.6754708084892638,,1.820656476531648e-16
fincall,trading,temporal,dv,3,har,val,228,0.4682819026174736,0.5587010635051486,0.632890584042574,0.6640286361966781,,7.311447618858232e-07
fincall,trading,temporal,dv,3,persistence,test,481,1.1742896922786705,0.8485494339201356,0.0,,,
fincall,trading,temporal,dv,3,persistence,val,228,1.2755921865860853,0.8590854185617007,0.0,,,
fincall,trading,temporal,dv,7,ewma,test,481,0.2669236537544755,0.41654050183708863,0.3623971220268618,0.6837407658592702,,2.3042735395906785e-19
fincall,trading,temporal,dv,7,ewma,val,228,0.18555973829920172,0.33173266996334727,0.4733443732519431,0.5164812348608298,,6.35896719181109e-09
fincall,trading,temporal,dv,7,garch,test,479,0.335487822447765,0.46506079153551444,0.19258671618112477,0.6465385584957164,,0.00016082703455836647
fincall,trading,temporal,dv,7,garch,val,228,0.2245399511911576,0.3601424181562835,0.36271073774700424,0.5170775586004392,,5.4315852087269095e-05
fincall,trading,temporal,dv,7,gbdt_tickerFE,test,481,0.3150089533460871,0.45613365032497855,0.24753534422423398,0.5648184322402608,0.001375167645666104,3.7906198110251896e-05
fincall,trading,temporal,dv,7,gbdt_tickerFE,val,228,0.25974583102157417,0.4131892408364468,0.26278941387981825,0.2595359412613726,0.0037786896886649996,0.0030640208609961847
fincall,trading,temporal,dv,7,har,test,481,0.24714345398626805,0.4009095618589496,0.40964625908046093,0.6501813031862309,,4.257529797639159e-15
fincall,trading,temporal,dv,7,har,val,228,0.1960119231165444,0.3509840431042902,0.4436789835703291,0.43989948536085066,,1.1018705150650903e-07
fincall,trading,temporal,dv,7,persistence,test,481,0.4186362122501599,0.520852516929287,0.0,,,
fincall,trading,temporal,dv,7,persistence,val,228,0.35233600264555864,0.452351560319568,0.0,,,
fincall,trading,temporal,dv,15,ewma,test,481,0.17777311198527118,0.3342089911835216,0.1453780868395913,0.4868005693755171,,7.65133322052921e-07
fincall,trading,temporal,dv,15,ewma,val,228,0.09342743371450316,0.23130542183919856,0.4091711586397152,0.6281680893083744,,1.0472826021403408e-10
fincall,trading,temporal,dv,15,garch,test,479,0.23311488425576468,0.3867753888499631,-0.14034909223131864,0.48927932436521876,,0.043598791881407015
fincall,trading,temporal,dv,15,garch,val,228,0.12862206382646793,0.262243840149914,0.18660267201405722,0.6090316576813202,,0.10143062153532222
fincall,trading,temporal,dv,15,gbdt_tickerFE,test,481,0.21983917027232497,0.3816075353140273,-0.05684920620221443,0.4034319674101985,0.0027911361246330847,0.456689937657425
fincall,trading,temporal,dv,15,gbdt_tickerFE,val,228,0.1352127218992485,0.27901224828743554,0.1449237912172035,0.4192775907929696,0.003122010006045076,0.10122992420338502
fincall,trading,temporal,dv,15,har,test,481,0.16499524678806152,0.3335496537492205,0.20680606927739598,0.485291842753514,,3.9690777032258355e-05
fincall,trading,temporal,dv,15,har,val,228,0.10011348989472132,0.2384411624961785,0.3668889865926963,0.4799272328904737,,2.075612059070428e-06
fincall,trading,temporal,dv,15,persistence,test,481,0.20801375350634607,0.36461196344813596,0.0,,,
fincall,trading,temporal,dv,15,persistence,val,228,0.1581294398211876,0.31199564225421667,0.0,,,
fincall,trading,temporal,dv,30,ewma,test,481,0.1358253202021234,0.2880298575354202,-0.2190757782364916,-0.07129754557601509,,1.141428478521065e-06
fincall,trading,temporal,dv,30,ewma,val,228,0.07188293736076763,0.20515039384172565,-0.2251750777128294,0.15779465595669645,,0.006883072552476257
fincall,trading,temporal,dv,30,garch,test,479,0.16720864440174027,0.32478959406714375,-0.5411811794100716,0.345284117013265,,3.7544188002577915e-07
fincall,trading,temporal,dv,30,garch,val,228,0.12374796171358034,0.2744513748232913,-1.1091642074714039,0.5108926499024024,,6.867886306687881e-06
fincall,trading,temporal,dv,30,gbdt_tickerFE,test,481,0.212096185173755,0.3659418880003852,-0.9036312347132183,0.2918873513352322,0.002041296077939425,6.483391466665124e-13
fincall,trading,temporal,dv,30,gbdt_tickerFE,val,228,0.15902910585041913,0.30708646752763846,-1.710497153740802,-0.07882643821128446,0.0017757771547401349,1.4051021018869912e-08
fincall,trading,temporal,dv,30,har,test,481,0.14340959441793918,0.3089175429715145,-0.28714706993855277,0.30261512274750096,,5.931496899554706e-05
fincall,trading,temporal,dv,30,har,val,228,0.09984613977656064,0.2590852223905531,-0.7017807918188745,0.16022794826245687,,4.637926044206516e-07
fincall,trading,temporal,dv,30,persistence,test,481,0.11141663432818553,0.2633952127988365,0.0,,,
fincall,trading,temporal,dv,30,persistence,val,228,0.05867156349193742,0.190447720392835,0.0,,,
fincall,trading,temporal,har_resid,3,ewma,test,481,0.7199654405750961,0.6517816972359788,-0.14366307153452706,0.16157096836901463,,0.0001578366482820592
fincall,trading,temporal,har_resid,3,ewma,val,228,0.5120446516959838,0.5636907997366336,-0.09345385511141302,0.15027748778686514,,0.12402731831721409
fincall,trading,temporal,har_resid,3,garch,test,479,0.8597339689659537,0.7072834996707299,-0.3642462078122206,0.18254265832028677,,9.397632201542352e-09
fincall,trading,temporal,har_resid,3,garch,val,228,0.5737841258051214,0.5949633024337806,-0.22529639219013253,0.2645070525040518,,0.006985927728982088
fincall,trading,temporal,har_resid,3,gbdt_tickerFE,test,481,0.7550082936653502,0.678559861930955,-0.19932854482241172,0.07037283166659598,0.007921765745631405,1.2639905764786927e-05
fincall,trading,temporal,har_resid,3,gbdt_tickerFE,val,228,0.6007877746506186,0.6206383681192617,-0.2829617614785028,0.09880441139255844,0.010937789245673447,0.0004977631088344576
fincall,trading,temporal,har_resid,3,har,test,481,0.6295258267009284,0.613025346824617,0.0,,,
fincall,trading,temporal,har_resid,3,har,val,228,0.4682819026174736,0.5587010635051486,0.0,,,
fincall,trading,temporal,har_resid,3,persistence,test,481,0.6295258267009284,0.613025346824617,0.0,,,
fincall,trading,temporal,har_resid,3,persistence,val,228,0.4682819026174736,0.5587010635051486,0.0,,,
fincall,trading,temporal,har_resid,7,ewma,test,481,0.2669236537544755,0.41654050183708863,-0.08003529710848212,0.17811667172857196,,0.043513948615075126
fincall,trading,temporal,har_resid,7,ewma,val,228,0.18555973829920172,0.33173266996334727,0.053324229726209205,0.45125535879474366,,0.3534447432725189
fincall,trading,temporal,har_resid,7,garch,test,479,0.335487822447765,0.46506079153551444,-0.35408965374942936,0.2107399037636894,,2.808191446430135e-07
fincall,trading,temporal,har_resid,7,garch,val,228,0.2245399511911576,0.3601424181562835,-0.1455423099831079,0.4065515796198467,,0.11966240258472222
fincall,trading,temporal,har_resid,7,gbdt_tickerFE,test,481,0.3063691648003191,0.4490582302375091,-0.23964102572322954,0.09978903725742302,0.002775540523745255,2.304898650114808e-06
fincall,trading,temporal,har_resid,7,gbdt_tickerFE,val,228,0.2598178253909172,0.41291199746615714,-0.3255205155884072,0.147358164882546,0.004203941239921139,4.003133419818606e-05
fincall,trading,temporal,har_resid,7,har,test,481,0.24714345398626805,0.4009095618589496,0.0,,,
fincall,trading,temporal,har_resid,7,har,val,228,0.1960119231165444,0.3509840431042902,0.0,,,
fincall,trading,temporal,har_resid,7,persistence,test,481,0.24714345398626805,0.4009095618589496,0.0,,,
fincall,trading,temporal,har_resid,7,persistence,val,228,0.1960119231165444,0.3509840431042902,0.0,,,
fincall,trading,temporal,har_resid,15,ewma,test,481,0.17777311198527118,0.3342089911835216,-0.07744383820718781,0.24032352852123784,,0.15745216658371713
fincall,trading,temporal,har_resid,15,ewma,val,228,0.09342743371450316,0.23130542183919856,0.06678476783947085,0.461468659705719,,0.45483734183337726
fincall,trading,temporal,har_resid,15,garch,test,479,0.23311488425576468,0.3867753888499631,-0.40742340623050954,0.3474101921647758,,5.931901943835259e-07
fincall,trading,temporal,har_resid,15,garch,val,228,0.12862206382646793,0.262243840149914,-0.28476256258498256,0.5741950597539495,,0.06241448311440672
fincall,trading,temporal,har_resid,15,gbdt_tickerFE,test,481,0.21768923664067086,0.3791674254532227,-0.31936671436538683,0.0942988013550288,0.0023611531391521555,3.2137632992595043e-09
fincall,trading,temporal,har_resid,15,gbdt_tickerFE,val,228,0.13932955060038027,0.28191688001718973,-0.39171604892505785,0.289138540878976,0.002098135243948134,0.00013104252187501732
fincall,trading,temporal,har_resid,15,har,test,481,0.16499524678806152,0.3335496537492205,0.0,,,
fincall,trading,temporal,har_resid,15,har,val,228,0.10011348989472132,0.2384411624961785,0.0,,,
fincall,trading,temporal,har_resid,15,persistence,test,481,0.16499524678806152,0.3335496537492205,0.0,,,
fincall,trading,temporal,har_resid,15,persistence,val,228,0.10011348989472132,0.2384411624961785,0.0,,,
fincall,trading,temporal,har_resid,30,ewma,test,481,0.1358253202021234,0.2880298575354202,0.05288540314613044,0.27382914027922056,,0.41497452013483516
fincall,trading,temporal,har_resid,30,ewma,val,228,0.07188293736076763,0.20515039384172565,0.2800629296071945,0.5030521324969938,,0.001143185556755198
fincall,trading,temporal,har_resid,30,garch,test,479,0.16720864440174027,0.32478959406714375,-0.16323618187386923,0.45999163590606296,,0.021865568750570802
fincall,trading,temporal,har_resid,30,garch,val,228,0.12374796171358034,0.2744513748232913,-0.2393865400355797,0.6825987091178389,,0.0879231337896465
fincall,trading,temporal,har_resid,30,gbdt_tickerFE,test,481,0.20915272126597045,0.3629851117251431,-0.4584290689536141,0.03010646898291496,0.002260770872724681,2.267030288260545e-10
fincall,trading,temporal,har_resid,30,gbdt_tickerFE,val,228,0.15797631057662337,0.30679217757929056,-0.5821974783416624,0.02377136325373386,0.005396172133521309,0.00012002137365305882
fincall,trading,temporal,har_resid,30,har,test,481,0.14340959441793918,0.3089175429715145,0.0,,,
fincall,trading,temporal,har_resid,30,har,val,228,0.09984613977656064,0.2590852223905531,0.0,,,
fincall,trading,temporal,har_resid,30,persistence,test,481,0.14340959441793918,0.3089175429715145,0.0,,,
fincall,trading,temporal,har_resid,30,persistence,val,228,0.09984613977656064,0.2590852223905531,0.0,,,
fincall,trading,temporal,v,3,ewma,test,481,0.7199654405750961,0.6517816972359788,0.386892820988638,0.3615528847286868,,4.073590886063106e-14
fincall,trading,temporal,v,3,ewma,val,228,0.5120446516959838,0.5636907997366336,0.5985827938736534,0.3566019460243016,,4.249748988175598e-06
fincall,trading,temporal,v,3,garch,test,479,0.8597339689659537,0.7072834996707299,0.2645215290850105,0.3481975977655273,,6.882794527278517e-07
fincall,trading,temporal,v,3,garch,val,228,0.5737841258051214,0.5949633024337806,0.5501821570883394,0.4119535919610939,,3.0270099982612982e-05
fincall,trading,temporal,v,3,gbdt_tickerFE,test,481,0.7584077900341443,0.679931882444528,0.35415613794371403,0.23127988587289555,0.005427599599802498,7.170938509899985e-10
fincall,trading,temporal,v,3,gbdt_tickerFE,val,228,0.6019988924154543,0.6208069348688114,0.5280632017458446,0.20024350992843115,0.012408099058329364,4.8569661927657247e-05
fincall,trading,temporal,v,3,har,test,481,0.6295258267009284,0.613025346824617,0.46390926290142753,0.37581963393470663,,1.820656476531648e-16
fincall,trading,temporal,v,3,har,val,228,0.4682819026174736,0.5587010635051486,0.632890584042574,0.37393585409339347,,7.311447618858232e-07
fincall,trading,temporal,v,3,persistence,test,481,1.1742896922786705,0.8485494339201356,0.0,0.15285405928465945,,
fincall,trading,temporal,v,3,persistence,val,228,1.2755921865860853,0.8590854185617007,0.0,0.10098011099511475,,
fincall,trading,temporal,v,7,ewma,test,481,0.2669236537544755,0.41654050183708863,0.3623971220268618,0.49529144681662685,,2.3042735395906785e-19
fincall,trading,temporal,v,7,ewma,val,228,0.18555973829920172,0.33173266996334727,0.4733443732519431,0.5559341633610201,,6.35896719181109e-09
fincall,trading,temporal,v,7,garch,test,479,0.335487822447765,0.46506079153551444,0.19258671618112477,0.4888200587829029,,0.00016082703455836647
fincall,trading,temporal,v,7,garch,val,228,0.2245399511911576,0.3601424181562835,0.36271073774700424,0.6404271605696963,,5.4315852087269095e-05
fincall,trading,temporal,v,7,gbdt_tickerFE,test,481,0.308812710897053,0.4490160813776821,0.2623363630270019,0.37568473952183523,0.004065475191020654,1.3349977803863247e-05
fincall,trading,temporal,v,7,gbdt_tickerFE,val,228,0.2587299494735088,0.41175815427767726,0.2656726887663967,0.36017238741919916,0.004357805739778903,0.002647265431625543
fincall,trading,temporal,v,7,har,test,481,0.24714345398626805,0.4009095618589496,0.40964625908046093,0.5204675249486191,,4.257529797639159e-15
fincall,trading,temporal,v,7,har,val,228,0.1960119231165444,0.3509840431042902,0.4436789835703291,0.47176976978177276,,1.1018705150650903e-07
fincall,trading,temporal,v,7,persistence,test,481,0.4186362122501599,0.520852516929287,0.0,0.329237973247291,,
fincall,trading,temporal,v,7,persistence,val,228,0.35233600264555864,0.452351560319568,0.0,0.4343857651059452,,
fincall,trading,temporal,v,15,ewma,test,481,0.17777311198527118,0.3342089911835216,0.1453780868395913,0.5735180180694193,,7.65133322052921e-07
fincall,trading,temporal,v,15,ewma,val,228,0.09342743371450316,0.23130542183919856,0.4091711586397152,0.6539345833794445,,1.0472826021403408e-10
fincall,trading,temporal,v,15,garch,test,479,0.23311488425576468,0.3867753888499631,-0.14034909223131864,0.6078950163101908,,0.043598791881407015
fincall,trading,temporal,v,15,garch,val,228,0.12862206382646793,0.262243840149914,0.18660267201405722,0.7093205410909837,,0.10143062153532222
fincall,trading,temporal,v,15,gbdt_tickerFE,test,481,0.21635052402780164,0.3772458866686771,-0.04007797744585782,0.4160014759251974,0.002325099748491361,0.6395720805054547
fincall,trading,temporal,v,15,gbdt_tickerFE,val,228,0.13502328774990544,0.279529343722962,0.14612176010621775,0.5126781695423857,0.0035187057613738394,0.0868283494721492
fincall,trading,temporal,v,15,har,test,481,0.16499524678806152,0.3335496537492205,0.20680606927739598,0.5698858488559153,,3.9690777032258355e-05
fincall,trading,temporal,v,15,har,val,228,0.10011348989472132,0.2384411624961785,0.3668889865926963,0.5889018958036212,,2.075612059070428e-06
fincall,trading,temporal,v,15,persistence,test,481,0.20801375350634607,0.36461196344813596,0.0,0.5086155591658474,,
fincall,trading,temporal,v,15,persistence,val,228,0.1581294398211876,0.31199564225421667,0.0,0.5118724319774582,,
fincall,trading,temporal,v,30,ewma,test,481,0.1358253202021234,0.2880298575354202,-0.2190757782364916,0.6049874808144087,,1.141428478521065e-06
fincall,trading,temporal,v,30,ewma,val,228,0.07188293736076763,0.20515039384172565,-0.2251750777128294,0.689546479193891,,0.006883072552476257
fincall,trading,temporal,v,30,garch,test,479,0.16720864440174027,0.32478959406714375,-0.5411811794100716,0.6697239553832643,,3.7544188002577915e-07
fincall,trading,temporal,v,30,garch,val,228,0.12374796171358034,0.2744513748232913,-1.1091642074714039,0.7745237300000991,,6.867886306687881e-06
fincall,trading,temporal,v,30,gbdt_tickerFE,test,481,0.2049428830708102,0.3587982397206043,-0.8394280558425102,0.3366849451278155,0.0031341186145135507,1.1159343422716233e-11
fincall,trading,temporal,v,30,gbdt_tickerFE,val,228,0.15176290692122635,0.30230215089046597,-1.5866518273725818,0.37254298339819725,0.005517298368680205,5.019971439939067e-08
fincall,trading,temporal,v,30,har,test,481,0.14340959441793918,0.3089175429715145,-0.28714706993855277,0.5523071741912248,,5.931496899554706e-05
fincall,trading,temporal,v,30,har,val,228,0.09984613977656064,0.2590852223905531,-0.7017807918188745,0.6253993027061294,,4.637926044206516e-07
fincall,trading,temporal,v,30,persistence,test,481,0.11141663432818553,0.2633952127988365,0.0,0.6353228181500676,,
fincall,trading,temporal,v,30,persistence,val,228,0.05867156349193742,0.190447720392835,0.0,0.7094262285185016,,
fincall,trading,ticker_disjoint,dv,3,ewma,test,484,0.734559833957946,0.6575111611726706,0.35691456142794353,0.6644829925204911,,6.166451798492784e-07
fincall,trading,ticker_disjoint,dv,3,ewma,val,239,0.8126727277815444,0.7163183194959154,0.3358541244012947,0.5825734933679505,,1.0490235178602153e-05
fincall,trading,ticker_disjoint,dv,3,garch,test,484,0.7354912347295761,0.6475785287551933,0.35609914756235994,0.635804066263958,,7.777455999260987e-07
fincall,trading,ticker_disjoint,dv,3,garch,val,238,0.7689689818572601,0.6916735516350347,0.3741006978879743,0.60062463865508,,5.536661249828209e-07
fincall,trading,ticker_disjoint,dv,3,gbdt_tickerFE,test,484,0.6776412021088973,0.6480690993700848,0.4067451424554144,0.6111029761122679,0.004993297241887963,5.780742932548074e-09
fincall,trading,ticker_disjoint,dv,3,gbdt_tickerFE,val,239,0.7233473740104218,0.6766886035279982,0.40885407046252586,0.5851943425518734,0.004055017472425371,4.000722086500574e-07
fincall,trading,ticker_disjoint,dv,3,har,test,484,0.5773085476735418,0.5940363528820461,0.4945834179747822,0.6567028368340134,,2.739222181161659e-12
fincall,trading,ticker_disjoint,dv,3,har,val,239,0.6452765300263181,0.6402681654880686,0.4726564195066425,0.5993109689219082,,1.2527948123824335e-09
fincall,trading,ticker_disjoint,dv,3,persistence,test,484,1.1422429896546944,0.8253758578154269,0.0,,,
fincall,trading,ticker_disjoint,dv,3,persistence,val,239,1.223635887295012,0.8788655474856548,0.0,,,
fincall,trading,ticker_disjoint,dv,7,ewma,test,484,0.3087248793746033,0.44050799325136963,0.1994487722051299,0.6130471196834125,,1.7434853139399827e-05
fincall,trading,ticker_disjoint,dv,7,ewma,val,239,0.32763294239254737,0.4452233645286401,0.3046181885793108,0.5930604205621947,,5.448779191453443e-07
fincall,trading,ticker_disjoint,dv,7,garch,test,484,0.2972839837755452,0.41826633942896224,0.22911603788664114,0.5615289805110198,,2.510034158443404e-05
fincall,trading,ticker_disjoint,dv,7,garch,val,238,0.30165452297624307,0.42306549422187334,0.36093151933363077,0.5440914018041073,,7.75768159219659e-08
fincall,trading,ticker_disjoint,dv,7,gbdt_tickerFE,test,484,0.27942358674484297,0.41092065479716133,0.27542964500763817,0.5524388744492273,0.0022759259913300426,6.851916431142379e-07
fincall,trading,ticker_disjoint,dv,7,gbdt_tickerFE,val,239,0.30601607170980427,0.4321500583682282,0.3504987358247781,0.5129943687826829,0.003036035305581514,3.7547501843232517e-06
fincall,trading,ticker_disjoint,dv,7,har,test,484,0.2480330301385903,0.3884907824804141,0.3568281661867744,0.6134423627888194,,1.2835797506052557e-11
fincall,trading,ticker_disjoint,dv,7,har,val,239,0.2695372986269574,0.39608664290231327,0.4279228041114209,0.5936022639371065,,9.127649891352664e-10
fincall,trading,ticker_disjoint,dv,7,persistence,test,484,0.3856403795981807,0.48949463859300363,0.0,,,
fincall,trading,ticker_disjoint,dv,7,persistence,val,239,0.47115546741606873,0.5318543864691341,0.0,,,
fincall,trading,ticker_disjoint,dv,15,ewma,test,484,0.21559359454008978,0.3640804127367526,-0.009011457425679659,0.4909243682422892,,0.8274480029939366
fincall,trading,ticker_disjoint,dv,15,ewma,val,239,0.2577597495795712,0.39836682686386976,0.11497510615536888,0.5359396168094451,,0.016039295215983424
fincall,trading,ticker_disjoint,dv,15,garch,test,484,0.1948113744632601,0.3341322611274888,0.08825255551030675,0.47033846634821336,,0.2147059382999636
fincall,trading,ticker_disjoint,dv,15,garch,val,238,0.21422745389517583,0.34901185817613084,0.26629148089384713,0.4456200622586527,,0.00010759227594541357
fincall,trading,ticker_disjoint,dv,15,gbdt_tickerFE,test,484,0.19468576465813187,0.3404165548416961,0.0888404288782971,0.41646769699716213,0.0015654121207534788,0.09804023508514913
fincall,trading,ticker_disjoint,dv,15,gbdt_tickerFE,val,239,0.22339209557423062,0.3583196428404208,0.2329773519962231,0.43627910068265174,0.003743019653364535,0.0007416198302019693
fincall,trading,ticker_disjoint,dv,15,har,test,484,0.1685558649190051,0.3159156552002981,0.21113241196994004,0.4918638794761639,,2.4770321586788383e-05
fincall,trading,ticker_disjoint,dv,15,har,val,239,0.1939517734805544,0.3298306091003154,0.33406147385080365,0.5298667333186513,,8.199261590586892e-09
fincall,trading,ticker_disjoint,dv,15,persistence,test,484,0.2136681332540465,0.35613154269225394,0.0,,,
fincall,trading,ticker_disjoint,dv,15,persistence,val,239,0.29124576198059093,0.4123167668094299,0.0,,,
fincall,trading,ticker_disjoint,dv,30,ewma,test,484,0.2224421156573535,0.34673820818091894,0.04597480417008093,0.11531749818309285,,0.11781020251394077
fincall,trading,ticker_disjoint,dv,30,ewma,val,239,0.29974487583622433,0.3998184120865858,0.08995305142138021,0.1578422185617403,,0.0058105769372417005
fincall,trading,ticker_disjoint,dv,30,garch,test,484,0.18442059260954136,0.3098550907087821,0.2090441530847258,0.44033184340432374,,0.001745055481514491
fincall,trading,ticker_disjoint,dv,30,garch,val,238,0.23964248523733175,0.3496055168128973,0.27535451964742796,0.44484987144510163,,2.0323203621037754e-05
fincall,trading,ticker_disjoint,dv,30,gbdt_tickerFE,test,484,0.20807546681257122,0.33603215450118185,0.107591485602278,0.30258850808440513,0.002250553577183739,0.06025697751710038
fincall,trading,ticker_disjoint,dv,30,gbdt_tickerFE,val,239,0.22130130433528916,0.3424860328547611,0.32811336252221,0.39000884041635625,0.0030470671936754516,7.835868436139073e-05
fincall,trading,ticker_disjoint,dv,30,har,test,484,0.17982822857969927,0.3127450296232181,0.2287402029084974,0.3334790532911244,,2.1614729917717808e-06
fincall,trading,ticker_disjoint,dv,30,har,val,239,0.22077882556621922,0.3315604385863965,0.3296996455509449,0.45098767329514744,,1.5029924315436157e-08
fincall,trading,ticker_disjoint,dv,30,persistence,test,484,0.23316167815028008,0.3469835711429589,0.0,,,
fincall,trading,ticker_disjoint,dv,30,persistence,val,239,0.3293729804867634,0.40347003357142996,0.0,,,
fincall,trading,ticker_disjoint,har_resid,3,ewma,test,484,0.734559833957946,0.6575111611726706,-0.27238690110877606,0.07450882088241774,,7.288359559840667e-08
fincall,trading,ticker_disjoint,har_resid,3,ewma,val,239,0.8126727277815444,0.7163183194959154,-0.25941776891900736,-0.01964716194380351,,0.00027249677112740157
fincall,trading,ticker_disjoint,har_resid,3,garch,test,484,0.7354912347295761,0.6475785287551933,-0.2740002511542301,0.112258866450447,,5.888531159941699e-06
fincall,trading,ticker_disjoint,har_resid,3,garch,val,238,0.7689689818572601,0.6916735516350347,-0.18918359037731136,0.06021818730901245,,0.011057923502472011
fincall,trading,ticker_disjoint,har_resid,3,gbdt_tickerFE,test,484,0.6636447673596974,0.6443414756855269,-0.14954952604474023,0.06503992912587211,0.005881940501361093,0.0006981280606371971
fincall,trading,ticker_disjoint,har_resid,3,gbdt_tickerFE,val,239,0.7192669357084129,0.6750182771125617,-0.11466464723128404,0.13067382428011778,0.007307025231516506,0.06025092361762641
fincall,trading,ticker_disjoint,har_resid,3,har,test,484,0.5773085476735418,0.5940363528820461,0.0,,,
fincall,trading,ticker_disjoint,har_resid,3,har,val,239,0.6452765300263181,0.6402681654880686,0.0,,,
fincall,trading,ticker_disjoint,har_resid,3,persistence,test,484,0.5773085476735418,0.5940363528820461,0.0,,,
fincall,trading,ticker_disjoint,har_resid,3,persistence,val,239,0.6452765300263181,0.6402681654880686,0.0,,,
fincall,trading,ticker_disjoint,har_resid,7,ewma,test,484,0.3087248793746033,0.44050799325136963,-0.24469260889205358,0.14238074700759829,,6.107963578144591e-06
fincall,trading,ticker_disjoint,har_resid,7,ewma,val,239,0.32763294239254737,0.4452233645286401,-0.2155384210702318,0.10000351545300713,,0.00039572673841841853
fincall,trading,ticker_disjoint,har_resid,7,garch,test,484,0.2972839837755452,0.41826633942896224,-0.1985661087534818,0.1955211172374497,,0.00312226393543693
fincall,trading,ticker_disjoint,har_resid,7,garch,val,238,0.30165452297624307,0.42306549422187334,-0.12036810767097683,0.16717845746746474,,0.12407597020762247
fincall,trading,ticker_disjoint,har_resid,7,gbdt_tickerFE,test,484,0.2783626462568295,0.4086036336970871,-0.12228055312347838,0.13298019085957066,0.002387927942713601,0.0034092066642118744
fincall,trading,ticker_disjoint,har_resid,7,gbdt_tickerFE,val,239,0.2938300661494865,0.4263172666804708,-0.09012766561911176,0.1314524850969116,0.0048707120926215364,0.18641489622355234
fincall,trading,ticker_disjoint,har_resid,7,har,test,484,0.2480330301385903,0.3884907824804141,0.0,,,
fincall,trading,ticker_disjoint,har_resid,7,har,val,239,0.2695372986269574,0.39608664290231327,0.0,,,
fincall,trading,ticker_disjoint,har_resid,7,persistence,test,484,0.2480330301385903,0.3884907824804141,0.0,,,
fincall,trading,ticker_disjoint,har_resid,7,persistence,val,239,0.2695372986269574,0.39608664290231327,0.0,,,
fincall,trading,ticker_disjoint,har_resid,15,ewma,test,484,0.21559359454008978,0.3640804127367526,-0.2790631441017337,0.1962056745300342,,2.2936824042408893e-05
fincall,trading,ticker_disjoint,har_resid,15,ewma,val,239,0.2577597495795712,0.39836682686386976,-0.3289888767395788,0.11707243954677692,,3.49028945363939e-06
fincall,trading,ticker_disjoint,har_resid,15,garch,test,484,0.1948113744632601,0.3341322611274888,-0.1557674042186037,0.27231833768536157,,0.04063752917396718
fincall,trading,ticker_disjoint,har_resid,15,garch,val,238,0.21422745389517583,0.34901185817613084,-0.10558590358455633,0.22997658590427542,,0.15716362735754277
fincall,trading,ticker_disjoint,har_resid,15,gbdt_tickerFE,test,484,0.19688760293969057,0.34154983350064017,-0.16808515108210265,0.13401940473686852,0.0006168676745118456,0.0004754606343309802
fincall,trading,ticker_disjoint,har_resid,15,gbdt_tickerFE,val,239,0.21950014783517569,0.35448097131927675,-0.1317253969692771,0.18634754723351646,0.0011160306570156416,0.07008774232627286
fincall,trading,ticker_disjoint,har_resid,15,har,test,484,0.1685558649190051,0.3159156552002981,0.0,,,
fincall,trading,ticker_disjoint,har_resid,15,har,val,239,0.1939517734805544,0.3298306091003154,0.0,,,
fincall,trading,ticker_disjoint,har_resid,15,persistence,test,484,0.1685558649190051,0.3159156552002981,0.0,,,
fincall,trading,ticker_disjoint,har_resid,15,persistence,val,239,0.1939517734805544,0.3298306091003154,0.0,,,
fincall,trading,ticker_disjoint,har_resid,30,ewma,test,484,0.2224421156573535,0.34673820818091894,-0.23696995412913124,0.26139287481194456,,4.087217376458711e-05
fincall,trading,ticker_disjoint,har_resid,30,ewma,val,239,0.29974487583622433,0.3998184120865858,-0.3576703973648072,0.08700190832704542,,7.168432165960484e-08
fincall,trading,ticker_disjoint,har_resid,30,garch,test,484,0.18442059260954136,0.3098550907087821,-0.02553750357278739,0.42308033819031104,,0.6960079032203772
fincall,trading,ticker_disjoint,har_resid,30,garch,val,238,0.23964248523733175,0.3496055168128973,-0.08210518372985498,0.36438144943873885,,0.12536977257149295
fincall,trading,ticker_disjoint,har_resid,30,gbdt_tickerFE,test,484,0.20536480179231348,0.33365921828669676,-0.14200536486570856,0.0998828417551921,0.0008018381071666175,0.00533586913978079
fincall,trading,ticker_disjoint,har_resid,30,gbdt_tickerFE,val,239,0.2206367285929292,0.3414280231919668,0.0006436168546761989,0.18362152511335342,0.00333520391152689,0.8923101837363587
fincall,trading,ticker_disjoint,har_resid,30,har,test,484,0.17982822857969927,0.3127450296232181,0.0,,,
fincall,trading,ticker_disjoint,har_resid,30,har,val,239,0.22077882556621922,0.3315604385863965,0.0,,,
fincall,trading,ticker_disjoint,har_resid,30,persistence,test,484,0.17982822857969927,0.3127450296232181,0.0,,,
fincall,trading,ticker_disjoint,har_resid,30,persistence,val,239,0.22077882556621922,0.3315604385863965,0.0,,,
fincall,trading,ticker_disjoint,v,3,ewma,test,484,0.734559833957946,0.6575111611726706,0.35691456142794353,0.3313388546595602,,6.166451798492784e-07
fincall,trading,ticker_disjoint,v,3,ewma,val,239,0.8126727277815444,0.7163183194959154,0.3358541244012947,0.1007278768426938,,1.0490235178602153e-05
fincall,trading,ticker_disjoint,v,3,garch,test,484,0.7354912347295761,0.6475785287551933,0.35609914756235994,0.31576893191180544,,7.777455999260987e-07
fincall,trading,ticker_disjoint,v,3,garch,val,238,0.7689689818572601,0.6916735516350347,0.3741006978879743,0.07675614227870518,,5.536661249828209e-07
fincall,trading,ticker_disjoint,v,3,gbdt_tickerFE,test,484,0.6718989201749321,0.6469126579988294,0.41177234068378865,0.2440727799733573,0.010138466807103726,2.1638687753977923e-08
fincall,trading,ticker_disjoint,v,3,gbdt_tickerFE,val,239,0.7222977079411058,0.6770095236691412,0.4097118959645519,0.1700839842807727,0.008354061359902208,4.492991521747522e-07
fincall,trading,ticker_disjoint,v,3,har,test,484,0.5773085476735418,0.5940363528820461,0.4945834179747822,0.3624147827224807,,2.7392221811616584e-12
fincall,trading,ticker_disjoint,v,3,har,val,239,0.6452765300263181,0.6402681654880686,0.4726564195066425,0.1332580169098816,,1.2527948123824335e-09
fincall,trading,ticker_disjoint,v,3,persistence,test,484,1.1422429896546944,0.8253758578154269,0.0,0.10862279357639816,,
fincall,trading,ticker_disjoint,v,3,persistence,val,239,1.223635887295012,0.8788655474856548,0.0,0.021067782058675964,,
fincall,trading,ticker_disjoint,v,7,ewma,test,484,0.3087248793746033,0.44050799325136963,0.1994487722051299,0.5111955698865016,,1.7434853139399827e-05
fincall,trading,ticker_disjoint,v,7,ewma,val,239,0.32763294239254737,0.4452233645286401,0.3046181885793108,0.35773762681502136,,5.448779191453443e-07
fincall,trading,ticker_disjoint,v,7,garch,test,484,0.2972839837755452,0.41826633942896224,0.22911603788664114,0.4746756255679948,,2.510034158443404e-05
fincall,trading,ticker_disjoint,v,7,garch,val,238,0.30165452297624307,0.42306549422187334,0.36093151933363077,0.3594781656511784,,7.75768159219659e-08
fincall,trading,ticker_disjoint,v,7,gbdt_tickerFE,test,484,0.2784125289705774,0.40898378767058324,0.27805140825587227,0.4411717692344391,0.0019905227935276847,4.890552076895976e-07
fincall,trading,ticker_disjoint,v,7,gbdt_tickerFE,val,239,0.2992997625315475,0.4277363711772524,0.36475371033476434,0.3155223654718907,0.0040039337687426315,1.4641294297199386e-06
fincall,trading,ticker_disjoint,v,7,har,test,484,0.2480330301385903,0.3884907824804141,0.3568281661867744,0.5157003771681831,,1.2835797506052557e-11
fincall,trading,ticker_disjoint,v,7,har,val,239,0.2695372986269574,0.39608664290231327,0.4279228041114209,0.37622475426754237,,9.127649891352664e-10
fincall,trading,ticker_disjoint,v,7,persistence,test,484,0.3856403795981807,0.48949463859300363,0.0,0.35375256040975595,,
fincall,trading,ticker_disjoint,v,7,persistence,val,239,0.47115546741606873,0.5318543864691341,0.0,0.26229564610606526,,
fincall,trading,ticker_disjoint,v,15,ewma,test,484,0.21559359454008978,0.3640804127367526,-0.009011457425679659,0.5917596852553841,,0.8274480029939366
fincall,trading,ticker_disjoint,v,15,ewma,val,239,0.2577597495795712,0.39836682686386976,0.11497510615536888,0.4461604881926698,,0.016039295215983424
fincall,trading,ticker_disjoint,v,15,garch,test,484,0.1948113744632601,0.3341322611274888,0.08825255551030675,0.5701471385759377,,0.2147059382999636
fincall,trading,ticker_disjoint,v,15,garch,val,238,0.21422745389517583,0.34901185817613084,0.26629148089384713,0.44482128711399105,,0.00010759227594541357
fincall,trading,ticker_disjoint,v,15,gbdt_tickerFE,test,484,0.1970498578441185,0.34127937567192185,0.07777610613637576,0.49036161802259526,0.0010581622646387429,0.1371277214683724
fincall,trading,ticker_disjoint,v,15,gbdt_tickerFE,val,239,0.21788026748736455,0.3526464976969567,0.25190235900536667,0.41827846193979623,0.0032622474422935063,0.00027682403367424943
fincall,trading,ticker_disjoint,v,15,har,test,484,0.1685558649190051,0.3159156552002981,0.21113241196994004,0.5953927923851016,,2.4770321586788383e-05
fincall,trading,ticker_disjoint,v,15,har,val,239,0.1939517734805544,0.3298306091003154,0.33406147385080365,0.4626785010274271,,8.199261590586892e-09
fincall,trading,ticker_disjoint,v,15,persistence,test,484,0.2136681332540465,0.35613154269225394,0.0,0.5125769722179956,,
fincall,trading,ticker_disjoint,v,15,persistence,val,239,0.29124576198059093,0.4123167668094299,0.0,0.40655945639050833,,
fincall,trading,ticker_disjoint,v,30,ewma,test,484,0.2224421156573535,0.34673820818091894,0.04597480417008093,0.6292557341476918,,0.11781020251394077
fincall,trading,ticker_disjoint,v,30,ewma,val,239,0.29974487583622433,0.3998184120865858,0.08995305142138021,0.5003400560038825,,0.0058105769372417005
fincall,trading,ticker_disjoint,v,30,garch,test,484,0.18442059260954136,0.3098550907087821,0.2090441530847258,0.6456067734398115,,0.001745055481514491
fincall,trading,ticker_disjoint,v,30,garch,val,238,0.23964248523733175,0.3496055168128973,0.27535451964742796,0.5403478696942886,,2.0323203621037754e-05
fincall,trading,ticker_disjoint,v,30,gbdt_tickerFE,test,484,0.20604047726146324,0.33539918110853645,0.11631929013367441,0.43417601969117986,0.0012763985417447669,0.04551374153337658
fincall,trading,ticker_disjoint,v,30,gbdt_tickerFE,val,239,0.2202079209979712,0.34234301388603167,0.3314329527803488,0.410802954573011,0.0031498805581139542,6.79484188880695e-05
fincall,trading,ticker_disjoint,v,30,har,test,484,0.17982822857969927,0.3127450296232181,0.2287402029084974,0.6076969372063675,,2.1614729917717808e-06
fincall,trading,ticker_disjoint,v,30,har,val,239,0.22077882556621922,0.3315604385863965,0.3296996455509449,0.505060483294444,,1.5029924315436157e-08
fincall,trading,ticker_disjoint,v,30,persistence,test,484,0.23316167815028008,0.3469835711429589,0.0,0.6441023097762109,,
fincall,trading,ticker_disjoint,v,30,persistence,val,239,0.3293729804867634,0.40347003357142996,0.0,0.46313872523194455,,
fincall,calendar,combined,dv,3,ewma,test,53,1.057475066660856,0.7501077711791183,0.519629557833569,0.6559404024767802,,0.04166213281415077
fincall,calendar,combined,dv,3,ewma,val,9,1.0218127460455415,0.9268881232817168,0.5729710675673456,0.8095238095238096,,0.0904863844045569
fincall,calendar,combined,dv,3,garch,test,53,1.0790162249247726,0.7392260747009075,0.5098442342394258,0.7050691568493426,,0.04916399825447624
fincall,calendar,combined,dv,3,garch,val,9,1.1248180895892808,0.9465611746606881,0.5299237851190004,0.880952380952381,,0.11007156129931686
fincall,calendar,combined,dv,3,gbdt_tickerFE,test,53,1.6211196090895144,0.9917343251255041,0.26358741877291775,0.35924520525913717,0.0328294473010433,0.30201010500032316
fincall,calendar,combined,dv,3,gbdt_tickerFE,val,9,0.7868647788215348,0.7759595581166654,0.6711589009146686,0.9095238095238095,0.09474220616762297,0.0846578948957039
fincall,calendar,combined,dv,3,har,test,53,1.0184513489465679,0.7790502477230278,0.5373565389458362,0.5868476337903583,,0.037357587315340376
fincall,calendar,combined,dv,3,har,val,9,0.8114066164267896,0.7528789638523458,0.6609025454786399,0.9047619047619048,,0.07430122371088137
fincall,calendar,combined,dv,3,persistence,test,53,2.2013741351189946,1.15829854001051,0.0,,,
fincall,calendar,combined,dv,3,persistence,val,9,2.3928419562219925,1.3122646485799703,0.0,,,
fincall,calendar,combined,dv,7,ewma,test,92,0.4001541196679423,0.5184499961804986,0.2241829750186658,0.5041048361268282,,0.00843497856672517
fincall,calendar,combined,dv,7,ewma,val,21,0.3174586483641941,0.45619683844868614,0.6269590094920187,0.6015037593984961,,0.07700769130111401
fincall,calendar,combined,dv,7,garch,test,92,0.4371498067294294,0.517982297329515,0.15245590171750656,0.5448294925955863,,0.1980233955286245
fincall,calendar,combined,dv,7,garch,val,21,0.31472210429948294,0.4534747714465528,0.6301746821905851,0.6120300751879698,,0.06996032827208111
fincall,calendar,combined,dv,7,gbdt_tickerFE,test,92,0.49626863699139917,0.5501275495724285,0.037836576912658515,0.3675553488182932,0.005522503833231497,0.7242622491894883
fincall,calendar,combined,dv,7,gbdt_tickerFE,val,21,0.5075219382199713,0.5463780100248264,0.403618431837743,0.6778947368421052,0.013424317410217457,0.24129892473687484
fincall,calendar,combined,dv,7,har,test,92,0.38764241838861124,0.5059138913576888,0.24844060573365312,0.5110231206820297,,0.01333392487826111
fincall,calendar,combined,dv,7,har,val,21,0.37492979391315306,0.47332968877865367,0.5594255112815156,0.669172932330827,,0.07869236973128363
fincall,calendar,combined,dv,7,persistence,test,92,0.51578414340362,0.5911599680325254,0.0,,,
fincall,calendar,combined,dv,7,persistence,val,21,0.85100205189757,0.6753632473193412,0.0,,,
fincall,calendar,combined,dv,15,ewma,test,92,0.17925910839527967,0.3392853681339344,0.18202572451731125,0.4602240896358544,,0.07775158781014059
fincall,calendar,combined,dv,15,ewma,val,21,0.15942053103306103,0.30368872675776387,0.6487166055478029,0.8120300751879698,,0.02367528979154444
fincall,calendar,combined,dv,15,garch,test,92,0.2112212571243686,0.35877804421614995,0.03617977178671694,0.5744043170807343,,0.8538164414135554
fincall,calendar,combined,dv,15,garch,val,21,0.13081597561484787,0.2956724566914547,0.7117467890441938,0.7007518796992479,,0.021227186828496458
fincall,calendar,combined,dv,15,gbdt_tickerFE,test,92,0.2570377279296649,0.4019790383123173,-0.17288460908422384,0.35036114627339143,0.005149744397430088,0.29092371757311464
fincall,calendar,combined,dv,15,gbdt_tickerFE,val,21,0.34375768087000946,0.4127542081114351,0.24252940181218405,0.5512781954887218,0.01463812888554515,0.17148690347836876
fincall,calendar,combined,dv,15,har,test,92,0.17485158300906645,0.33385828867457107,0.20213763077821645,0.4659302922620954,,0.10144262872040818
fincall,calendar,combined,dv,15,har,val,21,0.19547426403787382,0.33480946104753223,0.5692721473557942,0.7563909774436091,,0.02069595264617096
fincall,calendar,combined,dv,15,persistence,test,92,0.2191500561426561,0.3736973434579576,0.0,,,
fincall,calendar,combined,dv,15,persistence,val,21,0.4538231341155954,0.5126481470100747,0.0,,,
fincall,calendar,combined,dv,30,ewma,test,92,0.145904016081777,0.2943731672275214,0.02573849990273558,0.45094213729048793,,0.7938364938172866
fincall,calendar,combined,dv,30,ewma,val,21,0.08651482329528919,0.2303223080966499,0.5128352486896313,0.6721804511278194,,0.007679257318483189
fincall,calendar,combined,dv,30,garch,test,92,0.18576737059238993,0.3274277572686229,-0.24044561625381422,0.5365414042204903,,0.36055827292699927
fincall,calendar,combined,dv,30,garch,val,21,0.09777790804143852,0.24719123849431546,0.4494128469514054,0.5203007518796992,,0.20419793412055173
fincall,calendar,combined,dv,30,gbdt_tickerFE,test,92,0.2354288312500791,0.41140848995032525,-0.5720557422579088,0.21606114678176175,0.006237168664317464,0.003852014652277104
fincall,calendar,combined,dv,30,gbdt_tickerFE,val,21,0.17794947387088197,0.31011841031820575,-0.002033037601309751,0.19097744360902252,0.009036816493423697,0.9790926724941822
fincall,calendar,combined,dv,30,har,test,92,0.15041719330584935,0.31573834767494785,-0.0043978522732393,0.33173819437030716,,0.9703749718733066
fincall,calendar,combined,dv,30,har,val,21,0.10925175959454628,0.2602463757541812,0.3848036178559079,0.34736842105263155,,0.12568883528654468
fincall,calendar,combined,dv,30,persistence,test,92,0.149758577206644,0.31425685208146636,0.0,,,
fincall,calendar,combined,dv,30,persistence,val,21,0.1775884299153066,0.32157024276205337,0.0,,,
fincall,calendar,combined,har_resid,3,ewma,test,53,1.057475066660856,0.7501077711791183,-0.038316722497006905,0.12808039483736078,,0.7698747609424124
fincall,calendar,combined,har_resid,3,ewma,val,9,1.0218127460455415,0.9268881232817168,-0.2593103449726877,-0.4285714285714286,,0.5270952730592212
fincall,calendar,combined,har_resid,3,garch,test,53,1.0790162249247726,0.7392260747009075,-0.05946761820370683,0.37495803345261547,,0.7224372239206136
fincall,calendar,combined,har_resid,3,garch,val,9,1.1248180895892808,0.9465611746606881,-0.3862569848674253,-0.523809523809524,,0.5105519737105081
fincall,calendar,combined,har_resid,3,gbdt_tickerFE,test,53,1.4688644463637412,0.9485965478843067,-0.44225293420550404,-0.040394234248723404,0.04686076715577449,0.014713629470023365
fincall,calendar,combined,har_resid,3,gbdt_tickerFE,val,9,0.7336969925640343,0.7544415110210914,0.09577149395819196,0.39047619047619053,0.047814040716943854,0.5999362867746376
fincall,calendar,combined,har_resid,3,har,test,53,1.0184513489465679,0.7790502477230278,0.0,,,
fincall,calendar,combined,har_resid,3,har,val,9,0.8114066164267896,0.7528789638523458,0.0,,,
fincall,calendar,combined,har_resid,3,persistence,test,53,1.0184513489465679,0.7790502477230278,0.0,,,
fincall,calendar,combined,har_resid,3,persistence,val,9,0.8114066164267896,0.7528789638523458,0.0,,,
fincall,calendar,combined,har_resid,7,ewma,test,92,0.4001541196679423,0.5184499961804986,-0.032276398778391835,0.18264283934989606,,0.6396142320033307
fincall,calendar,combined,har_resid,7,ewma,val,21,0.3174586483641941,0.45619683844868614,0.1532850855866401,0.16541353383458643,,0.32368994799791345
fincall,calendar,combined,har_resid,7,garch,test,92,0.4371498067294294,0.517982297329515,-0.1277140632509084,0.29063810642224225,,0.334886338845728
fincall,calendar,combined,har_resid,7,garch,val,21,0.31472210429948294,0.4534747714465528,0.160583902882939,0.17744360902255638,,0.3513629196323419
fincall,calendar,combined,har_resid,7,gbdt_tickerFE,test,92,0.4723084118495887,0.5397489860797546,-0.21841261287380545,0.028693183262415684,0.012132192544822128,0.031392387102273864
fincall,calendar,combined,har_resid,7,gbdt_tickerFE,val,21,0.5285746770962721,0.5637635053066681,-0.4097964090277356,-0.07909774436090225,0.015626495329982153,0.08660506471083536
fincall,calendar,combined,har_resid,7,har,test,92,0.38764241838861124,0.5059138913576888,0.0,,,
fincall,calendar,combined,har_resid,7,har,val,21,0.37492979391315306,0.47332968877865367,0.0,,,
fincall,calendar,combined,har_resid,7,persistence,test,92,0.38764241838861124,0.5059138913576888,0.0,,,
fincall,calendar,combined,har_resid,7,persistence,val,21,0.37492979391315306,0.47332968877865367,0.0,,,
fincall,calendar,combined,har_resid,15,ewma,test,92,0.17925910839527967,0.3392853681339344,-0.025207237534616178,0.26243855073789957,,0.8409057627566756
fincall,calendar,combined,har_resid,15,ewma,val,21,0.15942053103306103,0.30368872675776387,0.18444235194985703,0.45714285714285713,,0.37523978066781954
fincall,calendar,combined,har_resid,15,garch,test,92,0.2112212571243686,0.35877804421614995,-0.2080031160679643,0.4053727116981094,,0.34005948272380326
fincall,calendar,combined,har_resid,15,garch,val,21,0.13081597561484787,0.2956724566914547,0.33077647710441405,0.31879699248120297,,0.14722898520325398
fincall,calendar,combined,har_resid,15,gbdt_tickerFE,test,92,0.2591193278026168,0.4046721465255324,-0.4819387010592913,0.02122499453501909,0.004248700899714873,0.0008618526725479519
fincall,calendar,combined,har_resid,15,gbdt_tickerFE,val,21,0.3241566643063118,0.3989115368406221,-0.6583086571616678,-0.01473684210526316,0.009108900841482985,0.18101798837941013
fincall,calendar,combined,har_resid,15,har,test,92,0.17485158300906645,0.33385828867457107,0.0,,,
fincall,calendar,combined,har_resid,15,har,val,21,0.19547426403787382,0.33480946104753223,0.0,,,
fincall,calendar,combined,har_resid,15,persistence,test,92,0.17485158300906645,0.33385828867457107,0.0,,,
fincall,calendar,combined,har_resid,15,persistence,val,21,0.19547426403787382,0.33480946104753223,0.0,,,
fincall,calendar,combined,har_resid,30,ewma,test,92,0.145904016081777,0.2943731672275214,0.030004397269237204,0.36699469261388773,,0.8359496912070927
fincall,calendar,combined,har_resid,30,ewma,val,21,0.08651482329528919,0.2303223080966499,0.20811505813396602,0.35639097744360904,,0.4948208435001215
fincall,calendar,combined,har_resid,30,garch,test,92,0.18576737059238993,0.3274277572686229,-0.23501420621950886,0.5507456521628615,,0.3261509420222777
fincall,calendar,combined,har_resid,30,garch,val,21,0.09777790804143852,0.24719123849431546,0.10502212134330258,0.3969924812030075,,0.7979162042993894
fincall,calendar,combined,har_resid,30,gbdt_tickerFE,test,92,0.23429123288010562,0.40956303278360134,-0.5576093911266635,-0.09568701164676398,0.0034684163959353355,0.00018532170566507356
fincall,calendar,combined,har_resid,30,gbdt_tickerFE,val,21,0.17754588585583914,0.3179690142127872,-0.6251077924487911,-0.03338345864661654,0.006349786099066025,0.1490305038901726
fincall,calendar,combined,har_resid,30,har,test,92,0.15041719330584935,0.31573834767494785,0.0,,,
fincall,calendar,combined,har_resid,30,har,val,21,0.10925175959454628,0.2602463757541812,0.0,,,
fincall,calendar,combined,har_resid,30,persistence,test,92,0.15041719330584935,0.31573834767494785,0.0,,,
fincall,calendar,combined,har_resid,30,persistence,val,21,0.10925175959454628,0.2602463757541812,0.0,,,
fincall,calendar,combined,v,3,ewma,test,53,1.057475066660856,0.7501077711791183,0.519629557833569,0.22358168147641833,,0.04166213281415077
fincall,calendar,combined,v,3,ewma,val,9,1.0218127460455415,0.9268881232817168,0.5729710675673456,-0.4761904761904762,,0.0904863844045569
fincall,calendar,combined,v,3,garch,test,53,1.0790162249247726,0.7392260747009075,0.5098442342394258,0.3519091009609586,,0.04916399825447624
fincall,calendar,combined,v,3,garch,val,9,1.1248180895892808,0.9465611746606881,0.5299237851190004,-0.5476190476190477,,0.11007156129931686
fincall,calendar,combined,v,3,gbdt_tickerFE,test,53,1.4583149124387649,0.9397809583365646,0.3375433602248915,-0.011899400908688821,0.026422103207046542,0.21193725079239376
fincall,calendar,combined,v,3,gbdt_tickerFE,val,9,0.731443156809305,0.7697558806532886,0.6943203227829701,0.3523809523809525,0.06524220533657696,0.0731893036151305
fincall,calendar,combined,v,3,har,test,53,1.0184513489465679,0.7790502477230278,0.5373565389458362,0.16852659724176752,,0.037357587315340376
fincall,calendar,combined,v,3,har,val,9,0.8114066164267896,0.7528789638523458,0.6609025454786399,0.2380952380952381,,0.07430122371088137
fincall,calendar,combined,v,3,persistence,test,53,2.2013741351189946,1.15829854001051,0.0,-0.02429888223231877,,
fincall,calendar,combined,v,3,persistence,val,9,2.3928419562219925,1.3122646485799703,0.0,0.023809523809523815,,
fincall,calendar,combined,v,7,ewma,test,92,0.4001541196679423,0.5184499961804986,0.2241829750186658,0.3636117423375884,,0.00843497856672517
fincall,calendar,combined,v,7,ewma,val,21,0.3174586483641941,0.45619683844868614,0.6269590094920187,0.12180451127819547,,0.07700769130111401
fincall,calendar,combined,v,7,garch,test,92,0.4371498067294294,0.517982297329515,0.15245590171750656,0.42960888529640534,,0.1980233955286245
fincall,calendar,combined,v,7,garch,val,21,0.31472210429948294,0.4534747714465528,0.6301746821905851,0.10375939849624059,,0.06996032827208111
fincall,calendar,combined,v,7,gbdt_tickerFE,test,92,0.48049229526656384,0.5406116042292556,0.06842367798313453,0.20246287625758114,0.008752511004782559,0.5410384144665784
fincall,calendar,combined,v,7,gbdt_tickerFE,val,21,0.5208929091003294,0.5554619407901148,0.38790640053236203,-0.07849624060150376,0.017912728449258505,0.2312343990411532
fincall,calendar,combined,v,7,har,test,92,0.38764241838861124,0.5059138913576888,0.24844060573365312,0.3631378141093098,,0.01333392487826111
fincall,calendar,combined,v,7,har,val,21,0.37492979391315306,0.47332968877865367,0.5594255112815156,0.20751879699248119,,0.07869236973128363
fincall,calendar,combined,v,7,persistence,test,92,0.51578414340362,0.5911599680325254,0.0,0.2568033928634975,,
fincall,calendar,combined,v,7,persistence,val,21,0.85100205189757,0.6753632473193412,0.0,0.04661654135338346,,
fincall,calendar,combined,v,15,ewma,test,92,0.17925910839527967,0.3392853681339344,0.18202572451731125,0.5318280488238853,,0.07775158781014059
fincall,calendar,combined,v,15,ewma,val,21,0.15942053103306103,0.30368872675776387,0.6487166055478029,0.3654135338345864,,0.02367528979154444
fincall,calendar,combined,v,15,garch,test,92,0.2112212571243686,0.35877804421614995,0.03617977178671694,0.5969427880044941,,0.8538164414135554
fincall,calendar,combined,v,15,garch,val,21,0.13081597561484787,0.2956724566914547,0.7117467890441938,0.3037593984962406,,0.021227186828496458
fincall,calendar,combined,v,15,gbdt_tickerFE,test,92,0.25600806680132415,0.40181081826736265,-0.16818617940337313,0.3056220165017005,0.008365016664684054,0.2613793725644956
fincall,calendar,combined,v,15,gbdt_tickerFE,val,21,0.3190730549530889,0.3947880805110161,0.29692201439908006,0.13413533834586466,0.011062068287785977,0.10548284835714057
fincall,calendar,combined,v,15,har,test,92,0.17485158300906645,0.33385828867457107,0.20213763077821645,0.5043261043074218,,0.10144262872040818
fincall,calendar,combined,v,15,har,val,21,0.19547426403787382,0.33480946104753223,0.5692721473557942,0.24661654135338343,,0.02069595264617096
fincall,calendar,combined,v,15,persistence,test,92,0.2191500561426561,0.3736973434579576,0.0,0.4522018789366927,,
fincall,calendar,combined,v,15,persistence,val,21,0.4538231341155954,0.5126481470100747,0.0,0.22556390977443608,,
fincall,calendar,combined,v,30,ewma,test,92,0.145904016081777,0.2943731672275214,0.02573849990273558,0.614913297442389,,0.7938364938172866
fincall,calendar,combined,v,30,ewma,val,21,0.08651482329528919,0.2303223080966499,0.5128352486896313,0.4661654135338345,,0.007679257318483189
fincall,calendar,combined,v,30,garch,test,92,0.18576737059238993,0.3274277572686229,-0.24044561625381422,0.7170117230195163,,0.36055827292699927
fincall,calendar,combined,v,30,garch,val,21,0.09777790804143852,0.24719123849431546,0.4494128469514054,0.3984962406015037,,0.20419793412055173
fincall,calendar,combined,v,30,gbdt_tickerFE,test,92,0.23342578026699995,0.40722459227459795,-0.558680541849085,0.2919869145480334,0.0070262340622126674,0.0059194986629253245
fincall,calendar,combined,v,30,gbdt_tickerFE,val,21,0.1710828773890891,0.31488317320469544,0.03663274983240785,0.1687218045112782,0.005458378166752148,0.885097522547483
fincall,calendar,combined,v,30,har,test,92,0.15041719330584935,0.31573834767494785,-0.0043978522732393,0.5949596353968085,,0.9703749718733066
fincall,calendar,combined,v,30,har,val,21,0.10925175959454628,0.2602463757541812,0.3848036178559079,0.37293233082706767,,0.12568883528654468
fincall,calendar,combined,v,30,persistence,test,92,0.149758577206644,0.31425685208146636,0.0,0.5504623628035606,,
fincall,calendar,combined,v,30,persistence,val,21,0.1775884299153066,0.32157024276205337,0.0,0.4090225563909774,,
fincall,calendar,temporal,dv,3,ewma,test,256,1.7380014436151892,0.9294964249598507,0.246789889919781,0.598515146496172,,0.0005872602360733225
fincall,calendar,temporal,dv,3,ewma,val,124,1.4858476478404212,0.7959746331450778,0.45959235939803544,0.6812494851475361,,0.0012410279171225838
fincall,calendar,temporal,dv,3,garch,test,255,1.934126346536607,0.979516644586886,0.16134098211316983,0.5992727408928555,,0.03066459577333778
fincall,calendar,temporal,dv,3,garch,val,124,1.5729062388527337,0.8245175486797145,0.4279288656128717,0.8077733111466245,,0.002906663313026862
fincall,calendar,temporal,dv,3,gbdt_tickerFE,test,256,1.7907738907040376,1.0270655991521764,0.2239195172701971,0.47259531961163476,0.023308179658614828,0.006199969488663595
fincall,calendar,temporal,dv,3,gbdt_tickerFE,val,124,1.4002892173795929,0.8396505627017179,0.49071023989281237,0.3612453663278251,0.02828777174237644,8.525758715980414e-05
fincall,calendar,temporal,dv,3,har,test,256,1.4312973166869913,0.8788674705573638,0.37970844994417297,0.5809955663313898,,4.2474057660327783e-07
fincall,calendar,temporal,dv,3,har,val,124,1.1964332013343153,0.7537849100788001,0.5648533384895376,0.722118885612139,,2.9109766833402555e-05
fincall,calendar,temporal,dv,3,persistence,test,256,2.307458994980945,1.1775462206855087,0.0,,,
fincall,calendar,temporal,dv,3,persistence,val,124,2.749494152572164,1.2291430385987212,0.0,,,
fincall,calendar,temporal,dv,7,ewma,test,481,0.35920585355524526,0.47867783046739504,0.3979592908471645,0.6939369004080956,,2.4900941787112177e-19
fincall,calendar,temporal,dv,7,ewma,val,228,0.2760392768218735,0.4015393626373644,0.4894684620144757,0.6144160790447363,,4.654783037400598e-08
fincall,calendar,temporal,dv,7,garch,test,479,0.4410861928658863,0.5267140619768882,0.25698532111010053,0.6843131912165109,,1.1466054199614914e-07
fincall,calendar,temporal,dv,7,garch,val,228,0.3255380934075604,0.428584060792197,0.3979209574314191,0.628039656434255,,1.974845926754479e-05
fincall,calendar,temporal,dv,7,gbdt_tickerFE,test,481,0.41356363423414344,0.5200098270229477,0.3068538801084584,0.6027754736081898,0.002676105919591745,1.0827570773035422e-07
fincall,calendar,temporal,dv,7,gbdt_tickerFE,val,228,0.37469891621269974,0.4859956155668774,0.3069985685442126,0.3271968749763198,0.0043372708229431,0.0016728686859136593
fincall,calendar,temporal,dv,7,har,test,481,0.3291208934828972,0.4605850256308305,0.4483826637335574,0.6728741974433228,,1.3869829125014535e-16
fincall,calendar,temporal,dv,7,har,val,228,0.27842634570917074,0.41032993856272415,0.4850536049537696,0.48022679579318733,,8.802478617367953e-08
fincall,calendar,temporal,dv,7,persistence,test,481,0.5966471172035916,0.614556345342324,0.0,,,
fincall,calendar,temporal,dv,7,persistence,val,228,0.5406899599407321,0.5578823755310174,0.0,,,
fincall,calendar,temporal,dv,15,ewma,test,481,0.21437614280417636,0.37056056215731936,0.2564320236926626,0.6166914939898789,,1.7982196113393745e-15
fincall,calendar,temporal,dv,15,ewma,val,228,0.12247908229250215,0.2684030757732605,0.44832021426631896,0.3435047031821225,,1.3331695438126555e-08
fincall,calendar,temporal,dv,15,garch,test,479,0.2745666344406487,0.4174815194043747,0.035653677896752556,0.5630737913956422,,0.5418606147147418
fincall,calendar,temporal,dv,15,garch,val,228,0.15591915556817307,0.2927342568808297,0.2976968415700485,0.4221576872739663,,0.004319284867410103
fincall,calendar,temporal,dv,15,gbdt_tickerFE,test,481,0.259275552454558,0.4105250981153382,0.10069751548469977,0.4806596049699836,0.0029928677194842913,0.07255097995692278
fincall,calendar,temporal,dv,15,gbdt_tickerFE,val,228,0.18806382217372747,0.33648908579832004,0.1529083401091874,0.2095661552750825,0.006711488606248735,0.07164243982408883
fincall,calendar,temporal,dv,15,har,test,481,0.1951209131934106,0.35929833329486294,0.323219176067583,0.5797092063224231,,7.571400764930697e-11
fincall,calendar,temporal,dv,15,har,val,228,0.13442503006529935,0.2772032247065263,0.39451234941031366,0.303737056475241,,2.4384256043316587e-06
fincall,calendar,temporal,dv,15,persistence,test,481,0.2883073903596525,0.4303864847104673,0.0,,,
fincall,calendar,temporal,dv,15,persistence,val,228,0.2220111837696151,0.362476867743521,0.0,,,
fincall,calendar,temporal,dv,30,ewma,test,481,0.15395619621294912,0.31383218044057354,-0.005770815233884674,0.23699748617420108,,0.8514538623534341
fincall,calendar,temporal,dv,30,ewma,val,228,0.07495022531300304,0.20746197286196522,0.2545777421389197,0.631593812539049,,0.000742881647357896
fincall,calendar,temporal,dv,30,garch,test,479,0.20164053799518164,0.36367065604671406,-0.3409389600583512,0.4484720104707327,,5.1167147257261425e-05
fincall,calendar,temporal,dv,30,garch,val,228,0.12243012122019882,0.26231917950541817,-0.21763659827628823,0.542447171066826,,0.20267717950060243
fincall,calendar,temporal,dv,30,gbdt_tickerFE,test,481,0.19155744325003388,0.35528801190255066,-0.2514136527198797,0.36439610629495867,0.0014647656319752267,0.0012895995731397993
fincall,calendar,temporal,dv,30,gbdt_tickerFE,val,228,0.1255905965152422,0.272377892177048,-0.2490693073909957,0.21359588981494454,0.0018759878616077198,0.12164288825857543
fincall,calendar,temporal,dv,30,har,test,481,0.1504863133084594,0.3190595189385273,0.016897365998571723,0.38440558948837367,,0.7470216314608188
fincall,calendar,temporal,dv,30,har,val,228,0.08580750240854285,0.22998241836272698,0.14659599861537365,0.28220378437932825,,0.14885825753277387
fincall,calendar,temporal,dv,30,persistence,test,481,0.1530728411294652,0.3164336346835724,0.0,,,
fincall,calendar,temporal,dv,30,persistence,val,228,0.10054734014525635,0.24651884311389025,0.0,,,
fincall,calendar,temporal,har_resid,3,ewma,test,256,1.7380014436151892,0.9294964249598507,-0.21428400888651322,0.07763425922504198,,0.00016948004822646634
fincall,calendar,temporal,har_resid,3,ewma,val,124,1.4858476478404212,0.7959746331450778,-0.2418977057668894,-0.31718975676996675,,0.039914980911481296
fincall,calendar,temporal,har_resid,3,garch,test,255,1.934126346536607,0.979516644586886,-0.34954201155460995,0.16014885911978183,,1.7699882668310595e-05
fincall,calendar,temporal,har_resid,3,garch,val,124,1.5729062388527337,0.8245175486797145,-0.3146628136853433,0.09036608069591578,,0.013647642125297135
fincall,calendar,temporal,har_resid,3,gbdt_tickerFE,test,256,1.747803901990767,1.0139163600721341,-0.22113266168652523,0.04832652666889691,0.011052038498270845,0.0016360413357021032
fincall,calendar,temporal,har_resid,3,gbdt_tickerFE,val,124,1.3817104043885677,0.801954456214044,-0.15485795851170234,-0.1341617652712106,0.030293198738673466,0.05739330903580905
fincall,calendar,temporal,har_resid,3,har,test,256,1.4312973166869913,0.8788674705573638,0.0,,,
fincall,calendar,temporal,har_resid,3,har,val,124,1.1964332013343153,0.7537849100788001,0.0,,,
fincall,calendar,temporal,har_resid,3,persistence,test,256,1.4312973166869913,0.8788674705573638,0.0,,,
fincall,calendar,temporal,har_resid,3,persistence,val,124,1.1964332013343153,0.7537849100788001,0.0,,,
fincall,calendar,temporal,har_resid,7,ewma,test,481,0.35920585355524526,0.47867783046739504,-0.09141005833441995,0.1683625643792686,,0.014650176552392074
fincall,calendar,temporal,har_resid,7,ewma,val,228,0.2760392768218735,0.4015393626373644,0.008573430367076695,0.46887912037949553,,0.8766747723667728
fincall,calendar,temporal,har_resid,7,garch,test,479,0.4410861928658863,0.5267140619768882,-0.3379932779628889,0.20432974906106105,,5.817095142815239e-07
fincall,calendar,temporal,har_resid,7,garch,val,228,0.3255380934075604,0.428584060792197,-0.16920721916021586,0.3233935606778817,,0.03595799757880654
fincall,calendar,temporal,har_resid,7,gbdt_tickerFE,test,481,0.4076477439878615,0.5151011789923886,-0.23859576240803143,0.07469145765580243,0.0035019908659178777,1.588969787882085e-06
fincall,calendar,temporal,har_resid,7,gbdt_tickerFE,val,228,0.37544567301482235,0.4848277683903911,-0.34845598773541664,0.006143795356098437,0.0018465654800612823,0.00015750456627401267
fincall,calendar,temporal,har_resid,7,har,test,481,0.3291208934828972,0.4605850256308305,0.0,,,
fincall,calendar,temporal,har_resid,7,har,val,228,0.27842634570917074,0.41032993856272415,0.0,,,
fincall,calendar,temporal,har_resid,7,persistence,test,481,0.3291208934828972,0.4605850256308305,0.0,,,
fincall,calendar,temporal,har_resid,7,persistence,val,228,0.27842634570917074,0.41032993856272415,0.0,,,
fincall,calendar,temporal,har_resid,15,ewma,test,481,0.21437614280417636,0.37056056215731936,-0.0986835767403329,0.20020047339845615,,0.038941730844953774
fincall,calendar,temporal,har_resid,15,ewma,val,228,0.12247908229250215,0.2684030757732605,0.08886698977857199,0.5012445918672476,,0.24242931361424042
fincall,calendar,temporal,har_resid,15,garch,test,479,0.2745666344406487,0.4174815194043747,-0.40219961726367504,0.27034329376000066,,2.2711484154227048e-07
fincall,calendar,temporal,har_resid,15,garch,val,228,0.15591915556817307,0.2927342568808297,-0.15989675057117414,0.42138763545365193,,0.20691905165124858
fincall,calendar,temporal,har_resid,15,gbdt_tickerFE,test,481,0.25180188822518645,0.40399016526257725,-0.2904915424190933,0.07703482171419654,0.003378764918528475,4.514915663844805e-08
fincall,calendar,temporal,har_resid,15,gbdt_tickerFE,val,228,0.1860950481344062,0.3358785103077544,-0.3843779543438244,0.16260971170198477,0.002918633095778326,3.574930276544587e-05
fincall,calendar,temporal,har_resid,15,har,test,481,0.1951209131934106,0.35929833329486294,0.0,,,
fincall,calendar,temporal,har_resid,15,har,val,228,0.13442503006529935,0.2772032247065263,0.0,,,
fincall,calendar,temporal,har_resid,15,persistence,test,481,0.1951209131934106,0.35929833329486294,0.0,,,
fincall,calendar,temporal,har_resid,15,persistence,val,228,0.13442503006529935,0.2772032247065263,0.0,,,
fincall,calendar,temporal,har_resid,30,ewma,test,481,0.15395619621294912,0.31383218044057354,-0.02305779727208357,0.2781614192688125,,0.690806889960886
fincall,calendar,temporal,har_resid,30,ewma,val,228,0.07495022531300304,0.20746197286196522,0.1265306271687835,0.44964616112403055,,0.19947004682207517
fincall,calendar,temporal,har_resid,30,garch,test,479,0.20164053799518164,0.36367065604671406,-0.3352813267651438,0.4109592188779794,,1.6364305985802906e-05
fincall,calendar,temporal,har_resid,30,garch,val,228,0.12243012122019882,0.26231917950541817,-0.42679972943729316,0.6300423216027118,,0.017424685206460584
fincall,calendar,temporal,har_resid,30,gbdt_tickerFE,test,481,0.18718312774517862,0.35048881675070254,-0.2438548305818345,0.12639303616305178,0.0026068633274754487,5.8359468993533215e-06
fincall,calendar,temporal,har_resid,30,gbdt_tickerFE,val,228,0.127314134572221,0.27408318788619207,-0.4837179850085672,0.17964395944140882,0.00206756221999468,0.0003071037810386557
fincall,calendar,temporal,har_resid,30,har,test,481,0.1504863133084594,0.3190595189385273,0.0,,,
fincall,calendar,temporal,har_resid,30,har,val,228,0.08580750240854285,0.22998241836272698,0.0,,,
fincall,calendar,temporal,har_resid,30,persistence,test,481,0.1504863133084594,0.3190595189385273,0.0,,,
fincall,calendar,temporal,har_resid,30,persistence,val,228,0.08580750240854285,0.22998241836272698,0.0,,,
fincall,calendar,temporal,v,3,ewma,test,256,1.7380014436151892,0.9294964249598507,0.246789889919781,0.21368142064993206,,0.0005872602360733225
fincall,calendar,temporal,v,3,ewma,val,124,1.4858476478404212,0.7959746331450778,0.45959235939803544,0.23868258178603008,,0.0012410279171225838
fincall,calendar,temporal,v,3,garch,test,255,1.934126346536607,0.979516644586886,0.16134098211316983,0.24040793445220646,,0.03066459577333778
fincall,calendar,temporal,v,3,garch,val,124,1.5729062388527337,0.8245175486797145,0.4279288656128717,0.22951106864150345,,0.002906663313026862
fincall,calendar,temporal,v,3,gbdt_tickerFE,test,256,1.7516862833017541,1.0096766475400565,0.2408591931159238,0.13088217599080157,0.01892283166970769,0.003257317904725529
fincall,calendar,temporal,v,3,gbdt_tickerFE,val,124,1.375113376853571,0.8128020735967183,0.49986677528768464,0.01648214354361278,0.014581840210735674,0.00013141799317395317
fincall,calendar,temporal,v,3,har,test,256,1.4312973166869913,0.8788674705573638,0.37970844994417297,0.2404734043940363,,4.2474057660327783e-07
fincall,calendar,temporal,v,3,har,val,124,1.1964332013343153,0.7537849100788001,0.5648533384895376,0.30187625967236165,,2.9109766833402555e-05
fincall,calendar,temporal,v,3,persistence,test,256,2.307458994980945,1.1775462206855087,0.0,0.07808434307096165,,
fincall,calendar,temporal,v,3,persistence,val,124,2.749494152572164,1.2291430385987212,0.0,-0.13982486778588732,,
fincall,calendar,temporal,v,7,ewma,test,481,0.35920585355524526,0.47867783046739504,0.3979592908471645,0.43705181278503136,,2.4900941787112177e-19
fincall,calendar,temporal,v,7,ewma,val,228,0.2760392768218735,0.4015393626373644,0.4894684620144757,0.5749175847075322,,4.654783037400598e-08
fincall,calendar,temporal,v,7,garch,test,479,0.4410861928658863,0.5267140619768882,0.25698532111010053,0.42808925334686176,,1.1466054199614914e-07
fincall,calendar,temporal,v,7,garch,val,228,0.3255380934075604,0.428584060792197,0.3979209574314191,0.5952982251556895,,1.974845926754479e-05
fincall,calendar,temporal,v,7,gbdt_tickerFE,test,481,0.41127940705401544,0.5192585365625096,0.3106823192549238,0.2953631797646731,0.0031319628971587378,5.351818350204591e-08
fincall,calendar,temporal,v,7,gbdt_tickerFE,val,228,0.36767457897432826,0.4819283812968681,0.3199900012668425,0.3104786536294414,0.006503749145027004,0.0011545447444010718
fincall,calendar,temporal,v,7,har,test,481,0.3291208934828972,0.4605850256308305,0.4483826637335574,0.46301994271504365,,1.3869829125014535e-16
fincall,calendar,temporal,v,7,har,val,228,0.27842634570917074,0.41032993856272415,0.4850536049537696,0.5023287207083156,,8.802478617367953e-08
fincall,calendar,temporal,v,7,persistence,test,481,0.5966471172035916,0.614556345342324,0.0,0.24191576823699742,,
fincall,calendar,temporal,v,7,persistence,val,228,0.5406899599407321,0.5578823755310174,0.0,0.3731950928124972,,
fincall,calendar,temporal,v,15,ewma,test,481,0.21437614280417636,0.37056056215731936,0.2564320236926626,0.5311614762702661,,1.7982196113393745e-15
fincall,calendar,temporal,v,15,ewma,val,228,0.12247908229250215,0.2684030757732605,0.44832021426631896,0.6158663583644829,,1.3331695438126555e-08
fincall,calendar,temporal,v,15,garch,test,479,0.2745666344406487,0.4174815194043747,0.035653677896752556,0.5443263869201338,,0.5418606147147418
fincall,calendar,temporal,v,15,garch,val,228,0.15591915556817307,0.2927342568808297,0.2976968415700485,0.6665634565484528,,0.004319284867410103
fincall,calendar,temporal,v,15,gbdt_tickerFE,test,481,0.25367032482859203,0.4063570866039072,0.12013936058958463,0.36603958599382824,0.0014917732453825438,0.03170650825337366
fincall,calendar,temporal,v,15,gbdt_tickerFE,val,228,0.18531008528583875,0.33582530727973486,0.1653119354647546,0.45564868406578835,0.003383042163152343,0.04083234943548218
fincall,calendar,temporal,v,15,har,test,481,0.1951209131934106,0.35929833329486294,0.323219176067583,0.5462421285579869,,7.571400764930697e-11
fincall,calendar,temporal,v,15,har,val,228,0.13442503006529935,0.2772032247065263,0.39451234941031366,0.5124590588206492,,2.4384256043316587e-06
fincall,calendar,temporal,v,15,persistence,test,481,0.2883073903596525,0.4303864847104673,0.0,0.4161813524488273,,
fincall,calendar,temporal,v,15,persistence,val,228,0.2220111837696151,0.362476867743521,0.0,0.5115925334980099,,
fincall,calendar,temporal,v,30,ewma,test,481,0.15395619621294912,0.31383218044057354,-0.005770815233884674,0.6069708225310724,,0.8514538623534341
fincall,calendar,temporal,v,30,ewma,val,228,0.07495022531300304,0.20746197286196522,0.2545777421389197,0.6823663000332167,,0.000742881647357896
fincall,calendar,temporal,v,30,garch,test,479,0.20164053799518164,0.36367065604671406,-0.3409389600583512,0.6571524596039598,,5.1167147257261425e-05
fincall,calendar,temporal,v,30,garch,val,228,0.12243012122019882,0.26231917950541817,-0.21763659827628823,0.7639722493060828,,0.20267717950060243
fincall,calendar,temporal,v,30,gbdt_tickerFE,test,481,0.18616692043933503,0.34840330903437083,-0.21619824304351712,0.45088169061435457,0.0027434886524126383,0.006031948303332351
fincall,calendar,temporal,v,30,gbdt_tickerFE,val,228,0.12622131266748643,0.2745367936138678,-0.2553421352085498,0.4829929310499453,0.0015652899020917037,0.09747328916245941
fincall,calendar,temporal,v,30,har,test,481,0.1504863133084594,0.3190595189385273,0.016897365998571723,0.5821991054079028,,0.7470216314608188
fincall,calendar,temporal,v,30,har,val,228,0.08580750240854285,0.22998241836272698,0.14659599861537365,0.6228071919744838,,0.14885825753277387
fincall,calendar,temporal,v,30,persistence,test,481,0.1530728411294652,0.3164336346835724,0.0,0.5670406364034272,,
fincall,calendar,temporal,v,30,persistence,val,228,0.10054734014525635,0.24651884311389025,0.0,0.6506595638253552,,
fincall,calendar,ticker_disjoint,dv,3,ewma,test,254,1.4882050477956879,0.8949989893887021,0.3178338236311681,0.5875283534556164,,0.004095285385222571
fincall,calendar,ticker_disjoint,dv,3,ewma,val,101,1.591254463874899,1.0051427146305367,0.3616179288970073,0.6251429192816752,,0.044440883751575185
fincall,calendar,ticker_disjoint,dv,3,garch,test,254,1.4187586696842012,0.863706815784868,0.34966678259683404,0.6189638629650132,,0.0012145243153100854
fincall,calendar,ticker_disjoint,dv,3,garch,val,101,1.452998090021099,0.9344468308083643,0.4170838473202956,0.6154021417179312,,0.0191215519144472
fincall,calendar,ticker_disjoint,dv,3,gbdt_tickerFE,test,254,1.4182979946224754,0.902865566110839,0.3498779476818278,0.4698944695502412,0.025511852841994784,0.0004274936766346472
fincall,calendar,ticker_disjoint,dv,3,gbdt_tickerFE,val,101,1.2154842882711356,0.8558872198356571,0.5123700231764581,0.6754355572586668,0.017672486918719813,0.0013975389306268196
fincall,calendar,ticker_disjoint,dv,3,har,test,254,1.1441898525935477,0.8016495033247776,0.47552414370595886,0.5847245339004906,,3.8011566994646974e-06
fincall,calendar,ticker_disjoint,dv,3,har,val,101,1.2834344721944793,0.872351566363805,0.4851096571384693,0.6444002568404482,,0.005705818333468053
fincall,calendar,ticker_disjoint,dv,3,persistence,test,254,2.181587272059424,1.1299539729853998,0.0,,,
fincall,calendar,ticker_disjoint,dv,3,persistence,val,101,2.4926365195775926,1.2537115391888298,0.0,,,
fincall,calendar,ticker_disjoint,dv,7,ewma,test,484,0.4106068127882312,0.5050602057605009,0.292486693614307,0.6450057563063882,,7.153481588589152e-10
fincall,calendar,ticker_disjoint,dv,7,ewma,val,239,0.4341922347261647,0.5173792106615286,0.3389828214120969,0.5975482861265266,,3.1553339234574304e-06
fincall,calendar,ticker_disjoint,dv,7,garch,test,484,0.40693590124532614,0.4828830468967508,0.29881201185618833,0.5902313864609053,,5.439912937758084e-09
fincall,calendar,ticker_disjoint,dv,7,garch,val,238,0.410245229158202,0.4872216516904806,0.3773411072188547,0.6198417263058117,,3.5742678162998453e-07
fincall,calendar,ticker_disjoint,dv,7,gbdt_tickerFE,test,484,0.3834969176673496,0.48018309495908496,0.3391995364979846,0.5795517440899879,0.0038302837369771974,6.639339125016861e-10
fincall,calendar,ticker_disjoint,dv,7,gbdt_tickerFE,val,239,0.4215170749303548,0.5134758969618594,0.3582795699402258,0.5046671600771553,0.0030980276666460692,6.026204993620155e-05
fincall,calendar,ticker_disjoint,dv,7,har,test,484,0.33340864965585704,0.4502884253786875,0.42550622944177885,0.6483053879853201,,2.330785900140193e-16
fincall,calendar,ticker_disjoint,dv,7,har,val,239,0.3492140163599037,0.45781936679086627,0.4683542326288799,0.601879156166522,,3.4337474638600316e-09
fincall,calendar,ticker_disjoint,dv,7,persistence,test,484,0.5803520712363726,0.6017742684797319,0.0,,,
fincall,calendar,ticker_disjoint,dv,7,persistence,val,239,0.6568546912104573,0.6332694572226766,0.0,,,
fincall,calendar,ticker_disjoint,dv,15,ewma,test,484,0.2376909537360781,0.3883756852538306,0.07944031491706949,0.5883166648839415,,0.08016891060688247
fincall,calendar,ticker_disjoint,dv,15,ewma,val,239,0.2925591932734178,0.42561127699536655,0.2102197817347149,0.6277911532670781,,0.00013407089245825142
fincall,calendar,ticker_disjoint,dv,15,garch,test,484,0.22564676916272366,0.36381395528076066,0.12608656116100025,0.5100306621755042,,0.0578903579279082
fincall,calendar,ticker_disjoint,dv,15,garch,val,238,0.2525422963945624,0.3854554403031099,0.3173763952899159,0.4953160794863813,,3.2273208230951623e-06
fincall,calendar,ticker_disjoint,dv,15,gbdt_tickerFE,test,484,0.2247169327955719,0.36741880180042685,0.12968774942613862,0.47006966101892456,0.0030903947361431952,0.02196560343648172
fincall,calendar,ticker_disjoint,dv,15,gbdt_tickerFE,val,239,0.25321807212476594,0.3933257654522514,0.3164233807395335,0.4981666833708648,0.0018767966024421745,3.0845877586871154e-05
fincall,calendar,ticker_disjoint,dv,15,har,test,484,0.19228837526010353,0.34062197907378117,0.25528118175209624,0.5596549722606787,,5.210684886090355e-06
fincall,calendar,ticker_disjoint,dv,15,har,val,239,0.22688931738937315,0.36176702802327343,0.3874993549002165,0.5959523408759433,,5.291547016855705e-10
fincall,calendar,ticker_disjoint,dv,15,persistence,test,484,0.2582026538721009,0.39503236407602316,0.0,,,
fincall,calendar,ticker_disjoint,dv,15,persistence,val,239,0.3704311484478685,0.47150856135275837,0.0,,,
fincall,calendar,ticker_disjoint,dv,30,ewma,test,484,0.20871572436427352,0.35463501549252574,-0.07090803422079528,0.29688068520591,,0.05116512499723775
fincall,calendar,ticker_disjoint,dv,30,ewma,val,239,0.2504118376283441,0.3826097438259704,0.016372297133509406,0.2888750803134182,,0.6841810386966382
fincall,calendar,ticker_disjoint,dv,30,garch,test,484,0.17777328248920432,0.3184059622412243,0.08785580450459052,0.42605971951231747,,0.23477749200051906
fincall,calendar,ticker_disjoint,dv,30,garch,val,238,0.19754629195254467,0.32627862314602774,0.22674101931088053,0.3851237167906154,,0.0008837057628914307
fincall,calendar,ticker_disjoint,dv,30,gbdt_tickerFE,test,484,0.1800103460220468,0.33004135018479636,0.07637756386086132,0.37404339041693385,0.0019200840834262501,0.14306976647715233
fincall,calendar,ticker_disjoint,dv,30,gbdt_tickerFE,val,239,0.21018367995081166,0.3379870956393491,0.17439010771972635,0.3448689795294907,0.0035802298192576898,0.01843559737278381
fincall,calendar,ticker_disjoint,dv,30,har,test,484,0.16006924115703092,0.30547303248631014,0.17869419321991076,0.41105077439770193,,0.00011357679531718383
fincall,calendar,ticker_disjoint,dv,30,har,val,239,0.1818696514772417,0.31371626787404333,0.28560874278956316,0.42606114402313544,,1.4176899965782231e-08
fincall,calendar,ticker_disjoint,dv,30,persistence,test,484,0.19489602999956707,0.3357399700290599,0.0,,,
fincall,calendar,ticker_disjoint,dv,30,persistence,val,239,0.2545798953187199,0.3727969351366958,0.0,,,
fincall,calendar,ticker_disjoint,har_resid,3,ewma,test,254,1.4882050477956879,0.8949989893887021,-0.30066268672314944,0.10026015225014234,,5.5942548555567284e-05
fincall,calendar,ticker_disjoint,har_resid,3,ewma,val,101,1.591254463874899,1.0051427146305367,-0.2398408320403722,-0.054823007933055785,,0.019510847092680503
fincall,calendar,ticker_disjoint,har_resid,3,garch,test,254,1.4187586696842012,0.863706815784868,-0.23996788336156394,0.1873191670845827,,0.0016813159330486707
fincall,calendar,ticker_disjoint,har_resid,3,garch,val,101,1.452998090021099,0.9344468308083643,-0.13211708232886377,0.06150034176349964,,0.19982658986846194
fincall,calendar,ticker_disjoint,har_resid,3,gbdt_tickerFE,test,254,1.36882039002167,0.8902243077507999,-0.1963227841244613,0.02915876157247198,0.03247063448937287,0.004170515589490169
fincall,calendar,ticker_disjoint,har_resid,3,gbdt_tickerFE,val,101,1.1597559919360836,0.8404677034046777,0.09636524726262334,0.39067611982834277,0.009833640831104001,0.1865041817447912
fincall,calendar,ticker_disjoint,har_resid,3,har,test,254,1.1441898525935477,0.8016495033247776,0.0,,,
fincall,calendar,ticker_disjoint,har_resid,3,har,val,101,1.2834344721944793,0.8723515663638048,0.0,,,
fincall,calendar,ticker_disjoint,har_resid,3,persistence,test,254,1.1441898525935477,0.8016495033247776,0.0,,,
fincall,calendar,ticker_disjoint,har_resid,3,persistence,val,101,1.2834344721944793,0.8723515663638048,0.0,,,
fincall,calendar,ticker_disjoint,har_resid,7,ewma,test,484,0.4106068127882312,0.5050602057605009,-0.23154217268225574,0.11035561016441728,,4.016214684686397e-07
fincall,calendar,ticker_disjoint,har_resid,7,ewma,val,239,0.4341922347261647,0.5173792106615286,-0.24334137344212903,0.037201319594659076,,8.487806187770028e-05
fincall,calendar,ticker_disjoint,har_resid,7,garch,test,484,0.40693590124532614,0.4828830468967508,-0.22053192580745473,0.14831447999166283,,0.0004315055072036805
fincall,calendar,ticker_disjoint,har_resid,7,garch,val,238,0.410245229158202,0.4872216516904806,-0.17281086108708776,0.11241404292113738,,0.036308638243566914
fincall,calendar,ticker_disjoint,har_resid,7,gbdt_tickerFE,test,484,0.37868265689756825,0.4769851934759248,-0.13579133981209815,0.0848303021125546,0.0015124090324787989,0.005222817181854491
fincall,calendar,ticker_disjoint,har_resid,7,gbdt_tickerFE,val,239,0.41527847238712623,0.5069525779289155,-0.18918042498940174,0.029548097014841495,0.006212593889390365,0.002231529963747183
fincall,calendar,ticker_disjoint,har_resid,7,har,test,484,0.33340864965585704,0.4502884253786875,0.0,,,
fincall,calendar,ticker_disjoint,har_resid,7,har,val,239,0.3492140163599037,0.45781936679086627,0.0,,,
fincall,calendar,ticker_disjoint,har_resid,7,persistence,test,484,0.33340864965585704,0.4502884253786875,0.0,,,
fincall,calendar,ticker_disjoint,har_resid,7,persistence,val,239,0.3492140163599037,0.45781936679086627,0.0,,,
fincall,calendar,ticker_disjoint,har_resid,15,ewma,test,484,0.2376909537360781,0.3883756852538306,-0.23611712572098909,0.208363546963552,,9.931836988566952e-05
fincall,calendar,ticker_disjoint,har_resid,15,ewma,val,239,0.2925591932734178,0.42561127699536655,-0.28943573298052705,0.09842990063704357,,1.7388712117699085e-05
fincall,calendar,ticker_disjoint,har_resid,15,garch,test,484,0.22564676916272366,0.36381395528076066,-0.1734810742328916,0.22685005376905362,,0.0196232671829246
fincall,calendar,ticker_disjoint,har_resid,15,garch,val,238,0.2525422963945624,0.3854554403031099,-0.11693490734216128,0.17604220276168012,,0.12220250238735303
fincall,calendar,ticker_disjoint,har_resid,15,gbdt_tickerFE,test,484,0.22858338543396356,0.3726374530272271,-0.18875301288892116,0.10073814595844384,0.0011401270983288784,1.8232738894557628e-05
fincall,calendar,ticker_disjoint,har_resid,15,gbdt_tickerFE,val,239,0.25143297698268624,0.3869636687975205,-0.10817459312636038,0.1446283215814856,0.0030014854610436376,0.11963913171135862
fincall,calendar,ticker_disjoint,har_resid,15,har,test,484,0.19228837526010353,0.34062197907378117,0.0,,,
fincall,calendar,ticker_disjoint,har_resid,15,har,val,239,0.22688931738937315,0.36176702802327343,0.0,,,
fincall,calendar,ticker_disjoint,har_resid,15,persistence,test,484,0.19228837526010353,0.34062197907378117,0.0,,,
fincall,calendar,ticker_disjoint,har_resid,15,persistence,val,239,0.22688931738937315,0.36176702802327343,0.0,,,
fincall,calendar,ticker_disjoint,har_resid,30,ewma,test,484,0.20871572436427352,0.35463501549252574,-0.3039090012272845,0.21356163048919943,,3.839725180456544e-06
fincall,calendar,ticker_disjoint,har_resid,30,ewma,val,239,0.2504118376283441,0.3826097438259704,-0.3768753367830555,0.15232933227900938,,4.561949542496751e-07
fincall,calendar,ticker_disjoint,har_resid,30,garch,test,484,0.17777328248920432,0.3184059622412243,-0.1106023943401182,0.3441242477656879,,0.14509695443538262
fincall,calendar,ticker_disjoint,har_resid,30,garch,val,238,0.19754629195254467,0.32627862314602774,-0.08531479145337051,0.30918129108863646,,0.20305765538345186
fincall,calendar,ticker_disjoint,har_resid,30,gbdt_tickerFE,test,484,0.1801612461797172,0.3290545330921066,-0.12552071139623672,0.11421917081862445,0.002081875170253837,0.013482120276535245
fincall,calendar,ticker_disjoint,har_resid,30,gbdt_tickerFE,val,239,0.20819024125609661,0.33324812955707017,-0.14472227534976354,0.20426604386348632,0.002080423672123906,0.08213194617700592
fincall,calendar,ticker_disjoint,har_resid,30,har,test,484,0.16006924115703092,0.30547303248631014,0.0,,,
fincall,calendar,ticker_disjoint,har_resid,30,har,val,239,0.1818696514772417,0.31371626787404333,0.0,,,
fincall,calendar,ticker_disjoint,har_resid,30,persistence,test,484,0.16006924115703092,0.30547303248631014,0.0,,,
fincall,calendar,ticker_disjoint,har_resid,30,persistence,val,239,0.1818696514772417,0.31371626787404333,0.0,,,
fincall,calendar,ticker_disjoint,v,3,ewma,test,254,1.4882050477956879,0.8949989893887021,0.3178338236311681,0.30763708803369105,,0.004095285385222571
fincall,calendar,ticker_disjoint,v,3,ewma,val,101,1.591254463874899,1.0051427146305367,0.3616179288970073,-0.08690786884566788,,0.044440883751575185
fincall,calendar,ticker_disjoint,v,3,garch,test,254,1.4187586696842012,0.863706815784868,0.34966678259683404,0.3307702173267097,,0.0012145243153100854
fincall,calendar,ticker_disjoint,v,3,garch,val,101,1.452998090021099,0.9344468308083643,0.4170838473202956,-0.06863180678970153,,0.0191215519144472
fincall,calendar,ticker_disjoint,v,3,gbdt_tickerFE,test,254,1.3786934812767497,0.8885158839856928,0.36803193760144204,0.14766712745723745,0.01975354610395772,0.0006077483257962555
fincall,calendar,ticker_disjoint,v,3,gbdt_tickerFE,val,101,1.1260032208671462,0.8167606589513767,0.5482681843007093,0.3745192073475142,0.02004004792310337,0.0014263154848630983
fincall,calendar,ticker_disjoint,v,3,har,test,254,1.1441898525935477,0.8016495033247776,0.47552414370595886,0.2755569419329377,,3.8011566994647092e-06
fincall,calendar,ticker_disjoint,v,3,har,val,101,1.2834344721944793,0.8723515663638048,0.4851096571384693,0.0027439466434681747,,0.005705818333468053
fincall,calendar,ticker_disjoint,v,3,persistence,test,254,2.181587272059424,1.1299539729853998,0.0,0.06802650547471213,,
fincall,calendar,ticker_disjoint,v,3,persistence,val,101,2.4926365195775926,1.2537115391888298,0.0,-0.09707481513701609,,
fincall,calendar,ticker_disjoint,v,7,ewma,test,484,0.4106068127882312,0.5050602057605009,0.292486693614307,0.44380134029635626,,7.153481588589152e-10
fincall,calendar,ticker_disjoint,v,7,ewma,val,239,0.4341922347261647,0.5173792106615286,0.3389828214120969,0.2831588872107332,,3.1553339234574304e-06
fincall,calendar,ticker_disjoint,v,7,garch,test,484,0.40693590124532614,0.4828830468967508,0.29881201185618833,0.41079616021456555,,5.439912937758084e-09
fincall,calendar,ticker_disjoint,v,7,garch,val,238,0.410245229158202,0.4872216516904806,0.3773411072188547,0.2683682294404335,,3.5742678162998453e-07
fincall,calendar,ticker_disjoint,v,7,gbdt_tickerFE,test,484,0.3871810086925774,0.48184379640826125,0.3328515087958017,0.3369271253885586,0.0019895675533319022,8.994660510815949e-10
fincall,calendar,ticker_disjoint,v,7,gbdt_tickerFE,val,239,0.4167966977030463,0.5084505613251968,0.3654659039810314,0.20166852104293315,0.006155203492715548,2.3051022553418646e-05
fincall,calendar,ticker_disjoint,v,7,har,test,484,0.33340864965585704,0.4502884253786875,0.42550622944177885,0.4695602340746212,,2.330785900140193e-16
fincall,calendar,ticker_disjoint,v,7,har,val,239,0.3492140163599037,0.45781936679086627,0.4683542326288799,0.3218115579258065,,3.4337474638600316e-09
fincall,calendar,ticker_disjoint,v,7,persistence,test,484,0.5803520712363726,0.6017742684797319,0.0,0.25549293221771496,,
fincall,calendar,ticker_disjoint,v,7,persistence,val,239,0.6568546912104573,0.6332694572226766,0.0,0.18159501296691277,,
fincall,calendar,ticker_disjoint,v,15,ewma,test,484,0.2376909537360781,0.3883756852538306,0.07944031491706949,0.5836330842118845,,0.08016891060688247
fincall,calendar,ticker_disjoint,v,15,ewma,val,239,0.2925591932734178,0.42561127699536655,0.2102197817347149,0.41395337499365287,,0.00013407089245825142
fincall,calendar,ticker_disjoint,v,15,garch,test,484,0.22564676916272366,0.36381395528076066,0.12608656116100025,0.5315426361193417,,0.0578903579279082
fincall,calendar,ticker_disjoint,v,15,garch,val,238,0.2525422963945624,0.3854554403031099,0.3173763952899159,0.41677965432871605,,3.2273208230951623e-06
fincall,calendar,ticker_disjoint,v,15,gbdt_tickerFE,test,484,0.22812005189315973,0.37138331454486306,0.11650771797970136,0.47947039276750203,0.0027570347900462413,0.04250149165561555
fincall,calendar,ticker_disjoint,v,15,gbdt_tickerFE,val,239,0.2511517013306209,0.3902277450031155,0.3220016664825206,0.35122284564407635,0.004306646593489659,1.6247882551719465e-05
fincall,calendar,ticker_disjoint,v,15,har,test,484,0.19228837526010353,0.34062197907378117,0.25528118175209624,0.5880679110605107,,5.210684886090355e-06
fincall,calendar,ticker_disjoint,v,15,har,val,239,0.22688931738937315,0.36176702802327343,0.3874993549002165,0.4364247810885508,,5.291547016855705e-10
fincall,calendar,ticker_disjoint,v,15,persistence,test,484,0.2582026538721009,0.39503236407602316,0.0,0.4654348566898094,,
fincall,calendar,ticker_disjoint,v,15,persistence,val,239,0.3704311484478685,0.47150856135275837,0.0,0.313712858256189,,
fincall,calendar,ticker_disjoint,v,30,ewma,test,484,0.20871572436427352,0.35463501549252574,-0.07090803422079528,0.615848469746436,,0.05116512499723775
fincall,calendar,ticker_disjoint,v,30,ewma,val,239,0.2504118376283441,0.3826097438259704,0.016372297133509406,0.49258967474054666,,0.6841810386966382
fincall,calendar,ticker_disjoint,v,30,garch,test,484,0.17777328248920432,0.3184059622412243,0.08785580450459052,0.6172602896752603,,0.23477749200051906
fincall,calendar,ticker_disjoint,v,30,garch,val,238,0.19754629195254467,0.32627862314602774,0.22674101931088053,0.5104034864497051,,0.0008837057628914307
fincall,calendar,ticker_disjoint,v,30,gbdt_tickerFE,test,484,0.1800109793288746,0.32942652613811857,0.0763743144009938,0.5240885752855761,0.0016081183954224415,0.14885361696299798
fincall,calendar,ticker_disjoint,v,30,gbdt_tickerFE,val,239,0.20724348248931043,0.3329588723940592,0.18593932081772171,0.4111546666359519,0.004741752832420704,0.011610180636228686
fincall,calendar,ticker_disjoint,v,30,har,test,484,0.16006924115703092,0.30547303248631014,0.17869419321991076,0.610028385710261,,0.00011357679531718383
fincall,calendar,ticker_disjoint,v,30,har,val,239,0.1818696514772417,0.31371626787404333,0.28560874278956316,0.49627815375691764,,1.4176899965782231e-08
fincall,calendar,ticker_disjoint,v,30,persistence,test,484,0.19489602999956707,0.3357399700290599,0.0,0.5793969405026013,,
fincall,calendar,ticker_disjoint,v,30,persistence,val,239,0.2545798953187199,0.3727969351366958,0.0,0.4648621893314837,,
maec,trading,combined,dv,3,ewma,test,102,0.6507960201516537,0.6412600088479569,0.44805866461134036,0.7237557092548574,,1.5562435423601625e-05
maec,trading,combined,dv,3,ewma,val,4,0.3475381274279483,0.3521492286437701,0.4220780719308592,0.7999999999999999,,0.1683007448313317
maec,trading,combined,dv,3,garch,test,102,0.8325515680944988,0.6891720792844838,0.29391144068932795,0.6014029088145807,,0.015531803757559358
maec,trading,combined,dv,3,garch,val,4,0.727156113174098,0.6096930502447582,-0.2091895241622408,0.39999999999999997,,0.6399922467541063
maec,trading,combined,dv,3,gbdt_tickerFE,test,102,0.7273161842297078,0.6908549027089528,0.3831617687520837,0.5199222588536859,0.01806723390173158,0.0022031889813130877
maec,trading,combined,dv,3,gbdt_tickerFE,val,4,0.4681566577047912,0.627504689799322,0.22150124862127574,-0.2,0.0790670513984518,0.7010890320823875
maec,trading,combined,dv,3,har,test,102,0.5460041930260687,0.5778543273061841,0.5369328113647807,0.7244297718054244,,1.1378056434455604e-05
maec,trading,combined,dv,3,har,val,4,0.3535584574158876,0.534686966760261,0.41206685175196345,0.39999999999999997,,0.419278235776703
maec,trading,combined,dv,3,persistence,test,102,1.1791036083452306,0.8717616743716825,0.0,,,
maec,trading,combined,dv,3,persistence,val,4,0.6013582640636019,0.5802078248436328,0.0,,,
maec,trading,combined,dv,7,ewma,test,102,0.41605332012607077,0.48966848977857796,0.31618778246565404,0.49434659289711025,,3.1365072934905003e-06
maec,trading,combined,dv,7,ewma,val,4,0.06364118279847213,0.21810221056347645,0.5632939229888161,0.7999999999999999,,0.3678914235019851
maec,trading,combined,dv,7,garch,test,102,0.482254626815882,0.5153182737626488,0.20738138640681758,0.49589239411897124,,0.15122492634292098
maec,trading,combined,dv,7,garch,val,4,0.11160065262891976,0.287240630397927,0.23419582951821782,0.7999999999999999,,0.8259563991550508
maec,trading,combined,dv,7,gbdt_tickerFE,test,102,0.43624955563313,0.4896916389311202,0.28299388178065704,0.4721742231935779,0.0067281772619264095,0.021700903964256973
maec,trading,combined,dv,7,gbdt_tickerFE,val,4,0.11050338289752563,0.2263989281305344,0.24172529925383915,0.5599999999999999,0.017466055767424736,0.8386569741593821
maec,trading,combined,dv,7,har,test,102,0.34051715234813557,0.4347742330933387,0.44033666409607763,0.5232552361991976,,3.161195618822795e-05
maec,trading,combined,dv,7,har,val,4,0.06594283856917009,0.21024283325251236,0.54749995094033,1.0,,0.5744556554210185
maec,trading,combined,dv,7,persistence,test,102,0.6084321242844328,0.592269301491944,0.0,,,
maec,trading,combined,dv,7,persistence,val,4,0.14573001418719048,0.29112100416458897,0.0,,,
maec,trading,combined,dv,15,ewma,test,102,0.3176068194565512,0.4157691234800295,0.1340699993811587,0.5599937182709357,,0.0054332577210680685
maec,trading,combined,dv,15,ewma,val,4,0.05018284489407044,0.21363582426285277,0.3998929680742923,1.0,,0.16244095394416683
maec,trading,combined,dv,15,garch,test,102,0.39312465208482056,0.4430784225737458,-0.0718234287461823,0.5263270648861972,,0.73317606980641
maec,trading,combined,dv,15,garch,val,4,0.08336978050411947,0.2288441082441156,0.003029986916176952,0.7999999999999999,,0.9975748951382422
maec,trading,combined,dv,15,gbdt_tickerFE,test,102,0.2837015847319989,0.39186496332303655,0.2265099538388428,0.5196496210260035,0.004075208702110361,0.07379260151097553
maec,trading,combined,dv,15,gbdt_tickerFE,val,4,0.05558865169642739,0.16592227940974585,0.3352481141969556,0.64,0.006694878591933228,0.6564093703263537
maec,trading,combined,dv,15,har,test,102,0.22066480339205335,0.33221565874173864,0.3983747777683434,0.6419453452478456,,0.00011883895616357355
maec,trading,combined,dv,15,har,val,4,0.07135958002442544,0.2315321620673053,0.14665288788792952,0.7999999999999999,,0.5432536472111557
maec,trading,combined,dv,15,persistence,test,102,0.3667811707985309,0.44219719455405465,0.0,,,
maec,trading,combined,dv,15,persistence,val,4,0.0836231575774686,0.27126830796087353,0.0,,,
maec,trading,combined,dv,30,ewma,test,102,0.2591536224359267,0.39353434294142914,-0.1807324084947668,-0.10948276117258807,,0.02229184905592073
maec,trading,combined,dv,30,ewma,val,4,0.06123013587805314,0.20255154995673186,0.19263999786053942,0.7999999999999999,,0.8148518671363969
maec,trading,combined,dv,30,garch,test,102,0.32479206265522303,0.40895555808860024,-0.4797883617995715,0.48841649397648484,,0.1680377876655813
maec,trading,combined,dv,30,garch,val,4,0.18258613110888117,0.3826612113493738,-1.4075193871248555,1.0,,0.32636223677997017
maec,trading,combined,dv,30,gbdt_tickerFE,test,102,0.17924099902758533,0.3203402354022268,0.18335829345710208,0.46654664947691804,0.0026925533876909413,0.11151524216791193
maec,trading,combined,dv,30,gbdt_tickerFE,val,4,0.020965058812657575,0.11155309178192044,0.7235617774627856,0.76,0.0024564739841561613,0.2832775264534863
maec,trading,combined,dv,30,har,test,102,0.15568378669305144,0.29163109516423763,0.29068754394463414,0.46541820055353683,,0.001175710790047571
maec,trading,combined,dv,30,har,val,4,0.018141468230906812,0.09775011370969233,0.7607926943214945,0.6000000000000001,,0.0536235076821385
maec,trading,combined,dv,30,persistence,test,102,0.21948548254579,0.3544411122387675,0.0,,,
maec,trading,combined,dv,30,persistence,val,4,0.0758399421767199,0.2583210571326139,0.0,,,
maec,trading,combined,har_resid,3,ewma,test,102,0.6507960201516537,0.6412600088479569,-0.19192494941258031,-0.034905948859031144,,0.09126392059598507
maec,trading,combined,har_resid,3,ewma,val,4,0.3475381274279483,0.3521492286437701,0.017027820609754496,0.7999999999999999,,0.9687984634633144
maec,trading,combined,har_resid,3,garch,test,102,0.8325515680944988,0.6891720792844838,-0.5248080119684153,0.12536535105853855,,0.024104919753124062
maec,trading,combined,har_resid,3,garch,val,4,0.727156113174098,0.6096930502447582,-1.0566785998807289,0.19999999999999998,,0.463419428067182
maec,trading,combined,har_resid,3,gbdt_tickerFE,test,102,0.7569178773480671,0.6901714745471761,-0.38628583262899674,-0.10795850471692303,0.012507004979281436,0.001290533628787704
maec,trading,combined,har_resid,3,gbdt_tickerFE,val,4,0.5508877657735303,0.6527612470543354,-0.5581235697199741,-0.48,0.06818205190440293,0.217386144972008
maec,trading,combined,har_resid,3,har,test,102,0.5460041930260687,0.5778543273061841,0.0,,,
maec,trading,combined,har_resid,3,har,val,4,0.3535584574158876,0.534686966760261,0.0,,,
maec,trading,combined,har_resid,3,persistence,test,102,0.5460041930260687,0.5778543273061841,0.0,,,
maec,trading,combined,har_resid,3,persistence,val,4,0.3535584574158876,0.534686966760261,0.0,,,
maec,trading,combined,har_resid,7,ewma,test,102,0.41605332012607077,0.48966848977857813,-0.2218277912200708,0.03781642631299846,,0.03795063982969715
maec,trading,combined,har_resid,7,ewma,val,4,0.06364118279847213,0.21810221056347645,0.03490380184777253,-0.39999999999999997,,0.9677682585818873
maec,trading,combined,har_resid,7,garch,test,102,0.482254626815882,0.5153182737626488,-0.41624180600111993,0.2940897250703184,,0.08603833689602819
maec,trading,combined,har_resid,7,garch,val,4,0.11160065262891976,0.287240630397927,-0.6923847236551297,0.39999999999999997,,0.6265719123945628
maec,trading,combined,har_resid,7,gbdt_tickerFE,test,102,0.42576999830688755,0.46888418892802813,-0.2503628535915625,0.05374232429440863,0.005146901549044407,0.051737240165094914
maec,trading,combined,har_resid,7,gbdt_tickerFE,val,4,0.10281392718217308,0.21175628309242028,-0.5591371165244489,0.36,0.01843573518789857,0.7760634984801819
maec,trading,combined,har_resid,7,har,test,102,0.34051715234813557,0.4347742330933387,0.0,,,
maec,trading,combined,har_resid,7,har,val,4,0.06594283856917009,0.21024283325251236,0.0,,,
maec,trading,combined,har_resid,7,persistence,test,102,0.34051715234813557,0.4347742330933387,0.0,,,
maec,trading,combined,har_resid,7,persistence,val,4,0.06594283856917009,0.21024283325251236,0.0,,,
maec,trading,combined,har_resid,15,ewma,test,102,0.3176068194565512,0.4157691234800295,-0.43931798172752434,-0.028910326309242944,,0.005198661454078157
maec,trading,combined,har_resid,15,ewma,val,4,0.05018284489407044,0.21363582426285277,0.29676092716782365,-0.7999999999999999,,0.5490268595639701
maec,trading,combined,har_resid,15,garch,test,102,0.39312465208482056,0.4430784225737458,-0.7815466990735227,0.3294731137908992,,0.03552246949714761
maec,trading,combined,har_resid,15,garch,val,4,0.08336978050411947,0.2288441082441156,-0.16830536944840624,0.19999999999999998,,0.887337717463831
maec,trading,combined,har_resid,15,gbdt_tickerFE,test,102,0.27557109557693293,0.37918883492407723,-0.24882215623362466,0.04677259880774907,0.004643055153738711,0.027418385237180404
maec,trading,combined,har_resid,15,gbdt_tickerFE,val,4,0.06039363512300926,0.18470112502549546,0.15367165694728988,0.72,0.016774161467591635,0.8278678146282745
maec,trading,combined,har_resid,15,har,test,102,0.22066480339205335,0.33221565874173864,0.0,,,
maec,trading,combined,har_resid,15,har,val,4,0.07135958002442544,0.2315321620673053,0.0,,,
maec,trading,combined,har_resid,15,persistence,test,102,0.22066480339205335,0.33221565874173864,0.0,,,
maec,trading,combined,har_resid,15,persistence,val,4,0.07135958002442544,0.2315321620673053,0.0,,,
maec,trading,combined,har_resid,30,ewma,test,102,0.2591536224359267,0.39353434294142914,-0.664615358739173,0.09873252891466694,,0.0008948976859133314
maec,trading,combined,har_resid,30,ewma,val,4,0.06123013587805314,0.20255154995673186,-2.3751477608487104,-0.39999999999999997,,0.401967778015016
maec,trading,combined,har_resid,30,garch,test,102,0.32479206265522303,0.40895555808860024,-1.0862292057141962,0.39769872765358305,,0.031275476710532886
maec,trading,combined,har_resid,30,garch,val,4,0.18258613110888117,0.3826612113493738,-9.064572987417705,1.0,,0.13079757826494062
maec,trading,combined,har_resid,30,gbdt_tickerFE,test,102,0.18208048687633546,0.31526186058083805,-0.16955330252422612,0.06123177524261072,0.0046255885424506225,0.07256644416880538
maec,trading,combined,har_resid,30,gbdt_tickerFE,val,4,0.02141448878094917,0.1181425104097128,-0.18041651912529655,0.39999999999999997,0.0034542403150919264,0.9427955544698233
maec,trading,combined,har_resid,30,har,test,102,0.15568378669305144,0.29163109516423763,0.0,,,
maec,trading,combined,har_resid,30,har,val,4,0.018141468230906812,0.09775011370969233,0.0,,,
maec,trading,combined,har_resid,30,persistence,test,102,0.15568378669305144,0.29163109516423763,0.0,,,
maec,trading,combined,har_resid,30,persistence,val,4,0.018141468230906812,0.09775011370969233,0.0,,,
maec,trading,combined,v,3,ewma,test,102,0.6507960201516537,0.6412600088479569,0.44805866461134036,0.3381529706378365,,1.5562435423601625e-05
maec,trading,combined,v,3,ewma,val,4,0.3475381274279483,0.3521492286437701,0.4220780719308592,0.7999999999999999,,0.1683007448313317
maec,trading,combined,v,3,garch,test,102,0.8325515680944988,0.6891720792844838,0.29391144068932795,0.2967414475384639,,0.015531803757559358
maec,trading,combined,v,3,garch,val,4,0.727156113174098,0.6096930502447582,-0.2091895241622408,0.7999999999999999,,0.6399922467541063
maec,trading,combined,v,3,gbdt_tickerFE,test,102,0.7207707904088442,0.6770374076667411,0.388712929629328,0.0641079499733869,0.020394345503861246,0.0027211400480194113
maec,trading,combined,v,3,gbdt_tickerFE,val,4,0.5978185941753461,0.6522821503035191,0.005886124960413653,-0.31999999999999995,0.08088203926937106,0.9674484514788021
maec,trading,combined,v,3,har,test,102,0.5460041930260687,0.5778543273061841,0.5369328113647807,0.4038472275663061,,1.1378056434455604e-05
maec,trading,combined,v,3,har,val,4,0.3535584574158876,0.534686966760261,0.41206685175196345,1.0,,0.419278235776703
maec,trading,combined,v,3,persistence,test,102,1.1791036083452306,0.8717616743716825,0.0,0.06883995338987653,,
maec,trading,combined,v,3,persistence,val,4,0.6013582640636019,0.5802078248436328,0.0,0.7999999999999999,,
maec,trading,combined,v,7,ewma,test,102,0.41605332012607077,0.48966848977857813,0.31618778246565404,0.522601744079912,,3.1365072934905003e-06
maec,trading,combined,v,7,ewma,val,4,0.06364118279847213,0.21810221056347645,0.5632939229888161,0.39999999999999997,,0.3678914235019851
maec,trading,combined,v,7,garch,test,102,0.482254626815882,0.5153182737626488,0.20738138640681758,0.5681577058360772,,0.15122492634292098
maec,trading,combined,v,7,garch,val,4,0.11160065262891976,0.287240630397927,0.23419582951821782,0.39999999999999997,,0.8259563991550508
maec,trading,combined,v,7,gbdt_tickerFE,test,102,0.43640573175086744,0.48596688893386036,0.28273719560071364,0.29190685880171163,0.0056537645379046856,0.026607618325376985
maec,trading,combined,v,7,gbdt_tickerFE,val,4,0.11295276657267964,0.22538517494023447,0.22491761767351806,-0.19999999999999998,0.007934507431590665,0.860915494975657
maec,trading,combined,v,7,har,test,102,0.34051715234813557,0.4347742330933387,0.44033666409607763,0.5761882817587628,,3.161195618822795e-05
maec,trading,combined,v,7,har,val,4,0.06594283856917009,0.21024283325251236,0.54749995094033,0.7999999999999999,,0.5744556554210185
maec,trading,combined,v,7,persistence,test,102,0.6084321242844328,0.592269301491944,0.0,0.4215659343341075,,
maec,trading,combined,v,7,persistence,val,4,0.14573001418719048,0.29112100416458897,0.0,0.0,,
maec,trading,combined,v,15,ewma,test,102,0.3176068194565512,0.4157691234800295,0.1340699993811587,0.5266179608117215,,0.0054332577210680685
maec,trading,combined,v,15,ewma,val,4,0.05018284489407044,0.21363582426285277,0.3998929680742923,0.39999999999999997,,0.16244095394416683
maec,trading,combined,v,15,garch,test,102,0.39312465208482056,0.4430784225737458,-0.0718234287461823,0.6337054729440393,,0.73317606980641
maec,trading,combined,v,15,garch,val,4,0.08336978050411947,0.2288441082441156,0.003029986916176952,0.7999999999999999,,0.9975748951382422
maec,trading,combined,v,15,gbdt_tickerFE,test,102,0.28610662177549184,0.392384909710059,0.21995280959325125,0.3786438182139279,0.0051265441390244484,0.09356340345677194
maec,trading,combined,v,15,gbdt_tickerFE,val,4,0.05064400336454268,0.17211870030786203,0.39437824603040134,-0.48,0.007553996109007224,0.5939261560799417
maec,trading,combined,v,15,har,test,102,0.22066480339205335,0.33221565874173864,0.3983747777683434,0.5917349881611,,0.00011883895616357355
maec,trading,combined,v,15,har,val,4,0.07135958002442544,0.2315321620673053,0.14665288788792952,0.7999999999999999,,0.5432536472111557
maec,trading,combined,v,15,persistence,test,102,0.3667811707985309,0.44219719455405465,0.0,0.4022918484869181,,
maec,trading,combined,v,15,persistence,val,4,0.0836231575774686,0.27126830796087353,0.0,0.39999999999999997,,
maec,trading,combined,v,30,ewma,test,102,0.2591536224359267,0.39353434294142914,-0.1807324084947668,0.603298364608858,,0.02229184905592073
maec,trading,combined,v,30,ewma,val,4,0.06123013587805314,0.20255154995673186,0.19263999786053942,0.39999999999999997,,0.8148518671363969
maec,trading,combined,v,30,garch,test,102,0.32479206265522303,0.40895555808860024,-0.4797883617995715,0.6696528785986966,,0.1680377876655813
maec,trading,combined,v,30,garch,val,4,0.18258613110888117,0.3826612113493738,-1.4075193871248555,0.7999999999999999,,0.32636223677997017
maec,trading,combined,v,30,gbdt_tickerFE,test,102,0.1910125362758966,0.32592857372458595,0.12972587498561883,0.4841763347991076,0.002498881117475073,0.312825723169883
maec,trading,combined,v,30,gbdt_tickerFE,val,4,0.027098300026075838,0.1287199760646136,0.6426909192133585,-0.12,0.007625420528194215,0.3434855399738072
maec,trading,combined,v,30,har,test,102,0.15568378669305144,0.29163109516423763,0.29068754394463414,0.6737593216177886,,0.001175710790047571
maec,trading,combined,v,30,har,val,4,0.018141468230906812,0.09775011370969233,0.7607926943214945,0.7999999999999999,,0.0536235076821385
maec,trading,combined,v,30,persistence,test,102,0.21948548254579,0.3544411122387675,0.0,0.6410838101515364,,
maec,trading,combined,v,30,persistence,val,4,0.0758399421767199,0.2583210571326139,0.0,0.7999999999999999,,
maec,trading,temporal,dv,3,ewma,test,506,0.7682070106872367,0.6894057917799151,0.44435234139999924,0.7017851235014854,,1.0204360639020513e-17
maec,trading,temporal,dv,3,ewma,val,73,0.9076571863655387,0.7646769774514495,0.5192121923226755,0.7438911514253982,,2.655306709853001e-06
maec,trading,temporal,dv,3,garch,test,506,0.8478721532374984,0.7214897143017871,0.3867301779541227,0.6575991970385171,,3.13895041099129e-11
maec,trading,temporal,dv,3,garch,val,73,0.973018415407173,0.7911701305821858,0.4845902199634249,0.7579291620387512,,6.520998115643474e-05
maec,trading,temporal,dv,3,gbdt_tickerFE,test,506,0.8195842553594999,0.7145052225805557,0.4071909443933205,0.6085003973095011,0.00813544603890449,7.021874258857396e-12
maec,trading,temporal,dv,3,gbdt_tickerFE,val,73,0.8665619738258009,0.7398519545274445,0.5409804077236133,0.7257929162038752,0.014060946084271364,1.0183037329314885e-05
maec,trading,temporal,dv,3,har,test,506,0.6818672837518043,0.6466291640996569,0.5068022623827804,0.7077992386252773,,8.172386843373955e-20
maec,trading,temporal,dv,3,har,val,73,0.7306358707441053,0.6894856425545126,0.6129807334946821,0.7784771072442306,,2.0999174217621598e-07
maec,trading,temporal,dv,3,persistence,test,506,1.3825434136135775,0.9368888448434312,0.0,,,
maec,trading,temporal,dv,3,persistence,val,73,1.887854001020556,1.1502416119825891,0.0,,,
maec,trading,temporal,dv,7,ewma,test,506,0.3991838806159375,0.49609633220230515,0.30118771299415215,0.6606425945936032,,9.238395713636609e-20
maec,trading,temporal,dv,7,ewma,val,73,0.4709791398649282,0.5597335651305185,0.43393987722172644,0.7664753794890783,,3.8709880200238086e-05
maec,trading,temporal,dv,7,garch,test,506,0.41066094760085137,0.5102054481159134,0.2810959311930642,0.6169910174214728,,3.029053290158945e-07
maec,trading,temporal,dv,7,garch,val,73,0.4609901087681806,0.5441116069579933,0.44594548785382904,0.7854806861656178,,0.0005689134394091691
maec,trading,temporal,dv,7,gbdt_tickerFE,test,506,0.3768781474215379,0.48055619487487194,0.3402361845979385,0.61219467661754,0.0032412139572673606,1.9296125645462703e-11
maec,trading,temporal,dv,7,gbdt_tickerFE,val,73,0.3867371378172838,0.4713567272513831,0.535188603515322,0.7758484511909169,0.008842510576555492,3.5966744535938004e-06
maec,trading,temporal,dv,7,har,test,506,0.3471878274825603,0.45818104980335767,0.3922121319895976,0.6758109413227448,,9.928824812634486e-19
maec,trading,temporal,dv,7,har,val,73,0.3290786281192007,0.46451085253683666,0.60448717815765,0.8017092434900656,,1.9989529268765304e-06
maec,trading,temporal,dv,7,persistence,test,506,0.5712319145478864,0.5930539959332646,0.0,,,
maec,trading,temporal,dv,7,persistence,val,73,0.8320302400976782,0.7406983392340077,0.0,,,
maec,trading,temporal,dv,15,ewma,test,507,0.28015053350514624,0.4079620758669402,0.11959397737357003,0.4965528775824054,,1.1116451264742957e-05
maec,trading,temporal,dv,15,ewma,val,73,0.383589384433853,0.5033469201992009,0.1463242017101034,0.6509626064420585,,0.0050611260439092295
maec,trading,temporal,dv,15,garch,test,507,0.30088040148702744,0.4209523752148178,0.05444792752975025,0.5431157771145121,,0.49931240658329806
maec,trading,temporal,dv,15,garch,val,73,0.3515200496457883,0.4907809501958694,0.21769430757534536,0.7388312970504753,,0.07508787348201237
maec,trading,temporal,dv,15,gbdt_tickerFE,test,507,0.25032287108098605,0.3825099819045573,0.21333091697720744,0.5300354079078554,0.001899059803249691,8.301225219459859e-05
maec,trading,temporal,dv,15,gbdt_tickerFE,val,73,0.23826700782891833,0.3827130738439831,0.4697382504088245,0.6803406145871901,0.0035344653864161114,9.713587383738059e-05
maec,trading,temporal,dv,15,har,test,507,0.22067933208425558,0.36003246408909956,0.30648922704054893,0.6104303884371924,,1.6386130344159657e-12
maec,trading,temporal,dv,15,har,val,73,0.23394516006556443,0.3871677237961213,0.4793564958274611,0.767154140441812,,3.1748687904565253e-06
maec,trading,temporal,dv,15,persistence,test,507,0.31820606209553215,0.4351597404839413,0.0,,,
maec,trading,temporal,dv,15,persistence,val,73,0.44933847861479526,0.5425505011857485,0.0,,,
maec,trading,temporal,dv,30,ewma,test,507,0.21612502874129597,0.3549934320312947,-0.14429722509552434,-0.08830228408963287,,4.586464166591357e-05
maec,trading,temporal,dv,30,ewma,val,73,0.3049269204355759,0.43905053198535016,-0.36609783779237315,-0.3430519560656547,,0.00011066039613493405
maec,trading,temporal,dv,30,garch,test,507,0.24729982724314373,0.37135551349342943,-0.3093555509467045,0.4312585729812438,,0.015544318753650699
maec,trading,temporal,dv,30,garch,val,73,0.2767739476757111,0.45657092524478177,-0.23997019002765407,0.6807046772800198,,0.05747127327768866
maec,trading,temporal,dv,30,gbdt_tickerFE,test,507,0.15373279267004286,0.30174562574434327,0.18604518373904308,0.46640387278093376,0.001402389686069072,0.0005753444315184256
maec,trading,temporal,dv,30,gbdt_tickerFE,val,73,0.16195868769288552,0.31013402202096785,0.2744116762374002,0.5115389361964706,0.002975033699713735,0.06237051923136134
maec,trading,temporal,dv,30,har,test,507,0.1498867335282223,0.2972179456440969,0.20640855779696687,0.4716882482956953,,2.5999152622523367e-05
maec,trading,temporal,dv,30,har,val,73,0.1563768338169086,0.3126332021336584,0.299418843528345,0.5561211896828336,,0.0067905695999185
maec,trading,temporal,dv,30,persistence,test,507,0.18887140858290044,0.33611537124870916,0.0,,,
maec,trading,temporal,dv,30,persistence,val,73,0.22321016255200332,0.38949332495154837,0.0,,,
maec,trading,temporal,har_resid,3,ewma,test,506,0.7682070106872367,0.6894057917799151,-0.12662248063929638,-0.04623821866513862,,0.0003434842788051802
maec,trading,temporal,har_resid,3,ewma,val,73,0.9076571863655387,0.7646769774514495,-0.242283910097582,-0.22399111440207337,,0.008560907639826079
maec,trading,temporal,har_resid,3,garch,test,506,0.8478721532374984,0.7214897143017871,-0.24345627579064044,0.13246236036494768,,0.0001275799801067532
maec,trading,temporal,har_resid,3,garch,val,73,0.973018415407173,0.7911701305821858,-0.3317419173742686,0.05692336171788228,,0.0456046362742392
maec,trading,temporal,har_resid,3,gbdt_tickerFE,test,506,0.8224045900041602,0.7138215851031307,-0.20610653950001026,-0.03055830534187094,0.00899173144662024,1.8136717693978523e-06
maec,trading,temporal,har_resid,3,gbdt_tickerFE,val,73,0.8464683847160062,0.7260963350769483,-0.15853658246197666,0.09295939775391833,0.011846435282735216,0.21968310166074814
maec,trading,temporal,har_resid,3,har,test,506,0.6818672837518043,0.6466291640996569,0.0,,,
maec,trading,temporal,har_resid,3,har,val,73,0.7306358707441053,0.6894856425545126,0.0,,,
maec,trading,temporal,har_resid,3,persistence,test,506,0.6818672837518043,0.6466291640996569,0.0,,,
maec,trading,temporal,har_resid,3,persistence,val,73,0.7306358707441053,0.6894856425545126,0.0,,,
maec,trading,temporal,har_resid,7,ewma,test,506,0.3991838806159375,0.49609633220230515,-0.1497634681215576,-0.030420185941836077,,7.519288652352944e-05
maec,trading,temporal,har_resid,7,ewma,val,73,0.4709791398649282,0.5597335651305185,-0.4312054920027426,-0.24990744168826365,,0.0008153922009866855
maec,trading,temporal,har_resid,7,garch,test,506,0.41066094760085137,0.5102054481159134,-0.182820695582939,0.2607553034433314,,0.01679351343489937
maec,trading,temporal,har_resid,7,garch,val,73,0.4609901087681806,0.5441116069579933,-0.4008509498258823,0.19637788473404916,,0.059389142188160514
maec,trading,temporal,har_resid,7,gbdt_tickerFE,test,506,0.3793784017729481,0.4780623918737281,-0.0927180383131517,0.099904796527611,0.0022449950600042803,0.03348461394923449
maec,trading,temporal,har_resid,7,gbdt_tickerFE,val,73,0.37568642663160184,0.4780280026223309,-0.14163119245628616,0.10633715907688512,0.009655278501029435,0.26414841591014193
maec,trading,temporal,har_resid,7,har,test,506,0.3471878274825603,0.45818104980335767,0.0,,,
maec,trading,temporal,har_resid,7,har,val,73,0.3290786281192007,0.46451085253683666,0.0,,,
maec,trading,temporal,har_resid,7,persistence,test,506,0.3471878274825603,0.45818104980335767,0.0,,,
maec,trading,temporal,har_resid,7,persistence,val,73,0.3290786281192007,0.46451085253683666,0.0,,,
maec,trading,temporal,har_resid,15,ewma,test,507,0.28015053350514624,0.4079620758669402,-0.26949148730513883,-0.013751394453861652,,8.305749557824726e-07
maec,trading,temporal,har_resid,15,ewma,val,73,0.383589384433853,0.5033469201992009,-0.6396551410866971,-0.2570961372331236,,0.0002421700945113284
maec,trading,temporal,har_resid,15,garch,test,507,0.30088040148702744,0.4209523752148178,-0.3634280956231597,0.30938227982342914,,0.001111101310769693
maec,trading,temporal,har_resid,15,garch,val,73,0.3515200496457883,0.4907809501958694,-0.5025745757991866,0.296587683573985,,0.018763112824961316
maec,trading,temporal,har_resid,15,gbdt_tickerFE,test,507,0.24515443349901006,0.37646051226749766,-0.11090799117250309,0.15116664883604028,0.0025902498584609796,0.010415022020272774
maec,trading,temporal,har_resid,15,gbdt_tickerFE,val,73,0.2546886442244324,0.3983510807177688,-0.08866814835175232,0.08814636554362584,0.0039161837966234115,0.4984551039764159
maec,trading,temporal,har_resid,15,har,test,507,0.22067933208425558,0.36003246408909956,0.0,,,
maec,trading,temporal,har_resid,15,har,val,73,0.23394516006556443,0.3871677237961213,0.0,,,
maec,trading,temporal,har_resid,15,persistence,test,507,0.22067933208425558,0.36003246408909956,0.0,,,
maec,trading,temporal,har_resid,15,persistence,val,73,0.23394516006556443,0.3871677237961213,0.0,,,
maec,trading,temporal,har_resid,30,ewma,test,507,0.21612502874129597,0.3549934320312947,-0.4419223346447909,0.049302157444272875,,5.026639264178117e-08
maec,trading,temporal,har_resid,30,ewma,val,73,0.3049269204355759,0.43905053198535016,-0.9499494457893611,-0.14124398370973715,,0.00034183755453985756
maec,trading,temporal,har_resid,30,garch,test,507,0.24729982724314373,0.37135551349342943,-0.6499113792254301,0.339450657427906,,5.264845621310574e-05
maec,trading,temporal,har_resid,30,garch,val,73,0.2767739476757111,0.45657092524478177,-0.769916559378403,0.4747624336665433,,0.0002777509026529747
maec,trading,temporal,har_resid,30,gbdt_tickerFE,test,507,0.15931872596289237,0.3055796371695275,-0.06292746671201636,0.17395345092015463,0.0010508824776167013,0.19775147288414108
maec,trading,temporal,har_resid,30,gbdt_tickerFE,val,73,0.16868515920053875,0.3168395804544424,-0.07870939117517346,0.09214488461063805,0.00289185400758427,0.5220728333565582
maec,trading,temporal,har_resid,30,har,test,507,0.1498867335282223,0.2972179456440969,0.0,,,
maec,trading,temporal,har_resid,30,har,val,73,0.1563768338169086,0.3126332021336584,0.0,,,
maec,trading,temporal,har_resid,30,persistence,test,507,0.1498867335282223,0.2972179456440969,0.0,,,
maec,trading,temporal,har_resid,30,persistence,val,73,0.1563768338169086,0.3126332021336584,0.0,,,
maec,trading,temporal,v,3,ewma,test,506,0.7682070106872367,0.6894057917799151,0.44435234139999924,0.36375258672682437,,1.0204360639020513e-17
maec,trading,temporal,v,3,ewma,val,73,0.9076571863655387,0.7646769774514495,0.5192121923226755,0.15805874367518205,,2.655306709853001e-06
maec,trading,temporal,v,3,garch,test,506,0.8478721532374984,0.7214897143017871,0.3867301779541227,0.38957388505688745,,3.13895041099129e-11
maec,trading,temporal,v,3,garch,val,73,0.973018415407173,0.7911701305821858,0.4845902199634249,0.23870788596815998,,6.520998115643474e-05
maec,trading,temporal,v,3,gbdt_tickerFE,test,506,0.8335120979108648,0.7225726763354339,0.39711687191630396,0.19351379325764975,0.005386863362937421,1.484090447937163e-11
maec,trading,temporal,v,3,gbdt_tickerFE,val,73,0.8396865389286896,0.7202470816949669,0.5552163787693524,0.18803529556954215,0.012184773069132515,6.036852437049815e-06
maec,trading,temporal,v,3,har,test,506,0.6818672837518043,0.6466291640996569,0.5068022623827804,0.42221930132893365,,8.172386843373955e-20
maec,trading,temporal,v,3,har,val,73,0.7306358707441053,0.6894856425545126,0.6129807334946821,0.19196593854128102,,2.0999174217621598e-07
maec,trading,temporal,v,3,persistence,test,506,1.3825434136135775,0.9368888448434312,0.0,0.1254113092003213,,
maec,trading,temporal,v,3,persistence,val,73,1.887854001020556,1.1502416119825891,0.0,-0.02011600641737628,,
maec,trading,temporal,v,7,ewma,test,506,0.3991838806159375,0.49609633220230515,0.30118771299415215,0.4719243458038802,,9.238395713636609e-20
maec,trading,temporal,v,7,ewma,val,73,0.4709791398649282,0.5597335651305185,0.43393987722172644,0.28085277057879804,,3.8709880200238086e-05
maec,trading,temporal,v,7,garch,test,506,0.41066094760085137,0.5102054481159134,0.2810959311930642,0.5263256835301768,,3.029053290158945e-07
maec,trading,temporal,v,7,garch,val,73,0.4609901087681806,0.5441116069579933,0.44594548785382904,0.4223435764531656,,0.0005689134394091691
maec,trading,temporal,v,7,gbdt_tickerFE,test,506,0.38098731583749096,0.4816798195319379,0.33304266422328405,0.39852888628786587,0.0027904557294078747,3.116847268996068e-11
maec,trading,temporal,v,7,gbdt_tickerFE,val,73,0.3767686016377053,0.47636166622589443,0.5471695817288161,0.30965691719116384,0.006041156506606324,1.9655916573768317e-05
maec,trading,temporal,v,7,har,test,506,0.3471878274825603,0.45818104980335767,0.3922121319895976,0.5091403620692174,,9.928824812634486e-19
maec,trading,temporal,v,7,har,val,73,0.3290786281192007,0.46451085253683666,0.60448717815765,0.3352153523386401,,1.9989529268765304e-06
maec,trading,temporal,v,7,persistence,test,506,0.5712319145478864,0.5930539959332646,0.0,0.30470566256909026,,
maec,trading,temporal,v,7,persistence,val,73,0.8320302400976782,0.7406983392340077,0.0,0.08595581883253119,,
maec,trading,temporal,v,15,ewma,test,507,0.28015053350514624,0.4079620758669402,0.11959397737357003,0.5571156143102435,,1.1116451264742957e-05
maec,trading,temporal,v,15,ewma,val,73,0.383589384433853,0.5033469201992009,0.1463242017101034,0.35320251758607935,,0.0050611260439092295
maec,trading,temporal,v,15,garch,test,507,0.30088040148702744,0.4209523752148178,0.05444792752975025,0.6295366321791069,,0.49931240658329806
maec,trading,temporal,v,15,garch,val,73,0.3515200496457883,0.4907809501958694,0.21769430757534536,0.5314081204492165,,0.07508787348201237
maec,trading,temporal,v,15,gbdt_tickerFE,test,507,0.24922946176586952,0.3798840344046991,0.21676708443396775,0.5116245954622023,0.0023015440232970604,7.344729078924693e-05
maec,trading,temporal,v,15,gbdt_tickerFE,val,73,0.25121965836426263,0.3977331062925983,0.440912206898653,0.42135628779464396,0.003272251750920777,0.00030855244807273015
maec,trading,temporal,v,15,har,test,507,0.22067933208425558,0.36003246408909956,0.30648922704054893,0.5920642110305129,,1.6386130344159657e-12
maec,trading,temporal,v,15,har,val,73,0.23394516006556443,0.3871677237961213,0.4793564958274611,0.40336912254720475,,3.1748687904565253e-06
maec,trading,temporal,v,15,persistence,test,507,0.31820606209553215,0.4351597404839413,0.0,0.47133186076172384,,
maec,trading,temporal,v,15,persistence,val,73,0.44933847861479526,0.5425505011857485,0.0,0.29880908305565845,,
maec,trading,temporal,v,30,ewma,test,507,0.21612502874129597,0.3549934320312947,-0.14429722509552434,0.6040094583491346,,4.586464166591357e-05
maec,trading,temporal,v,30,ewma,val,73,0.3049269204355759,0.43905053198535016,-0.36609783779237315,0.48688757250401093,,0.00011066039613493405
maec,trading,temporal,v,30,garch,test,507,0.24729982724314373,0.37135551349342943,-0.3093555509467045,0.6567800250335509,,0.015544318753650699
maec,trading,temporal,v,30,garch,val,73,0.2767739476757111,0.45657092524478177,-0.23997019002765407,0.6984450203628286,,0.05747127327768866
maec,trading,temporal,v,30,gbdt_tickerFE,test,507,0.16415134889610877,0.3079307325846236,0.13088301650454098,0.5439095620759804,0.0017089964915326782,0.029757409674927064
maec,trading,temporal,v,30,gbdt_tickerFE,val,73,0.17040280330108554,0.3171059133620015,0.23658133951949784,0.5272861902998891,0.003985802528467672,0.11290123108909966
maec,trading,temporal,v,30,har,test,507,0.1498867335282223,0.2972179456440969,0.20640855779696687,0.6240516689515522,,2.5999152622523367e-05
maec,trading,temporal,v,30,har,val,73,0.1563768338169086,0.3126332021336584,0.299418843528345,0.512526224854992,,0.0067905695999185
maec,trading,temporal,v,30,persistence,test,507,0.18887140858290044,0.33611537124870916,0.0,0.6149938306404746,,
maec,trading,temporal,v,30,persistence,val,73,0.22321016255200332,0.38949332495154837,0.0,0.5331358756016291,,
maec,trading,ticker_disjoint,dv,3,ewma,test,514,0.7635530002788873,0.6828984731148638,0.39771146341618624,0.7227419481805261,,3.4622618289046266e-12
maec,trading,ticker_disjoint,dv,3,ewma,val,257,0.7948190347770839,0.6825778197746554,0.4810420713406779,0.7611098661218002,,1.7848836139111348e-09
maec,trading,ticker_disjoint,dv,3,garch,test,513,0.880905312612836,0.7244068580583869,0.3063324255837717,0.6667878247683233,,6.88632823708974e-07
maec,trading,ticker_disjoint,dv,3,garch,val,257,0.9264429170351616,0.7184147939731333,0.39510143037715584,0.5071676498413683,,1.4468167487390617e-06
maec,trading,ticker_disjoint,dv,3,gbdt_tickerFE,test,514,0.7687828433167214,0.6821245164859044,0.3935861774063484,0.6449995735238264,0.004287286401883332,1.4972811996692876e-09
maec,trading,ticker_disjoint,dv,3,gbdt_tickerFE,val,257,0.7569323938243211,0.6785113272110452,0.5057792402463264,0.7269012617038737,0.0034683874575668037,4.005889448380611e-08
maec,trading,ticker_disjoint,dv,3,har,test,514,0.6674342160117328,0.6315244364520619,0.473529699862556,0.716447423408936,,4.3802353308363935e-14
maec,trading,ticker_disjoint,dv,3,har,val,256,0.7583200239390049,0.6835411607195541,0.5065042505299645,0.7446187008624273,,1.229595498037245e-08
maec,trading,ticker_disjoint,dv,3,persistence,test,514,1.2677528358911943,0.8761900024209289,0.0,,,
maec,trading,ticker_disjoint,dv,3,persistence,val,257,1.5315673793257625,0.9707411054724991,0.0,,,
maec,trading,ticker_disjoint,dv,7,ewma,test,514,0.3458345148141973,0.45306157507462025,0.29736423104175413,0.6402446299151763,,5.569236768154729e-14
maec,trading,ticker_disjoint,dv,7,ewma,val,258,0.36162967554303765,0.47904594503648373,0.3971098449267626,0.7466960382237459,,1.4408187181572913e-14
maec,trading,ticker_disjoint,dv,7,garch,test,513,0.38401355295874556,0.47844108715275885,0.21265403437412722,0.6027426335885175,,0.0006870584266837282
maec,trading,ticker_disjoint,dv,7,garch,val,258,0.4400650833306872,0.5049056262844451,0.2663464193497017,0.473527444605898,,0.00023799562735026789
maec,trading,ticker_disjoint,dv,7,gbdt_tickerFE,test,514,0.3519316811002096,0.46213593243926676,0.2849765515640704,0.5935351816822847,0.002146774859652759,3.69182081941211e-07
maec,trading,ticker_disjoint,dv,7,gbdt_tickerFE,val,258,0.34862360880540183,0.4635060103230385,0.4187928818085435,0.6949858232227113,0.0013340062431215674,9.422678196629535e-09
maec,trading,ticker_disjoint,dv,7,har,test,514,0.30570069189651633,0.42458297388379124,0.3789045583342723,0.630956467055566,,5.733268633428147e-12
maec,trading,ticker_disjoint,dv,7,har,val,256,0.33833845727367035,0.44784129345608825,0.43923112881966253,0.6958188880604771,,5.756218993762499e-10
maec,trading,ticker_disjoint,dv,7,persistence,test,514,0.4921959998235566,0.5390993630207848,0.0,,,
maec,trading,ticker_disjoint,dv,7,persistence,val,258,0.5998268050986963,0.6331315877501922,0.0,,,
maec,trading,ticker_disjoint,dv,15,ewma,test,514,0.26567676581018884,0.39483381810935503,0.11887069046815357,0.5259330144236148,,3.6725738301356864e-05
maec,trading,ticker_disjoint,dv,15,ewma,val,257,0.2367475422218524,0.3899961509079844,0.1475546139285575,0.46604621790225426,,0.0002217647304139977
maec,trading,ticker_disjoint,dv,15,garch,test,513,0.2960504267221517,0.4085309515881887,0.009216935703733609,0.5712361116844092,,0.9100343718633225
maec,trading,ticker_disjoint,dv,15,garch,val,257,0.29685748239228427,0.4027263467870592,-0.06888033054617115,0.32628439533526826,,0.5362119460827828
maec,trading,ticker_disjoint,dv,15,gbdt_tickerFE,test,514,0.2331742997633819,0.3699015314255273,0.22666662579795255,0.4558751210182189,0.0012044709220328624,2.7953055986445014e-05
maec,trading,ticker_disjoint,dv,15,gbdt_tickerFE,val,257,0.1891177385992522,0.34344257106721043,0.319052936388552,0.6493279355112473,0.002337195927492233,7.8871249792762e-06
maec,trading,ticker_disjoint,dv,15,har,test,514,0.20764144716687558,0.342413279483504,0.311347515036161,0.6128109100332633,,2.4042248680169433e-10
maec,trading,ticker_disjoint,dv,15,har,val,256,0.1939667119247927,0.34579690956262,0.30417937873517653,0.62577085533852,,7.6168388161962955e-06
maec,trading,ticker_disjoint,dv,15,persistence,test,514,0.30151847513884855,0.41223933196173723,0.0,,,
maec,trading,ticker_disjoint,dv,15,persistence,val,257,0.27772751907652515,0.4311904892801555,0.0,,,
maec,trading,ticker_disjoint,dv,30,ewma,test,514,0.21031360835645588,0.3520307608143005,-0.14436787389814265,0.01438484360235496,,2.7172808159662787e-05
maec,trading,ticker_disjoint,dv,30,ewma,val,254,0.19062927921907977,0.34616767974970075,-0.18066477529026725,-0.010389085294793068,,0.001584748581190512
maec,trading,ticker_disjoint,dv,30,garch,test,513,0.2417844978239241,0.3644921030455066,-0.3212435041426762,0.3618862130695412,,0.010624431882563144
maec,trading,ticker_disjoint,dv,30,garch,val,254,0.260563029268751,0.36932664748467464,-0.6138003126318821,0.36473892824729887,,0.004238122254684699
maec,trading,ticker_disjoint,dv,30,gbdt_tickerFE,test,514,0.14098452571818554,0.28805987448710973,0.23286865167940302,0.4169496006094365,0.0014325571539305097,1.7635003860952913e-06
maec,trading,ticker_disjoint,dv,30,gbdt_tickerFE,val,254,0.12728788847715436,0.27296393093365123,0.21164090394876575,0.5190691851710172,0.001141965355396491,0.0043819315191811585
maec,trading,ticker_disjoint,dv,30,har,test,514,0.14249842945657046,0.2850696874786288,0.22463113050366568,0.5040244047242773,,6.962234535952889e-07
maec,trading,ticker_disjoint,dv,30,har,val,254,0.13287406280621347,0.2783655584825451,0.17704286483342546,0.30127558949131383,,0.020317789746038116
maec,trading,ticker_disjoint,dv,30,persistence,test,514,0.1837814684888431,0.32595246272364653,0.0,,,
maec,trading,ticker_disjoint,dv,30,persistence,val,254,0.16145927549351458,0.3220789160322218,0.0,,,
maec,trading,ticker_disjoint,har_resid,3,ewma,test,514,0.7635530002788873,0.6828984731148638,-0.14401237149859392,-0.02863520319190771,,0.00016274268685777775
maec,trading,ticker_disjoint,har_resid,3,ewma,val,256,0.797649161510278,0.6842083819583717,-0.05186350924373917,0.05508638447795814,,0.36610735815985385
maec,trading,ticker_disjoint,har_resid,3,garch,test,513,0.880905312612836,0.7244068580583869,-0.3190516018467324,0.24460056792499923,,5.066240085267833e-06
maec,trading,ticker_disjoint,har_resid,3,garch,val,256,0.9300522530627559,0.7210276380918668,-0.22646405699760885,0.15397591451765172,,0.026141574514091638
maec,trading,ticker_disjoint,har_resid,3,gbdt_tickerFE,test,514,0.7752811203785226,0.6824093134158792,-0.16158432064096334,0.022228587413804752,0.007642589591756356,2.6749130780460897e-05
maec,trading,ticker_disjoint,har_resid,3,gbdt_tickerFE,val,256,0.7304773410497871,0.6768427796925156,0.03671627018971779,0.3018985701915696,0.005699067752287866,0.363748777216031
maec,trading,ticker_disjoint,har_resid,3,har,test,514,0.6674342160117328,0.6315244364520619,0.0,,,
maec,trading,ticker_disjoint,har_resid,3,har,val,256,0.7583200239390049,0.6835411607195541,0.0,,,
maec,trading,ticker_disjoint,har_resid,3,persistence,test,514,0.6674342160117328,0.6315244364520619,0.0,,,
maec,trading,ticker_disjoint,har_resid,3,persistence,val,256,0.7583200239390049,0.6835411607195541,0.0,,,
maec,trading,ticker_disjoint,har_resid,7,ewma,test,514,0.3458345148141973,0.45306157507462025,-0.1312846976848414,0.007262321835116671,,0.003161020161358079
maec,trading,ticker_disjoint,har_resid,7,ewma,val,256,0.3638085747997922,0.4806445220660811,-0.07527999545591091,0.04941318499361613,,0.2784743138501709
maec,trading,ticker_disjoint,har_resid,7,garch,test,513,0.38401355295874556,0.47844108715275885,-0.2677091777789573,0.3449652421284428,,0.001887005168640691
maec,trading,ticker_disjoint,har_resid,7,garch,val,256,0.44328283917858463,0.5078552001610082,-0.31017574162439465,0.2322152625743523,,0.026124276451066807
maec,trading,ticker_disjoint,har_resid,7,gbdt_tickerFE,test,514,0.34200223247871336,0.4542176175204057,-0.11874863729286407,0.00010201084999483245,0.0025556809813869386,0.009412021493934167
maec,trading,ticker_disjoint,har_resid,7,gbdt_tickerFE,val,256,0.33670572409712174,0.4584190837353603,0.004825739260340511,0.36932543130483253,0.004284059974497224,0.8373810312400745
maec,trading,ticker_disjoint,har_resid,7,har,test,514,0.30570069189651633,0.42458297388379124,0.0,,,
maec,trading,ticker_disjoint,har_resid,7,har,val,256,0.33833845727367035,0.44784129345608825,0.0,,,
maec,trading,ticker_disjoint,har_resid,7,persistence,test,514,0.30570069189651633,0.42458297388379124,0.0,,,
maec,trading,ticker_disjoint,har_resid,7,persistence,val,256,0.33833845727367035,0.44784129345608825,0.0,,,
maec,trading,ticker_disjoint,har_resid,15,ewma,test,514,0.26567676581018884,0.39483381810935503,-0.2794977565180996,0.12505437044403597,,5.531803119446805e-06
maec,trading,ticker_disjoint,har_resid,15,ewma,val,256,0.23766765527769582,0.3913843358649491,-0.2253012535978205,0.09435993413195601,,0.014391303329885148
maec,trading,ticker_disjoint,har_resid,15,garch,test,513,0.2960504267221517,0.4085309515881887,-0.4382729588685046,0.23288342862726183,,0.0003083606735483129
maec,trading,ticker_disjoint,har_resid,15,garch,val,256,0.29801399271675877,0.4041896455415581,-0.5364182325898716,0.30573115447700416,,0.005549870622110125
maec,trading,ticker_disjoint,har_resid,15,gbdt_tickerFE,test,514,0.23224231511164134,0.36801895209957136,-0.11847763671669428,0.14660822930093634,0.0010420502631160247,0.007162629602815814
maec,trading,ticker_disjoint,har_resid,15,gbdt_tickerFE,val,256,0.18389203287286507,0.340610628131102,0.05194024764328602,0.4550530194989144,0.0016008918173220645,0.39227356755941295
maec,trading,ticker_disjoint,har_resid,15,har,test,514,0.20764144716687558,0.342413279483504,0.0,,,
maec,trading,ticker_disjoint,har_resid,15,har,val,256,0.1939667119247927,0.34579690956262,0.0,,,
maec,trading,ticker_disjoint,har_resid,15,persistence,test,514,0.20764144716687558,0.342413279483504,0.0,,,
maec,trading,ticker_disjoint,har_resid,15,persistence,val,256,0.1939667119247927,0.34579690956262,0.0,,,
maec,trading,ticker_disjoint,har_resid,30,ewma,test,514,0.21031360835645588,0.3520307608143005,-0.47590123735752177,0.11249478937801638,,1.5572392058873496e-08
maec,trading,ticker_disjoint,har_resid,30,ewma,val,254,0.19062927921907977,0.34616767974970075,-0.4346613266209658,0.0918003886829091,,0.0005956837821835432
maec,trading,ticker_disjoint,har_resid,30,garch,test,513,0.2417844978239241,0.3644921030455066,-0.7078598445646653,0.2582355332109142,,4.104634300969159e-05
maec,trading,ticker_disjoint,har_resid,30,garch,val,254,0.260563029268751,0.36932664748467464,-0.9609773628188218,0.3379323373892121,,0.0011234951736073349
maec,trading,ticker_disjoint,har_resid,30,gbdt_tickerFE,test,514,0.14311100506441857,0.2899775608933469,-0.004298823574296296,0.1480553427656073,0.000899750897600239,0.9297217907438319
maec,trading,ticker_disjoint,har_resid,30,gbdt_tickerFE,val,254,0.12916825220044775,0.27403494440555926,0.02788964623720729,0.4230759975827617,0.0016895945090364868,0.6110893762406073
maec,trading,ticker_disjoint,har_resid,30,har,test,514,0.14249842945657046,0.2850696874786288,0.0,,,
maec,trading,ticker_disjoint,har_resid,30,har,val,254,0.13287406280621347,0.2783655584825451,0.0,,,
maec,trading,ticker_disjoint,har_resid,30,persistence,test,514,0.14249842945657046,0.2850696874786288,0.0,,,
maec,trading,ticker_disjoint,har_resid,30,persistence,val,254,0.13287406280621347,0.2783655584825451,0.0,,,
maec,trading,ticker_disjoint,v,3,ewma,test,514,0.7635530002788873,0.6828984731148638,0.39771146341618624,0.2614479381169977,,3.4622618289046266e-12
maec,trading,ticker_disjoint,v,3,ewma,val,257,0.7948190347770839,0.6825778197746554,0.4810420713406779,0.34706696577399765,,1.7848836139111348e-09
maec,trading,ticker_disjoint,v,3,garch,test,513,0.880905312612836,0.7244068580583869,0.3063324255837717,0.41562124395734734,,6.88632823708974e-07
maec,trading,ticker_disjoint,v,3,garch,val,257,0.9264429170351616,0.7184147939731333,0.39510143037715584,0.36535496898986786,,1.446816748739067e-06
maec,trading,ticker_disjoint,v,3,gbdt_tickerFE,test,514,0.766500066402245,0.6799533916966938,0.3953868256477476,0.22441251683112395,0.0031798797076330668,1.638186994814956e-09
maec,trading,ticker_disjoint,v,3,gbdt_tickerFE,val,257,0.7678812172325616,0.6859654441615141,0.4986304699368801,0.47341744835125954,0.0087614470430308,2.2988569233859202e-07
maec,trading,ticker_disjoint,v,3,har,test,514,0.6674342160117328,0.6315244364520619,0.473529699862556,0.4382238774608756,,4.3802353308363935e-14
maec,trading,ticker_disjoint,v,3,har,val,256,0.7583200239390049,0.6835411607195541,0.5065042505299645,0.44523832392907575,,1.2295954980372358e-08
maec,trading,ticker_disjoint,v,3,persistence,test,514,1.2677528358911943,0.8761900024209289,0.0,0.05794203225320301,,
maec,trading,ticker_disjoint,v,3,persistence,val,257,1.5315673793257625,0.9707411054724991,0.0,0.1569823593851404,,
maec,trading,ticker_disjoint,v,7,ewma,test,514,0.3458345148141973,0.45306157507462025,0.29736423104175413,0.3992562039940853,,5.569236768154729e-14
maec,trading,ticker_disjoint,v,7,ewma,val,258,0.36162967554303765,0.47904594503648373,0.3971098449267626,0.42589006459386836,,1.4408187181572913e-14
maec,trading,ticker_disjoint,v,7,garch,test,513,0.38401355295874556,0.47844108715275885,0.21265403437412722,0.5922445529870043,,0.0006870584266837282
maec,trading,ticker_disjoint,v,7,garch,val,258,0.4400650833306872,0.5049056262844451,0.2663464193497017,0.46351762818515424,,0.00023799562735026789
maec,trading,ticker_disjoint,v,7,gbdt_tickerFE,test,514,0.3416477180824988,0.45481292123270933,0.3058705917866595,0.32856607468764476,0.0008995501445454139,7.8518489146095e-08
maec,trading,ticker_disjoint,v,7,gbdt_tickerFE,val,258,0.36941141403725736,0.4708541426904011,0.3841365359181075,0.49853403725475254,0.004784390024872568,7.224249546376912e-06
maec,trading,ticker_disjoint,v,7,har,test,514,0.30570069189651633,0.42458297388379124,0.3789045583342723,0.58130928869506,,5.733268633428147e-12
maec,trading,ticker_disjoint,v,7,har,val,256,0.33833845727367035,0.44784129345608825,0.43923112881966253,0.5443308051547013,,5.756218993762499e-10
maec,trading,ticker_disjoint,v,7,persistence,test,514,0.4921959998235566,0.5390993630207848,0.0,0.25243381935880366,,
maec,trading,ticker_disjoint,v,7,persistence,val,258,0.5998268050986963,0.6331315877501922,0.0,0.307279493322795,,
maec,trading,ticker_disjoint,v,15,ewma,test,514,0.26567676581018884,0.39483381810935503,0.11887069046815357,0.4191460641090855,,3.6725738301356864e-05
maec,trading,ticker_disjoint,v,15,ewma,val,257,0.2367475422218524,0.3899961509079844,0.1475546139285575,0.5268331498300386,,0.0002217647304139977
maec,trading,ticker_disjoint,v,15,garch,test,513,0.2960504267221517,0.4085309515881887,0.009216935703733609,0.632189315207345,,0.9100343718633225
maec,trading,ticker_disjoint,v,15,garch,val,257,0.29685748239228427,0.4027263467870592,-0.06888033054617115,0.5865263695610238,,0.5362119460827828
maec,trading,ticker_disjoint,v,15,gbdt_tickerFE,test,514,0.23044116466401734,0.36753289525979327,0.23573119505231074,0.36379991076997287,0.0015738412881771328,1.8917102121967765e-05
maec,trading,ticker_disjoint,v,15,gbdt_tickerFE,val,257,0.20872210166749774,0.3508844646528308,0.24846445767591946,0.6129694233302375,0.0028820163864408726,0.016867624263432163
maec,trading,ticker_disjoint,v,15,har,test,514,0.20764144716687558,0.342413279483504,0.311347515036161,0.6070347311154254,,2.4042248680169433e-10
maec,trading,ticker_disjoint,v,15,har,val,256,0.1939667119247927,0.34579690956262,0.30417937873517653,0.5331434684827719,,7.6168388161962955e-06
maec,trading,ticker_disjoint,v,15,persistence,test,514,0.30151847513884855,0.41223933196173723,0.0,0.3301459044940298,,
maec,trading,ticker_disjoint,v,15,persistence,val,257,0.27772751907652515,0.4311904892801555,0.0,0.4168288654500897,,
maec,trading,ticker_disjoint,v,30,ewma,test,514,0.21031360835645588,0.3520307608143005,-0.14436787389814265,0.6043623415573985,,2.7172808159662787e-05
maec,trading,ticker_disjoint,v,30,ewma,val,254,0.19062927921907977,0.34616767974970075,-0.18066477529026725,0.5869725304697233,,0.001584748581190512
maec,trading,ticker_disjoint,v,30,garch,test,513,0.2417844978239241,0.3644921030455066,-0.3212435041426762,0.5255096484118817,,0.010624431882563144
maec,trading,ticker_disjoint,v,30,garch,val,254,0.260563029268751,0.36932664748467464,-0.6138003126318821,0.6677530839836644,,0.004238122254684699
maec,trading,ticker_disjoint,v,30,gbdt_tickerFE,test,514,0.14324486241950612,0.29094957746937805,0.2205696058620724,0.445678030650706,0.0011193971991555445,1.0780402911135728e-05
maec,trading,ticker_disjoint,v,30,gbdt_tickerFE,val,254,0.1277258697462172,0.2744166366720315,0.2089282615953047,0.6091198895765597,0.001267321051707841,0.006026487756828908
maec,trading,ticker_disjoint,v,30,har,test,514,0.14249842945657046,0.2850696874786288,0.22463113050366568,0.5065182727318043,,6.962234535952889e-07
maec,trading,ticker_disjoint,v,30,har,val,254,0.13287406280621347,0.2783655584825451,0.17704286483342546,0.5607751646975059,,0.020317789746038116
maec,trading,ticker_disjoint,v,30,persistence,test,514,0.1837814684888431,0.32595246272364653,0.0,0.4818499281750203,,
maec,trading,ticker_disjoint,v,30,persistence,val,254,0.16145927549351458,0.3220789160322218,0.0,0.5954477710324445,,
maec,calendar,combined,dv,3,ewma,test,59,1.1130710427347725,0.8206246731724268,0.5251223672560646,0.6701098901098901,,0.03322305131804408
maec,calendar,combined,dv,3,ewma,val,1,0.009142010479893034,0.09561386133763783,0.15417479931937117,,,
maec,calendar,combined,dv,3,garch,test,59,1.2982710345712298,0.8446173663822039,0.44610914138738167,0.5974375624375623,,0.07310014894881404
maec,calendar,combined,dv,3,garch,val,1,0.034519264550537165,0.18579360739954742,-2.1937464882612385,,,
maec,calendar,combined,dv,3,gbdt_tickerFE,test,59,1.1643702955846031,0.8775687886785477,0.5032361921427435,0.5535757575757575,0.005804067960767891,0.03175412477078229
maec,calendar,combined,dv,3,gbdt_tickerFE,val,1,0.022549227814688804,0.12267842218144329,-1.0862703213369689,,0.02508389339333862,
maec,calendar,combined,dv,3,har,test,59,0.8831787853225764,0.7514852950604533,0.6232029809766721,0.6738561438561439,,0.014485820371578476
maec,calendar,combined,dv,3,har,val,1,0.2897381343603572,0.538273289659033,-25.806774743825013,,,
maec,calendar,combined,dv,3,persistence,test,59,2.343911285741616,1.1385220561203975,0.0,,,
maec,calendar,combined,dv,3,persistence,val,1,0.010808392174336412,0.1039634174810371,0.0,,,
maec,calendar,combined,dv,7,ewma,test,102,0.5081322261396707,0.5466522223821522,0.3346126048530579,0.5685595133356888,,6.249064079485256e-06
maec,calendar,combined,dv,7,ewma,val,4,0.05341028613885623,0.1944140676491165,0.7069481127587252,0.7999999999999999,,0.3306151425407491
maec,calendar,combined,dv,7,garch,test,102,0.5788671449013774,0.5670620168587893,0.2419868650956164,0.5685664853633254,,0.046149551993985204
maec,calendar,combined,dv,7,garch,val,4,0.15834668990886658,0.31582124841507797,0.1311824056594354,0.7999999999999999,,0.9045285025006706
maec,calendar,combined,dv,7,gbdt_tickerFE,test,102,0.5404323778905488,0.5459261597339934,0.29231630335758824,0.5184342274602717,0.010422078739759248,0.0256696902597481
maec,calendar,combined,dv,7,gbdt_tickerFE,val,4,0.1985912097229801,0.37826787421726876,-0.08963147374917642,0.19999999999999998,0.03041060032320644,0.9497376027485424
maec,calendar,combined,dv,7,har,test,102,0.4239049961706145,0.487604432963477,0.44490621400932506,0.5924974083261132,,7.662779248757822e-05
maec,calendar,combined,dv,7,har,val,4,0.09947547104494246,0.26872239505315687,0.4541973722412369,0.7999999999999999,,0.6015641481231374
maec,calendar,combined,dv,7,persistence,test,102,0.7636637391176555,0.6799005041711412,0.0,,,
maec,calendar,combined,dv,7,persistence,val,4,0.18225539047589412,0.37962286565299974,0.0,,,
maec,calendar,combined,dv,15,ewma,test,102,0.34383098573785337,0.4434655981822551,0.25288293601244705,0.6576097824996875,,3.657004271503774e-05
maec,calendar,combined,dv,15,ewma,val,4,0.026196968636295448,0.15664147219670455,0.4962319141615382,0.7999999999999999,,0.33960878458568294
maec,calendar,combined,dv,15,garch,test,102,0.41628252257725934,0.4745145716284816,0.09545157662323511,0.5295002796137214,,0.5741305302532279
maec,calendar,combined,dv,15,garch,val,4,0.0835689604287192,0.24787615815976882,-0.6070323179437667,0.7999999999999999,,0.6660320896991442
maec,calendar,combined,dv,15,gbdt_tickerFE,test,102,0.33926111175602547,0.44712878535065476,0.26281290443797883,0.5317458780962941,0.005611379681691602,0.04081570735796451
maec,calendar,combined,dv,15,gbdt_tickerFE,val,4,0.07011021579512795,0.20177820896298515,-0.34822046394707024,0.7999999999999999,0.008763195971917794,0.8467958936237863
maec,calendar,combined,dv,15,har,test,102,0.2699123830718672,0.3870053781837315,0.41350211138828086,0.5951359167426861,,0.00012859977881913453
maec,calendar,combined,dv,15,har,val,4,0.05761485457931355,0.23202317562675578,-0.10793448701042241,1.0,,0.8595155443052965
maec,calendar,combined,dv,15,persistence,test,102,0.46021032353717145,0.5078472756434226,0.0,,,
maec,calendar,combined,dv,15,persistence,val,4,0.052002040964333265,0.19855171659327098,0.0,,,
maec,calendar,combined,dv,30,ewma,test,102,0.27179242183547714,0.39976805588969083,-0.047659507771606435,0.27134703803259,,0.3942918986739305
maec,calendar,combined,dv,30,ewma,val,4,0.05719309389961898,0.22338030124306718,0.26596993553933146,0.7999999999999999,,0.46463635337428805
maec,calendar,combined,dv,30,garch,test,102,0.35521103913295193,0.4271328563284465,-0.36920749997339963,0.5140390922306528,,0.22426160376173201
maec,calendar,combined,dv,30,garch,val,4,0.13539556858485563,0.31890409733183567,-0.73769962699452,0.7999999999999999,,0.5367993624943942
maec,calendar,combined,dv,30,gbdt_tickerFE,test,102,0.1932099353857426,0.3207827176677518,0.2552469843131246,0.49802693010778193,0.004036397222163283,0.04201705850395106
maec,calendar,combined,dv,30,gbdt_tickerFE,val,4,0.03918153748385006,0.15904838344301458,0.49713462720837065,0.6000000000000001,0.007334553408463547,0.3894942754929853
maec,calendar,combined,dv,30,har,test,102,0.17389658176894776,0.30342266602013807,0.32969283680211814,0.6114881824095391,,0.0007958583361214757
maec,calendar,combined,dv,30,har,val,4,0.03471409530293133,0.13909672865300615,0.554470865702297,0.7999999999999999,,0.11201396302849044
maec,calendar,combined,dv,30,persistence,test,102,0.2594282014521925,0.3744514445471384,0.0,,,
maec,calendar,combined,dv,30,persistence,val,4,0.07791655501418981,0.26989277224288644,0.0,,,
maec,calendar,combined,har_resid,3,ewma,test,59,1.1130710427347725,0.8206246731724268,-0.26030092800318916,-0.05805194805194804,,0.15397919383290293
maec,calendar,combined,har_resid,3,ewma,val,1,0.009142010479893034,0.09561386133763783,0.9684473343487371,,,
maec,calendar,combined,har_resid,3,garch,test,59,1.2982710345712298,0.8446173663822039,-0.46999798471953014,0.2396869796869797,,0.09762452524623225
maec,calendar,combined,har_resid,3,garch,val,1,0.034519264550537165,0.18579360739954742,0.8808604720716384,,,
maec,calendar,combined,har_resid,3,gbdt_tickerFE,test,59,1.0928188789813527,0.8195412530076656,-0.23736993816286733,0.08491641691641691,0.018210648062299065,0.05903059649328258
maec,calendar,combined,har_resid,3,gbdt_tickerFE,val,1,0.013365419985441728,0.1044705567837865,0.9538706908051713,,0.01030014807350598,
maec,calendar,combined,har_resid,3,har,test,59,0.8831787853225764,0.7514852950604533,0.0,,,
maec,calendar,combined,har_resid,3,har,val,1,0.2897381343603572,0.538273289659033,0.0,,,
maec,calendar,combined,har_resid,3,persistence,test,59,0.8831787853225764,0.7514852950604533,0.0,,,
maec,calendar,combined,har_resid,3,persistence,val,1,0.2897381343603572,0.538273289659033,0.0,,,
maec,calendar,combined,har_resid,7,ewma,test,102,0.5081322261396707,0.5466522223821522,-0.1986936477039214,-0.051888004170485225,,0.0519001843157188
maec,calendar,combined,har_resid,7,ewma,val,4,0.05341028613885623,0.1944140676491165,0.46308084216333323,0.19999999999999998,,0.3706883978004574
maec,calendar,combined,har_resid,7,garch,test,102,0.5788671449013774,0.5670620168587893,-0.36555867501121253,0.24271825186678905,,0.08741546028066391
maec,calendar,combined,har_resid,7,garch,val,4,0.15834668990886658,0.31582124841507797,-0.5918164372132144,0.0,,0.7114451337027851
maec,calendar,combined,har_resid,7,gbdt_tickerFE,test,102,0.5307520012669116,0.5441446898293026,-0.2520541301978264,0.0835915111721611,0.009840978710452789,0.046679939166851626
maec,calendar,combined,har_resid,7,gbdt_tickerFE,val,4,0.1980313163207344,0.3881382133718119,-0.9907552509227621,-0.6399999999999999,0.030518058121822796,0.4687074483812583
maec,calendar,combined,har_resid,7,har,test,102,0.4239049961706145,0.487604432963477,0.0,,,
maec,calendar,combined,har_resid,7,har,val,4,0.09947547104494246,0.26872239505315687,0.0,,,
maec,calendar,combined,har_resid,7,persistence,test,102,0.4239049961706145,0.487604432963477,0.0,,,
maec,calendar,combined,har_resid,7,persistence,val,4,0.09947547104494246,0.26872239505315687,0.0,,,
maec,calendar,combined,har_resid,15,ewma,test,102,0.34383098573785337,0.4434655981822551,-0.2738614724701405,0.038506349012780015,,0.030205049881722894
maec,calendar,combined,har_resid,15,ewma,val,4,0.026196968636295448,0.15664147219670455,0.5453087779605124,-0.7999999999999999,,0.11900620379178475
maec,calendar,combined,har_resid,15,garch,test,102,0.41628252257725934,0.4745145716284816,-0.5422876039978477,0.2962146811681209,,0.05946387721494675
maec,calendar,combined,har_resid,15,garch,val,4,0.0835689604287192,0.24787615815976882,-0.4504759412987289,0.19999999999999998,,0.639518477637149
maec,calendar,combined,har_resid,15,gbdt_tickerFE,test,102,0.3367002338215845,0.4387078812503155,-0.24744270710964122,0.07133926847842216,0.002838214424417483,0.02115232292647102
maec,calendar,combined,har_resid,15,gbdt_tickerFE,val,4,0.06634652970753281,0.20912083240755405,-0.15155249791005004,0.48,0.004491982413343989,0.8926938527874511
maec,calendar,combined,har_resid,15,har,test,102,0.2699123830718672,0.3870053781837315,0.0,,,
maec,calendar,combined,har_resid,15,har,val,4,0.05761485457931355,0.23202317562675578,0.0,,,
maec,calendar,combined,har_resid,15,persistence,test,102,0.2699123830718672,0.3870053781837315,0.0,,,
maec,calendar,combined,har_resid,15,persistence,val,4,0.05761485457931355,0.23202317562675578,0.0,,,
maec,calendar,combined,har_resid,30,ewma,test,102,0.27179242183547714,0.39976805588969083,-0.5629543667316088,0.02248287849963483,,0.0016456827130564556
maec,calendar,combined,har_resid,30,ewma,val,4,0.05719309389961898,0.22338030124306718,-0.6475467213109098,-0.7999999999999999,,0.6215042958022285
maec,calendar,combined,har_resid,30,garch,test,102,0.35521103913295193,0.4271328563284465,-1.0426568223457804,0.3406240354552329,,0.026146915661574472
maec,calendar,combined,har_resid,30,garch,val,4,0.13539556858485563,0.31890409733183567,-2.900305262266839,0.19999999999999998,,0.2808261577988285
maec,calendar,combined,har_resid,30,gbdt_tickerFE,test,102,0.20230236104712013,0.32144447304529955,-0.16334869259198231,0.09841931378808204,0.0053501511006804675,0.10782501471951486
maec,calendar,combined,har_resid,30,gbdt_tickerFE,val,4,0.04324817608776409,0.1711015380091492,-0.2458390665336485,0.6000000000000001,0.00569970073182561,0.8812593412936501
maec,calendar,combined,har_resid,30,har,test,102,0.17389658176894776,0.30342266602013807,0.0,,,
maec,calendar,combined,har_resid,30,har,val,4,0.03471409530293133,0.13909672865300615,0.0,,,
maec,calendar,combined,har_resid,30,persistence,test,102,0.17389658176894776,0.30342266602013807,0.0,,,
maec,calendar,combined,har_resid,30,persistence,val,4,0.03471409530293133,0.13909672865300615,0.0,,,
maec,calendar,combined,v,3,ewma,test,59,1.1130710427347725,0.8206246731724268,0.5251223672560646,0.108038628038628,,0.033223051318044115
maec,calendar,combined,v,3,ewma,val,1,0.009142010479893034,0.09561386133763783,0.15417479931937117,,,
maec,calendar,combined,v,3,garch,test,59,1.2982710345712298,0.8446173663822039,0.44610914138738167,0.23804861804861802,,0.07310014894881404
maec,calendar,combined,v,3,garch,val,1,0.034519264550537165,0.18579360739954742,-2.1937464882612385,,,
maec,calendar,combined,v,3,gbdt_tickerFE,test,59,1.0583741475030959,0.8389814896364965,0.5484581033670712,0.09029503829503827,0.017774114664079934,0.030758728645227634
maec,calendar,combined,v,3,gbdt_tickerFE,val,1,0.024640560081275038,0.13242552262338672,-1.2797618446693584,,0.02356799473323178,
maec,calendar,combined,v,3,har,test,59,0.8831787853225764,0.7514852950604533,0.6232029809766721,0.19736763236763233,,0.014485820371578476
maec,calendar,combined,v,3,har,val,1,0.2897381343603572,0.538273289659033,-25.806774743825013,,,
maec,calendar,combined,v,3,persistence,test,59,2.343911285741616,1.1385220561203975,0.0,-0.10398767898767902,,
maec,calendar,combined,v,3,persistence,val,1,0.010808392174336412,0.1039634174810371,0.0,,,
maec,calendar,combined,v,7,ewma,test,102,0.5081322261396707,0.5466522223821522,0.3346126048530579,0.38527840980800254,,6.249064079485256e-06
maec,calendar,combined,v,7,ewma,val,4,0.05341028613885623,0.1944140676491165,0.7069481127587252,0.39999999999999997,,0.3306151425407491
maec,calendar,combined,v,7,garch,test,102,0.5788671449013774,0.5670620168587893,0.2419868650956164,0.4175825998383543,,0.046149551993985204
maec,calendar,combined,v,7,garch,val,4,0.15834668990886658,0.31582124841507797,0.1311824056594354,0.39999999999999997,,0.9045285025006706
maec,calendar,combined,v,7,gbdt_tickerFE,test,102,0.5257660416772263,0.5441067821936112,0.3115215313421828,0.17896926989040557,0.011155606024925815,0.020206606031344245
maec,calendar,combined,v,7,gbdt_tickerFE,val,4,0.24677931928244634,0.4319468222027165,-0.354030290341873,-0.7999999999999999,0.036746399406558446,0.7814108924181601
maec,calendar,combined,v,7,har,test,102,0.4239049961706145,0.487604432963477,0.44490621400932506,0.44899367721953026,,7.662779248757822e-05
maec,calendar,combined,v,7,har,val,4,0.09947547104494246,0.26872239505315687,0.4541973722412369,0.7999999999999999,,0.6015641481231374
maec,calendar,combined,v,7,persistence,test,102,0.7636637391176555,0.6799005041711412,0.0,0.2865106416676266,,
maec,calendar,combined,v,7,persistence,val,4,0.18225539047589412,0.37962286565299974,0.0,0.39999999999999997,,
maec,calendar,combined,v,15,ewma,test,102,0.34383098573785337,0.4434655981822551,0.25288293601244705,0.5358412763784164,,3.657004271503774e-05
maec,calendar,combined,v,15,ewma,val,4,0.026196968636295448,0.15664147219670455,0.4962319141615382,0.7999999999999999,,0.33960878458568294
maec,calendar,combined,v,15,garch,test,102,0.41628252257725934,0.4745145716284816,0.09545157662323511,0.6130602935032824,,0.5741305302532279
maec,calendar,combined,v,15,garch,val,4,0.0835689604287192,0.24787615815976882,-0.6070323179437667,0.19999999999999998,,0.6660320896991442
maec,calendar,combined,v,15,gbdt_tickerFE,test,102,0.34739450223932666,0.4481554736356067,0.24513970141031094,0.36276226471220185,0.004246475035419119,0.06519608337423168
maec,calendar,combined,v,15,gbdt_tickerFE,val,4,0.06784153142010281,0.18890399269497432,-0.3045936305967953,-0.08,0.010859511658090357,0.8725316734289281
maec,calendar,combined,v,15,har,test,102,0.2699123830718672,0.3870053781837315,0.41350211138828086,0.5890246798517833,,0.00012859977881913453
maec,calendar,combined,v,15,har,val,4,0.05761485457931355,0.23202317562675578,-0.10793448701042241,1.0,,0.8595155443052965
maec,calendar,combined,v,15,persistence,test,102,0.46021032353717145,0.5078472756434226,0.0,0.3851893984253099,,
maec,calendar,combined,v,15,persistence,val,4,0.052002040964333265,0.19855171659327098,0.0,0.7999999999999999,,
maec,calendar,combined,v,30,ewma,test,102,0.27179242183547714,0.39976805588969083,-0.047659507771606435,0.5665328336595643,,0.3942918986739305
maec,calendar,combined,v,30,ewma,val,4,0.05719309389961898,0.22338030124306718,0.26596993553933146,0.39999999999999997,,0.46463635337428805
maec,calendar,combined,v,30,garch,test,102,0.35521103913295193,0.4271328563284465,-0.36920749997339963,0.6553075711752101,,0.22426160376173201
maec,calendar,combined,v,30,garch,val,4,0.13539556858485563,0.31890409733183567,-0.73769962699452,0.7999999999999999,,0.5367993624943942
maec,calendar,combined,v,30,gbdt_tickerFE,test,102,0.20597158039848087,0.32926522856609947,0.2060555512256542,0.4634228335874281,0.003755536662862399,0.12758693167028645
maec,calendar,combined,v,30,gbdt_tickerFE,val,4,0.03759948142017714,0.15992321802422885,0.5174391191534369,-0.6399999999999999,0.009520736977267087,0.3845278071089904
maec,calendar,combined,v,30,har,test,102,0.17389658176894776,0.30342266602013807,0.32969283680211814,0.647833541594367,,0.0007958583361214757
maec,calendar,combined,v,30,har,val,4,0.03471409530293133,0.13909672865300615,0.554470865702297,0.7999999999999999,,0.11201396302849044
maec,calendar,combined,v,30,persistence,test,102,0.2594282014521925,0.3744514445471384,0.0,0.5555379212006316,,
maec,calendar,combined,v,30,persistence,val,4,0.07791655501418981,0.26989277224288644,0.0,0.7999999999999999,,
maec,calendar,temporal,dv,3,ewma,test,245,1.1723740664070483,0.8384875439034487,0.5096413866301606,0.6998508045613894,,1.182796857864689e-06
maec,calendar,temporal,dv,3,ewma,val,41,1.3168714013369534,0.9094040164581522,0.34966481700009977,0.6926829268292685,,0.004508565176626306
maec,calendar,temporal,dv,3,garch,test,245,1.3350020743167363,0.8846732811618757,0.44162039679532916,0.6848596979225143,,6.776160045559818e-05
maec,calendar,temporal,dv,3,garch,val,41,1.3564954177922866,0.9037517510449196,0.3300965493875536,0.7435540069686413,,0.029733125760573003
maec,calendar,temporal,dv,3,gbdt_tickerFE,test,245,1.3312226311447033,0.8666280889408908,0.44320119132691416,0.6290686286483034,0.015355582631158266,2.0025783406937485e-05
maec,calendar,temporal,dv,3,gbdt_tickerFE,val,41,1.6138206237300494,0.9317154520349428,0.20301684006732507,0.5488850174216029,0.04167513266232976,0.35434615743524284
maec,calendar,temporal,dv,3,har,test,245,1.0184324145615955,0.7835840774703342,0.5740292105353253,0.6937510999215553,,4.885333335893291e-08
maec,calendar,temporal,dv,3,har,val,41,1.1720098969526582,0.8522458567080362,0.4212044774921997,0.717247386759582,,0.005454831313272811
maec,calendar,temporal,dv,3,persistence,test,245,2.3908503581700478,1.2126762397233157,0.0,,,
maec,calendar,temporal,dv,3,persistence,val,41,2.0249118235652266,1.193510458070567,0.0,,,
maec,calendar,temporal,dv,7,ewma,test,506,0.5127953964121125,0.5614077196061836,0.34220437487514366,0.6583543760437696,,3.6156839356066565e-20
maec,calendar,temporal,dv,7,ewma,val,73,0.5526310420834217,0.6038235009077408,0.4882739125501797,0.7624028137726769,,6.973795732925626e-06
maec,calendar,temporal,dv,7,garch,test,506,0.5333036216415236,0.5828195822577896,0.31589715579835553,0.6389144838414621,,6.070263084540347e-10
maec,calendar,temporal,dv,7,garch,val,73,0.5503329654712493,0.5910538220466617,0.4904018888378914,0.7638837467604592,,0.0001444165532563093
maec,calendar,temporal,dv,7,gbdt_tickerFE,test,506,0.5082697655581512,0.5608636251281843,0.34800969254666453,0.5982137389215563,0.0019405471317256197,1.1068463681300935e-10
maec,calendar,temporal,dv,7,gbdt_tickerFE,val,73,0.5778248112297619,0.5866892667555952,0.4649449499483566,0.7171047760088858,0.020612193918249012,2.309122977125582e-05
maec,calendar,temporal,dv,7,har,test,506,0.4530281657525358,0.5222588877928309,0.41887164437243485,0.6746952713230472,,5.285919191003834e-19
maec,calendar,temporal,dv,7,har,val,73,0.4143606701118941,0.5167529861813169,0.6163097105257487,0.7952918672096755,,5.719588174842636e-07
maec,calendar,temporal,dv,7,persistence,test,506,0.7795664440832647,0.70244918397947,0.0,,,
maec,calendar,temporal,dv,7,persistence,val,73,1.0799352537163989,0.852921693547902,0.0,,,
maec,calendar,temporal,dv,15,ewma,test,507,0.31372946940428376,0.43444777941736534,0.22990089694822358,0.6243883109220543,,1.3067232498268837e-12
maec,calendar,temporal,dv,15,ewma,val,73,0.3857053607418759,0.5006052528302959,0.3442109131779515,0.7807602122670617,,6.329343263456138e-06
maec,calendar,temporal,dv,15,garch,test,507,0.3313056721863466,0.452049477481658,0.1867572993026977,0.5713300380621609,,0.0058850699844733585
maec,calendar,temporal,dv,15,garch,val,73,0.3604285521249259,0.48626209787803265,0.3871873841525889,0.7911884487226953,,0.0014293477183948532
maec,calendar,temporal,dv,15,gbdt_tickerFE,test,507,0.2804806496232115,0.41230132504739103,0.31151543682410143,0.595795672995594,0.00208845175751585,1.7718460162709822e-09
maec,calendar,temporal,dv,15,gbdt_tickerFE,val,73,0.28253116595357053,0.4077983473742064,0.5196311117815771,0.7445452301616686,0.00479828461451337,1.1409281994580599e-05
maec,calendar,temporal,dv,15,har,test,507,0.26330636681443975,0.3960276292104583,0.3536724576857575,0.6422654744740891,,4.562663092842942e-15
maec,calendar,temporal,dv,15,har,val,73,0.24242597272472893,0.3926430091709125,0.5878192956164521,0.8196964087375048,,5.314216491505023e-07
maec,calendar,temporal,dv,15,persistence,test,507,0.40738843632076094,0.49609866374672257,0.0,,,
maec,calendar,temporal,dv,15,persistence,val,73,0.5881545888648477,0.6252651400599677,0.0,,,
maec,calendar,temporal,dv,30,ewma,test,507,0.23941836375878978,0.37950584235452384,-0.01384024270166262,0.17386975194977222,,0.5998585864788541
maec,calendar,temporal,dv,30,ewma,val,73,0.3139392352239564,0.4583409971277724,-0.06833363854833263,0.13686289028754786,,0.24133014148833773
maec,calendar,temporal,dv,30,garch,test,507,0.2704731196441516,0.3995317445047274,-0.14534461333371795,0.475017263245643,,0.16477738421608157
maec,calendar,temporal,dv,30,garch,val,73,0.2870685840352568,0.4604149979722846,0.02310705230417498,0.7224793286437122,,0.8660114578724651
maec,calendar,temporal,dv,30,gbdt_tickerFE,test,507,0.19432198303278808,0.33991476928236214,0.1771247478797568,0.48346465204636535,0.0013391730111083214,0.0008623712006409446
maec,calendar,temporal,dv,30,gbdt_tickerFE,val,73,0.19274639924820966,0.36188908263902286,0.3440849727526631,0.553159323707269,0.004225299205844208,0.007141601964780148
maec,calendar,temporal,dv,30,har,test,507,0.180731964714908,0.32857155955462497,0.234672996282293,0.5065483984773782,,2.7887947557165234e-08
maec,calendar,temporal,dv,30,har,val,73,0.1736416177629697,0.32800222387251715,0.40909844806178464,0.6357213377761324,,0.00036874842290041956
maec,calendar,temporal,dv,30,persistence,test,507,0.23614999057523323,0.3750278084310831,0.0,,,
maec,calendar,temporal,dv,30,persistence,val,73,0.29385879457146136,0.44243398810827433,0.0,,,
maec,calendar,temporal,har_resid,3,ewma,test,245,1.1723740664070483,0.8384875439034487,-0.15115549116896498,-0.0942579543803667,,0.008633446412522353
maec,calendar,temporal,har_resid,3,ewma,val,41,1.3168714013369534,0.9094040164581522,-0.12360092245035603,-0.18867595818815336,,0.3044364773175884
maec,calendar,temporal,har_resid,3,garch,test,245,1.3350020743167363,0.8846732811618757,-0.310840125695935,0.07134636707174946,,0.0010723753747499272
maec,calendar,temporal,har_resid,3,garch,val,41,1.3564954177922866,0.9037517510449196,-0.15740952471417602,0.28292682926829277,,0.4078108785187156
maec,calendar,temporal,har_resid,3,gbdt_tickerFE,test,245,1.2260705286917697,0.8374060622722432,-0.20388011139605763,0.09634284335473763,0.0191381902040739,0.01407533605393415
maec,calendar,temporal,har_resid,3,gbdt_tickerFE,val,41,1.5435424540335756,0.9140676751179198,-0.31700462431839416,0.09083623693379791,0.0436578157054161,0.19204084503193342
maec,calendar,temporal,har_resid,3,har,test,245,1.0184324145615955,0.7835840774703342,0.0,,,
maec,calendar,temporal,har_resid,3,har,val,41,1.1720098969526582,0.8522458567080362,0.0,,,
maec,calendar,temporal,har_resid,3,persistence,test,245,1.0184324145615955,0.7835840774703342,0.0,,,
maec,calendar,temporal,har_resid,3,persistence,val,41,1.1720098969526582,0.8522458567080362,0.0,,,
maec,calendar,temporal,har_resid,7,ewma,test,506,0.5127953964121125,0.5614077196061836,-0.13192828874181783,-0.04974762526949544,,0.0001580133188786107
maec,calendar,temporal,har_resid,7,ewma,val,73,0.5526310420834217,0.6038235009077408,-0.3336956954292718,-0.23750462791558685,,0.002120436050226847
maec,calendar,temporal,har_resid,7,garch,test,506,0.5333036216415236,0.5828195822577896,-0.1771974944552075,0.19355529328474577,,0.007866023322824963
maec,calendar,temporal,har_resid,7,garch,val,73,0.5503329654712493,0.5910538220466617,-0.32814961739162474,0.1233493767740343,,0.09742818533464921
maec,calendar,temporal,har_resid,7,gbdt_tickerFE,test,506,0.5047479467224807,0.5551693738053161,-0.1141646036158305,0.09351618398127219,0.004720387514316897,0.013397869919403551
maec,calendar,temporal,har_resid,7,gbdt_tickerFE,val,73,0.5787267624491866,0.5938195344351694,-0.39667397075332234,-0.139220041959768,0.009537667262991935,0.014299722731274264
maec,calendar,temporal,har_resid,7,har,test,506,0.4530281657525358,0.5222588877928309,0.0,,,
maec,calendar,temporal,har_resid,7,har,val,73,0.4143606701118941,0.5167529861813169,0.0,,,
maec,calendar,temporal,har_resid,7,persistence,test,506,0.4530281657525358,0.5222588877928309,0.0,,,
maec,calendar,temporal,har_resid,7,persistence,val,73,0.4143606701118941,0.5167529861813169,0.0,,,
maec,calendar,temporal,har_resid,15,ewma,test,507,0.31372946940428376,0.43444777941736534,-0.19149974685336324,0.003032815968565894,,2.765157190337935e-05
maec,calendar,temporal,har_resid,15,ewma,val,73,0.3857053607418759,0.5006052528302959,-0.5910232571484348,-0.2953227199802543,,0.0003195089514773058
maec,calendar,temporal,har_resid,15,garch,test,507,0.3313056721863466,0.452049477481658,-0.25825165640536185,0.28026072577969596,,0.005577187577133752
maec,calendar,temporal,har_resid,15,garch,val,73,0.3604285521249259,0.48626209787803265,-0.4867571658016492,0.24765518943601136,,0.03658950273364572
maec,calendar,temporal,har_resid,15,gbdt_tickerFE,test,507,0.2797962059313267,0.41034122021904357,-0.06262605540605057,0.13814926019852808,0.0006801123658800395,0.15268771580970117
maec,calendar,temporal,har_resid,15,gbdt_tickerFE,val,73,0.27764835745667843,0.40862001206574733,-0.1452913000041623,0.05781809206466741,0.008470215796538567,0.2523622255442331
maec,calendar,temporal,har_resid,15,har,test,507,0.26330636681443975,0.3960276292104583,0.0,,,
maec,calendar,temporal,har_resid,15,har,val,73,0.24242597272472893,0.3926430091709125,0.0,,,
maec,calendar,temporal,har_resid,15,persistence,test,507,0.26330636681443975,0.3960276292104583,0.0,,,
maec,calendar,temporal,har_resid,15,persistence,val,73,0.24242597272472893,0.3926430091709125,0.0,,,
maec,calendar,temporal,har_resid,30,ewma,test,507,0.23941836375878978,0.37950584235452384,-0.32471510580021334,0.044081418490674,,6.886377427202797e-07
maec,calendar,temporal,har_resid,30,ewma,val,73,0.3139392352239564,0.4583409971277724,-0.8079723010442148,-0.15855238800444282,,0.00041270654069209444
maec,calendar,temporal,har_resid,30,garch,test,507,0.2704731196441516,0.3995317445047274,-0.4965427951320289,0.33496600784831576,,0.0002542666943852601
maec,calendar,temporal,har_resid,30,garch,val,73,0.2870685840352568,0.4604149979722846,-0.6532245422126917,0.42370109835863273,,0.0030360142702423767
maec,calendar,temporal,har_resid,30,gbdt_tickerFE,test,507,0.19296884500027386,0.33709229351551806,-0.0677073383486353,0.16319575079896578,0.001518996537662202,0.14854330691526432
maec,calendar,temporal,har_resid,30,gbdt_tickerFE,val,73,0.19601388054073335,0.36046502016402,-0.12884159377219687,0.037368875725040114,0.0042683769515349124,0.2615813606422274
maec,calendar,temporal,har_resid,30,har,test,507,0.180731964714908,0.32857155955462497,0.0,,,
maec,calendar,temporal,har_resid,30,har,val,73,0.1736416177629697,0.32800222387251715,0.0,,,
maec,calendar,temporal,har_resid,30,persistence,test,507,0.180731964714908,0.32857155955462497,0.0,,,
maec,calendar,temporal,har_resid,30,persistence,val,73,0.1736416177629697,0.32800222387251715,0.0,,,
maec,calendar,temporal,v,3,ewma,test,245,1.1723740664070488,0.8384875439034488,0.5096413866301606,0.2523174969047783,,1.182796857864689e-06
maec,calendar,temporal,v,3,ewma,val,41,1.3168714013369534,0.9094040164581522,0.34966481700009977,-0.02909407665505227,,0.004508565176626306
maec,calendar,temporal,v,3,garch,test,245,1.3350020743167363,0.8846732811618757,0.44162039679532916,0.2666036482995308,,6.776160045559818e-05
maec,calendar,temporal,v,3,garch,val,41,1.3564954177922866,0.9037517510449196,0.3300965493875536,0.17979094076655056,,0.029733125760573003
maec,calendar,temporal,v,3,gbdt_tickerFE,test,245,1.262375707915931,0.8483319034564948,0.4719971897855828,0.14091164146628973,0.014446658448436399,2.0283907326683267e-05
maec,calendar,temporal,v,3,gbdt_tickerFE,val,41,1.506315142294627,0.8941052190433265,0.2561082785113653,0.10320557491289199,0.04954295913874182,0.23758397305513432
maec,calendar,temporal,v,3,har,test,245,1.0184324145615955,0.7835840774703342,0.5740292105353253,0.3470242124355375,,4.885333335893291e-08
maec,calendar,temporal,v,3,har,val,41,1.1720098969526582,0.8522458567080362,0.4212044774921997,-0.011149825783972129,,0.005454831313272811
maec,calendar,temporal,v,3,persistence,test,245,2.3908503581700478,1.2126762397233157,0.0,0.00394141438281303,,
maec,calendar,temporal,v,3,persistence,val,41,2.0249118235652266,1.193510458070567,0.0,-0.03310104529616725,,
maec,calendar,temporal,v,7,ewma,test,506,0.5127953964121125,0.5614077196061836,0.34220437487514366,0.4195917140282325,,3.6156839356066565e-20
maec,calendar,temporal,v,7,ewma,val,73,0.5526310420834217,0.6038235009077408,0.4882739125501797,0.23799827224484763,,6.973795732925626e-06
maec,calendar,temporal,v,7,garch,test,506,0.5333036216415236,0.5828195822577896,0.31589715579835553,0.4722490511186927,,6.070263084540347e-10
maec,calendar,temporal,v,7,garch,val,73,0.5503329654712493,0.5910538220466617,0.4904018888378914,0.3398124151548809,,0.0001444165532563093
maec,calendar,temporal,v,7,gbdt_tickerFE,test,506,0.5123882826872148,0.5631748708013232,0.3427266058254207,0.3331701713417482,0.004664565003825931,1.4197472127604421e-10
maec,calendar,temporal,v,7,gbdt_tickerFE,val,73,0.5507644287293945,0.5874705232049152,0.4900023618693437,0.15310995927434284,0.013041883730632553,2.3508588729364317e-05
maec,calendar,temporal,v,7,har,test,506,0.4530281657525358,0.5222588877928309,0.41887164437243485,0.4714132358269179,,5.285919191003834e-19
maec,calendar,temporal,v,7,har,val,73,0.4143606701118941,0.5167529861813169,0.6163097105257487,0.2765333826977663,,5.719588174842636e-07
maec,calendar,temporal,v,7,persistence,test,506,0.7795664440832647,0.70244918397947,0.0,0.24265581701795189,,
maec,calendar,temporal,v,7,persistence,val,73,1.0799352537163989,0.852921693547902,0.0,0.026595088238923863,,
maec,calendar,temporal,v,15,ewma,test,507,0.31372946940428376,0.43444777941736534,0.22990089694822358,0.5392648441338035,,1.3067232498268837e-12
maec,calendar,temporal,v,15,ewma,val,73,0.3857053607418759,0.5006052528302959,0.3442109131779515,0.3203443169196594,,6.329343263456138e-06
maec,calendar,temporal,v,15,garch,test,507,0.3313056721863466,0.452049477481658,0.1867572993026977,0.6037147138156834,,0.0058850699844733585
maec,calendar,temporal,v,15,garch,val,73,0.3604285521249259,0.48626209787803265,0.3871873841525889,0.4812106627175121,,0.0014293477183948532
maec,calendar,temporal,v,15,gbdt_tickerFE,test,507,0.2838424662147358,0.41285145226071435,0.30326332092732783,0.4909069764128571,0.001334480337024172,9.526785221471073e-09
maec,calendar,temporal,v,15,gbdt_tickerFE,val,73,0.2677844386012386,0.40230516411503386,0.544703988252359,0.3814883376527213,0.006744237789514643,1.0903295382347609e-05
maec,calendar,temporal,v,15,har,test,507,0.26330636681443975,0.3960276292104583,0.3536724576857575,0.5683722745706593,,4.562663092842942e-15
maec,calendar,temporal,v,15,har,val,73,0.24242597272472893,0.3926430091709125,0.5878192956164521,0.36724052819943237,,5.314216491505023e-07
maec,calendar,temporal,v,15,persistence,test,507,0.40738843632076094,0.49609866374672257,0.0,0.4127539128801754,,
maec,calendar,temporal,v,15,persistence,val,73,0.5881545888648477,0.6252651400599677,0.0,0.21846846846846849,,
maec,calendar,temporal,v,30,ewma,test,507,0.23941836375878978,0.37950584235452384,-0.01384024270166262,0.5881405674914163,,0.5998585864788541
maec,calendar,temporal,v,30,ewma,val,73,0.3139392352239564,0.4583409971277724,-0.06833363854833263,0.473744292237443,,0.24133014148833773
maec,calendar,temporal,v,30,garch,test,507,0.2704731196441516,0.3995317445047274,-0.14534461333371795,0.6456917727483794,,0.16477738421608157
maec,calendar,temporal,v,30,garch,val,73,0.2870685840352568,0.4604149979722846,0.02310705230417498,0.6687338022954462,,0.8660114578724651
maec,calendar,temporal,v,30,gbdt_tickerFE,test,507,0.1993044284011833,0.3427882878524716,0.15602610054863236,0.5514714150469372,0.0016731873846465943,0.003963575293983705
maec,calendar,temporal,v,30,gbdt_tickerFE,val,73,0.18974688028961245,0.35767459591256595,0.3542923206830575,0.4484943847957547,0.001850552076222623,0.005745728099978639
maec,calendar,temporal,v,30,har,test,507,0.180731964714908,0.32857155955462497,0.234672996282293,0.6164927367927344,,2.7887947557165234e-08
maec,calendar,temporal,v,30,har,val,73,0.1736416177629697,0.32800222387251715,0.40909844806178464,0.5137603356781439,,0.00036874842290041956
maec,calendar,temporal,v,30,persistence,test,507,0.23614999057523323,0.3750278084310831,0.0,0.5741868013934993,,
maec,calendar,temporal,v,30,persistence,val,73,0.29385879457146136,0.44243398810827433,0.0,0.46893126002715046,,
maec,calendar,ticker_disjoint,dv,3,ewma,test,228,1.262178943985514,0.8552230910355559,0.5261940848077957,0.7244138633660676,,2.705253759802407e-06
maec,calendar,ticker_disjoint,dv,3,ewma,val,115,1.218493880472007,0.789855053908476,0.4756982670993828,0.5979485731659645,,0.0004695566233681789
maec,calendar,ticker_disjoint,dv,3,garch,test,228,1.399223769753946,0.8879209475265895,0.4747492010177574,0.6760116629864062,,3.335276067626608e-05
maec,calendar,ticker_disjoint,dv,3,garch,val,115,1.474860768508463,0.8704073173852199,0.3653870002066967,0.5867078573600313,,0.011886452784388551
maec,calendar,ticker_disjoint,dv,3,gbdt_tickerFE,test,228,1.3450569658576392,0.9201820458064359,0.49508272996420527,0.6585558196516079,0.011271149330995796,3.35347729905139e-06
maec,calendar,ticker_disjoint,dv,3,gbdt_tickerFE,val,115,1.2479696445978568,0.8280588555161816,0.4630152372890349,0.7108315597446032,0.01288336796461043,0.0008586263815765329
maec,calendar,ticker_disjoint,dv,3,har,test,228,1.0636654683232756,0.8106712596813143,0.6007135176206535,0.721893289242035,,1.5244210551657145e-07
maec,calendar,ticker_disjoint,dv,3,har,val,115,1.1589566126636406,0.7954744761163434,0.5013163626716008,0.7290450853494332,,0.00047842801267841326
maec,calendar,ticker_disjoint,dv,3,persistence,test,228,2.6639155475159026,1.2367227225602955,0.0,,,
maec,calendar,ticker_disjoint,dv,3,persistence,val,115,2.324031762647208,1.2067668592591776,0.0,,,
maec,calendar,ticker_disjoint,dv,7,ewma,test,514,0.4786669989274058,0.5367312676743445,0.3352892491606465,0.6523325325233607,,2.0859233730660326e-10
maec,calendar,ticker_disjoint,dv,7,ewma,val,257,0.46026995558540634,0.5225189939434975,0.4259236333966324,0.7645444587466657,,5.358542762037979e-13
maec,calendar,ticker_disjoint,dv,7,garch,test,513,0.5373846897280863,0.5687899960594601,0.24915026569355825,0.6117163736195071,,9.286691842093888e-05
maec,calendar,ticker_disjoint,dv,7,garch,val,257,0.5612003022849292,0.5608770641129105,0.30003723562038476,0.48423383504192724,,1.8684349178252484e-05
maec,calendar,ticker_disjoint,dv,7,gbdt_tickerFE,test,514,0.4891090320593001,0.548084988433295,0.3207887055699163,0.49649116641876284,0.0018266640527612485,3.11008652091532e-07
maec,calendar,ticker_disjoint,dv,7,gbdt_tickerFE,val,257,0.4654149092242285,0.5257606386642062,0.41950653783026814,0.7126146082462304,0.003842390060607789,3.3616657156687534e-07
maec,calendar,ticker_disjoint,dv,7,har,test,514,0.42935282168196076,0.5056083600077043,0.4037703933742589,0.6513552560695112,,1.6339880623014103e-10
maec,calendar,ticker_disjoint,dv,7,har,val,256,0.43988824771849794,0.5082295845982506,0.45202100864245276,0.7208043583780245,,3.4305605700778104e-09
maec,calendar,ticker_disjoint,dv,7,persistence,test,514,0.7201132196567849,0.6467221101409307,0.0,,,
maec,calendar,ticker_disjoint,dv,7,persistence,val,257,0.8017573660255018,0.7239430522289383,0.0,,,
maec,calendar,ticker_disjoint,dv,15,ewma,test,514,0.28827844199621566,0.4136152153304428,0.20530967378076415,0.5799459769834459,,1.230885866700018e-10
maec,calendar,ticker_disjoint,dv,15,ewma,val,257,0.2629741171700444,0.41383695027686307,0.29591853449622807,0.7038189487048064,,2.5358972861451573e-11
maec,calendar,ticker_disjoint,dv,15,garch,test,513,0.32369727884171573,0.435619460774988,0.0990923950158783,0.5658957067149221,,0.16529490967695676
maec,calendar,ticker_disjoint,dv,15,garch,val,257,0.3232338561524076,0.42857326404009066,0.13458035494397047,0.384113209373569,,0.1349824040103133
maec,calendar,ticker_disjoint,dv,15,gbdt_tickerFE,test,514,0.2556755721841948,0.3907054188724771,0.2951852297439057,0.5856803979227768,0.0020806336334626605,2.2584592699437546e-07
maec,calendar,ticker_disjoint,dv,15,gbdt_tickerFE,val,257,0.23781800149254861,0.3874988429234415,0.36327099862158807,0.682243129925831,0.00324705632918525,3.033112004624044e-06
maec,calendar,ticker_disjoint,dv,15,har,test,514,0.23774564260955938,0.3732565096729028,0.3446122402552987,0.5980639123032169,,6.62984851484474e-11
maec,calendar,ticker_disjoint,dv,15,har,val,255,0.2313784397453486,0.3843858409459975,0.38518481913670477,0.6963319408623135,,1.3531394884330698e-08
maec,calendar,ticker_disjoint,dv,15,persistence,test,514,0.3627556955018056,0.4642393510178417,0.0,,,
maec,calendar,ticker_disjoint,dv,15,persistence,val,257,0.3734995594322112,0.5079464952051309,0.0,,,
maec,calendar,ticker_disjoint,dv,30,ewma,test,514,0.23543613158428475,0.3746965853610666,-0.03359774055367093,0.1987143334538952,,0.19698900626255283
maec,calendar,ticker_disjoint,dv,30,ewma,val,255,0.2110649656157382,0.3650172110993175,-0.045561378949495523,0.08913888521409567,,0.23469224555756693
maec,calendar,ticker_disjoint,dv,30,garch,test,513,0.2668564889783519,0.3834348915520774,-0.17800932960411364,0.39001865105046296,,0.08400164922194137
maec,calendar,ticker_disjoint,dv,30,garch,val,255,0.2802001478087387,0.3813093260429756,-0.388039232707752,0.2733032086944404,,0.014547556869546042
maec,calendar,ticker_disjoint,dv,30,gbdt_tickerFE,test,514,0.18187890292911618,0.32699066481807526,0.20152602807009795,0.498227448951739,0.0011214769660182655,4.775555098153493e-05
maec,calendar,ticker_disjoint,dv,30,gbdt_tickerFE,val,255,0.15254200943197843,0.3014127774424028,0.2443462454124424,0.5575762969481297,0.001048727546712992,0.0017424411250002753
maec,calendar,ticker_disjoint,dv,30,har,test,514,0.17186027290361938,0.3127111343386233,0.24550922337710002,0.5451422632041445,,1.1093172429745856e-08
maec,calendar,ticker_disjoint,dv,30,har,val,255,0.15368128180109153,0.3035439102709559,0.23870258406024236,0.5420368822505593,,0.0003915388264274377
maec,calendar,ticker_disjoint,dv,30,persistence,test,514,0.22778313297992298,0.363268267816274,0.0,,,
maec,calendar,ticker_disjoint,dv,30,persistence,val,255,0.20186759942089771,0.3670145664004993,0.0,,,
maec,calendar,ticker_disjoint,har_resid,3,ewma,test,228,1.262178943985514,0.8552230910355559,-0.18663149418131253,0.020042246736691836,,0.0029296670772118844
maec,calendar,ticker_disjoint,har_resid,3,ewma,val,115,1.218493880472007,0.789855053908476,-0.051371438031257544,-0.07645180906050471,,0.5094076276920296
maec,calendar,ticker_disjoint,har_resid,3,garch,test,228,1.399223769753946,0.8879209475265895,-0.31547353131584943,0.18819294649905638,,0.0013969758619357992
maec,calendar,ticker_disjoint,har_resid,3,garch,val,115,1.474860768508463,0.8704073173852199,-0.27257634357750193,-0.005884550232376278,,0.04769030911032268
maec,calendar,ticker_disjoint,har_resid,3,gbdt_tickerFE,test,228,1.2366802542947388,0.879543375363822,-0.16265902308946592,0.1079178532978308,0.011494173446301912,0.021290770194107612
maec,calendar,ticker_disjoint,har_resid,3,gbdt_tickerFE,val,115,1.2513967776667538,0.8510935322275337,-0.07976154067636512,0.18532628241323895,0.020328805754248846,0.4662946503581027
maec,calendar,ticker_disjoint,har_resid,3,har,test,228,1.0636654683232756,0.8106712596813143,0.0,,,
maec,calendar,ticker_disjoint,har_resid,3,har,val,115,1.1589566126636406,0.7954744761163434,0.0,,,
maec,calendar,ticker_disjoint,har_resid,3,persistence,test,228,1.0636654683232756,0.8106712596813143,0.0,,,
maec,calendar,ticker_disjoint,har_resid,3,persistence,val,115,1.1589566126636406,0.7954744761163434,0.0,,,
maec,calendar,ticker_disjoint,har_resid,7,ewma,test,514,0.4786669989274058,0.5367312676743445,-0.11485700047867398,-0.020420190431630316,,0.0030586043513820497
maec,calendar,ticker_disjoint,har_resid,7,ewma,val,256,0.461572770495648,0.5231693855860712,-0.04929552651069424,0.0538331857253365,,0.44319158671014613
maec,calendar,ticker_disjoint,har_resid,7,garch,test,513,0.5373846897280863,0.5687899960594601,-0.26161416472036225,0.3028330152376712,,0.000469813411908511
maec,calendar,ticker_disjoint,har_resid,7,garch,val,256,0.5633093607787756,0.5624981416622925,-0.28057379050340026,0.1997412856143456,,0.03985656113912293
maec,calendar,ticker_disjoint,har_resid,7,gbdt_tickerFE,test,514,0.4925005127164792,0.5476387884135818,-0.14707645518001175,-0.027053140572098268,0.0026681729575602727,0.0016359638006133404
maec,calendar,ticker_disjoint,har_resid,7,gbdt_tickerFE,val,256,0.4512389923666692,0.5205834976686459,-0.025803700614968596,0.3552114432104775,0.003705783303001386,0.7758815383845085
maec,calendar,ticker_disjoint,har_resid,7,har,test,514,0.42935282168196076,0.5056083600077043,0.0,,,
maec,calendar,ticker_disjoint,har_resid,7,har,val,256,0.43988824771849794,0.5082295845982506,0.0,,,
maec,calendar,ticker_disjoint,har_resid,7,persistence,test,514,0.42935282168196076,0.5056083600077043,0.0,,,
maec,calendar,ticker_disjoint,har_resid,7,persistence,val,256,0.43988824771849794,0.5082295845982506,0.0,,,
maec,calendar,ticker_disjoint,har_resid,15,ewma,test,514,0.28827844199621566,0.4136152153304428,-0.21254984458177573,-0.0016552714846481042,,0.00012145911821568342
maec,calendar,ticker_disjoint,har_resid,15,ewma,val,255,0.2648591560892496,0.4162197351714077,-0.14470110689980165,0.1119467336131481,,0.06530156065224438
maec,calendar,ticker_disjoint,har_resid,15,garch,test,513,0.32369727884171573,0.435619460774988,-0.375128222972114,0.3794343612674748,,0.00040661018995027113
maec,calendar,ticker_disjoint,har_resid,15,garch,val,255,0.32573031375173145,0.431506542162341,-0.40778161573837646,0.30441175740277027,,0.013976920975527272
maec,calendar,ticker_disjoint,har_resid,15,gbdt_tickerFE,test,514,0.25470048557026487,0.3926303619373368,-0.0713150524005596,0.08039595073300632,0.002114767063914163,0.10928837778683465
maec,calendar,ticker_disjoint,har_resid,15,gbdt_tickerFE,val,255,0.22278419519282283,0.3798264342587042,0.03714367061159381,0.39549121024227857,0.0016477539987728202,0.4400826814571108
maec,calendar,ticker_disjoint,har_resid,15,har,test,514,0.23774564260955938,0.3732565096729028,0.0,,,
maec,calendar,ticker_disjoint,har_resid,15,har,val,255,0.2313784397453486,0.3843858409459975,0.0,,,
maec,calendar,ticker_disjoint,har_resid,15,persistence,test,514,0.23774564260955938,0.3732565096729028,0.0,,,
maec,calendar,ticker_disjoint,har_resid,15,persistence,val,255,0.2313784397453486,0.3843858409459975,0.0,,,
maec,calendar,ticker_disjoint,har_resid,30,ewma,test,514,0.23543613158428475,0.3746965853610666,-0.3699276022697766,0.11304831635096012,,1.3763057323549198e-07
maec,calendar,ticker_disjoint,har_resid,30,ewma,val,255,0.2110649656157382,0.3650172110993175,-0.3733940994123013,0.07433014896847347,,0.0007945718580348003
maec,calendar,ticker_disjoint,har_resid,30,garch,test,513,0.2668564889783519,0.3834348915520774,-0.5660251950812281,0.24303469564495161,,9.102327321901035e-05
maec,calendar,ticker_disjoint,har_resid,30,garch,val,255,0.2802001478087387,0.3813093260429756,-0.8232548852071622,0.26959818477732966,,0.0009519154899722277
maec,calendar,ticker_disjoint,har_resid,30,gbdt_tickerFE,test,514,0.18407103858387047,0.3282231662323932,-0.07105054282730583,0.1829915191558122,0.0017026547345837936,0.1070089093391951
maec,calendar,ticker_disjoint,har_resid,30,gbdt_tickerFE,val,255,0.15710153740510477,0.30625482710161245,-0.02225551195258819,0.38565328659356457,0.0010473913209315575,0.8496871717190849
maec,calendar,ticker_disjoint,har_resid,30,har,test,514,0.17186027290361938,0.3127111343386233,0.0,,,
maec,calendar,ticker_disjoint,har_resid,30,har,val,255,0.15368128180109153,0.3035439102709559,0.0,,,
maec,calendar,ticker_disjoint,har_resid,30,persistence,test,514,0.17186027290361938,0.3127111343386233,0.0,,,
maec,calendar,ticker_disjoint,har_resid,30,persistence,val,255,0.15368128180109153,0.3035439102709559,0.0,,,
maec,calendar,ticker_disjoint,v,3,ewma,test,228,1.262178943985514,0.8552230910355559,0.5261940848077957,0.2694213041274799,,2.705253759802407e-06
maec,calendar,ticker_disjoint,v,3,ewma,val,115,1.218493880472007,0.789855053908476,0.4756982670993828,0.12992826014565145,,0.0004695566233681789
maec,calendar,ticker_disjoint,v,3,garch,test,228,1.399223769753946,0.8879209475265895,0.4747492010177574,0.37677026895979526,,3.335276067626608e-05
maec,calendar,ticker_disjoint,v,3,garch,val,115,1.474860768508463,0.8704073173852199,0.3653870002066967,0.11733310168092782,,0.011886452784388551
maec,calendar,ticker_disjoint,v,3,gbdt_tickerFE,test,228,1.2301397465975639,0.8830275081248254,0.5382211918299484,0.27916131183024684,0.009818621670892954,4.485918970163795e-06
maec,calendar,ticker_disjoint,v,3,gbdt_tickerFE,val,115,1.2121776551343992,0.8320848071675016,0.4784160549709277,0.26297722567287785,0.02065698482271296,0.0002092326077299983
maec,calendar,ticker_disjoint,v,3,har,test,228,1.0636654683232756,0.8106712596813143,0.6007135176206535,0.33139106595785983,,1.5244210551657145e-07
maec,calendar,ticker_disjoint,v,3,har,val,115,1.1589566126636406,0.7954744761163434,0.5013163626716008,0.2768044998479781,,0.00047842801267841326
maec,calendar,ticker_disjoint,v,3,persistence,test,228,2.6639155475159026,1.2367227225602955,0.0,0.0296917680863134,,
maec,calendar,ticker_disjoint,v,3,persistence,val,115,2.324031762647208,1.2067668592591776,0.0,-0.0174046243611461,,
maec,calendar,ticker_disjoint,v,7,ewma,test,514,0.4786669989274058,0.5367312676743445,0.3352892491606465,0.327999553136736,,2.0859233730660326e-10
maec,calendar,ticker_disjoint,v,7,ewma,val,257,0.46026995558540634,0.5225189939434975,0.4259236333966324,0.4220353629511888,,5.358542762037979e-13
maec,calendar,ticker_disjoint,v,7,garch,test,513,0.5373846897280863,0.5687899960594601,0.24915026569355825,0.4985700014516706,,9.286691842093888e-05
maec,calendar,ticker_disjoint,v,7,garch,val,257,0.5612003022849292,0.5608770641129105,0.30003723562038476,0.44551717473600777,,1.8684349178252484e-05
maec,calendar,ticker_disjoint,v,7,gbdt_tickerFE,test,514,0.49612030989395955,0.5501037634762724,0.3110523507256029,0.22713929245905518,0.005559114184889545,1.2399561125179406e-06
maec,calendar,ticker_disjoint,v,7,gbdt_tickerFE,val,257,0.4723057799455842,0.5274227477505544,0.4109118294891208,0.518396242712923,0.005572701814267047,1.9706451885606937e-06
maec,calendar,ticker_disjoint,v,7,har,test,514,0.42935282168196076,0.5056083600077043,0.4037703933742589,0.5108489215180423,,1.6339880623014103e-10
maec,calendar,ticker_disjoint,v,7,har,val,256,0.43988824771849794,0.5082295845982506,0.45202100864245276,0.5132199958679958,,3.4305605700778104e-09
maec,calendar,ticker_disjoint,v,7,persistence,test,514,0.7201132196567849,0.6467221101409307,0.0,0.17302256629821147,,
maec,calendar,ticker_disjoint,v,7,persistence,val,257,0.8017573660255018,0.7239430522289383,0.0,0.22400458846195395,,
maec,calendar,ticker_disjoint,v,15,ewma,test,514,0.28827844199621566,0.4136152153304428,0.20530967378076415,0.41222024060317003,,1.230885866700018e-10
maec,calendar,ticker_disjoint,v,15,ewma,val,257,0.2629741171700444,0.41383695027686307,0.29591853449622807,0.4968474815788686,,2.5358972861451573e-11
maec,calendar,ticker_disjoint,v,15,garch,test,513,0.32369727884171573,0.435619460774988,0.0990923950158783,0.6218389052765342,,0.16529490967695676
maec,calendar,ticker_disjoint,v,15,garch,val,257,0.3232338561524076,0.42857326404009066,0.13458035494397047,0.5365380274650632,,0.1349824040103133
maec,calendar,ticker_disjoint,v,15,gbdt_tickerFE,test,514,0.2545056664145494,0.39076897628332286,0.2984102811604714,0.3756039632599029,0.0010977066829652928,1.6277280757510518e-07
maec,calendar,ticker_disjoint,v,15,gbdt_tickerFE,val,257,0.27605823171742117,0.4018398213961912,0.26088739666231175,0.5383228340298817,0.003914797750209109,0.02737638806820662
maec,calendar,ticker_disjoint,v,15,har,test,514,0.23774564260955938,0.3732565096729028,0.3446122402552987,0.6000768422934694,,6.62984851484474e-11
maec,calendar,ticker_disjoint,v,15,har,val,255,0.2313784397453486,0.3843858409459975,0.38518481913670477,0.5512231658774217,,1.3531394884330698e-08
maec,calendar,ticker_disjoint,v,15,persistence,test,514,0.3627556955018056,0.4642393510178417,0.0,0.301612823596772,,
maec,calendar,ticker_disjoint,v,15,persistence,val,257,0.3734995594322112,0.5079464952051309,0.0,0.33898815581306774,,
maec,calendar,ticker_disjoint,v,30,ewma,test,514,0.23543613158428475,0.3746965853610666,-0.03359774055367093,0.5759581195624002,,0.19698900626255283
maec,calendar,ticker_disjoint,v,30,ewma,val,255,0.2110649656157382,0.3650172110993175,-0.045561378949495523,0.5937465231668684,,0.23469224555756693
maec,calendar,ticker_disjoint,v,30,garch,test,513,0.2668564889783519,0.3834348915520774,-0.17800932960411364,0.5087086240469871,,0.08400164922194137
maec,calendar,ticker_disjoint,v,30,garch,val,255,0.2802001478087387,0.3813093260429756,-0.388039232707752,0.6515630205100662,,0.014547556869546042
maec,calendar,ticker_disjoint,v,30,gbdt_tickerFE,test,514,0.1835902234126093,0.328876031352052,0.19401309038632314,0.5359248254123835,0.0005531834769371166,0.00011207408291846223
maec,calendar,ticker_disjoint,v,30,gbdt_tickerFE,val,255,0.15854010356626086,0.30685542321561454,0.214633234748575,0.6241077995387048,0.0013698873358931841,0.006227201751005007
maec,calendar,ticker_disjoint,v,30,har,test,514,0.17186027290361938,0.3127111343386233,0.24550922337710002,0.48187968981701956,,1.1093172429745856e-08
maec,calendar,ticker_disjoint,v,30,har,val,255,0.15368128180109153,0.3035439102709559,0.23870258406024236,0.5743129671612842,,0.0003915388264274377
maec,calendar,ticker_disjoint,v,30,persistence,test,514,0.22778313297992298,0.363268267816274,0.0,0.43482375307173055,,
maec,calendar,ticker_disjoint,v,30,persistence,val,255,0.20186759942089771,0.3670145664004993,0.0,0.5336129874267104,,
