dataset,stratum,split,target,horizon,model,segment,n,mse,mae,r2_oos,spearman_q,seed_std,dm_p_vs_persistence,dm_p_vs_har,dm_p_vs_stage1,dm_p_vs_stage2
earnings25,64k,ticker_disjoint,dv,3,mlp_egemaps_audio,test,39,1.2494193362766448,0.8477656010941942,0.14971121391981446,0.17813765182186236,0.07581422424760927,0.1527595310752083,0.035288491589859146,0.15939577221557732,0.4633463738046327
earnings25,64k,ticker_disjoint,dv,3,mlp_egemaps_audio,val,27,1.1489037956340076,0.9643382734233695,-0.31282619474575046,-0.5176923076923077,0.07581422424760927,0.1269461687572467,0.002361412024737445,0.0028464925459408164,0.37660479522271967
earnings25,64k,ticker_disjoint,dv,3,mlp_egemaps_audio_pastvol,test,39,0.9782456374137644,0.7861325713580495,0.3342577056606294,0.5200404858299595,0.09693872447983654,0.007059045105591387,0.08947584961230917,0.4970401167937665,0.053735550736757794
earnings25,64k,ticker_disjoint,dv,3,mlp_egemaps_audio_pastvol,val,27,1.1704454396739974,0.9390337219597301,-0.33744134066228115,-0.3838461538461538,0.09693872447983654,0.16778171515779736,0.0005288062371033472,0.0020572561155726985,0.33078134292546085
earnings25,64k,ticker_disjoint,dv,3,mlp_emotion2vec_audio,test,39,7.612199801575379e+20,21100975701.836388,-5.1804609875576724e+20,-0.012753036437246963,1.460324634594629e+21,7.95061809228968e-05,7.95061809228968e-05,7.95061809228968e-05,7.95061809228968e-05
earnings25,64k,ticker_disjoint,dv,3,mlp_emotion2vec_audio,val,27,2.970602605109258e+20,13069426429.930086,-3.394439925246569e+20,0.43769230769230766,1.460324634594629e+21,0.0021538987024877446,0.0021538987024877446,0.0021538987024877446,0.0021538987024877446
earnings25,64k,ticker_disjoint,dv,3,mlp_emotion2vec_audio_pastvol,test,39,6.435174993029371e+20,19367656331.913532,-4.379440092021244e+20,-0.03097165991902834,1.0961456320860971e+21,0.0009280161937821388,0.0009280161937821388,0.0009280161937821388,0.0009280161937821388
earnings25,64k,ticker_disjoint,dv,3,mlp_emotion2vec_audio_pastvol,val,27,2.6848847839558258e+20,12601484825.371399,-3.067956679790047e+20,-0.5734615384615385,1.0961456320860971e+21,0.0016171878652298391,0.0016171878652298391,0.0016171878652298391,0.0016171878652298391
earnings25,64k,ticker_disjoint,dv,3,mlp_wavlm_audio,test,39,9.209128276176987e+24,1995644189101.3037,-6.26724613222525e+24,-0.312753036437247,9.382695987185888e+24,0.0032469088610344097,0.0032469088610344097,0.0032469088610344097,0.0032469088610344097
earnings25,64k,ticker_disjoint,dv,3,mlp_wavlm_audio,val,27,1.119048663932469e+25,2281203772482.0396,-1.278711415863211e+25,0.5292307692307692,9.382695987185888e+24,0.006673079359473447,0.006673079359473447,0.006673079359473447,0.006673079359473447
earnings25,64k,ticker_disjoint,dv,3,mlp_wavlm_audio_pastvol,test,39,2.3306416762693684e+25,3256554767165.736,-1.5861115833284823e+25,-0.21720647773279356,5.399470459032618e+24,0.0026375576424163927,0.0026375576424163927,0.0026375576424163927,0.0026375576424163927
earnings25,64k,ticker_disjoint,dv,3,mlp_wavlm_audio_pastvol,val,27,2.7910130437683885e+25,3673955622761.2007,-3.189227024630216e+25,0.5373076923076923,5.399470459032618e+24,0.006316760466572403,0.006316760466572403,0.006316760466572403,0.006316760466572403
earnings25,64k,ticker_disjoint,dv,3,mlp_wavlm_egemaps_audio,test,39,4.1685129656695805e+24,1503921622008.677,-2.836869677318566e+24,-0.21720647773279356,5.721592474621787e+24,0.00055132510340881,0.00055132510340881,0.00055132510340881,0.00055132510340881
earnings25,64k,ticker_disjoint,dv,3,mlp_wavlm_egemaps_audio,val,27,2.817294181697536e+24,1431812902106.4685,-3.2192578822461673e+24,0.5373076923076923,5.721592474621787e+24,8.378647797921673e-05,8.378647797921673e-05,8.378647797921673e-05,8.378647797921673e-05
earnings25,64k,ticker_disjoint,dv,3,mlp_wavlm_egemaps_audio_pastvol,test,39,5.485135219294365e+24,1671978535191.2302,-3.7328932182195655e+24,-0.29615384615384616,4.876270596527116e+24,0.001115991039769512,0.001115991039769512,0.001115991039769512,0.001115991039769512
earnings25,64k,ticker_disjoint,dv,3,mlp_wavlm_egemaps_audio_pastvol,val,27,6.191103121193861e+24,1821693857352.2068,-7.074432500582201e+24,0.5265384615384615,4.876270596527116e+24,0.004968094802168753,0.004968094802168753,0.004968094802168753,0.004968094802168753
earnings25,64k,ticker_disjoint,dv,3,mlp_wavlm_text_audio_pastvol,test,39,2.2548740730114886e+25,3223800533768.862,-1.5345481558003498e+25,-0.09574898785425101,1.9775274878507492e+25,0.0038253585489344223,0.0038253585489344223,0.0038253585489344223,0.0038253585489344223
earnings25,64k,ticker_disjoint,dv,3,mlp_wavlm_text_audio_pastvol,val,27,1.442229836800396e+25,2653355032064.821,-1.6480031798925355e+25,0.39999999999999997,1.9775274878507492e+25,0.007681863530517622,0.007681863530517622,0.007681863530517622,0.007681863530517622
earnings25,64k,ticker_disjoint,dv,3,ridge_egemaps_audio,test,39,1.2887345437577784,0.8498302111721091,0.1229553609623556,0.1236842105263158,,0.3372289730239827,0.03525338213533939,0.13610042882290857,0.6416907609407213
earnings25,64k,ticker_disjoint,dv,3,ridge_egemaps_audio,val,27,1.0063958993375093,0.8724929251379776,-0.1499856680392373,0.6869230769230769,,0.4859937046374997,0.035532801290125544,0.034325808025956896,0.7659774112966465
earnings25,64k,ticker_disjoint,dv,3,ridge_egemaps_audio_pastvol,test,39,0.7291516955669214,0.6540225072500309,0.5037778813800674,0.6728744939271256,,0.006614728672832783,0.9788354848786733,0.18341256450253993,0.0242714991752367
earnings25,64k,ticker_disjoint,dv,3,ridge_egemaps_audio_pastvol,val,27,0.6815638399544419,0.6543789253268579,0.22119252640302955,-0.23499999999999993,,0.27010606906781354,0.22774924097064275,0.286999567750761,0.28009474400221235
earnings25,64k,ticker_disjoint,dv,3,ridge_emotion2vec_audio,test,39,1.2889761804034665,0.8439711543379362,0.12279091582838886,0.23340080971659918,,0.36861363133235364,0.0384381395125019,0.14439243686816802,0.6562473432416207
earnings25,64k,ticker_disjoint,dv,3,ridge_emotion2vec_audio,val,27,1.0867425665587271,0.9000935168516904,-0.2417959743411029,-0.35153846153846147,,0.3011674851520482,0.022134957565978105,0.022681296850596753,0.5397783748573828
earnings25,64k,ticker_disjoint,dv,3,ridge_emotion2vec_audio_pastvol,test,39,0.7824310642054344,0.7252266588557901,0.46751875814785815,0.6190283400809717,,0.026845402673557884,0.7027251595915074,0.5102362487322185,0.06785777376250827
earnings25,64k,ticker_disjoint,dv,3,ridge_emotion2vec_audio_pastvol,val,27,0.722189538648566,0.6925485636960756,0.17477046597623602,-0.2557692307692307,,0.35298736303363926,0.15067572164519155,0.2525441355967881,0.3505688303370389
earnings25,64k,ticker_disjoint,dv,3,ridge_wavlm_audio,test,39,1.2709551370907544,0.8627775071345349,0.13505508574905634,0.10161943319838057,,0.25539400003475254,0.024525007260526654,0.11663376770539993,0.5381950462496833
earnings25,64k,ticker_disjoint,dv,3,ridge_wavlm_audio,val,27,1.1441444003462455,0.9329658482289431,-0.3073877421715072,-0.5211538461538461,,0.17844113949288337,0.006588169040006799,0.008256647482137534,0.3531991062839473
earnings25,64k,ticker_disjoint,dv,3,ridge_wavlm_audio_pastvol,test,39,1.243165295570013,0.8518044810660066,0.15396738358690576,0.19736842105263158,,0.1898391623020731,0.02733320889097832,0.13232164483919973,0.42345625473261217
earnings25,64k,ticker_disjoint,dv,3,ridge_wavlm_audio_pastvol,val,27,1.131932713848923,0.9269837166232721,-0.29343372619851515,-0.5188461538461537,,0.19362507208746746,0.006558388808499447,0.008312699877629634,0.37729058573449126
earnings25,64k,ticker_disjoint,dv,3,ridge_wavlm_egemaps_audio,test,39,1.2677355822933112,0.8604635082890192,0.13724614463613483,0.09554655870445346,,0.2453599287893145,0.02472815512247098,0.11808750258905713,0.5272318134759788
earnings25,64k,ticker_disjoint,dv,3,ridge_wavlm_egemaps_audio,val,27,1.1154562316189087,0.9237066953653047,-0.27460642529566726,-0.48692307692307685,,0.21459099306647159,0.008011105233405544,0.009888955069042225,0.4183990423672835
earnings25,64k,ticker_disjoint,dv,3,ridge_wavlm_egemaps_audio_pastvol,test,39,1.2400119364033595,0.8495082236528879,0.15611339322517415,0.18603238866396762,,0.18163895966352014,0.02761081228344193,0.13411197008751524,0.4147118096349128
earnings25,64k,ticker_disjoint,dv,3,ridge_wavlm_egemaps_audio_pastvol,val,27,1.1039812891652028,0.917732706695878,-0.2614942699579679,-0.46423076923076917,,0.23160785078942603,0.00793893868380878,0.009904041607906363,0.44445411307698524
earnings25,64k,ticker_disjoint,dv,3,ridge_wavlm_text_audio_pastvol,test,39,1.304415718748889,0.8563209706193016,0.11228358179233155,0.08299595141700405,,0.43527612450545083,0.02189412728978644,0.10631627577851589,0.6576685072625423
earnings25,64k,ticker_disjoint,dv,3,ridge_wavlm_text_audio_pastvol,val,27,1.0873710614812606,0.9034167000451958,-0.242514141171696,-0.3815384615384615,,0.349545378525688,0.00660947584193639,0.01552671037516082,0.11896670454780361
earnings25,64k,ticker_disjoint,dv,7,mlp_egemaps_audio,test,39,0.5599096336031107,0.6085250417498079,-0.011146713811948983,-0.04979757085020243,0.09934216340207927,0.9310379131262801,0.006573467982397748,0.019529321883617723,0.855463624636899
earnings25,64k,ticker_disjoint,dv,7,mlp_egemaps_audio,val,27,0.4903820092832869,0.5981200987843188,-0.237809025694262,-0.615,0.09934216340207927,0.1774305985736973,0.0009566729698747179,0.010363554995496753,0.009850632173179314
earnings25,64k,ticker_disjoint,dv,7,mlp_egemaps_audio_pastvol,test,39,0.40112528605200876,0.504285819458676,0.27560361444705583,0.5006072874493928,0.018454185207924117,0.037403313392314445,0.052995094551275414,0.11764425051936642,0.15799060074098428
earnings25,64k,ticker_disjoint,dv,7,mlp_egemaps_audio_pastvol,val,27,0.4429229376141556,0.5506242536414302,-0.11801411855853705,-0.41846153846153844,0.018454185207924117,0.5843878587825504,0.0015193961556074394,0.02753358397005922,0.05100626781511003
earnings25,64k,ticker_disjoint,dv,7,mlp_emotion2vec_audio,test,39,2.7399622466368025e+20,8650468385.119354,-4.948126725069828e+20,-0.19433198380566802,3.9247091133403005e+20,0.1552961545606718,0.1552961545606718,0.1552961545606718,0.1552961545606718
earnings25,64k,ticker_disjoint,dv,7,mlp_emotion2vec_audio,val,27,1.453615814871971e+20,7264952729.396032,-3.669177786864965e+20,-0.7853846153846153,3.9247091133403005e+20,0.050524453719768984,0.050524453719768984,0.050524453719768984,0.050524453719768984
earnings25,64k,ticker_disjoint,dv,7,mlp_emotion2vec_audio_pastvol,test,39,2.8382051248430734e+20,8865670796.780968,-5.125544575186894e+20,-0.1653846153846154,3.678896984498754e+20,0.15412849661649883,0.15412849661649883,0.15412849661649883,0.15412849661649883
earnings25,64k,ticker_disjoint,dv,7,mlp_emotion2vec_audio_pastvol,val,27,1.5043267237486563e+20,7421854981.282289,-3.7971808936682947e+20,-0.7284615384615384,3.678896984498754e+20,0.050077424048156904,0.050077424048156904,0.050077424048156904,0.050077424048156904
earnings25,64k,ticker_disjoint,dv,7,mlp_wavlm_audio,test,39,2.1854488305556123e+24,1115061740708.2913,-3.9467250974054275e+24,-0.10080971659919029,7.498602771479349e+24,0.00012134703187669249,0.00012134703187669249,0.00012134703187669249,0.00012134703187669249
earnings25,64k,ticker_disjoint,dv,7,mlp_wavlm_audio,val,27,1.8432645953359187e+24,1113304420020.4548,-4.652718716545385e+24,-0.4684615384615384,7.498602771479349e+24,0.0008531606351171559,0.0008531606351171559,0.0008531606351171559,0.0008531606351171559
earnings25,64k,ticker_disjoint,dv,7,mlp_wavlm_audio_pastvol,test,39,6.448986826497266e+24,1568056055008.4148,-1.1646293340349185e+25,-0.1625506072874494,3.9756796984395887e+24,0.00427648773435686,0.00427648773435686,0.00427648773435686,0.00427648773435686
earnings25,64k,ticker_disjoint,dv,7,mlp_wavlm_audio_pastvol,val,27,7.992863417239189e+24,1845697882750.4277,-2.0175370000747175e+25,0.6065384615384615,3.9756796984395887e+24,0.007168836842364029,0.007168836842364029,0.007168836842364029,0.007168836842364029
earnings25,64k,ticker_disjoint,dv,7,mlp_wavlm_egemaps_audio,test,39,4.9208784774900714e+23,356524508269.793,-8.886666352858387e+23,-0.1625506072874494,4.309594475096041e+24,0.019758477351738,0.019758477351738,0.019758477351738,0.019758477351738
earnings25,64k,ticker_disjoint,dv,7,mlp_wavlm_egemaps_audio,val,27,1.693475715396608e+23,263591858451.81107,-4.274625670659593e+23,0.6065384615384615,4.309594475096041e+24,0.0015465165413887643,0.0015465165413887643,0.0015465165413887643,0.0015465165413887643
earnings25,64k,ticker_disjoint,dv,7,mlp_wavlm_egemaps_audio_pastvol,test,39,2.378168830108561e+24,1056290019286.0312,-4.294760177601843e+24,-0.053036437246963566,6.675700057444261e+24,0.004503401381100292,0.004503401381100292,0.004503401381100292,0.004503401381100292
earnings25,64k,ticker_disjoint,dv,7,mlp_wavlm_egemaps_audio_pastvol,val,27,1.2024836594916535e+24,944077713054.024,-3.035276781756446e+24,-0.45538461538461533,6.675700057444261e+24,3.829667911534298e-06,3.829667911534298e-06,3.829667911534298e-06,3.829667911534298e-06
earnings25,64k,ticker_disjoint,dv,7,mlp_wavlm_text_audio_pastvol,test,39,7.906001012562296e+24,2030508793266.0518,-1.4277530629010226e+25,-0.06336032388663967,8.24952370287562e+24,0.00250539988845512,0.00250539988845512,0.00250539988845512,0.00250539988845512
earnings25,64k,ticker_disjoint,dv,7,mlp_wavlm_text_audio_pastvol,val,27,5.194424546740782e+24,1711974333446.153,-1.3111626172095588e+25,0.3619230769230769,8.24952370287562e+24,0.004179815791593261,0.004179815791593261,0.004179815791593261,0.004179815791593261
earnings25,64k,ticker_disjoint,dv,7,ridge_egemaps_audio,test,39,0.5133362508227155,0.5741305305799737,0.07296064945389547,0.01437246963562753,,0.5463271516599045,0.006410968091656926,0.01565821708336383,0.6735415788355572
earnings25,64k,ticker_disjoint,dv,7,ridge_egemaps_audio,val,27,0.38278032181942884,0.5379236757327883,0.03379624815613802,-0.32692307692307687,,0.8546738246697223,0.017820934534991725,0.08088933136542575,0.06861535492157546
earnings25,64k,ticker_disjoint,dv,7,ridge_egemaps_audio_pastvol,test,39,0.2670492021019545,0.4379586950843097,0.5177330288213957,0.6686234817813765,,0.02467055772689091,0.4629717905156208,0.7046094612980864,0.028625544183805397
earnings25,64k,ticker_disjoint,dv,7,ridge_egemaps_audio_pastvol,val,27,0.31654118701260153,0.43899642426888097,0.20099528353246343,-0.27923076923076917,,0.3156007657778738,0.05595167174479075,0.24946420338967085,0.6071761908267705
earnings25,64k,ticker_disjoint,dv,7,ridge_emotion2vec_audio,test,39,0.5037605972819553,0.5639334616513337,0.09025342319674678,0.1807692307692308,,0.5384141692035443,0.005242531934845992,0.014305565810353,0.6015193162231222
earnings25,64k,ticker_disjoint,dv,7,ridge_emotion2vec_audio,val,27,0.4037925077649621,0.5560912556777895,-0.01924214420038517,-0.3284615384615384,,0.9193742523672495,0.013321479413470585,0.05521602749739248,0.02936093453300902
earnings25,64k,ticker_disjoint,dv,7,ridge_emotion2vec_audio_pastvol,test,39,0.25357051016167315,0.4213365703147913,0.542074340783104,0.6866396761133604,,0.025914573633853497,0.692377929381663,0.5536841685661582,0.027986334420483087
earnings25,64k,ticker_disjoint,dv,7,ridge_emotion2vec_audio_pastvol,val,27,0.35508116099310993,0.5043013755698903,0.10371372193354123,0.6834615384615385,,0.5900551678688849,0.010392065307032712,0.13940934951124084,0.29168833608150624
earnings25,64k,ticker_disjoint,dv,7,ridge_wavlm_audio,test,39,0.5003941431001889,0.5688386194027402,0.09633293831633216,0.20728744939271254,,0.42441196779866763,0.00834579313923917,0.01660195593038577,0.5510466518325452
earnings25,64k,ticker_disjoint,dv,7,ridge_wavlm_audio,val,27,0.42101373733878045,0.5715730127564539,-0.06271150685335103,-0.4784615384615384,,0.7135102686258631,0.005096925543106778,0.031029502096861446,0.006951703645241304
earnings25,64k,ticker_disjoint,dv,7,ridge_wavlm_audio_pastvol,test,39,0.4891179937960716,0.5633126758106556,0.11669665529676398,0.30242914979757085,,0.33608835578723706,0.009230976180100861,0.019330935444959937,0.4538001394209335
earnings25,64k,ticker_disjoint,dv,7,ridge_wavlm_audio_pastvol,val,27,0.4178830114666468,0.5687546426047274,-0.054809013148157115,-0.47269230769230763,,0.7463094107751348,0.004881657386570416,0.031327493503040114,0.007845943238601062
earnings25,64k,ticker_disjoint,dv,7,ridge_wavlm_egemaps_audio,test,39,0.5006133472004566,0.567503030991482,0.0959370753192742,0.19149797570850202,,0.4216905779029801,0.008965522173695643,0.017329206768270107,0.5558397182983916
earnings25,64k,ticker_disjoint,dv,7,ridge_wavlm_egemaps_audio,val,27,0.4146447431299223,0.5677330267469141,-0.046635063657889386,0.5184615384615384,,0.7827006583620534,0.005817654837770425,0.03526081497800693,0.008069957498356057
earnings25,64k,ticker_disjoint,dv,7,ridge_wavlm_egemaps_audio_pastvol,test,39,0.48923562632477896,0.5616285277134377,0.11648422147226567,0.28906882591093114,,0.33197106903411755,0.009933084949413171,0.020182688403174772,0.45760596154873173
earnings25,64k,ticker_disjoint,dv,7,ridge_wavlm_egemaps_audio_pastvol,val,27,0.4117154438164255,0.5650590817953343,-0.03924100543274012,0.5288461538461537,,0.8150365955118687,0.005545247776494878,0.03550268079861824,0.009075554481046112
earnings25,64k,ticker_disjoint,dv,7,ridge_wavlm_text_audio_pastvol,test,39,0.5475393137737122,0.559969989742456,0.011192977262495796,0.10647773279352227,,0.9392361316855692,0.017624866967249575,0.02913643620633831,0.9388897159340756
earnings25,64k,ticker_disjoint,dv,7,ridge_wavlm_text_audio_pastvol,val,27,0.3226971998735113,0.5006213037348911,0.18545644210420442,-0.2534615384615384,,0.24736119961430347,0.08054920602609725,0.27174275178783414,0.019456264242057552
earnings25,64k,ticker_disjoint,dv,15,mlp_egemaps_audio,test,39,0.19593955595121423,0.3756047017035426,-0.14928245194892154,0.10465587044534413,0.1008127196629729,0.44857326019966354,0.04223557095756277,0.05149166266036005,0.736736795349556
earnings25,64k,ticker_disjoint,dv,15,mlp_egemaps_audio,val,27,0.2536714772881546,0.42261146377447567,-0.1766308956976237,-0.5053846153846153,0.1008127196629729,0.3104878160313817,0.12493921972903722,0.007698148048868469,0.03376465977797039
earnings25,64k,ticker_disjoint,dv,15,mlp_egemaps_audio_pastvol,test,39,0.15663706841112526,0.32262133039358665,0.0812460854282474,0.3374493927125506,0.04189784811135862,0.5969188563094308,0.14585450054597723,0.11675513495945553,0.5100650616062388
earnings25,64k,ticker_disjoint,dv,15,mlp_egemaps_audio_pastvol,val,27,0.25365289940959906,0.40495635429441273,-0.1765447239840412,-0.4915384615384615,0.04189784811135862,0.4107606428126495,0.08583988435042456,0.019363440148944217,0.032115179203541656
earnings25,64k,ticker_disjoint,dv,15,mlp_emotion2vec_audio,test,39,7.775266944222234e+19,4677363257.768317,-4.560578804433976e+20,-0.024696356275303644,3.420336900719825e+20,0.1527333250367747,0.1527333250367747,0.1527333250367747,0.1527333250367747
earnings25,64k,ticker_disjoint,dv,15,mlp_emotion2vec_audio,val,27,4.116489654876141e+19,3901276650.8049884,-1.9093943716206248e+20,-0.7073076923076922,3.420336900719825e+20,0.04954470395785909,0.04954470395785909,0.04954470395785909,0.04954470395785909
earnings25,64k,ticker_disjoint,dv,15,mlp_emotion2vec_audio_pastvol,test,39,1.70578805698374e+20,6470815219.607548,-1.0005291025175005e+21,-0.11882591093117409,4.617443292366515e+20,0.16274332644041983,0.16274332644041983,0.16274332644041983,0.16274332644041983
earnings25,64k,ticker_disjoint,dv,15,mlp_emotion2vec_audio_pastvol,val,27,9.103558514757147e+19,5568481326.727056,-4.2225985845018034e+20,-0.693076923076923,4.617443292366515e+20,0.05340069208958021,0.05340069208958021,0.05340069208958021,0.05340069208958021
earnings25,64k,ticker_disjoint,dv,15,mlp_wavlm_audio,test,39,8.786426019144509e+23,664168647021.9708,-5.15367363681505e+24,-0.12955465587044535,6.326860080159926e+24,0.002229588817106249,0.002229588817106249,0.002229588817106249,0.002229588817106249
earnings25,64k,ticker_disjoint,dv,15,mlp_wavlm_audio,val,27,4.9737998466044094e+23,609099569493.0015,-2.3070495079283116e+24,-0.35615384615384615,6.326860080159926e+24,8.504617009864334e-06,8.504617009864334e-06,8.504617009864334e-06,8.504617009864334e-06
earnings25,64k,ticker_disjoint,dv,15,mlp_wavlm_audio_pastvol,test,39,4.220486710317678e+24,1337698301562.9434,-2.4755242969211593e+25,-0.0020242914979757085,3.7587072881885143e+24,0.003456645898988218,0.003456645898988218,0.003456645898988218,0.003456645898988218
earnings25,64k,ticker_disjoint,dv,15,mlp_wavlm_audio_pastvol,val,27,5.151381917103682e+24,1536562850664.9465,-2.389419253595084e+25,0.6046153846153846,3.7587072881885143e+24,0.006783267668607453,0.006783267668607453,0.006783267668607453,0.006783267668607453
earnings25,64k,ticker_disjoint,dv,15,mlp_wavlm_egemaps_audio,test,39,1.710948671402236e+24,697769128497.3513,-1.0035560582353794e+25,0.08987854251012145,4.553321331405632e+24,0.01900060843079926,0.01900060843079926,0.01900060843079926,0.01900060843079926
earnings25,64k,ticker_disjoint,dv,15,mlp_wavlm_egemaps_audio,val,27,5.977693848146996e+23,532338108120.0492,-2.772696143036106e+24,0.4634615384615384,4.553321331405632e+24,0.0011675534295071124,0.0011675534295071124,0.0011675534295071124,0.0011675534295071124
earnings25,64k,ticker_disjoint,dv,15,mlp_wavlm_egemaps_audio_pastvol,test,39,1.4158900455599615e+24,762542062214.7422,-8.304895738644949e+24,-0.14008097165991903,5.59353104082016e+24,0.009714230049039088,0.009714230049039088,0.009714230049039088,0.009714230049039088
earnings25,64k,ticker_disjoint,dv,15,mlp_wavlm_egemaps_audio_pastvol,val,27,6.083228637503382e+23,651976655815.7589,-2.8216474461369307e+24,-0.44192307692307686,5.59353104082016e+24,1.644500411394287e-05,1.644500411394287e-05,1.644500411394287e-05,1.644500411394287e-05
earnings25,64k,ticker_disjoint,dv,15,mlp_wavlm_text_audio_pastvol,test,39,4.4794308483859106e+24,1448958856961.914,-2.627407847168133e+25,0.15506072874493926,4.5238341834823524e+24,0.0036783423546067,0.0036783423546067,0.0036783423546067,0.0036783423546067
earnings25,64k,ticker_disjoint,dv,15,mlp_wavlm_text_audio_pastvol,val,27,2.87255158227951e+24,1196343287260.535,-1.3324055890429408e+25,0.4453846153846153,4.5238341834823524e+24,0.0072576708213050985,0.0072576708213050985,0.0072576708213050985,0.0072576708213050985
earnings25,64k,ticker_disjoint,dv,15,ridge_egemaps_audio,test,39,0.1783288555315505,0.3557099683739913,-0.04598697972743504,0.19068825910931173,,0.7566769064132554,0.061171808078305995,0.07864023358976643,0.8863658674451602
earnings25,64k,ticker_disjoint,dv,15,ridge_egemaps_audio,val,27,0.20539384366368552,0.38354646758823735,0.04730029239252953,0.6619230769230768,,0.7208038213293068,0.47233453058012564,0.052868507398567494,0.0349311491209813
earnings25,64k,ticker_disjoint,dv,15,ridge_egemaps_audio_pastvol,test,39,0.16196390187086665,0.34143974139473077,0.05000157132278815,0.5062753036437248,,0.6818890173295139,0.06925720222327045,0.09471695172468053,0.5012813836721153
earnings25,64k,ticker_disjoint,dv,15,ridge_egemaps_audio_pastvol,val,27,0.21072275901809193,0.38520833816235084,0.022582627980343606,0.6073076923076922,,0.8742547471406769,0.33254077646503366,0.022138904259522727,0.02315940611826167
earnings25,64k,ticker_disjoint,dv,15,ridge_emotion2vec_audio,test,39,0.20549269337428838,0.36134457235768774,-0.20531633009106298,0.09210526315789473,,0.3159140449308669,0.016418550593329896,0.023203370351601946,0.5448918698916395
earnings25,64k,ticker_disjoint,dv,15,ridge_emotion2vec_audio,val,27,0.2163040386386754,0.4073857351086501,-0.0033056039537739945,-0.3519230769230769,,0.9876483482586119,0.3358552375030403,0.08878509652880172,0.01902004599893528
earnings25,64k,ticker_disjoint,dv,15,ridge_emotion2vec_audio_pastvol,test,39,0.12604086357331643,0.2835594461918895,0.2607079666477986,0.6129554655870445,,0.19158931634789003,0.5664515813840854,0.4417109464382014,0.14331079016564308
earnings25,64k,ticker_disjoint,dv,15,ridge_emotion2vec_audio_pastvol,val,27,0.21936496137643113,0.37389096889130286,-0.01750340144007012,0.6419230769230768,,0.941302248866339,0.2868610406628774,0.08537471620800142,0.06580855569547571
earnings25,64k,ticker_disjoint,dv,15,ridge_wavlm_audio,test,39,0.17304856848636177,0.34681718260773303,-0.015015483375776517,0.2117408906882591,,0.914738767459263,0.06972724133460904,0.08295316298472813,0.7645251008111795
earnings25,64k,ticker_disjoint,dv,15,ridge_wavlm_audio,val,27,0.19799228835490507,0.3687232509314142,0.08163169908289658,0.6384615384615384,,0.628847362727262,0.6386944539890087,0.0847335498978762,0.10762905079421406
earnings25,64k,ticker_disjoint,dv,15,ridge_wavlm_audio_pastvol,test,39,0.15372515218007463,0.3255715398113408,0.0983259150198027,0.35809716599190283,,0.4601740201967568,0.15309054205925576,0.15959725714510534,0.3644385555913442
earnings25,64k,ticker_disjoint,dv,15,ridge_wavlm_audio_pastvol,val,27,0.20109384447384268,0.365964327833739,0.06724542754265339,0.635,,0.7095768578301495,0.5630133633390243,0.061168414131640016,0.10822214784049128
earnings25,64k,ticker_disjoint,dv,15,ridge_wavlm_egemaps_audio,test,39,0.17553678033312992,0.3514711478250074,-0.02961007709290242,0.20587044534412957,,0.8393939358009845,0.07169250225138044,0.08331876109990927,0.828246782169634
earnings25,64k,ticker_disjoint,dv,15,ridge_wavlm_egemaps_audio,val,27,0.1943362978486016,0.36589665371172975,0.0985896615234565,0.6526923076923077,,0.5266771028663976,0.7069813657007978,0.09769900046375507,0.11260610267873325
earnings25,64k,ticker_disjoint,dv,15,ridge_wavlm_egemaps_audio_pastvol,test,39,0.15428880250359944,0.3249647014192916,0.0950198269626078,0.3744939271255061,,0.4853129450317386,0.16800062366327914,0.1706267767847635,0.38591876814400383
earnings25,64k,ticker_disjoint,dv,15,ridge_wavlm_egemaps_audio_pastvol,val,27,0.1980154281438472,0.36494620480085754,0.08152436738411695,0.6511538461538461,,0.6263548091841149,0.6153585200651965,0.06656165578300169,0.11032309946393941
earnings25,64k,ticker_disjoint,dv,15,ridge_wavlm_text_audio_pastvol,test,39,0.18239760581674394,0.3439244859276101,-0.06985221347992576,0.10060728744939271,,0.6818775182218704,0.09172414850551368,0.09206596213935898,0.9707834063239094
earnings25,64k,ticker_disjoint,dv,15,ridge_wavlm_text_audio_pastvol,val,27,0.1405233530906521,0.32627631208141294,0.3481958611150159,-0.2038461538461538,,0.06022735696341484,0.22552824008612393,0.8992944929700236,0.5524753422408928
earnings25,64k,ticker_disjoint,dv,30,mlp_egemaps_audio,test,39,0.10375805883098348,0.27289249995020204,-0.15649245437411796,-0.026518218623481783,0.07053108692834899,0.461201095947411,0.12070516184056738,0.11863300782544985,0.027961745582020945
earnings25,64k,ticker_disjoint,dv,30,mlp_egemaps_audio,val,27,0.08250017483551238,0.22408363121293903,0.15752889498670508,0.5519230769230768,0.07053108692834899,0.667240474885454,0.2832393461945748,0.5887035964134858,0.5030252030130973
earnings25,64k,ticker_disjoint,dv,30,mlp_egemaps_audio_pastvol,test,39,0.08215152759547503,0.2205864414229611,0.08433501117983988,0.2927125506072874,0.015138267049950775,0.6756277108027566,0.6524259646487418,0.45469813640897466,0.40127443590216527
earnings25,64k,ticker_disjoint,dv,30,mlp_egemaps_audio_pastvol,val,27,0.13908022809721482,0.30526872184177284,-0.4202524259394069,0.3238461538461538,0.015138267049950775,0.2507306030161269,0.23445666642522894,0.131233803266082,0.023318443419302868
earnings25,64k,ticker_disjoint,dv,30,mlp_emotion2vec_audio,test,39,4.101100827445684e+19,3744987249.8577294,-4.571107261455528e+20,-0.15182186234817815,2.9981839827530383e+20,0.12942501633295686,0.12942501633295686,0.12942501633295686,0.12942501633295686
earnings25,64k,ticker_disjoint,dv,30,mlp_emotion2vec_audio,val,27,2.130249651416252e+19,2982330491.976996,-2.1753575448306988e+20,0.23153846153846147,2.9981839827530383e+20,0.040876745959893455,0.040876745959893455,0.040876745959893455,0.040876745959893455
earnings25,64k,ticker_disjoint,dv,30,mlp_emotion2vec_audio_pastvol,test,39,1.5331909759717048e+20,8134951961.523422,-1.708902243163679e+21,-0.09534412955465586,5.909672635391987e+20,0.08151801834921919,0.08151801834921919,0.08151801834921919,0.08151801834921919
earnings25,64k,ticker_disjoint,dv,30,mlp_emotion2vec_audio_pastvol,val,27,7.629785095963309e+19,6092093059.399694,-7.791345283359673e+20,0.4257692307692307,5.909672635391987e+20,0.024520024136964552,0.024520024136964552,0.024520024136964552,0.024520024136964552
earnings25,64k,ticker_disjoint,dv,30,mlp_wavlm_audio,test,39,6.113344798231425e+23,573954237755.4384,-6.81396434146733e+24,-0.03987854251012146,7.081051352818379e+24,0.0004904102037648169,0.0004904102037648169,0.0004904102037648169,0.0004904102037648169
earnings25,64k,ticker_disjoint,dv,30,mlp_wavlm_audio,val,27,6.508021717008993e+23,610805694805.4839,-6.645828640133978e+24,-0.5803846153846153,7.081051352818379e+24,0.0037966594516066522,0.0037966594516066522,0.0037966594516066522,0.0037966594516066522
earnings25,64k,ticker_disjoint,dv,30,mlp_wavlm_audio_pastvol,test,39,4.93178872339188e+24,1550422043883.2349,-5.496996097875063e+25,-0.1362348178137652,3.387564215397041e+24,0.001711659791003432,0.001711659791003432,0.001711659791003432,0.001711659791003432
earnings25,64k,ticker_disjoint,dv,30,mlp_wavlm_audio_pastvol,val,27,5.732212871475671e+24,1714775728625.2468,-5.853592094358558e+25,-0.5323076923076923,3.387564215397041e+24,0.005616735689999987,0.005616735689999987,0.005616735689999987,0.005616735689999987
earnings25,64k,ticker_disjoint,dv,30,mlp_wavlm_egemaps_audio,test,39,3.033241656255853e+24,954007166401.3557,-3.380866148881379e+25,-0.1362348178137652,5.689585316190478e+24,0.018313882104290278,0.018313882104290278,0.018313882104290278,0.018313882104290278
earnings25,64k,ticker_disjoint,dv,30,mlp_wavlm_egemaps_audio,val,27,1.0745067025665096e+24,740121165413.0518,-1.0972593098866214e+25,-0.5323076923076923,5.689585316190478e+24,0.0008952246014773338,0.0008952246014773338,0.0008952246014773338,0.0008952246014773338
earnings25,64k,ticker_disjoint,dv,30,mlp_wavlm_egemaps_audio_pastvol,test,39,1.0086001450627165e+24,708278944861.2598,-1.1241907090279519e+25,0.08866396761133602,4.4961345117548593e+24,0.0025070240336669243,0.0025070240336669243,0.0025070240336669243,0.0025070240336669243
earnings25,64k,ticker_disjoint,dv,30,mlp_wavlm_egemaps_audio_pastvol,val,27,5.611971349173084e+23,647100659927.8269,-5.73080446589024e+24,0.4511538461538461,4.4961345117548593e+24,7.060477248967923e-06,7.060477248967923e-06,7.060477248967923e-06,7.060477248967923e-06
earnings25,64k,ticker_disjoint,dv,30,mlp_wavlm_text_audio_pastvol,test,39,4.106236122919788e+24,1434811683713.815,-4.576831087184051e+25,0.09331983805668018,4.1035067849061444e+24,0.002980045711084373,0.002980045711084373,0.002980045711084373,0.002980045711084373
earnings25,64k,ticker_disjoint,dv,30,mlp_wavlm_text_audio_pastvol,val,27,2.6692227644710153e+24,1200178496483.7341,-2.725743377385622e+25,-0.6634615384615383,4.1035067849061444e+24,0.005355692191893273,0.005355692191893273,0.005355692191893273,0.005355692191893273
earnings25,64k,ticker_disjoint,dv,30,ridge_egemaps_audio,test,39,0.07999848848542555,0.23305830878402914,0.10833289156425052,-0.10546558704453442,,0.3845151492393909,0.6129765077009207,0.5331759457216105,0.1490872615034742
earnings25,64k,ticker_disjoint,dv,30,ridge_egemaps_audio,val,27,0.09561591201390642,0.21274667335164568,0.023594274656794756,-0.5599999999999999,,0.8450041156114502,0.6751882837340313,0.9394317711867791,0.2283019431536054
earnings25,64k,ticker_disjoint,dv,30,ridge_egemaps_audio_pastvol,test,39,0.07880396135767725,0.23091779297399703,0.12164714999728876,0.08927125506072874,,0.3310037156840027,0.6882814181508546,0.5748882157717854,0.18331327591274812
earnings25,64k,ticker_disjoint,dv,30,ridge_egemaps_audio_pastvol,val,27,0.09585271279736733,0.2135779932775121,0.02117612441519723,-0.6515384615384615,,0.8625931567704165,0.6763279289642892,0.9281624120463737,0.21646077977243705
earnings25,64k,ticker_disjoint,dv,30,ridge_emotion2vec_audio,test,39,0.08414892264397716,0.23773532329063776,0.06207194720174669,-0.020850202429149797,,0.6747485882367376,0.4203675983883009,0.43043178037399743,0.11488624829532607
earnings25,64k,ticker_disjoint,dv,30,ridge_emotion2vec_audio,val,27,0.09591031314443435,0.2226361487461401,0.020587924109689237,0.4784615384615384,,0.8806240826210587,0.6477345736139355,0.9158009571586512,0.155232395548964
earnings25,64k,ticker_disjoint,dv,30,ridge_emotion2vec_audio_pastvol,test,39,0.08286130200640321,0.23590880630536623,0.07642383049860335,0.034210526315789476,,0.6031972879767447,0.4741989232573397,0.46481005124108493,0.1365702096084877
earnings25,64k,ticker_disjoint,dv,30,ridge_emotion2vec_audio_pastvol,val,27,0.09617136111441997,0.22281707308576504,0.01792216767736965,0.46461538461538454,,0.8974160920664991,0.6506482389127668,0.9013943440392351,0.14689666887483965
earnings25,64k,ticker_disjoint,dv,30,ridge_wavlm_audio,test,39,0.07994747884628245,0.2309147526577098,0.10890144752447184,0.034210526315789476,,0.3708774941606499,0.6498936614747133,0.5367224423851344,0.17431574623596333
earnings25,64k,ticker_disjoint,dv,30,ridge_wavlm_audio,val,27,0.09369078286464759,0.21302048605588797,0.043253210954845356,-0.5226923076923077,,0.7572244903493673,0.5964031829255492,0.9805209101316359,0.20440604140185134
earnings25,64k,ticker_disjoint,dv,30,ridge_wavlm_audio_pastvol,test,39,0.0787433976531387,0.22866030425784303,0.12232219604283856,0.08785425101214576,,0.3148877499963189,0.721381371848208,0.5782778491442668,0.21061230620602156
earnings25,64k,ticker_disjoint,dv,30,ridge_wavlm_audio_pastvol,val,27,0.0939322114617988,0.21387684006881125,0.04078780263990167,-0.5692307692307692,,0.7748217472762494,0.5972756109527335,0.9913354757170386,0.19353237729964698
earnings25,64k,ticker_disjoint,dv,30,ridge_wavlm_egemaps_audio,test,39,0.08023249665816067,0.23118447243790255,0.10572462489967394,0.04230769230769231,,0.38830052594096337,0.6336330572607989,0.5267649613028931,0.16071699204425047
earnings25,64k,ticker_disjoint,dv,30,ridge_wavlm_egemaps_audio,val,27,0.09677909198095017,0.21383953501059996,0.011716172408908765,-0.5403846153846154,,0.9224738956980932,0.7056415149476281,0.8919830412366185,0.21126616376336282
earnings25,64k,ticker_disjoint,dv,30,ridge_wavlm_egemaps_audio_pastvol,test,39,0.07901335159097786,0.228911062831773,0.11931327610296061,0.08076923076923077,,0.3302496524814068,0.7045612706225098,0.5682352887505955,0.19552051303103302
earnings25,64k,ticker_disjoint,dv,30,ridge_wavlm_egemaps_audio_pastvol,val,27,0.09699376830343913,0.21470174020993138,0.009523951616794646,-0.5723076923076922,,0.937907288556171,0.7069283337966953,0.8805496150822453,0.2007064614932695
earnings25,64k,ticker_disjoint,dv,30,ridge_wavlm_text_audio_pastvol,test,39,0.06900143332897418,0.21387173409982815,0.23090661212208186,0.3643724696356276,,0.10823420562490627,0.6940445889369531,0.9824366129891408,0.7220274244098256
earnings25,64k,ticker_disjoint,dv,30,ridge_wavlm_text_audio_pastvol,val,27,0.08180711689677879,0.22546946754104394,0.16460622892747867,0.6757692307692307,,0.5627616373250869,0.3174854317973822,0.5261123208687128,0.031153192032704228
earnings25,64k,ticker_disjoint,har_resid,3,mlp_egemaps_audio,test,39,0.7642094812733997,0.6808540033773387,-0.04426638773046787,-0.0728744939271255,0.09565335956633958,0.40459878646241904,0.40459878646241904,0.1634339088890584,0.22177823940799263
earnings25,64k,ticker_disjoint,har_resid,3,mlp_egemaps_audio,val,27,0.5457834167515448,0.5647870058019131,-0.015847019699517517,-0.4688461538461538,0.09565335956633958,0.8854314896044532,0.8854314896044532,0.19884898133918955,0.9272908003890612
earnings25,64k,ticker_disjoint,har_resid,3,mlp_egemaps_audio_pastvol,test,39,0.8344822350822472,0.7032520080596871,-0.14029172708317894,-0.2546558704453441,0.02693159243587344,0.05401474764202337,0.05401474764202337,0.414685620440314,0.028624684638380273
earnings25,64k,ticker_disjoint,har_resid,3,mlp_egemaps_audio_pastvol,val,27,0.6785703844028668,0.6601835584054059,-0.2629986208719983,-0.625,0.02693159243587344,0.017150583212534976,0.017150583212534976,0.02312990986091748,0.04508243926384844
earnings25,64k,ticker_disjoint,har_resid,3,mlp_emotion2vec_audio,test,39,2.928539981284018e+19,2787698465.0481954,-4.001750753581185e+19,-0.062145748987854244,3.173012896382461e+20,0.15755833835538816,0.15755833835538816,0.15755833835538816,0.15755833835538816
earnings25,64k,ticker_disjoint,har_resid,3,mlp_emotion2vec_audio,val,27,1.5564762370398464e+19,2356714622.852827,-2.897013170610542e+19,-0.5269230769230768,3.173012896382461e+20,0.05139356706963438,0.05139356706963438,0.05139356706963438,0.05139356706963438
earnings25,64k,ticker_disjoint,har_resid,3,mlp_emotion2vec_audio_pastvol,test,39,9.54894306374564e+19,7121838788.911574,-1.3048307465651765e+20,-0.062145748987854244,6.078253638077531e+20,0.01989627210913028,0.01989627210913028,0.01989627210913028,0.01989627210913028
earnings25,64k,ticker_disjoint,har_resid,3,mlp_emotion2vec_audio_pastvol,val,27,4.379637092841605e+19,4955993912.817637,-8.151660808254138e+19,-0.5269230769230768,6.078253638077531e+20,0.00668886907488734,0.00668886907488734,0.00668886907488734,0.00668886907488734
earnings25,64k,ticker_disjoint,har_resid,3,mlp_wavlm_audio,test,39,3.308261536660228e+23,427153830559.54443,-4.520627405458588e+23,0.018421052631578946,6.661068516898282e+24,0.0003554452340780211,0.0003554452340780211,0.0003554452340780211,0.0003554452340780211
earnings25,64k,ticker_disjoint,har_resid,3,mlp_wavlm_audio,val,27,2.3539761477316117e+23,411055443526.2747,-4.381371036059682e+23,-0.6399999999999999,6.661068516898282e+24,0.00015710412790130094,0.00015710412790130094,0.00015710412790130094,0.00015710412790130094
earnings25,64k,ticker_disjoint,har_resid,3,mlp_wavlm_audio_pastvol,test,39,2.755607159395027e+24,1168237209893.476,-3.7654439062320255e+24,0.0402834008097166,5.603995155037305e+24,0.0014934020739829248,0.0014934020739829248,0.0014934020739829248,0.0014934020739829248
earnings25,64k,ticker_disjoint,har_resid,3,mlp_wavlm_audio_pastvol,val,27,3.173044211402003e+24,1285471486125.9797,-5.905872927969293e+24,0.4115384615384615,5.603995155037305e+24,0.0054057455054840825,0.0054057455054840825,0.0054057455054840825,0.0054057455054840825
earnings25,64k,ticker_disjoint,har_resid,3,mlp_wavlm_egemaps_audio,test,39,2.871337409022889e+24,1081144361183.284,-3.9235853748888336e+24,-0.07793522267206478,4.400980432023243e+24,0.01005029523642106,0.01005029523642106,0.01005029523642106,0.01005029523642106
earnings25,64k,ticker_disjoint,har_resid,3,mlp_wavlm_egemaps_audio,val,27,1.2230230943292053e+24,921817247541.0282,-2.2763688438770957e+24,0.5823076923076923,4.400980432023243e+24,1.9281261166561712e-05,1.9281261166561712e-05,1.9281261166561712e-05,1.9281261166561712e-05
earnings25,64k,ticker_disjoint,har_resid,3,mlp_wavlm_egemaps_audio_pastvol,test,39,7.707405722067743e+23,479775019773.7111,-1.05319090241402e+24,0.048785425101214586,7.13800336364407e+24,0.018382812445054592,0.018382812445054592,0.018382812445054592,0.018382812445054592
earnings25,64k,ticker_disjoint,har_resid,3,mlp_wavlm_egemaps_audio_pastvol,val,27,2.7264952473254246e+23,371664896131.9523,-5.0747274215575406e+23,-0.5661538461538461,7.13800336364407e+24,0.0009198432368331806,0.0009198432368331806,0.0009198432368331806,0.0009198432368331806
earnings25,64k,ticker_disjoint,har_resid,3,mlp_wavlm_text_audio_pastvol,test,39,3.1045018144361685e+24,1214918610121.006,-4.2421966422896624e+24,0.06842105263157895,4.276788382461782e+24,0.003543995310037337,0.003543995310037337,0.003543995310037337,0.003543995310037337
earnings25,64k,ticker_disjoint,har_resid,3,mlp_wavlm_text_audio_pastvol,val,27,1.9957300500279834e+24,1005837834889.578,-3.7145804750029677e+24,0.49999999999999994,4.276788382461782e+24,0.006876979345621627,0.006876979345621627,0.006876979345621627,0.006876979345621627
earnings25,64k,ticker_disjoint,har_resid,3,ridge_egemaps_audio,test,39,0.7240480975363613,0.6282114462136767,0.010612783686577587,0.07914979757085021,,0.6435641898616936,0.6435641898616936,0.07485042926849964,0.4791639150087213
earnings25,64k,ticker_disjoint,har_resid,3,ridge_egemaps_audio,val,27,0.5182125745247381,0.5663029596520243,0.035469596099120815,0.508076923076923,,0.5344953065823204,0.5344953065823204,0.272771409205094,0.5310133987340334
earnings25,64k,ticker_disjoint,har_resid,3,ridge_egemaps_audio_pastvol,test,39,0.7239958909696939,0.6295420896319077,0.010684122192740508,0.05526315789473685,,0.6704473967683513,0.6704473967683513,0.07480034910181321,0.46015950072969497
earnings25,64k,ticker_disjoint,har_resid,3,ridge_egemaps_audio_pastvol,val,27,0.5165024014014057,0.5645602985492408,0.0386526797494956,0.5069230769230769,,0.5067457742640592,0.5067457742640592,0.28281405116660674,0.5115688008761585
earnings25,64k,ticker_disjoint,har_resid,3,ridge_emotion2vec_audio,test,39,0.7330527568695985,0.6218056443153704,-0.0016917784852950035,0.08846153846153848,,0.9456944639815502,0.9456944639815502,0.08637289336264214,0.3338187074743368
earnings25,64k,ticker_disjoint,har_resid,3,ridge_emotion2vec_audio,val,27,0.5654966690473494,0.599664934418624,-0.05253858631484021,0.43038461538461537,,0.24903003183321826,0.24903003183321826,0.1195523246771216,0.8048807089288339
earnings25,64k,ticker_disjoint,har_resid,3,ridge_emotion2vec_audio_pastvol,test,39,0.7330596333296905,0.6219009544531915,-0.0017011749352431327,0.09736842105263158,,0.9455563563865954,0.9455563563865954,0.08635813512683288,0.3305525813642496
earnings25,64k,ticker_disjoint,har_resid,3,ridge_emotion2vec_audio_pastvol,val,27,0.5652727574390145,0.5996125801518168,-0.052121827701401724,0.42461538461538456,,0.2534545863862892,0.2534545863862892,0.1202741323063179,0.8081925891398846
earnings25,64k,ticker_disjoint,har_resid,3,ridge_wavlm_audio,test,39,0.7090458741226338,0.6129225387187112,0.03111281415737721,-0.0008097165991902834,,0.5412896047103094,0.5412896047103094,0.049758420025133754,0.907829185515812
earnings25,64k,ticker_disjoint,har_resid,3,ridge_wavlm_audio,val,27,0.5400200278470383,0.5876948128026744,-0.0051198314737208594,-0.46038461538461534,,0.9271750423495395,0.9271750423495395,0.11249028089519683,0.8052240476007645
earnings25,64k,ticker_disjoint,har_resid,3,ridge_wavlm_audio_pastvol,test,39,0.7090934434788367,0.613077944482455,0.031047812242344874,-0.0014170040485829958,,0.5445728668418253,0.5445728668418253,0.04990885800371456,0.9069837174720731
earnings25,64k,ticker_disjoint,har_resid,3,ridge_wavlm_audio_pastvol,val,27,0.539856497035903,0.5876538164519665,-0.0048154574637711,-0.4569230769230769,,0.9314731115222344,0.9314731115222344,0.1130064980254604,0.8027368181126217
earnings25,64k,ticker_disjoint,har_resid,3,ridge_wavlm_egemaps_audio,test,39,0.7055078398213108,0.6140738323602711,0.035947418267957776,-0.0012145748987854252,,0.48791803904190806,0.48791803904190806,0.04904861233060677,0.9879445870263869
earnings25,64k,ticker_disjoint,har_resid,3,ridge_wavlm_egemaps_audio,val,27,0.5340015187183776,0.5821307191915088,0.0060822028383026305,0.5099999999999999,,0.9101478769305105,0.9101478769305105,0.13014656632284652,0.7235936860948531
earnings25,64k,ticker_disjoint,har_resid,3,ridge_wavlm_egemaps_audio_pastvol,test,39,0.7055464263444308,0.6142273894644255,0.03589469109026511,-0.00931174089068826,,0.49123213637137575,0.49123213637137575,0.04919944045421423,0.9870892503296157
earnings25,64k,ticker_disjoint,har_resid,3,ridge_wavlm_egemaps_audio_pastvol,val,27,0.5338372472297118,0.5820825911806767,0.00638795544466797,0.5099999999999999,,0.9056818077320101,0.9056818077320101,0.13075229432214844,0.7212318972183542
earnings25,64k,ticker_disjoint,har_resid,3,ridge_wavlm_text_audio_pastvol,test,39,0.6872701511612725,0.6184347759479106,0.060868602477602174,0.11720647773279354,,0.3679095419118985,0.3679095419118985,0.05988252091795153,0.562902467966134
earnings25,64k,ticker_disjoint,har_resid,3,ridge_wavlm_text_audio_pastvol,val,27,0.5518675687250231,0.5957760273341611,-0.027171232674772394,-0.45730769230769225,,0.6740664650257044,0.6740664650257044,0.11005432887346575,0.9634660924870264
earnings25,64k,ticker_disjoint,har_resid,7,mlp_egemaps_audio,test,39,0.26972651376235607,0.4398192040948729,-0.1350673729716867,0.06619433198380567,0.07459584148478167,0.3159011374515035,0.3159011374515035,0.9898330781985076,0.7670126372232549
earnings25,64k,ticker_disjoint,har_resid,7,mlp_egemaps_audio,val,27,0.25680388566019724,0.41015368169685823,-0.1917091218285336,-0.5734615384615385,0.07459584148478167,0.17188217956308205,0.17188217956308205,0.19495255573905962,0.329059889671204
earnings25,64k,ticker_disjoint,har_resid,7,mlp_egemaps_audio_pastvol,test,39,0.24466368457121704,0.396575164046063,-0.029597579541262187,0.05283400809716599,0.03215639677125693,0.764052909556998,0.764052909556998,0.5148813005716715,0.75264187164762
earnings25,64k,ticker_disjoint,har_resid,7,mlp_egemaps_audio_pastvol,val,27,0.29727509448804185,0.42861217436699484,-0.3795174511596082,0.4092307692307692,0.03215639677125693,0.03237087305219021,0.03237087305219021,0.13731391159239906,0.11548122851549536
earnings25,64k,ticker_disjoint,har_resid,7,mlp_emotion2vec_audio,test,39,1.7143344159807927e+20,9589934651.910257,-7.214289150886743e+20,-0.013765182186234818,4.0745569821505507e+20,0.01711859715738963,0.01711859715738963,0.01711859715738963,0.01711859715738963
earnings25,64k,ticker_disjoint,har_resid,7,mlp_emotion2vec_audio,val,27,7.81327176752064e+19,6641774190.387532,-3.625781289384461e+20,-0.7696153846153846,4.0745569821505507e+20,0.005967160239415001,0.005967160239415001,0.005967160239415001,0.005967160239415001
earnings25,64k,ticker_disjoint,har_resid,7,mlp_emotion2vec_audio_pastvol,test,39,2.3676055557617215e+20,11519572703.147465,-9.96339507349792e+20,-0.013765182186234818,5.511044849231857e+20,0.006586917361624143,0.006586917361624143,0.006586917361624143,0.006586917361624143
earnings25,64k,ticker_disjoint,har_resid,7,mlp_emotion2vec_audio_pastvol,val,27,1.0424987271625757e+20,7781527953.836819,-4.837758741307213e+20,-0.7696153846153846,5.511044849231857e+20,0.0032261543519336937,0.0032261543519336937,0.0032261543519336937,0.0032261543519336937
earnings25,64k,ticker_disjoint,har_resid,7,mlp_wavlm_audio,test,39,2.4735772486906838e+23,322783701381.66455,-1.0409346824493439e+24,-0.0562753036437247,6.586222447120708e+24,0.008728477849202795,0.008728477849202795,0.008728477849202795,0.008728477849202795
earnings25,64k,ticker_disjoint,har_resid,7,mlp_wavlm_audio,val,27,1.090995479558894e+23,278221192213.31964,-5.062809939661062e+23,-0.625,6.586222447120708e+24,1.0540301955289485e-05,1.0540301955289485e-05,1.0540301955289485e-05,1.0540301955289485e-05
earnings25,64k,ticker_disjoint,har_resid,7,mlp_wavlm_audio_pastvol,test,39,1.996784717082699e+24,1005505210569.6328,-8.402900966591554e+24,0.17753036437246963,6.056840042501052e+24,0.0011999723861259295,0.0011999723861259295,0.0011999723861259295,0.0011999723861259295
earnings25,64k,ticker_disjoint,har_resid,7,mlp_wavlm_audio_pastvol,val,27,2.2650513901714137e+24,1098114359550.3734,-1.0511065267327629e+25,0.46730769230769226,6.056840042501052e+24,0.005075596686207979,0.005075596686207979,0.005075596686207979,0.005075596686207979
earnings25,64k,ticker_disjoint,har_resid,7,mlp_wavlm_egemaps_audio,test,39,2.812278648725587e+24,1020144800650.3081,-1.1834675402677528e+25,0.05870445344129555,5.068724915991599e+24,0.013409946347225414,0.013409946347225414,0.013409946347225414,0.013409946347225414
earnings25,64k,ticker_disjoint,har_resid,7,mlp_wavlm_egemaps_audio,val,27,1.1055764127971968e+24,844384563093.3811,-5.130473367339296e+24,0.6526923076923077,5.068724915991599e+24,0.000100881684070693,0.000100881684070693,0.000100881684070693,0.000100881684070693
earnings25,64k,ticker_disjoint,har_resid,7,mlp_wavlm_egemaps_audio_pastvol,test,39,7.316342750498517e+23,424261131276.36884,-3.0788749054479513e+24,-0.17753036437246963,5.770901360122838e+24,0.019925648587953232,0.019925648587953232,0.019925648587953232,0.019925648587953232
earnings25,64k,ticker_disjoint,har_resid,7,mlp_wavlm_egemaps_audio_pastvol,val,27,2.5095280059825253e+23,308611411382.41656,-1.1645569180252758e+24,-0.46730769230769226,5.770901360122838e+24,0.0016426810986649371,0.0016426810986649371,0.0016426810986649371,0.0016426810986649371
earnings25,64k,ticker_disjoint,har_resid,7,mlp_wavlm_text_audio_pastvol,test,39,3.0151416310323625e+24,1106576087175.2852,-1.2688366607106277e+25,0.35708502024291494,3.72383288151253e+24,0.004568140749727188,0.004568140749727188,0.004568140749727188,0.004568140749727188
earnings25,64k,ticker_disjoint,har_resid,7,mlp_wavlm_text_audio_pastvol,val,27,1.9051903824138483e+24,889755052967.6799,-8.841115280268036e+24,0.4342307692307692,3.72383288151253e+24,0.009938569695389683,0.009938569695389683,0.009938569695389683,0.009938569695389683
earnings25,64k,ticker_disjoint,har_resid,7,ridge_egemaps_audio,test,39,0.235217669632788,0.3891058254651348,0.010153289632320539,0.15222672064777326,,0.28251206842171855,0.28251206842171855,0.27139300028284996,0.450983364817839
earnings25,64k,ticker_disjoint,har_resid,7,ridge_egemaps_audio,val,27,0.21872173635865935,0.37556757187091383,-0.01498732268282521,0.4392307692307692,,0.2981171745502123,0.2981171745502123,0.39804743540322474,0.6535529272946428
earnings25,64k,ticker_disjoint,har_resid,7,ridge_egemaps_audio_pastvol,test,39,0.23520883945183668,0.3891001841599997,0.010190448939188412,0.14473684210526316,,0.2800289961850269,0.2800289961850269,0.2712792987443003,0.4507796104986414
earnings25,64k,ticker_disjoint,har_resid,7,ridge_egemaps_audio_pastvol,val,27,0.21870135585287176,0.3755473699785339,-0.014892746097303178,0.4392307692307692,,0.3008873393742964,0.3008873393742964,0.39827988502346606,0.6538883514509529
earnings25,64k,ticker_disjoint,har_resid,7,ridge_emotion2vec_audio,test,39,0.23553526874911823,0.3820863549398039,0.00881676401753173,0.11497975708502024,,0.7528250951356226,0.7528250951356226,0.25579351550945567,0.4647050565372497
earnings25,64k,ticker_disjoint,har_resid,7,ridge_emotion2vec_audio,val,27,0.23659718335656238,0.39732598351267673,-0.0979390786089438,-0.7184615384615384,,0.0027707340097591036,0.0027707340097591036,0.23179653573292056,0.3619563952192544
earnings25,64k,ticker_disjoint,har_resid,7,ridge_emotion2vec_audio_pastvol,test,39,0.23552526653811448,0.38206514211507464,0.00885885547976717,0.11497975708502024,,0.7519924525292655,0.7519924525292655,0.2555761204645193,0.4644653477150755
earnings25,64k,ticker_disjoint,har_resid,7,ridge_emotion2vec_audio_pastvol,val,27,0.2365465031082614,0.39730699273986725,-0.09770389480694819,-0.7184615384615384,,0.0027743171882046594,0.0027743171882046594,0.23204022037419503,0.3622231421650642
earnings25,64k,ticker_disjoint,har_resid,7,ridge_wavlm_audio,test,39,0.23593815383599834,0.3904460994861441,0.007121336635196651,-0.03866396761133603,,0.8624669729994747,0.8624669729994747,0.26910863861389667,0.5279926761393452
earnings25,64k,ticker_disjoint,har_resid,7,ridge_wavlm_audio,val,27,0.21904467168654118,0.3763515303929272,-0.01648591751525208,0.5319230769230768,,0.7999051124561053,0.7999051124561053,0.40123699948138003,0.6570180277761111
earnings25,64k,ticker_disjoint,har_resid,7,ridge_wavlm_audio_pastvol,test,39,0.23594020872188345,0.39045236447195636,0.007112689231977609,-0.04352226720647774,,0.8628116517404429,0.8628116517404429,0.26932613674657124,0.5280935684857545
earnings25,64k,ticker_disjoint,har_resid,7,ridge_wavlm_audio_pastvol,val,27,0.21905445287887199,0.3763322648025828,-0.016531307545441853,0.5319230769230768,,0.7995387002655416,0.7995387002655416,0.40126193794472725,0.6569444187899643
earnings25,64k,ticker_disjoint,har_resid,7,ridge_wavlm_egemaps_audio,test,39,0.2328000005662254,0.3892382341776907,0.020327362762246226,0.03967611336032389,,0.5988644397617336,0.5988644397617336,0.22793241156555202,0.4647486313604889
earnings25,64k,ticker_disjoint,har_resid,7,ridge_wavlm_egemaps_audio,val,27,0.2208452038253975,0.37709259276956286,-0.024841361859500255,0.5457692307692307,,0.6891576493008029,0.6891576493008029,0.38619036109864,0.6261633644315675
earnings25,64k,ticker_disjoint,har_resid,7,ridge_wavlm_egemaps_audio_pastvol,test,39,0.2328023340488223,0.38924617512356685,0.020317542963946833,0.03967611336032389,,0.5996010009576833,0.5996010009576833,0.22816471422112078,0.4648615776761584
earnings25,64k,ticker_disjoint,har_resid,7,ridge_wavlm_egemaps_audio_pastvol,val,27,0.22086237317988822,0.3770758796909494,-0.02492103696375314,0.5457692307692307,,0.6885771196616294,0.6885771196616294,0.38616571867494764,0.6260014338962226
earnings25,64k,ticker_disjoint,har_resid,7,ridge_wavlm_text_audio_pastvol,test,39,0.23066740230900257,0.3859254541380361,0.029301796412334657,0.09757085020242917,,0.4888214884810563,0.4888214884810563,0.23240311588409612,0.31908862614254435
earnings25,64k,ticker_disjoint,har_resid,7,ridge_wavlm_text_audio_pastvol,val,27,0.21149026475777635,0.37306404011460226,0.018570622318128893,-0.4142307692307692,,0.8151139092779651,0.8151139092779651,0.5028455061658033,0.7502451522846352
earnings25,64k,ticker_disjoint,har_resid,15,mlp_egemaps_audio,test,39,0.13786779192000248,0.310059366686017,-0.19591536740430948,-0.011336032388663967,0.08739971016672138,0.254310118776391,0.254310118776391,0.2021665985161249,0.2630887962762276
earnings25,64k,ticker_disjoint,har_resid,15,mlp_egemaps_audio,val,27,0.18494211684892303,0.32510266737574295,-0.024009874732919156,-0.4565384615384615,0.08739971016672138,0.8589559998647229,0.8589559998647229,0.08761489583331077,0.2909837756127498
earnings25,64k,ticker_disjoint,har_resid,15,mlp_egemaps_audio_pastvol,test,39,0.13358968781581512,0.2964936112151635,-0.15880553652719054,-0.04939271255060729,0.04772119773927734,0.30046980476813573,0.30046980476813573,0.19805692942612704,0.3516758480364266
earnings25,64k,ticker_disjoint,har_resid,15,mlp_egemaps_audio_pastvol,val,27,0.2328104738434631,0.37720519678572884,-0.28905318171361927,0.4607692307692307,0.04772119773927734,0.07940782488743647,0.07940782488743647,0.033590335060524015,0.03753736800286774
earnings25,64k,ticker_disjoint,har_resid,15,mlp_emotion2vec_audio,test,39,7.636203033431682e+19,6504230656.258503,-6.623920227575216e+20,0.0680161943319838,3.582318110650352e+20,0.009034888583192747,0.009034888583192747,0.009034888583192747,0.009034888583192747
earnings25,64k,ticker_disjoint,har_resid,15,mlp_emotion2vec_audio,val,27,3.3978277174214504e+19,4426498012.839183,-1.8813503352095116e+20,-0.6788461538461538,3.582318110650352e+20,0.0038722741958941214,0.0038722741958941214,0.0038722741958941214,0.0038722741958941214
earnings25,64k,ticker_disjoint,har_resid,15,mlp_emotion2vec_audio_pastvol,test,39,1.4881843347651507e+20,9062611081.460962,-1.2909052148370487e+21,0.0680161943319838,5.5237892803632005e+20,0.00990465801336743,0.00990465801336743,0.00990465801336743,0.00990465801336743
earnings25,64k,ticker_disjoint,har_resid,15,mlp_emotion2vec_audio_pastvol,val,27,6.643106276869528e+19,6181791209.7800045,-3.6782354080934416e+20,-0.6788461538461538,5.5237892803632005e+20,0.004099221937257666,0.004099221937257666,0.004099221937257666,0.004099221937257666
earnings25,64k,ticker_disjoint,har_resid,15,mlp_wavlm_audio,test,39,1.9766587691515916e+23,323723919815.99176,-1.7146257042504416e+24,-0.05425101214574899,7.235498224819227e+24,0.000652080536121559,0.000652080536121559,0.000652080536121559,0.000652080536121559
earnings25,64k,ticker_disjoint,har_resid,15,mlp_wavlm_audio,val,27,2.1486956801501402e+23,347176748877.3519,-1.1897158050089239e+24,0.49692307692307686,7.235498224819227e+24,0.004195622275317986,0.004195622275317986,0.004195622275317986,0.004195622275317986
earnings25,64k,ticker_disjoint,har_resid,15,mlp_wavlm_audio_pastvol,test,39,3.231753955262477e+24,1311056620716.6055,-2.803340914468739e+25,0.13987854251012147,5.501394976098785e+24,0.0006187358891494984,0.0006187358891494984,0.0006187358891494984,0.0006187358891494984
earnings25,64k,ticker_disjoint,har_resid,15,mlp_wavlm_audio_pastvol,val,27,3.499769934574273e+24,1404011309348.162,-1.9377949346308172e+25,0.4892307692307692,5.501394976098785e+24,0.004121805723783853,0.004121805723783853,0.004121805723783853,0.004121805723783853
earnings25,64k,ticker_disjoint,har_resid,15,mlp_wavlm_egemaps_audio,test,39,4.074182018467377e+24,1101960069037.36,-3.534093654241327e+25,0.09392712550607286,6.04905620602144e+24,0.01841204976217855,0.01841204976217855,0.01841204976217855,0.01841204976217855
earnings25,64k,ticker_disjoint,har_resid,15,mlp_wavlm_egemaps_audio,val,27,1.440390600448079e+24,853108949577.7412,-7.975328840516085e+24,0.5515384615384615,6.04905620602144e+24,0.0009304593267698042,0.0009304593267698042,0.0009304593267698042,0.0009304593267698042
earnings25,64k,ticker_disjoint,har_resid,15,mlp_wavlm_egemaps_audio_pastvol,test,39,4.22067276472864e+23,419305644217.16296,-3.661165055180296e+24,-0.11275303643724698,4.5299339854437314e+24,0.009162965005100549,0.009162965005100549,0.009162965005100549,0.009162965005100549
earnings25,64k,ticker_disjoint,har_resid,15,mlp_wavlm_egemaps_audio_pastvol,val,27,1.8398528297527616e+23,360135427185.7087,-1.0187119612463241e+24,-0.5265384615384615,4.5299339854437314e+24,1.2763039138728108e-05,1.2763039138728108e-05,1.2763039138728108e-05,1.2763039138728108e-05
earnings25,64k,ticker_disjoint,har_resid,15,mlp_wavlm_text_audio_pastvol,test,39,2.621411149612552e+24,1064376806281.0616,-2.273907367665479e+25,0.4580971659919028,3.255842079219064e+24,0.004283850426045486,0.004283850426045486,0.004283850426045486,0.004283850426045486
earnings25,64k,ticker_disjoint,har_resid,15,mlp_wavlm_text_audio_pastvol,val,27,1.663826080237294e+24,865619729383.4901,-9.212473421578429e+24,0.4853846153846153,3.255842079219064e+24,0.009053334410559003,0.009053334410559003,0.009053334410559003,0.009053334410559003
earnings25,64k,ticker_disjoint,har_resid,15,ridge_egemaps_audio,test,39,0.11506759709875052,0.2885760365459473,0.0018618145380041584,0.011336032388663967,,0.8326617124239168,0.8326617124239168,0.6123466430006422,0.722137208521966
earnings25,64k,ticker_disjoint,har_resid,15,ridge_egemaps_audio,val,27,0.18032725001626979,0.3472723514088875,0.0015422779499373318,0.4757692307692307,,0.8759021457618117,0.8759021457618117,0.03938229450444965,0.12785314596512448
earnings25,64k,ticker_disjoint,har_resid,15,ridge_egemaps_audio_pastvol,test,39,0.11506396191549235,0.28859582899178626,0.0018933474396429784,0.010728744939271256,,0.8285542202127489,0.8285542202127489,0.6123147909706316,0.7223486907854655
earnings25,64k,ticker_disjoint,har_resid,15,ridge_egemaps_audio_pastvol,val,27,0.180387083305471,0.34726859432675133,0.0012109857595820062,0.48692307692307685,,0.9024705829975884,0.9024705829975884,0.03926607833173775,0.12763107217451164
earnings25,64k,ticker_disjoint,har_resid,15,ridge_emotion2vec_audio,test,39,0.1137715686769296,0.2840486759808141,0.013104036413493003,0.08340080971659919,,0.6248648743199106,0.6248648743199106,0.6772624562646404,0.7756251532841215
earnings25,64k,ticker_disjoint,har_resid,15,ridge_emotion2vec_audio,val,27,0.19128139362655233,0.35940206869421937,-0.059109948905100795,-0.6465384615384615,,0.036593089716354124,0.036593089716354124,0.016739460471442574,0.06615343029523063
earnings25,64k,ticker_disjoint,har_resid,15,ridge_emotion2vec_audio_pastvol,test,39,0.11375994884418077,0.2840487415350408,0.013204831068701961,0.0880566801619433,,0.6218167211450504,0.6218167211450504,0.6777668200027144,0.7761715549901292
earnings25,64k,ticker_disjoint,har_resid,15,ridge_emotion2vec_audio_pastvol,val,27,0.19130005427879807,0.3593839622303147,-0.05921327146079647,-0.6465384615384615,,0.036178278228107465,0.036178278228107465,0.01673260832753747,0.06612256744844525
earnings25,64k,ticker_disjoint,har_resid,15,ridge_wavlm_audio,test,39,0.11045501131493674,0.28226866160555364,0.041873061149789614,0.20060728744939274,,0.2692808202435118,0.2692808202435118,0.8677861698152157,0.932264314075389
earnings25,64k,ticker_disjoint,har_resid,15,ridge_wavlm_audio,val,27,0.175919140859815,0.33906287036929544,0.025949629731239265,0.563076923076923,,0.5927447572549788,0.5927447572549788,0.049095267638062275,0.20396422937288008
earnings25,64k,ticker_disjoint,har_resid,15,ridge_wavlm_audio_pastvol,test,39,0.11046228677055157,0.28230149378301117,0.04180995120182085,0.19797570850202434,,0.2698776637574005,0.2698776637574005,0.8672750890837181,0.9319457148209149
earnings25,64k,ticker_disjoint,har_resid,15,ridge_wavlm_audio_pastvol,val,27,0.1760029050807697,0.33907959314892006,0.02548583386435721,0.563076923076923,,0.6003853022889627,0.6003853022889627,0.04893019214688088,0.20354117712446734
earnings25,64k,ticker_disjoint,har_resid,15,ridge_wavlm_egemaps_audio,test,39,0.10975690038990088,0.28031936698001036,0.04792872920522395,0.27469635627530364,,0.1891181071207229,0.1891181071207229,0.9103334044081863,0.9638562135884938
earnings25,64k,ticker_disjoint,har_resid,15,ridge_wavlm_egemaps_audio,val,27,0.1756659247388735,0.33937068508020796,0.027351667367141563,0.5834615384615384,,0.5514219881614476,0.5514219881614476,0.05121648172800364,0.20337129109727864
earnings25,64k,ticker_disjoint,har_resid,15,ridge_wavlm_egemaps_audio_pastvol,test,39,0.10976280350673505,0.2803526997678494,0.047877523422936163,0.2755060728744939,,0.18934190425028635,0.18934190425028635,0.9099257225345474,0.9635933156634072
earnings25,64k,ticker_disjoint,har_resid,15,ridge_wavlm_egemaps_audio_pastvol,val,27,0.17575063331457189,0.3393895235513079,0.026882642682728775,0.5769230769230769,,0.559481108370359,0.559481108370359,0.05105637211538987,0.2029694935724262
earnings25,64k,ticker_disjoint,har_resid,15,ridge_wavlm_text_audio_pastvol,test,39,0.09592417579125133,0.25724690468556627,0.16791881311253365,0.3799595141700405,,0.22031272563064833,0.22031272563064833,0.5121441161427644,0.14946946571649253
earnings25,64k,ticker_disjoint,har_resid,15,ridge_wavlm_text_audio_pastvol,val,27,0.14220159034873342,0.3250961249606102,0.2126410403381498,-0.27538461538461534,,0.21278253181100956,0.21278253181100956,0.510139668120148,0.7238273386642473
earnings25,64k,ticker_disjoint,har_resid,30,mlp_egemaps_audio,test,39,0.09558185280400207,0.25900252429569315,-0.2779440146221366,-0.013157894736842106,0.08302347336102212,0.14959780782040083,0.14959780782040083,0.27028228291513057,0.35668040626321745
earnings25,64k,ticker_disjoint,har_resid,30,mlp_egemaps_audio,val,27,0.1181617485029747,0.2816820235370532,-0.10135687952696526,0.5507692307692307,0.08302347336102212,0.5273271797779905,0.5273271797779905,0.07195353578754546,0.08843893532153839
earnings25,64k,ticker_disjoint,har_resid,30,mlp_egemaps_audio_pastvol,test,39,0.09662255402634995,0.24839463395394795,-0.29185834939483235,0.04817813765182186,0.02544688373708407,0.10877084278677922,0.10877084278677922,0.22417037095682277,0.3006808228531776
earnings25,64k,ticker_disjoint,har_resid,30,mlp_egemaps_audio_pastvol,val,27,0.15927808665654286,0.3232149186083585,-0.48459225358077185,-0.6176923076923077,0.02544688373708407,0.0040680564803553575,0.0040680564803553575,0.0035179424240445603,0.004920101433912418
earnings25,64k,ticker_disjoint,har_resid,30,mlp_emotion2vec_audio,test,39,6.133848415756441e+19,5825825834.382892,-8.201049299169065e+20,-0.009716599190283401,3.233755939805462e+20,0.0093099357942866,0.0093099357942866,0.0093099357942866,0.0093099357942866
earnings25,64k,ticker_disjoint,har_resid,30,mlp_emotion2vec_audio,val,27,2.7321666547004838e+19,3967747391.3089805,-2.5465859969842938e+20,0.36,3.233755939805462e+20,0.0039441482881508415,0.0039441482881508415,0.0039441482881508415,0.0039441482881508415
earnings25,64k,ticker_disjoint,har_resid,30,mlp_emotion2vec_audio_pastvol,test,39,1.5568537931015894e+20,9367441012.36227,-2.0815373715507658e+21,-0.009716599190283401,6.227889148790815e+20,0.005520373527762575,0.005520373527762575,0.005520373527762575,0.005520373527762575
earnings25,64k,ticker_disjoint,har_resid,30,mlp_emotion2vec_audio_pastvol,val,27,6.817103851894997e+19,6303060355.918542,-6.354056469928857e+20,0.36,6.227889148790815e+20,0.0029391738008233267,0.0029391738008233267,0.0029391738008233267,0.0029391738008233267
earnings25,64k,ticker_disjoint,har_resid,30,mlp_wavlm_audio,test,39,3.4387175642830246e+23,404738934308.04675,-4.5976180627746776e+24,-0.03967611336032389,7.660626855429178e+24,0.0020259872250922234,0.0020259872250922234,0.0020259872250922234,0.0020259872250922234
earnings25,64k,ticker_disjoint,har_resid,30,mlp_wavlm_audio,val,27,4.04338519980401e+23,450766639318.2695,-3.7687408681749074e+24,-0.5076923076923077,7.660626855429178e+24,0.005883666285342295,0.005883666285342295,0.005883666285342295,0.005883666285342295
earnings25,64k,ticker_disjoint,har_resid,30,mlp_wavlm_audio_pastvol,test,39,4.2629021443379336e+24,1537554221050.614,-5.69956547237849e+25,-0.03967611336032389,5.226699861179e+24,0.0002592163989749374,0.0002592163989749374,0.0002592163989749374,0.0002592163989749374
earnings25,64k,ticker_disjoint,har_resid,30,mlp_wavlm_audio_pastvol,val,27,4.306650507325187e+24,1608478721200.8901,-4.01412404949431e+25,-0.5076923076923077,5.226699861179e+24,0.002894435638218463,0.002894435638218463,0.002894435638218463,0.002894435638218463
earnings25,64k,ticker_disjoint,har_resid,30,mlp_wavlm_egemaps_audio,test,39,5.146364487540203e+24,1101757596375.0923,-6.880768159414199e+25,-0.20526315789473684,6.879563421396346e+24,0.019969552993391097,0.019969552993391097,0.019969552993391097,0.019969552993391097
earnings25,64k,ticker_disjoint,har_resid,30,mlp_wavlm_egemaps_audio,val,27,1.7636861113264026e+24,790003191966.5874,-1.6438888698287955e+25,-0.4188461538461538,6.879563421396346e+24,0.0016687470408943102,0.0016687470408943102,0.0016687470408943102,0.0016687470408943102
earnings25,64k,ticker_disjoint,har_resid,30,mlp_wavlm_egemaps_audio_pastvol,test,39,3.945875597080032e+23,461170845131.71216,-5.275696122016206e+24,0.03036437246963563,5.195332964499378e+24,0.0006467960959942785,0.0006467960959942785,0.0006467960959942785,0.0006467960959942785
earnings25,64k,ticker_disjoint,har_resid,30,mlp_wavlm_egemaps_audio_pastvol,val,27,2.6173602567127537e+23,437354102500.5108,-2.439577749527365e+24,0.4465384615384615,5.195332964499378e+24,6.59107407575251e-05,6.59107407575251e-05,6.59107407575251e-05,6.59107407575251e-05
earnings25,64k,ticker_disjoint,har_resid,30,mlp_wavlm_text_audio_pastvol,test,39,2.1225121636908638e+24,1013942916187.7762,-2.837831278614687e+25,0.3690283400809717,3.133256752897296e+24,0.003357723278678619,0.003357723278678619,0.003357723278678619,0.003357723278678619
earnings25,64k,ticker_disjoint,har_resid,30,mlp_wavlm_text_audio_pastvol,val,27,1.3692646789366025e+24,842447869418.2836,-1.276258258824042e+25,-0.5511538461538461,3.133256752897296e+24,0.006360482512903908,0.006360482512903908,0.006360482512903908,0.006360482512903908
earnings25,64k,ticker_disjoint,har_resid,30,ridge_egemaps_audio,test,39,0.07547926151775616,0.22040108609909564,-0.009169289514721513,-0.09028340080971661,,0.5310005529871344,0.5310005529871344,0.9005018673706753,0.9865767322911083
earnings25,64k,ticker_disjoint,har_resid,30,ridge_egemaps_audio,val,27,0.11045756383587595,0.24991667682897648,-0.02954805059751031,-0.5242307692307692,,0.3827854235521777,0.3827854235521777,0.03863881364368446,0.07587165733796368
earnings25,64k,ticker_disjoint,har_resid,30,ridge_egemaps_audio_pastvol,test,39,0.07542311449734489,0.22029087638306846,-0.008418595250397232,-0.08198380566801619,,0.5622011963299246,0.5622011963299246,0.903587911305334,0.984004982718901
earnings25,64k,ticker_disjoint,har_resid,30,ridge_egemaps_audio_pastvol,val,27,0.11046637170834346,0.24992386581197512,-0.029630146631624443,-0.5249999999999999,,0.38330554290918245,0.38330554290918245,0.03852501782503009,0.07579862830541777
earnings25,64k,ticker_disjoint,har_resid,30,ridge_emotion2vec_audio,test,39,0.07518257158966321,0.222215668293577,-0.005202499724796139,0.12611336032388665,,0.8706561427854923,0.8706561427854923,0.9142566999037756,0.9733671474889259
earnings25,64k,ticker_disjoint,har_resid,30,ridge_emotion2vec_audio,val,27,0.11303803505058692,0.2552430342867118,-0.053599994316603894,0.3615384615384615,,0.07987914038751934,0.07987914038751934,0.025270287330711565,0.0652744020954452
earnings25,64k,ticker_disjoint,har_resid,30,ridge_emotion2vec_audio_pastvol,test,39,0.0751254865119927,0.22211416419100416,-0.00443926349121071,0.1291497975708502,,0.8898098607159879,0.8898098607159879,0.9175491342159111,0.9707909649726275
earnings25,64k,ticker_disjoint,har_resid,30,ridge_emotion2vec_audio_pastvol,val,27,0.11304617343450839,0.25525559496379907,-0.05367585021103416,0.3615384615384615,,0.08014648120663975,0.08014648120663975,0.02515349566028945,0.06518871730517546
earnings25,64k,ticker_disjoint,har_resid,30,ridge_wavlm_audio,test,39,0.07094065594181047,0.22091027653283368,0.0515125623259618,0.19534412955465588,,0.5752979998313202,0.5752979998313202,0.8280700665183185,0.7987449189539771
earnings25,64k,ticker_disjoint,har_resid,30,ridge_wavlm_audio,val,27,0.1024533859656214,0.24599322422122047,0.045056941915277315,-0.41346153846153844,,0.5898692964602381,0.5898692964602381,0.1289421753214528,0.12106144505636333
earnings25,64k,ticker_disjoint,har_resid,30,ridge_wavlm_audio_pastvol,test,39,0.07074711511741603,0.22061274514670848,0.05410023279754261,0.21133603238866397,,0.5567731684292017,0.5567731684292017,0.8159415170513189,0.7909632852967112
earnings25,64k,ticker_disjoint,har_resid,30,ridge_wavlm_audio_pastvol,val,27,0.1028759074529677,0.24695553646828342,0.04111872203674283,-0.41730769230769227,,0.6221730087565943,0.6221730087565943,0.12196652239497617,0.11680464065570118
earnings25,64k,ticker_disjoint,har_resid,30,ridge_wavlm_egemaps_audio,test,39,0.07152131527542838,0.21895746068141916,0.04374905808156193,0.20161943319838058,,0.28255033596659207,0.28255033596659207,0.8646751612788162,0.8054072617858686
earnings25,64k,ticker_disjoint,har_resid,30,ridge_wavlm_egemaps_audio,val,27,0.10798230822276532,0.24849183280596973,-0.006476795875695718,-0.41346153846153844,,0.858890095765818,0.858890095765818,0.0579751898459088,0.09273690604779286
earnings25,64k,ticker_disjoint,har_resid,30,ridge_wavlm_egemaps_audio_pastvol,test,39,0.07147994345795072,0.2188811720779914,0.04430220561918097,0.20161943319838058,,0.27676807855803554,0.27676807855803554,0.8620589947078258,0.8035441713343275
earnings25,64k,ticker_disjoint,har_resid,30,ridge_wavlm_egemaps_audio_pastvol,val,27,0.10801098940773407,0.24853461729985826,-0.006744126215493029,-0.41346153846153844,,0.8530352040909019,0.8530352040909019,0.057676520536447236,0.09251082404432742
earnings25,64k,ticker_disjoint,har_resid,30,ridge_wavlm_text_audio_pastvol,test,39,0.05977850224420131,0.2006111382591924,0.20075226724570894,0.5036437246963563,,0.36941044618811636,0.36941044618811636,0.4397872354663146,0.09668247682312425
earnings25,64k,ticker_disjoint,har_resid,30,ridge_wavlm_text_audio_pastvol,val,27,0.07333989283101217,0.2187828378473459,0.3164167208377747,0.7242307692307692,,0.25813543791898613,0.25813543791898613,0.8506226801478369,0.6621739117928573
earnings25,64k,ticker_disjoint,v,3,mlp_egemaps_audio,test,39,2.3183482093565657,1.2069005341889096,-0.5777452992839638,-0.24291497975708504,0.3400645598657068,0.07612170833486183,8.347835538784796e-05,0.0003122631991393671,0.0004298883601145661
earnings25,64k,ticker_disjoint,v,3,mlp_egemaps_audio,val,27,2.9906935894732105,1.2525877171452837,-2.4173974353979464,0.5169230769230768,0.3400645598657068,0.08707616292335528,0.042797968688541,0.03336034685884544,0.04243326595329008
earnings25,64k,ticker_disjoint,v,3,mlp_egemaps_audio_pastvol,test,39,2.843938647593093,1.4332335658531268,-0.9354343815061847,-0.16902834008097167,0.7574598673123314,0.005212173751682962,5.773198002104372e-06,1.176343121428347e-05,5.2040197871153175e-05
earnings25,64k,ticker_disjoint,v,3,mlp_egemaps_audio_pastvol,val,27,2.7069298556631485,1.1341840242160157,-2.0931470810337394,0.5803846153846153,0.7574598673123314,0.11081321612339304,0.0519994271319637,0.03945149197285078,0.05071066138266529
earnings25,64k,ticker_disjoint,v,3,mlp_emotion2vec_audio,test,39,2.5154499530709795e+22,121511327412.19106,-1.7118823320088266e+22,-0.006882591093117409,8.445720866701178e+21,0.0001147379284321886,0.0001147379284321886,0.0001147379284321886,0.0001147379284321886
earnings25,64k,ticker_disjoint,v,3,mlp_emotion2vec_audio,val,27,9.94274433160157e+21,76021661971.04779,-1.1361347447706173e+22,-0.33807692307692305,8.445720866701178e+21,0.0018227928227765651,0.0018227928227765651,0.0018227928227765651,0.0018227928227765651
earnings25,64k,ticker_disjoint,v,3,mlp_emotion2vec_audio_pastvol,test,39,2.0083025966826074e+22,107997530976.86989,-1.3667446368357117e+22,0.021255060728744942,7.886320627531753e+21,0.0012684818553639246,0.0012684818553639246,0.0012684818553639246,0.0012684818553639246
earnings25,64k,ticker_disjoint,v,3,mlp_emotion2vec_audio_pastvol,val,27,8.444617399102111e+21,70650421979.11028,-9.649471929918329e+21,0.6788461538461538,7.886320627531753e+21,0.0017183776808324194,0.0017183776808324194,0.0017183776808324194,0.0017183776808324194
earnings25,64k,ticker_disjoint,v,3,mlp_wavlm_audio,test,39,2.4606196224444256e+26,11612966528723.24,-1.6745677059940224e+26,-0.026315789473684213,4.373020289513321e+25,0.00042428227153750944,0.00042428227153750944,0.00042428227153750944,0.00042428227153750944
earnings25,64k,ticker_disjoint,v,3,mlp_wavlm_audio,val,27,1.714690250684748e+26,11126760136862.197,-1.9593374880721494e+26,0.6357692307692308,4.373020289513321e+25,0.00012249126822189436,0.00012249126822189436,0.00012249126822189436,0.00012249126822189436
earnings25,64k,ticker_disjoint,v,3,mlp_wavlm_audio_pastvol,test,39,2.1397604495062672e+26,10852444709775.395,-1.4562079057740978e+26,-0.026315789473684213,6.31987478304368e+25,0.0003767740720170141,0.0003767740720170141,0.0003767740720170141,0.0003767740720170141
earnings25,64k,ticker_disjoint,v,3,mlp_wavlm_audio_pastvol,val,27,1.512064331936794e+26,10428398125369.99,-1.7278014666249032e+26,0.6353846153846153,6.31987478304368e+25,0.00014482737782137633,0.00014482737782137633,0.00014482737782137633,0.00014482737782137633
earnings25,64k,ticker_disjoint,v,3,mlp_wavlm_egemaps_audio,test,39,1.4818305254025216e+26,8741204971772.215,-1.0084555617459163e+26,-0.09574898785425101,2.4540427785579107e+25,0.0015183199325532514,0.0015183199325532514,0.0015183199325532514,0.0015183199325532514
earnings25,64k,ticker_disjoint,v,3,mlp_wavlm_egemaps_audio,val,27,8.845378677328726e+25,8108548251431.689,-1.010741271303268e+26,0.6196153846153846,2.4540427785579107e+25,1.6294835597960427e-05,1.6294835597960427e-05,1.6294835597960427e-05,1.6294835597960427e-05
earnings25,64k,ticker_disjoint,v,3,mlp_wavlm_egemaps_audio_pastvol,test,39,8.725800578608609e+25,6549565782047.388,-5.938318838312016e+25,-0.09210526315789473,4.031218876632417e+25,0.0028725578105111755,0.0028725578105111755,0.0028725578105111755,0.0028725578105111755
earnings25,64k,ticker_disjoint,v,3,mlp_wavlm_egemaps_audio_pastvol,val,27,4.755662930454522e+25,5956351626406.795,-5.434187694572562e+25,0.6119230769230769,4.031218876632417e+25,5.781692960731232e-06,5.781692960731232e-06,5.781692960731232e-06,5.781692960731232e-06
earnings25,64k,ticker_disjoint,v,3,mlp_wavlm_text_audio_pastvol,test,39,1.3607024817422419e+26,9434511555176.77,-9.260222151394074e+25,0.1234817813765182,6.092340369636257e+25,0.0001200595643835206,0.0001200595643835206,0.0001200595643835206,0.0001200595643835206
earnings25,64k,ticker_disjoint,v,3,mlp_wavlm_text_audio_pastvol,val,27,1.0436567368549757e+26,8473215642654.594,-1.1925627782524565e+26,-0.45192307692307687,6.092340369636257e+25,0.00025399043128694306,0.00025399043128694306,0.00025399043128694306,0.00025399043128694306
earnings25,64k,ticker_disjoint,v,3,ridge_egemaps_audio,test,39,0.7081668884529839,0.6472718834576168,0.5180590323507339,0.09473684210526317,,0.0031492760445884518,0.7369715048870966,0.10465080137649795,0.5058656878140326
earnings25,64k,ticker_disjoint,v,3,ridge_egemaps_audio,val,27,0.6232958064367397,0.6150240270249753,0.2877740809327103,0.5446153846153845,,0.12741576887874748,0.38816868624646134,0.040791801402776856,0.6955950616018303
earnings25,64k,ticker_disjoint,v,3,ridge_egemaps_audio_pastvol,test,39,0.6927823094890889,0.6474797538330831,0.5285289639355518,0.1362348178137652,,0.004645067937705016,0.6611382561662924,0.1249102414159142,0.434969659925505
earnings25,64k,ticker_disjoint,v,3,ridge_egemaps_audio_pastvol,val,27,0.595335802175971,0.5994204665621363,0.31972334086050413,0.6003846153846153,,0.09380288101607849,0.5731871057803195,0.10373981372900945,0.9182235030365592
earnings25,64k,ticker_disjoint,v,3,ridge_emotion2vec_audio,test,39,0.715098669193489,0.6536752378671478,0.5133416286255903,0.1368421052631579,,0.003389930872166486,0.8021616347819628,0.10425146615337992,0.5478686467404287
earnings25,64k,ticker_disjoint,v,3,ridge_emotion2vec_audio,val,27,0.6767662715889597,0.6479560961361372,0.2266745984835843,0.5153846153846153,,0.2243195502461801,0.1756189697658287,0.01828928394880815,0.3926231550088648
earnings25,64k,ticker_disjoint,v,3,ridge_emotion2vec_audio_pastvol,test,39,0.7145093863611983,0.6530959232247442,0.513742663385961,0.14089068825910933,,0.003362853853286876,0.7945142012891231,0.10253421341046054,0.5430142880595967
earnings25,64k,ticker_disjoint,v,3,ridge_emotion2vec_audio_pastvol,val,27,0.6738934860867152,0.6465511941240634,0.22995726503370328,0.5357692307692307,,0.21678135003666632,0.18250412300401858,0.01899386965841203,0.40499452908477795
earnings25,64k,ticker_disjoint,v,3,ridge_wavlm_audio,test,39,0.7000835081950076,0.6483487362820141,0.5235601538616766,0.021052631578947368,,0.00525789262831425,0.7116405804546307,0.12512453720566932,0.45172489080777134
earnings25,64k,ticker_disjoint,v,3,ridge_wavlm_audio,val,27,0.693288617936193,0.6435932396280939,0.20779488969879456,-0.523076923076923,,0.28825312939861575,0.1160244596170606,0.010645920139174462,0.2978081826492352
earnings25,64k,ticker_disjoint,v,3,ridge_wavlm_audio_pastvol,test,39,0.699553425573984,0.6478376406917118,0.5239209000861552,0.03218623481781377,,0.0052180264512541145,0.7063264688354137,0.12353546372453472,0.44798738438251895
earnings25,64k,ticker_disjoint,v,3,ridge_wavlm_audio_pastvol,val,27,0.6907122179010613,0.6423157646248275,0.21073888332743285,-0.5169230769230768,,0.28043041247497835,0.1201223757349407,0.011004089076589415,0.30685725311553796
earnings25,64k,ticker_disjoint,v,3,ridge_wavlm_egemaps_audio,test,39,0.6949266865415474,0.6466558730098193,0.5270696142137308,0.053036437246963566,,0.004968869546732434,0.6681547354650786,0.11964271712372268,0.41182870511692354
earnings25,64k,ticker_disjoint,v,3,ridge_wavlm_egemaps_audio,val,27,0.6804574240626677,0.6375442290094513,0.22245680263792744,0.49192307692307685,,0.2480371565613928,0.1414637655746745,0.012450940218463134,0.3538461064307085
earnings25,64k,ticker_disjoint,v,3,ridge_wavlm_egemaps_audio_pastvol,test,39,0.6944010183368972,0.6461538147604209,0.5274273562196654,0.05931174089068827,,0.0049310783550575825,0.6629207545655899,0.11814164511522243,0.4083413989395732
earnings25,64k,ticker_disjoint,v,3,ridge_wavlm_egemaps_audio_pastvol,val,27,0.6779019918056735,0.636298170538196,0.22537683686414312,0.5026923076923077,,0.24085292141748735,0.14645704744138294,0.012874241956846508,0.36431338225276333
earnings25,64k,ticker_disjoint,v,3,ridge_wavlm_text_audio_pastvol,test,39,0.6731630138724117,0.6457980290391584,0.541880819929206,0.21437246963562756,,0.004434556964804404,0.5183967914247944,0.11442083986913298,0.14007609081409636
earnings25,64k,ticker_disjoint,v,3,ridge_wavlm_text_audio_pastvol,val,27,0.6528857932825834,0.6178102967818283,0.2539622770366592,-0.4265384615384615,,0.19667209439747105,0.2344544930800913,0.023380609041520495,0.30792927820370863
earnings25,64k,ticker_disjoint,v,7,mlp_egemaps_audio,test,39,1.5817747234006032,1.0105779445832443,-1.8565436591345668,-0.1876518218623482,0.29771184711183246,0.006104675227421359,5.336761609844003e-05,5.025990840385076e-05,0.0002196385482589109
earnings25,64k,ticker_disjoint,v,7,mlp_egemaps_audio,val,27,3.232110147304389,1.1429994327923891,-7.158405154827397,0.4784615384615384,0.29771184711183246,0.10170272254687888,0.08143185621664624,0.07755440949257664,0.0804432976555277
earnings25,64k,ticker_disjoint,v,7,mlp_egemaps_audio_pastvol,test,39,1.6971541110928017,1.1039047696090813,-2.06490851250535,-0.11862348178137654,0.6862010014356404,0.000957587111252888,3.939827498578774e-06,3.1140855988862057e-06,2.8131531568153266e-05
earnings25,64k,ticker_disjoint,v,7,mlp_egemaps_audio_pastvol,val,27,2.9051999623064146,1.07334826148843,-6.3332272936467024,0.5265384615384615,0.6862010014356404,0.1101100816341366,0.08646568515983753,0.08202674943624946,0.08533345494962813
earnings25,64k,ticker_disjoint,v,7,mlp_emotion2vec_audio,test,39,2.520546075527188e+22,121327410604.3446,-4.5518807470412506e+22,-0.0006072874493927126,8.208030143676022e+21,7.232477940299183e-05,7.232477940299183e-05,7.232477940299183e-05,7.232477940299183e-05
earnings25,64k,ticker_disjoint,v,7,mlp_emotion2vec_audio,val,27,9.797373902814016e+21,74906499321.03801,-2.4730266639938754e+22,-0.4107692307692307,8.208030143676022e+21,0.0022885314564049498,0.0022885314564049498,0.0022885314564049498,0.0022885314564049498
earnings25,64k,ticker_disjoint,v,7,mlp_emotion2vec_audio_pastvol,test,39,2.041825244838496e+22,109331362278.51454,-3.6873537488733306e+22,0.013360323886639677,8.415629908339285e+21,0.0005723995937433667,0.0005723995937433667,0.0005723995937433667,0.0005723995937433667
earnings25,64k,ticker_disjoint,v,7,mlp_emotion2vec_audio_pastvol,val,27,8.418607706606254e+21,70547650476.17435,-2.1250022239287823e+22,0.6173076923076922,8.415629908339285e+21,0.0015271041470067543,0.0015271041470067543,0.0015271041470067543,0.0015271041470067543
earnings25,64k,ticker_disjoint,v,7,mlp_wavlm_audio,test,39,2.405557449605659e+26,11502847971555.229,-4.344221574474266e+26,-0.009716599190283401,3.7918755295125404e+25,0.0003841147425138281,0.0003841147425138281,0.0003841147425138281,0.0003841147425138281
earnings25,64k,ticker_disjoint,v,7,mlp_wavlm_audio,val,27,1.6960241833811943e+26,11048136201716.979,-4.281058444728169e+26,0.5842307692307692,3.7918755295125404e+25,0.00014096187795351544,0.00014096187795351544,0.00014096187795351544,0.00014096187795351544
earnings25,64k,ticker_disjoint,v,7,mlp_wavlm_audio_pastvol,test,39,2.1157539272670553e+26,10792510845710.496,-3.820862336344917e+26,-0.009716599190283401,6.654679922349824e+25,0.0003745569178994397,0.0003745569178994397,0.0003745569178994397,0.0003745569178994397
earnings25,64k,ticker_disjoint,v,7,mlp_wavlm_audio_pastvol,val,27,1.4961427941742987e+26,10372315684386.26,-3.7765232396332474e+26,0.5842307692307692,6.654679922349824e+25,0.00014602906784679849,0.00014602906784679849,0.00014602906784679849,0.00014602906784679849
earnings25,64k,ticker_disjoint,v,7,mlp_wavlm_egemaps_audio,test,39,1.4812078964073174e+26,8702107392964.346,-2.6749289653876884e+26,-0.038056680161943315,2.115994970942295e+25,0.0017318094045095844,0.0017318094045095844,0.0017318094045095844,0.0017318094045095844
earnings25,64k,ticker_disjoint,v,7,mlp_wavlm_egemaps_audio,val,27,8.687023107164913e+25,8041931179945.542,-2.192754914516359e+26,0.5642307692307692,2.115994970942295e+25,1.3000175752299996e-05,1.3000175752299996e-05,1.3000175752299996e-05,1.3000175752299996e-05
earnings25,64k,ticker_disjoint,v,7,mlp_wavlm_egemaps_audio_pastvol,test,39,8.610442632273917e+25,6528639668290.773,-1.5549689181203806e+26,-0.039271255060728746,4.1032440968135655e+25,0.002653843023568252,0.002653843023568252,0.002653843023568252,0.002653843023568252
earnings25,64k,ticker_disjoint,v,7,mlp_wavlm_egemaps_audio_pastvol,val,27,4.750124026782594e+25,5953427391200.808,-1.1990134797384094e+26,0.5646153846153845,4.1032440968135655e+25,6.478153314443784e-06,6.478153314443784e-06,6.478153314443784e-06,6.478153314443784e-06
earnings25,64k,ticker_disjoint,v,7,mlp_wavlm_text_audio_pastvol,test,39,1.315817359984919e+26,9263419944977.56,-2.3762484509573068e+26,-0.06497975708502025,6.064973128505121e+25,0.00013276708025538656,0.00013276708025538656,0.00013276708025538656,0.00013276708025538656
earnings25,64k,ticker_disjoint,v,7,mlp_wavlm_text_audio_pastvol,val,27,1.0038366317230723e+26,8305835432519.406,-2.533857318471766e+26,-0.44192307692307686,6.064973128505121e+25,0.0002574246878448329,0.0002574246878448329,0.0002574246878448329,0.0002574246878448329
earnings25,64k,ticker_disjoint,v,7,ridge_egemaps_audio,test,39,0.2831019363096174,0.45051434984869504,0.488743226775445,0.25080971659919027,,0.03815729960151968,0.2882639509872838,0.6043821081808994,0.8125508839713476
earnings25,64k,ticker_disjoint,v,7,ridge_egemaps_audio,val,27,0.31939765083291755,0.4232538294761769,0.19378507469237183,0.4961538461538461,,0.36205613036380746,0.05703688436402839,0.08878526861580632,0.0792922992534587
earnings25,64k,ticker_disjoint,v,7,ridge_egemaps_audio_pastvol,test,39,0.2501650619394618,0.41925438027673195,0.548224275651677,0.32105263157894737,,0.01799336061312826,0.7620921282353796,0.9168411135523074,0.27575312321967976
earnings25,64k,ticker_disjoint,v,7,ridge_egemaps_audio_pastvol,val,27,0.30093432657455765,0.4236397383768499,0.24038969920688014,-0.423076923076923,,0.2358799083606786,0.07388631659816676,0.1353935573305929,0.07092604890248004
earnings25,64k,ticker_disjoint,v,7,ridge_emotion2vec_audio,test,39,0.2747963684504469,0.4415554094157346,0.5037423393877765,0.2,,0.032993241854590315,0.3788807284624883,0.7138759857526524,0.6321450079951138
earnings25,64k,ticker_disjoint,v,7,ridge_emotion2vec_audio,val,27,0.3248507957877014,0.43489610802112033,0.18002039345270748,-0.47653846153846147,,0.3862431986061152,0.04231612983534872,0.08021251349992714,0.06896566641351895
earnings25,64k,ticker_disjoint,v,7,ridge_emotion2vec_audio_pastvol,test,39,0.2734048332836432,0.44071050180821114,0.5062553274248154,0.23279352226720648,,0.03164041151271992,0.39128241824272436,0.7313021131017746,0.6028637874373591
earnings25,64k,ticker_disjoint,v,7,ridge_emotion2vec_audio_pastvol,val,27,0.322554465561533,0.43429444236890796,0.1858167282001426,-0.46730769230769226,,0.3659155103203676,0.042323891200210434,0.0814081217633878,0.06947071358272741
earnings25,64k,ticker_disjoint,v,7,ridge_wavlm_audio,test,39,0.28518543436741517,0.4406043570518209,0.4849806156540418,0.027935222672064778,,0.047307245799744435,0.3009889285026736,0.5899221880995824,0.8670834160870073
earnings25,64k,ticker_disjoint,v,7,ridge_wavlm_audio,val,27,0.3270053348762126,0.43866647787762836,0.17458196406605841,-0.4638461538461538,,0.3900688688238197,0.042083769951305416,0.07285556563251451,0.0614020166536446
earnings25,64k,ticker_disjoint,v,7,ridge_wavlm_audio_pastvol,test,39,0.28382703975980056,0.43979560160916564,0.4874337548056411,0.04919028340080973,,0.045682985472189984,0.3102994043689537,0.6041753043174692,0.8392373442671314
earnings25,64k,ticker_disjoint,v,7,ridge_wavlm_audio_pastvol,val,27,0.32499663598716205,0.4377584308148068,0.17965226755945685,-0.4534615384615384,,0.37154243029128087,0.04209448621787992,0.07390430341084561,0.06163772757117025
earnings25,64k,ticker_disjoint,v,7,ridge_wavlm_egemaps_audio,test,39,0.2818580235383998,0.4383668295739133,0.4909896219710257,0.04817813765182186,,0.043822477963732565,0.3301641684936306,0.6288294220352177,0.7992666087887692
earnings25,64k,ticker_disjoint,v,7,ridge_wavlm_egemaps_audio,val,27,0.32696624108488703,0.4370590985753806,0.17468064355844448,0.5265384615384615,,0.3930712095376865,0.043968019288834224,0.07582623941991729,0.06250044523908826
earnings25,64k,ticker_disjoint,v,7,ridge_wavlm_egemaps_audio_pastvol,test,39,0.2805237582978747,0.4375797765379807,0.49339918564405716,0.07246963562753037,,0.042309578905030135,0.3403460052313149,0.6437094858981258,0.7720376888199633
earnings25,64k,ticker_disjoint,v,7,ridge_wavlm_egemaps_audio_pastvol,val,27,0.3249586601076693,0.4363609663104621,0.17974812524898243,0.5373076923076923,,0.37456714224676213,0.04396261799603454,0.07689360078388094,0.06270889443484153
earnings25,64k,ticker_disjoint,v,7,ridge_wavlm_text_audio_pastvol,test,39,0.27013850394994005,0.4213848161404125,0.5121540260250659,0.3368421052631579,,0.03310686503011809,0.5017141223280094,0.800641785760976,0.37254993931283753
earnings25,64k,ticker_disjoint,v,7,ridge_wavlm_text_audio_pastvol,val,27,0.268587575169793,0.42418447367429396,0.32203849562016007,-0.2757692307692307,,0.04481243273330321,0.17812327912018103,0.20525406086460124,0.017371074045652555
earnings25,64k,ticker_disjoint,v,15,mlp_egemaps_audio,test,39,1.3844121260754956,0.9481316978993579,-7.120262164726034,-0.1771255060728745,0.3078563948878864,6.0579358172252833e-05,2.324213134862524e-05,1.8872241797566197e-05,6.75739993312229e-05
earnings25,64k,ticker_disjoint,v,15,mlp_egemaps_audio,val,27,3.1184130677690916,1.0574747873916817,-13.464460885826433,0.5523076923076923,0.3078563948878864,0.09734796622299635,0.09381993820030647,0.087013576144575,0.08787606968225906
earnings25,64k,ticker_disjoint,v,15,mlp_egemaps_audio_pastvol,test,39,1.4569200690075823,1.0335677507104144,-7.545557128952193,-0.06052631578947369,0.781341181209149,2.9257201702036283e-06,1.0284684217842188e-06,8.023044601551393e-07,5.4112937518359665e-06
earnings25,64k,ticker_disjoint,v,15,mlp_egemaps_audio_pastvol,val,27,2.5073195622592603,1.0105849850609863,-10.629962082769204,0.5953846153846153,0.781341181209149,0.0976445570043579,0.093284446661605,0.08483151611263211,0.08585287549883684
earnings25,64k,ticker_disjoint,v,15,mlp_emotion2vec_audio,test,39,2.524735473759424e+22,121569882010.91652,-1.4808822862327568e+23,-0.018218623481781375,8.277738609996662e+21,8.430304420560846e-05,8.430304420560846e-05,8.430304420560846e-05,8.430304420560846e-05
earnings25,64k,ticker_disjoint,v,15,mlp_emotion2vec_audio,val,27,9.874986379950917e+21,75434428146.21707,-4.580418024705551e+22,-0.388076923076923,8.277738609996662e+21,0.002084065454279445,0.002084065454279445,0.002084065454279445,0.002084065454279445
earnings25,64k,ticker_disjoint,v,15,mlp_emotion2vec_audio_pastvol,test,39,1.9315703371243777e+22,106099268648.60846,-1.1329615821497698e+23,0.010728744939271256,7.439432381357865e+21,0.0009440895160411564,0.0009440895160411564,0.0009440895160411564,0.0009440895160411564
earnings25,64k,ticker_disjoint,v,15,mlp_emotion2vec_audio_pastvol,val,27,8.062322986561491e+21,69053493305.82178,-3.739631439251433e+22,0.6476923076923077,7.439432381357865e+21,0.0016218122149948314,0.0016218122149948314,0.0016218122149948314,0.0016218122149948314
earnings25,64k,ticker_disjoint,v,15,mlp_wavlm_audio,test,39,2.4438291154153744e+26,11550047381469.693,-1.4334267035942725e+27,0.014170040485829961,3.848567790937663e+25,0.00047249379165692653,0.00047249379165692653,0.00047249379165692653,0.00047249379165692653
earnings25,64k,ticker_disjoint,v,15,mlp_wavlm_audio,val,27,1.681692199865006e+26,11037522789359.357,-7.800368494590966e+26,0.5038461538461538,3.848567790937663e+25,0.00010499197032794432,0.00010499197032794432,0.00010499197032794432,0.00010499197032794432
earnings25,64k,ticker_disjoint,v,15,mlp_wavlm_audio_pastvol,test,39,2.155344763517958e+26,10868772615792.156,-1.2642163562052496e+27,0.015789473684210527,6.315498783173314e+25,0.00042421844380369504,0.00042421844380369504,0.00042421844380369504,0.00042421844380369504
earnings25,64k,ticker_disjoint,v,15,mlp_wavlm_audio_pastvol,val,27,1.5019850129634654e+26,10413762032225.295,-6.966813888658399e+26,0.5096153846153846,6.315498783173314e+25,0.0001225174633284077,0.0001225174633284077,0.0001225174633284077,0.0001225174633284077
earnings25,64k,ticker_disjoint,v,15,mlp_wavlm_egemaps_audio,test,39,1.523393002776173e+26,8722028009034.936,-8.935453778145507e+26,-0.022469635627530363,2.057557379969524e+25,0.002386734363431584,0.002386734363431584,0.002386734363431584,0.002386734363431584
earnings25,64k,ticker_disjoint,v,15,mlp_wavlm_egemaps_audio,val,27,8.538329886148983e+25,7981455167167.337,-3.960422688865854e+26,0.4842307692307692,2.057557379969524e+25,7.6238163868542206e-06,7.6238163868542206e-06,7.6238163868542206e-06,7.6238163868542206e-06
earnings25,64k,ticker_disjoint,v,15,mlp_wavlm_egemaps_audio_pastvol,test,39,9.02264114635457e+25,6656579462505.073,-5.292225497499577e+26,-0.02854251012145749,4.232554394903702e+25,0.0029060292883674593,0.0029060292883674593,0.0029060292883674593,0.0029060292883674593
earnings25,64k,ticker_disjoint,v,15,mlp_wavlm_egemaps_audio_pastvol,val,27,4.908600781633196e+25,6051229542307.664,-2.2768075449627306e+26,0.48461538461538456,4.232554394903702e+25,5.690169202440411e-06,5.690169202440411e-06,5.690169202440411e-06,5.690169202440411e-06
earnings25,64k,ticker_disjoint,v,15,mlp_wavlm_text_audio_pastvol,test,39,1.3757732617113238e+26,9442562904428.713,-8.069590950481875e+26,-0.17105263157894737,5.967410029562114e+25,0.0001610814597461974,0.0001610814597461974,0.0001610814597461974,0.0001610814597461974
earnings25,64k,ticker_disjoint,v,15,mlp_wavlm_text_audio_pastvol,val,27,1.0392188707168356e+26,8440320058740.823,-4.820317379586301e+26,-0.37807692307692303,5.967410029562114e+25,0.0002700963341051291,0.0002700963341051291,0.0002700963341051291,0.0002700963341051291
earnings25,64k,ticker_disjoint,v,15,ridge_egemaps_audio,test,39,0.1748905226303937,0.3458507173255278,-0.025819455880223607,0.2923076923076923,,0.9184155325784091,0.05477733457698348,0.02537098842388713,0.5112037396717363
earnings25,64k,ticker_disjoint,v,15,ridge_egemaps_audio,val,27,0.2717932087981271,0.39137937721747057,-0.26068681481835965,0.5742307692307692,,0.39219114962218243,0.0725312740051705,0.021731022205786335,0.02299826152364654
earnings25,64k,ticker_disjoint,v,15,ridge_egemaps_audio_pastvol,test,39,0.12878389553384811,0.2913916732796824,0.24461872687143082,0.6763157894736843,,0.15701150998547128,0.5703142698025977,0.3783878240301015,0.41077858149234864
earnings25,64k,ticker_disjoint,v,15,ridge_egemaps_audio_pastvol,val,27,0.2061130488094969,0.3647947411248938,0.043964328081709025,-0.3288461538461538,,0.8132456585108007,0.39506998003597915,0.031164952134825397,0.03434102628107329
earnings25,64k,ticker_disjoint,v,15,ridge_emotion2vec_audio,test,39,0.17628414489207034,0.3453072826561226,-0.0339937400476793,0.2708502024291498,,0.8965108888708849,0.05208347743684305,0.026234825897645083,0.45363601895650013
earnings25,64k,ticker_disjoint,v,15,ridge_emotion2vec_audio,val,27,0.2818018856847303,0.41421173192842947,-0.3071111056993352,-0.45730769230769225,,0.2959684971140524,0.029115533636775992,0.008945794397323438,0.011615590615964738
earnings25,64k,ticker_disjoint,v,15,ridge_emotion2vec_audio_pastvol,test,39,0.1247174757143626,0.2844448424209264,0.26847029128936595,0.5993927125506073,,0.19486308622221363,0.614874094507782,0.4076307135712136,0.28505389483090915
earnings25,64k,ticker_disjoint,v,15,ridge_emotion2vec_audio_pastvol,val,27,0.21899582550140018,0.3710671889606708,-0.01579119997416223,0.6369230769230769,,0.9484514820235567,0.3002498403813819,0.043142246783210006,0.04853261381815223
earnings25,64k,ticker_disjoint,v,15,ridge_wavlm_audio,test,39,0.1791960569229718,0.34571788252431357,-0.05107354500328132,0.22591093117408909,,0.8438506645442073,0.0389198457078449,0.018387803324443248,0.3706490151661745
earnings25,64k,ticker_disjoint,v,15,ridge_wavlm_audio,val,27,0.27819433725182446,0.40948859736963744,-0.2903778371850323,-0.4353846153846153,,0.32292319448945295,0.036647065605611,0.009723272124332903,0.01608565636785291
earnings25,64k,ticker_disjoint,v,15,ridge_wavlm_audio_pastvol,test,39,0.14857244541259587,0.3145630010140798,0.12854908991245295,0.4564777327935223,,0.5851638544920372,0.2109668721841654,0.12289297198335775,0.8002384186657231
earnings25,64k,ticker_disjoint,v,15,ridge_wavlm_audio_pastvol,val,27,0.26031797574564064,0.3990235476297521,-0.20746004336881052,0.616153846153846,,0.46620373623224837,0.054049332884313045,0.010950259164571947,0.03376640548427595
earnings25,64k,ticker_disjoint,v,15,ridge_wavlm_egemaps_audio,test,39,0.17730420033197827,0.34446059666883627,-0.03997686995429772,0.29676113360323886,,0.8760871751039292,0.04193959114040864,0.019826164329353437,0.40777900809984585
earnings25,64k,ticker_disjoint,v,15,ridge_wavlm_egemaps_audio,val,27,0.2753355912082453,0.4032825770885978,-0.27711781696601645,0.5792307692307692,,0.3438826448398549,0.041822223908819574,0.011280230776820634,0.017832869108380483
earnings25,64k,ticker_disjoint,v,15,ridge_wavlm_egemaps_audio_pastvol,test,39,0.13770428700362705,0.30297129880383283,0.19229621684551057,0.5214574898785426,,0.38302641511153124,0.3498202273195874,0.2001850445512639,0.48778811442277664
earnings25,64k,ticker_disjoint,v,15,ridge_wavlm_egemaps_audio_pastvol,val,27,0.2569795817801347,0.3870691512368609,-0.1919752221196216,0.6057692307692307,,0.5013253217899679,0.06720353000991677,0.015514138550532368,0.039116878370687995
earnings25,64k,ticker_disjoint,v,15,ridge_wavlm_text_audio_pastvol,test,39,0.13287485522378656,0.30157858880086535,0.22062322397028467,0.5283400809716599,,0.32401267116767657,0.5380042025348665,0.33668833432757106,0.0942974420101915
earnings25,64k,ticker_disjoint,v,15,ridge_wavlm_text_audio_pastvol,val,27,0.15697085507961445,0.31616939592247734,0.2719056955664555,-0.16961538461538456,,0.1703674670463901,0.28509597029857653,0.302381810318738,0.16633454024639688
earnings25,64k,ticker_disjoint,v,30,mlp_egemaps_audio,test,39,1.2594036886300959,0.9049398133899691,-13.037375788652577,-0.11295546558704454,0.28341030962959657,3.694967891647334e-05,2.893063997517931e-05,3.2736626422993555e-05,6.361911894574979e-05
earnings25,64k,ticker_disjoint,v,30,mlp_egemaps_audio,val,27,3.2972194497542753,1.0380521725546628,-32.67037850336891,-0.3919230769230769,0.28341030962959657,0.12122709299768482,0.1264315239829203,0.12292688046706456,0.12477168624530748
earnings25,64k,ticker_disjoint,v,30,mlp_egemaps_audio_pastvol,test,39,1.2558374771254401,0.9501678209786908,-12.997626618879124,0.05020242914979757,0.680975350829692,3.117370284653378e-06,2.2643132494438852e-06,2.76560385722651e-06,8.187215892810756e-06
earnings25,64k,ticker_disjoint,v,30,mlp_egemaps_audio_pastvol,val,27,2.7731983262518067,1.0035840830108291,-27.319206147096516,-0.3523076923076922,0.680975350829692,0.12340115325147516,0.1297582866173147,0.12551410720193965,0.12780736527052783
earnings25,64k,ticker_disjoint,v,30,mlp_emotion2vec_audio,test,39,2.5387759690667746e+22,121903453117.67976,-2.829732248899123e+23,0.05283400809716599,8.384538979074873e+21,8.386383550860934e-05,8.386383550860934e-05,8.386383550860934e-05,8.386383550860934e-05
earnings25,64k,ticker_disjoint,v,30,mlp_emotion2vec_audio,val,27,9.927938632687985e+21,75629476676.67145,-1.0138162067002703e+23,0.6661538461538461,8.384538979074873e+21,0.002089944202746521,0.002089944202746521,0.002089944202746521,0.002089944202746521
earnings25,64k,ticker_disjoint,v,30,mlp_emotion2vec_audio_pastvol,test,39,1.996644135680224e+22,108005764176.02534,-2.2254694266648946e+23,0.08906882591093118,8.330006296775008e+21,0.0007334515396954128,0.0007334515396954128,0.0007334515396954128,0.0007334515396954128
earnings25,64k,ticker_disjoint,v,30,mlp_emotion2vec_audio_pastvol,val,27,8.282345154389899e+21,69989775444.33826,-8.457723257232213e+22,-0.32461538461538453,8.330006296775008e+21,0.0015639259016920336,0.0015639259016920336,0.0015639259016920336,0.0015639259016920336
earnings25,64k,ticker_disjoint,v,30,mlp_wavlm_audio,test,39,2.483631976549585e+26,11602992359382.045,-2.7682684821626263e+27,-0.06963562753036438,4.359696864482812e+25,0.0005645174227568816,0.0005645174227568816,0.0005645174227568816,0.0005645174227568816
earnings25,64k,ticker_disjoint,v,30,mlp_wavlm_audio,val,27,1.6739312545340726e+26,11040317417333.08,-1.7093766365166184e+27,-0.5096153846153846,4.359696864482812e+25,8.089660208552908e-05,8.089660208552908e-05,8.089660208552908e-05,8.089660208552908e-05
earnings25,64k,ticker_disjoint,v,30,mlp_wavlm_audio_pastvol,test,39,2.1992088154556958e+26,10950205657163.324,-2.4512490203874865e+27,-0.062145748987854244,6.245178070496501e+25,0.0004874558427548047,0.0004874558427548047,0.0004874558427548047,0.0004874558427548047
earnings25,64k,ticker_disjoint,v,30,mlp_wavlm_audio_pastvol,val,27,1.5078613944094961e+26,10456379521857.4,-1.5397902582483253e+27,-0.5011538461538461,6.245178070496501e+25,0.00010035957869196649,0.00010035957869196649,0.00010035957869196649,0.00010035957869196649
earnings25,64k,ticker_disjoint,v,30,mlp_wavlm_egemaps_audio,test,39,1.5525763048046365e+26,8726332411087.752,-1.7305092265377278e+27,-0.14433198380566803,1.889126081047564e+25,0.002947630037878892,0.002947630037878892,0.002947630037878892,0.002947630037878892
earnings25,64k,ticker_disjoint,v,30,mlp_wavlm_egemaps_audio,val,27,8.4277981119757e+25,7928809802983.226,-8.606256171434005e+26,-0.528076923076923,1.889126081047564e+25,5.581315789007564e-06,5.581315789007564e-06,5.581315789007564e-06,5.581315789007564e-06
earnings25,64k,ticker_disjoint,v,30,mlp_wavlm_egemaps_audio_pastvol,test,39,9.115824733672962e+25,6662334466832.726,-1.0160543324218054e+27,-0.1410931174089069,4.220718687285267e+25,0.0031868528472818133,0.0031868528472818133,0.0031868528472818133,0.0031868528472818133
earnings25,64k,ticker_disjoint,v,30,mlp_wavlm_egemaps_audio_pastvol,val,27,4.887610990056217e+25,6036590919696.895,-4.991105824778598e+26,-0.528076923076923,4.220718687285267e+25,5.0482967590020365e-06,5.0482967590020365e-06,5.0482967590020365e-06,5.0482967590020365e-06
earnings25,64k,ticker_disjoint,v,30,mlp_wavlm_text_audio_pastvol,test,39,1.4189534566046782e+26,9553879067979.44,-1.5815725391938006e+27,-0.2562753036437247,6.1886862264494766e+25,0.0001991113230610356,0.0001991113230610356,0.0001991113230610356,0.0001991113230610356
earnings25,64k,ticker_disjoint,v,30,mlp_wavlm_text_audio_pastvol,val,27,1.0606613212229183e+26,8511443747293.162,-1.083120753522199e+27,0.5215384615384615,6.1886862264494766e+25,0.0002935023183795106,0.0002935023183795106,0.0002935023183795106,0.0002935023183795106
earnings25,64k,ticker_disjoint,v,30,ridge_egemaps_audio,test,39,0.15336147584370838,0.3287586291186736,-0.7093745931951161,0.1105263157894737,,0.055381860698875816,0.009604318220965021,0.005737597952999943,0.04181318740998261
earnings25,64k,ticker_disjoint,v,30,ridge_egemaps_audio,val,27,0.17662690841827364,0.31437632255507364,-0.803669713511594,0.5626923076923076,,0.20164894553095916,0.13398017478265528,0.061729328830360565,0.061625900984622006
earnings25,64k,ticker_disjoint,v,30,ridge_egemaps_audio_pastvol,test,39,0.07940352891737687,0.23064835579701415,0.11496434032937064,0.6937246963562753,,0.5521880336141519,0.7349239016384345,0.420351992085383,0.31625586224327756
earnings25,64k,ticker_disjoint,v,30,ridge_egemaps_audio_pastvol,val,27,0.11756700612793729,0.2595119655910692,-0.20056479593147758,-0.2015384615384615,,0.39222772693555885,0.5809515362702193,0.021281672878982652,0.10411554187772966
earnings25,64k,ticker_disjoint,v,30,ridge_emotion2vec_audio,test,39,0.1422846730551857,0.3186041906531395,-0.5859120015868453,0.22246963562753036,,0.11696552347777514,0.010310175662172323,0.007121356887116331,0.07392598815147329
earnings25,64k,ticker_disjoint,v,30,ridge_emotion2vec_audio,val,27,0.18472601113355025,0.3392936953828646,-0.8863757202292692,0.5126923076923077,,0.14370364244094397,0.04859189196531006,0.024513163372822867,0.02682619893754752
earnings25,64k,ticker_disjoint,v,30,ridge_emotion2vec_audio_pastvol,test,39,0.08099170889558727,0.2308523674651586,0.09726240775967698,0.6949392712550608,,0.6684991431763577,0.5341412390228567,0.31797930953801806,0.24998798266426134
earnings25,64k,ticker_disjoint,v,30,ridge_emotion2vec_audio_pastvol,val,27,0.1237126888833403,0.2671706592137992,-0.2633229676847917,-0.17346153846153844,,0.44720684706467734,0.37656917354139796,0.06310504202673702,0.08759303080393192
earnings25,64k,ticker_disjoint,v,30,ridge_wavlm_audio,test,39,0.14182287521632264,0.3142648662833566,-0.580764780039829,0.2479757085020243,,0.14500305502244584,0.014436990723623486,0.008788392685312393,0.13204657300693287
earnings25,64k,ticker_disjoint,v,30,ridge_wavlm_audio,val,27,0.16630453518828567,0.31729818117187575,-0.6982602256072814,0.6519230769230768,,0.23603344700864023,0.07985939155096408,0.04027002928791434,0.050089696833487685
earnings25,64k,ticker_disjoint,v,30,ridge_wavlm_audio_pastvol,test,39,0.09221498908480834,0.23489501902617796,-0.027832828199814585,0.5603238866396761,,0.9294866751019991,0.4132721698795047,0.23861870636858662,0.6698322258359646
earnings25,64k,ticker_disjoint,v,30,ridge_wavlm_audio_pastvol,val,27,0.13469013096715357,0.2820272705639151,-0.3754218545175587,0.7773076923076923,,0.4580654010148358,0.2626278631708065,0.1354847522774616,0.1661263031810887
earnings25,64k,ticker_disjoint,v,30,ridge_wavlm_egemaps_audio,test,39,0.1335957134164127,0.3019215425303035,-0.48906442780010817,0.3619433198380567,,0.20094281581245782,0.023427962683090737,0.013129603273044663,0.18646058026829931
earnings25,64k,ticker_disjoint,v,30,ridge_wavlm_egemaps_audio,val,27,0.1738908254967189,0.3229393181999665,-0.7757295205735057,-0.33999999999999997,,0.15461113645713614,0.034601507898969396,0.019058518654405086,0.026848269368707333
earnings25,64k,ticker_disjoint,v,30,ridge_wavlm_egemaps_audio_pastvol,test,39,0.08322617585214849,0.21883561975335647,0.07235692857159026,0.6279352226720647,,0.7890684765552418,0.6472587733107249,0.34312809096573216,0.4151942712801932
earnings25,64k,ticker_disjoint,v,30,ridge_wavlm_egemaps_audio_pastvol,val,27,0.14734662992636774,0.29632999434397866,-0.5046668492709396,-0.2442307692307692,,0.2844943657920049,0.08725537053148913,0.06372744983008347,0.0846717326456619
earnings25,64k,ticker_disjoint,v,30,ridge_wavlm_text_audio_pastvol,test,39,0.1064544613402768,0.257729482145217,-0.18654669007481495,0.6010121457489879,,0.629351512952863,0.2722334850074419,0.15959781804421808,0.8730655654163194
earnings25,64k,ticker_disjoint,v,30,ridge_wavlm_text_audio_pastvol,val,27,0.0927955946656396,0.25834278955504913,0.052394648445332925,0.8615384615384615,,0.8839657261750535,0.5436348982787704,0.56937715978358,0.7311897021761734
earnings25,all,ticker_disjoint,dv,3,mlp_egemaps_audio,test,95,1.5647758050413134,0.9446705028709139,0.17158473817725117,0.22970776288697037,0.12452943098303225,0.017429152183567304,0.0012681436510058194,0.05984478980369927,0.06694530400523245
earnings25,all,ticker_disjoint,dv,3,mlp_egemaps_audio,val,47,1.2340854160040116,0.9461695101909251,-0.07517818010413713,-0.4675889328063241,0.12452943098303225,0.6201563599634708,0.003948100538507307,0.022706860752569644,0.14850177833025027
earnings25,all,ticker_disjoint,dv,3,mlp_egemaps_audio_pastvol,test,95,1.0605355312994231,0.7769734069702402,0.4385369348099398,0.5918650435285193,0.11492219379075451,0.00021688630746052333,0.02569356329043922,0.5111437806715705,0.12036800304850234
earnings25,all,ticker_disjoint,dv,3,mlp_egemaps_audio_pastvol,val,47,1.1674709935261975,0.864738135858327,-0.017141376006493347,-0.3391304347826086,0.11492219379075451,0.9351465812227191,0.00020216114365610897,0.011656052901205801,0.3740771627818035
earnings25,all,ticker_disjoint,dv,3,mlp_emotion2vec_audio,test,95,1.6628027570240662,0.9927570639234029,0.11968783203207067,0.17386121446375036,0.44274167251134905,0.3107019980334092,6.296859211397151e-05,0.014576164076067613,0.05169060121833584
earnings25,all,ticker_disjoint,dv,3,mlp_emotion2vec_audio,val,47,2.4222046221097195,1.2030283189183661,-1.1103089977941138,-0.5916996047430829,0.44274167251134905,0.020096919036336015,0.0013343633915654752,0.00277093811055498,0.003648349045321709
earnings25,all,ticker_disjoint,dv,3,mlp_emotion2vec_audio_pastvol,test,95,2.068877317458938,1.1630732046250754,-0.0952939961751531,0.09545930715601633,0.22333828083365867,0.5311742789203366,7.602745152804385e-07,0.00029888461544496004,0.0024347169631180744
earnings25,all,ticker_disjoint,dv,3,mlp_emotion2vec_audio_pastvol,val,47,3.067568155289561,1.3413875201712766,-1.6725721767535373,0.411725955204216,0.22333828083365867,0.001990634200916977,0.00076828297625447,0.0011943710455045223,0.002418782048922984
earnings25,all,ticker_disjoint,dv,3,mlp_wavlm_audio,test,95,1.9931780364635039,1.1085854673172573,-0.05521768653156767,-0.03300942816891233,0.2277892635295669,0.6098624733737938,3.0381250312158543e-05,0.0016850715406697692,0.0006370856628976482
earnings25,all,ticker_disjoint,dv,3,mlp_wavlm_audio,val,47,1.9210732431942716,1.1054323958831445,-0.673705893188884,-0.5555994729907773,0.2277892635295669,0.033178105434094204,0.00022501399645505636,0.00149978892954324,0.004049510775791637
earnings25,all,ticker_disjoint,dv,3,mlp_wavlm_audio_pastvol,test,95,1.7553232527586502,1.065090101254039,0.07070612458810088,0.11898276920853953,0.36835566059816666,0.506575121232545,2.7662066349639807e-06,0.0016217679126525905,0.006995637473681408
earnings25,all,ticker_disjoint,dv,3,mlp_wavlm_audio_pastvol,val,47,1.917688368501967,1.060690746921657,-0.6707568725097994,-0.4253623188405797,0.36835566059816666,0.06995191744818921,0.0005356351140057516,0.0022154139451440193,0.01658050973332139
earnings25,all,ticker_disjoint,dv,3,mlp_wavlm_egemaps_audio,test,95,1.975641036356071,1.1172958435406766,-0.04593334145875971,0.031318859950149915,0.2022197020726633,0.6525650000884986,1.3058933418689594e-06,0.00035098763106720693,0.0006699491384526664
earnings25,all,ticker_disjoint,dv,3,mlp_wavlm_egemaps_audio,val,47,1.7030113939400913,1.0481144594367113,-0.4837228181190705,-0.5240447957839262,0.2022197020726633,0.04791766673153647,0.0003642807964118187,0.0013412031455100532,0.006483535230787198
earnings25,all,ticker_disjoint,dv,3,mlp_wavlm_egemaps_audio_pastvol,test,95,1.6688129254625885,1.0401299822836558,0.11650596070931851,0.19783260484774048,0.2162209141672155,0.26009218421649627,3.310315103142956e-06,0.004622973743235956,0.03454692171135006
earnings25,all,ticker_disjoint,dv,3,mlp_wavlm_egemaps_audio_pastvol,val,47,1.9463754398026996,1.0982115396752374,-0.6957500477905767,-0.4971673254281949,0.2162209141672155,0.021715716336660047,0.00015076827065251469,0.0005668839284940149,0.004101441658797773
earnings25,all,ticker_disjoint,dv,3,mlp_wavlm_text_audio_pastvol,test,95,1.5178003069275958,0.9674620753840504,0.19645425587029974,0.17890402051800747,0.20581686736087662,0.015020192318851613,0.0002749937540747353,0.04832828980706377,0.06197989087701277
earnings25,all,ticker_disjoint,dv,3,mlp_wavlm_text_audio_pastvol,val,47,1.3376102721435745,0.9263887569891375,-0.16537263907448474,-0.4067193675889328,0.20581686736087662,0.45478489981151554,0.002258744957445796,0.016867411475675744,0.02627883360733474
earnings25,all,ticker_disjoint,dv,3,ridge_egemaps_audio,test,95,1.6079178623554375,0.9759278591559687,0.14874470026874786,-0.006928439836722899,,0.019376895134201242,0.00045707127104971157,0.029833450323552557,0.011665797896789107
earnings25,all,ticker_disjoint,dv,3,ridge_egemaps_audio,val,47,1.153990402126102,0.9053819528015932,-0.005396615441042307,0.5930830039525691,,0.9649930385029422,0.0022623790460479637,0.021713251397897655,0.2893670944362998
earnings25,all,ticker_disjoint,dv,3,ridge_egemaps_audio_pastvol,test,95,0.9536671713947188,0.7535439814270084,0.4951146119863109,0.5849438283423039,,0.0007005273343808782,0.1254970405640271,0.13130643241243156,0.09576100024731385
earnings25,all,ticker_disjoint,dv,3,ridge_egemaps_audio_pastvol,val,47,0.7549446932837439,0.680312724933089,0.34226589920137807,-0.21152832674571798,,0.048773243832847465,0.001829083204569327,0.33276643328456906,0.22736673846197397
earnings25,all,ticker_disjoint,dv,3,ridge_emotion2vec_audio,test,95,1.5835369321046653,0.9659200420965647,0.16165232233965687,0.1125239316548062,,0.009434642426911208,0.0010865023461037234,0.047292943945600796,0.01778170442199227
earnings25,all,ticker_disjoint,dv,3,ridge_emotion2vec_audio,val,47,1.1692604357424625,0.9017699218335212,-0.018700400366180814,-0.47332015810276673,,0.8675859086561032,0.0011663121173354296,0.01441212062992786,0.27561652501178224
earnings25,all,ticker_disjoint,dv,3,ridge_emotion2vec_audio_pastvol,test,95,0.9253992442540436,0.7455815401340371,0.5100800672214847,0.6215439078134595,,0.0006031067993316523,0.12959000467473014,0.09458113443873196,0.06310560296759328
earnings25,all,ticker_disjoint,dv,3,ridge_emotion2vec_audio_pastvol,val,47,0.743586164607128,0.7267254143279855,0.35216184484080437,-0.21317523056653492,,0.027162812257520274,0.002250268855089141,0.3702868006077925,0.2337265712105913
earnings25,all,ticker_disjoint,dv,3,ridge_wavlm_audio,test,95,1.6252959238515097,0.984720992058367,0.13954449962795368,-0.0644077592746451,,0.016133654452922915,0.0004880641858943513,0.026864113237089537,0.008042286964848142
earnings25,all,ticker_disjoint,dv,3,ridge_wavlm_audio,val,47,1.2423449309480405,0.9461865295217056,-0.08237415708506535,-0.6005270092226613,,0.4813495593588637,0.0006723873665009027,0.007970593156237667,0.1397615165810685
earnings25,all,ticker_disjoint,dv,3,ridge_wavlm_audio_pastvol,test,95,1.0517095460638686,0.8072201511630682,0.4432095408447466,0.5273633637972763,,0.00033818071646103903,0.011829024428434764,0.46321704633568184,0.13682958679748997
earnings25,all,ticker_disjoint,dv,3,ridge_wavlm_audio_pastvol,val,47,1.1608510958419413,0.8503857297871503,-0.01137389066687966,-0.31396574440052694,,0.9547074569839813,0.00018088022700520347,0.006796785736278863,0.4098145367138473
earnings25,all,ticker_disjoint,dv,3,ridge_wavlm_egemaps_audio,test,95,1.6325381104855468,0.9872354616574823,0.1357103798024324,-0.058873676985875804,,0.01991705870354067,0.0004420039058283953,0.024977041037137493,0.007410474622660678
earnings25,all,ticker_disjoint,dv,3,ridge_wavlm_egemaps_audio,val,47,1.2295046429439322,0.9395368634375838,-0.07118725113087865,0.4244400527009222,,0.54288664818967,0.0009848897477044763,0.01035674917851318,0.15405294132797454
earnings25,all,ticker_disjoint,dv,3,ridge_wavlm_egemaps_audio_pastvol,test,95,1.5782246737645726,0.9715787840729346,0.16446470982002304,0.11172922009897772,,0.006404868616753998,0.000549329476361906,0.03643453047168271,0.020420473846574052
earnings25,all,ticker_disjoint,dv,3,ridge_wavlm_egemaps_audio_pastvol,val,47,1.2000402154419574,0.9286147143472496,-0.04551681606329461,0.4742424242424242,,0.6950655376533478,0.0009751579368265339,0.011594807671518867,0.1962501939199578
earnings25,all,ticker_disjoint,dv,3,ridge_wavlm_text_audio_pastvol,test,95,1.4684154330383667,0.9295782982012757,0.2225993324373221,0.27253549109561825,,0.00010630416972916324,0.002452555976546027,0.10605521292213513,0.04397852458687945
earnings25,all,ticker_disjoint,dv,3,ridge_wavlm_text_audio_pastvol,val,47,1.1797340515040724,0.9014207919025699,-0.0278253790650953,-0.4305665349143609,,0.8494398228991926,0.0028706008454558495,0.026729868037247306,0.05129722982153214
earnings25,all,ticker_disjoint,dv,7,mlp_egemaps_audio,test,95,0.5322183279302881,0.6039883482944419,0.14596347257013886,0.15757685221977388,0.06731046900080015,0.15354405863541046,0.0005876008975397168,0.1299396052520885,0.22499717751874293
earnings25,all,ticker_disjoint,dv,7,mlp_egemaps_audio,val,47,0.4080520069891529,0.5487793673733835,0.07627553323278569,0.5591567852437417,0.06731046900080015,0.573618413888075,0.0031764202064087335,0.0526873598118912,0.0070264729124002116
earnings25,all,ticker_disjoint,dv,7,mlp_egemaps_audio_pastvol,test,95,0.3918946740897124,0.4981357465515598,0.37113708977404036,0.4701874796806705,0.03848900124152916,0.0010660906283931374,0.07354227399032641,0.4071941874694919,0.13065913553825523
earnings25,all,ticker_disjoint,dv,7,mlp_egemaps_audio_pastvol,val,47,0.355979806699709,0.4741488275395204,0.19415356010655316,-0.3075757575757575,0.03848900124152916,0.25384704459691193,0.0016666938288804447,0.1648701058852273,0.17237819801376975
earnings25,all,ticker_disjoint,dv,7,mlp_emotion2vec_audio,test,95,0.7598002460934157,0.7171579768616094,-0.21923114943717148,0.14594516490264783,0.3174694311832765,0.28821489877957795,2.8571810010952743e-05,0.001712458291474911,0.00937561354488528
earnings25,all,ticker_disjoint,dv,7,mlp_emotion2vec_audio,val,47,0.8568407450635588,0.7504353932438732,-0.9396663826709182,-0.4296442687747035,0.3174694311832765,0.05161376175577233,0.0021662757983262897,0.0046473496836494385,0.004104168997814541
earnings25,all,ticker_disjoint,dv,7,mlp_emotion2vec_audio_pastvol,test,95,0.8032091012117492,0.7574035981126177,-0.28888817915491427,0.14171151970523427,0.2149042843638746,0.11903011450769566,3.5651012927725077e-07,0.0001875301127631911,0.000804362019520922
earnings25,all,ticker_disjoint,dv,7,mlp_emotion2vec_audio_pastvol,val,47,0.8806923850020517,0.7213083039823783,-0.9936603417896972,0.5286561264822134,0.2149042843638746,0.029282426796241854,0.002994043104872248,0.004238033655569986,0.005899585173153645
earnings25,all,ticker_disjoint,dv,7,mlp_wavlm_audio,test,95,0.796927950369596,0.7049916814162759,-0.2788089842606747,-0.0796806704475671,0.115433830498289,0.08069055673531766,5.316458773407855e-05,0.0012490356866413253,0.0012464622112964758
earnings25,all,ticker_disjoint,dv,7,mlp_wavlm_audio,val,47,0.7099137873612842,0.6865704559712181,-0.6070616574578636,-0.5799736495388669,0.115433830498289,0.008520726432303604,2.8334590092654058e-05,0.0001846714743900872,6.251377094770517e-05
earnings25,all,ticker_disjoint,dv,7,mlp_wavlm_audio_pastvol,test,95,0.8097373324519034,0.734025021702903,-0.29936385736066495,0.020481884188852363,0.2402666366669252,0.044551828724823446,2.605999037105149e-07,3.238937470901423e-05,2.0622033172369846e-05
earnings25,all,ticker_disjoint,dv,7,mlp_wavlm_audio_pastvol,val,47,0.6449160938158095,0.6531861143672344,-0.4599236486182492,0.5729249011857707,0.2402666366669252,0.13827983495256016,0.00042955252215587093,0.0033591917787059293,0.0024323524913994776
earnings25,all,ticker_disjoint,dv,7,mlp_wavlm_egemaps_audio,test,95,0.8457762098673905,0.7447428231966563,-0.35719448081943583,-0.016320485496514107,0.0904174518642308,0.02751602509665847,1.3332097266143252e-06,9.121864581341987e-05,0.00012872287712125603
earnings25,all,ticker_disjoint,dv,7,mlp_wavlm_egemaps_audio,val,47,0.6605347920631484,0.6814388220374363,-0.49528035183991626,0.48267457180500656,0.0904174518642308,0.02257271875814013,0.00015495154975435314,0.00046828785610087667,8.15979678330108e-05
earnings25,all,ticker_disjoint,dv,7,mlp_wavlm_egemaps_audio_pastvol,test,95,0.7811754623664533,0.7301602488930923,-0.25353138774327966,-0.00965935772856988,0.16933527334950146,0.11126350007688945,3.381915134370841e-07,7.771160713250385e-05,0.0003536519241814439
earnings25,all,ticker_disjoint,dv,7,mlp_wavlm_egemaps_audio_pastvol,val,47,0.6617370534840078,0.6527435529661457,-0.4980019615143607,0.5104743083003952,0.16933527334950146,0.05662163534207988,0.00026817061776866405,0.0006778163191888369,0.0006498912061869985
earnings25,all,ticker_disjoint,dv,7,mlp_wavlm_text_audio_pastvol,test,95,0.5860281100795971,0.6107004278157163,0.059616353207927464,0.16831268287396597,0.09863350799333004,0.603968287969326,0.0004811853737008758,0.051849937086027996,0.026666105934892305
earnings25,all,ticker_disjoint,dv,7,mlp_wavlm_text_audio_pastvol,val,47,0.44864160050037216,0.550391841244446,-0.015608834397455196,-0.37200263504611325,0.09863350799333004,0.9283234614391673,0.0013080137965557422,0.015112838684755905,0.004352841405714955
earnings25,all,ticker_disjoint,dv,7,ridge_egemaps_audio,test,95,0.5286605300818946,0.5998322792413987,0.1516725756962104,0.03298052956688221,,0.020826998885350688,0.0005455206400765559,0.12572376617369346,0.19025974244573482
earnings25,all,ticker_disjoint,dv,7,ridge_egemaps_audio,val,47,0.39696276670349206,0.5336208169600059,0.10137871222535433,0.5810935441370223,,0.3643386066652846,0.0021438828673824885,0.04764966265541065,0.0053075880488533764
earnings25,all,ticker_disjoint,dv,7,ridge_egemaps_audio_pastvol,test,95,0.3960248590403797,0.5020008839568851,0.36450949236185004,0.48771448181194244,,0.0025455456597927497,0.04587259340332777,0.4374115770784629,0.17445486308444086
earnings25,all,ticker_disjoint,dv,7,ridge_egemaps_audio_pastvol,val,47,0.2981178850410684,0.4335658806923559,0.32513802241719914,-0.2664690382081686,,0.031841787209033086,0.002032320015720346,0.4634471842702359,0.6142929141130092
earnings25,all,ticker_disjoint,dv,7,ridge_emotion2vec_audio,test,95,0.5161261671035122,0.5881662324339773,0.17178613298994805,0.1185203915760575,,0.013696905780551515,0.0010541295852663952,0.18352754741506638,0.26596869661108813
earnings25,all,ticker_disjoint,dv,7,ridge_emotion2vec_audio,val,47,0.4014327878443496,0.5311147686510834,0.09125973762394624,-0.44769433465085634,,0.3515202596560592,0.0013506524217813004,0.02292106197565481,0.0033622498333493295
earnings25,all,ticker_disjoint,dv,7,ridge_emotion2vec_audio_pastvol,test,95,0.3253506883474906,0.4445808685901914,0.47791844532343664,0.6016616696167323,,0.00022682947964543874,0.9434569632849003,0.018533591879009947,0.00404052736186668
earnings25,all,ticker_disjoint,dv,7,ridge_emotion2vec_audio_pastvol,val,47,0.2829766691503558,0.4389003764062356,0.3594138287734894,0.764953886693017,,0.007392057605783606,0.01710787163290841,0.6626626339308165,0.8481590992911011
earnings25,all,ticker_disjoint,dv,7,ridge_wavlm_audio,test,95,0.5097559068428456,0.5862525671242829,0.18200831938664963,0.2046960228298956,,0.006550919219136295,0.0008781331698740735,0.19841520055352874,0.3589277238816924
earnings25,all,ticker_disjoint,dv,7,ridge_wavlm_audio,val,47,0.41120552816506173,0.5422947524390735,0.06913677489619718,0.4581686429512516,,0.4787175739672603,0.001184320752352127,0.021804205346108066,0.003205826751815945
earnings25,all,ticker_disjoint,dv,7,ridge_wavlm_audio_pastvol,test,95,0.49683237470711133,0.5788808141339542,0.20274636602674267,0.30376043058917024,,0.003015481877770466,0.0011945078478837858,0.2658693256051443,0.5433693800004735
earnings25,all,ticker_disjoint,dv,7,ridge_wavlm_audio_pastvol,val,47,0.4022579716553493,0.5356145305528076,0.089391734372535,0.5025032938076416,,0.3612495822879644,0.0012016596506560493,0.026144961563729786,0.003980006802549129
earnings25,all,ticker_disjoint,dv,7,ridge_wavlm_egemaps_audio,test,95,0.51007611688785,0.5859900591574991,0.18149448688496317,0.20351118014666042,,0.007535137114494143,0.0008994657257202389,0.19660084359024757,0.3585110407408102
earnings25,all,ticker_disjoint,dv,7,ridge_wavlm_egemaps_audio,val,47,0.4081977388252893,0.5412778599742322,0.07594563395445741,0.4924242424242424,,0.4343048013505848,0.0013790226374987302,0.025334641208348174,0.0036414575431284154
earnings25,all,ticker_disjoint,dv,7,ridge_wavlm_egemaps_audio_pastvol,test,95,0.4972037775506384,0.5787342905133811,0.20215038580938172,0.286146732651808,,0.003461631628072571,0.0012208595118539708,0.2632943608394127,0.540058327106106
earnings25,all,ticker_disjoint,dv,7,ridge_wavlm_egemaps_audio_pastvol,val,47,0.39979131625314684,0.5347888552482531,0.09497560580821329,0.5175230566534914,,0.3294852619913901,0.001364573552526986,0.029668064203650642,0.0043843438171969696
earnings25,all,ticker_disjoint,dv,7,ridge_wavlm_text_audio_pastvol,test,95,0.51590036532736,0.5900243868097403,0.17214847106564424,0.20611205432937182,,0.07617060714859257,0.0012899833491750016,0.1671813663745367,0.06523597884035319
earnings25,all,ticker_disjoint,dv,7,ridge_wavlm_text_audio_pastvol,val,47,0.3327158640662961,0.48374748364097897,0.24681712415201473,-0.2538208168642951,,0.029728317179085542,0.0222006939265394,0.20547182931214175,0.029523275283494944
earnings25,all,ticker_disjoint,dv,15,mlp_egemaps_audio,test,95,0.25580639182084924,0.3858436188586324,-0.11531166996458042,0.15811147635733122,0.06177984126827828,0.5618060873309907,0.08239856530454416,0.2789415264712567,0.2006751044975038
earnings25,all,ticker_disjoint,dv,15,mlp_egemaps_audio,val,47,0.19384934017909067,0.3719114884911924,0.06716269329778202,0.5914361001317523,0.06177984126827828,0.6582311445465954,0.2843232516097874,0.4553152997733372,0.05421433337257504
earnings25,all,ticker_disjoint,dv,15,mlp_egemaps_audio_pastvol,test,95,0.21390374392612727,0.35836482153810434,0.06738318713707514,0.25834627749882605,0.0758545770215039,0.5748974319428211,0.20561893938986453,0.8042533280937337,0.7987383686301712
earnings25,all,ticker_disjoint,dv,15,mlp_egemaps_audio_pastvol,val,47,0.20916443355135703,0.36808247390350646,-0.006536244444689254,-0.3822134387351778,0.0758545770215039,0.9700799183535294,0.06344966652280412,0.30287823108853773,0.03368685465524416
earnings25,all,ticker_disjoint,dv,15,mlp_emotion2vec_audio,test,95,0.4446682179886977,0.5419629075423957,-0.938746132397178,0.15850160748473793,0.17626617505798284,0.0002840878079653095,8.546799220648833e-06,6.741049220375946e-05,6.132819731143755e-05
earnings25,all,ticker_disjoint,dv,15,mlp_emotion2vec_audio,val,47,0.4716397003141932,0.5168001890503463,-1.2696136461876355,-0.3361660079051383,0.17626617505798284,0.0402861535664859,0.017335452433828766,0.01976094647100933,0.009901342147599803
earnings25,all,ticker_disjoint,dv,15,mlp_emotion2vec_audio_pastvol,test,95,0.49636113694261114,0.5844543638861768,-1.1641264106359248,0.023010511866488458,0.14884819072805833,0.0001240939798116878,4.761166244109684e-06,5.8768745284222476e-05,2.9263844019655294e-05
earnings25,all,ticker_disjoint,dv,15,mlp_emotion2vec_audio_pastvol,val,47,0.36553129882812047,0.47435367878920504,-0.7590012532370076,0.5549407114624505,0.14884819072805833,0.044926998045063525,0.007095788758881317,0.008921114668691991,0.002563660928022224
earnings25,all,ticker_disjoint,dv,15,mlp_wavlm_audio,test,95,0.41236620899046167,0.5215508929806756,-0.7979099033155197,-0.017375284470613733,0.19485242698051794,0.0005432329537699774,9.133016114635466e-05,0.0008839640652519918,0.00014822490251754442
earnings25,all,ticker_disjoint,dv,15,mlp_wavlm_audio,val,47,0.3582984410991986,0.4720248323135303,-0.7241954627330296,-0.555862977602108,0.19485242698051794,0.003968759113672916,0.002586381072866209,0.002775276842943419,0.00028150837656837926
earnings25,all,ticker_disjoint,dv,15,mlp_wavlm_audio_pastvol,test,95,0.42243472749919964,0.5356632315782579,-0.8418084787659499,0.058425748654408846,0.14613059317787605,0.00012290352474631945,4.9707308952897976e-06,3.357709667362565e-05,1.1839151653118042e-05
earnings25,all,ticker_disjoint,dv,15,mlp_wavlm_audio_pastvol,val,47,0.33470335281069485,0.4707825806025187,-0.6106517251576824,0.5745718050065876,0.14613059317787605,0.07342191293484025,0.011020379164031681,0.012626085993015011,0.007782025291078973
earnings25,all,ticker_disjoint,dv,15,mlp_wavlm_egemaps_audio,test,95,0.3793021722796517,0.4903825686208773,-0.6537512459136756,0.1266553480475382,0.06532997372949023,0.00860442604638032,0.0008352964564162798,0.004748415210163231,0.0023825441410840697
earnings25,all,ticker_disjoint,dv,15,mlp_wavlm_egemaps_audio,val,47,0.31094707274687655,0.4660443672742298,-0.496332304253168,0.5280632411067193,0.06532997372949023,0.01937282384363692,0.004117572224740829,0.003613053814191226,0.0005700047675872968
earnings25,all,ticker_disjoint,dv,15,mlp_wavlm_egemaps_audio_pastvol,test,95,0.3793054588809001,0.5097149354315947,-0.653765575441178,0.0259148213705162,0.13119082000352664,0.0015777322730912806,1.7229504364692708e-05,0.00034312389385963776,3.373685097793679e-05
earnings25,all,ticker_disjoint,dv,15,mlp_wavlm_egemaps_audio_pastvol,val,47,0.2969894109320716,0.43021327639942175,-0.4291655672235031,0.6150856389986824,0.13119082000352664,0.11205715616350093,0.019948728411680567,0.010984956475580194,0.005345472748246723
earnings25,all,ticker_disjoint,dv,15,mlp_wavlm_text_audio_pastvol,test,95,0.3132581488955365,0.4444936438561351,-0.365800387894053,0.11519705234259293,0.07707089918693509,0.04041333872553017,0.000811581923476772,0.010754095295520795,0.0016189634154839415
earnings25,all,ticker_disjoint,dv,15,mlp_wavlm_text_audio_pastvol,val,47,0.25643231170053665,0.3968106022650898,-0.2339976333020004,-0.35678524374176546,0.07707089918693509,0.40395719477149217,0.0555478874412148,0.08838847941331684,0.013929972979269695
earnings25,all,ticker_disjoint,dv,15,ridge_egemaps_audio,test,95,0.22121456943853907,0.3724341450123844,0.03550810789050918,0.005815843658563017,,0.5956389009160677,0.0703924920523739,0.6374519479973578,0.4286344478229675
earnings25,all,ticker_disjoint,dv,15,ridge_egemaps_audio,val,47,0.1953406308737719,0.36993509017900794,0.05998633874402748,0.5814888010540183,,0.5247347592580133,0.22711975421029523,0.4176767788297875,0.00948948677516215
earnings25,all,ticker_disjoint,dv,15,ridge_egemaps_audio_pastvol,test,95,0.20382293133086837,0.35715068023264596,0.11133536460296212,0.3426290503196908,,0.11219295973732418,0.2292942532495527,0.9006449246037795,0.8600453282214456
earnings25,all,ticker_disjoint,dv,15,ridge_egemaps_audio_pastvol,val,47,0.18929789274166564,0.35827789597927323,0.08906506327851937,0.6723978919631093,,0.40706106071364045,0.22702293700867787,0.5013012468943585,0.021512291625069124
earnings25,all,ticker_disjoint,dv,15,ridge_emotion2vec_audio,test,95,0.21713700712171352,0.371036638403382,0.05328621266964351,0.11187371310912836,,0.4526315321518559,0.09225533274337047,0.7443373302814099,0.5300120904642514
earnings25,all,ticker_disjoint,dv,15,ridge_emotion2vec_audio,val,47,0.20431434934983117,0.374931734875797,0.016803218458049884,-0.4687088274044795,,0.8209863499957125,0.15571992281577823,0.27464457852803925,0.0025544312325147455
earnings25,all,ticker_disjoint,dv,15,ridge_emotion2vec_audio_pastvol,test,95,0.18576729883568438,0.340069561657422,0.1900576259472898,0.44680851063829785,,0.12076957980352385,0.8400194525235513,0.3787200611720131,0.3135041180342307
earnings25,all,ticker_disjoint,dv,15,ridge_emotion2vec_audio_pastvol,val,47,0.17357584497847675,0.3353576067114124,0.16472233751895393,-0.3136363636363636,,0.22831065986018145,0.6106237620049494,0.8592553179568037,0.14294172901097715
earnings25,all,ticker_disjoint,dv,15,ridge_wavlm_audio,test,95,0.21438340107442905,0.3627586929475371,0.06529188984276224,0.12245060145215474,,0.29329967396477996,0.11798374977805205,0.8095834425252678,0.6634739132294604
earnings25,all,ticker_disjoint,dv,15,ridge_wavlm_audio,val,47,0.19133023520859305,0.3582146621988649,0.07928507191309309,0.5684453227931489,,0.3589833991311537,0.27265797444764084,0.4528655310001984,0.015352467645461583
earnings25,all,ticker_disjoint,dv,15,ridge_wavlm_audio_pastvol,test,95,0.21092692796496346,0.359611881900122,0.08036205587131695,0.19738467651627353,,0.1994726388123184,0.14875831238621892,0.8974728166839425,0.8086188213069475
earnings25,all,ticker_disjoint,dv,15,ridge_wavlm_audio_pastvol,val,47,0.18941898813699223,0.3554842987571323,0.0884823308207966,0.5913043478260869,,0.3216828526158646,0.29091847779030644,0.48495889965018957,0.01900046635512403
earnings25,all,ticker_disjoint,dv,15,ridge_wavlm_egemaps_audio,test,95,0.21381860593264412,0.3618863981902105,0.06775438739135031,0.13179929920890077,,0.2942860226535536,0.12633967238514654,0.8230215100633184,0.6866149461593953
earnings25,all,ticker_disjoint,dv,15,ridge_wavlm_egemaps_audio,val,47,0.19047624199298094,0.3585276287673725,0.08339463829313642,0.5878129117259552,,0.33869166870486755,0.28525439897936317,0.47240517865680964,0.015402447729439264
earnings25,all,ticker_disjoint,dv,15,ridge_wavlm_egemaps_audio_pastvol,test,95,0.21042519103061336,0.35850994902704275,0.08254962067042027,0.2051728497633927,,0.20368164346357817,0.158228873686019,0.9104074355890831,0.831292694343947
earnings25,all,ticker_disjoint,dv,15,ridge_wavlm_egemaps_audio_pastvol,val,47,0.1887112976239656,0.3558836408199841,0.09188786272273952,0.6211462450592885,,0.3066886240244705,0.3017873724665498,0.5022235697641886,0.01891070767387148
earnings25,all,ticker_disjoint,dv,15,ridge_wavlm_text_audio_pastvol,test,95,0.22601135693235802,0.38446469868381017,0.014594193143831702,0.22174619802767043,,0.8965155175086569,0.05838581983601219,0.49714233418499415,0.03929997829546436
earnings25,all,ticker_disjoint,dv,15,ridge_wavlm_text_audio_pastvol,val,47,0.14586940157318293,0.3164059936957296,0.298050642998941,-0.2270092226613965,,0.030424941861965298,0.4760472220689569,0.4570213186415419,0.444265741197187
earnings25,all,ticker_disjoint,dv,30,mlp_egemaps_audio,test,95,0.12396414328087972,0.27525753360818994,-0.1316482935419392,0.11099230574720949,0.0663100713789904,0.45175078791022727,0.3952617760309852,0.4130393278499381,0.02379377302852326
earnings25,all,ticker_disjoint,dv,30,mlp_egemaps_audio,val,47,0.09876404398791833,0.25581834692817657,0.04088699354366476,0.6087615283267457,0.0663100713789904,0.8165105663074191,0.8466081250653621,0.8863784631649242,0.1829531102104123
earnings25,all,ticker_disjoint,dv,30,mlp_egemaps_audio_pastvol,test,95,0.12009864669244842,0.26891527218115663,-0.09636081038579025,0.14439908969403606,0.055683228628496985,0.5016702143340231,0.30262075209959327,0.32808433326138214,0.06141265754687017
earnings25,all,ticker_disjoint,dv,30,mlp_egemaps_audio_pastvol,val,47,0.11163948730247315,0.266984940687354,-0.08414844089431184,0.5215415019762846,0.055683228628496985,0.7275574783215137,0.5375484631631338,0.6128359130920652,0.11959162991718102
earnings25,all,ticker_disjoint,dv,30,mlp_emotion2vec_audio,test,95,0.319517822444596,0.46226058949062404,-1.9168256961723693,0.06754325759491385,0.17437224088473324,1.3172046623801206e-05,1.5006929034527837e-05,1.3516164564423173e-05,1.635226999726919e-06
earnings25,all,ticker_disjoint,dv,30,mlp_emotion2vec_audio,val,47,0.4209894941486172,0.46737899266988064,-3.088294516056931,0.5359683794466402,0.17437224088473324,0.011063124213812735,0.012053412855842549,0.012943785493527128,0.006557177075206525
earnings25,all,ticker_disjoint,dv,30,mlp_emotion2vec_audio_pastvol,test,95,0.28152611087759766,0.4415431798837709,-1.5700056042840522,0.01952823032185818,0.12521623783137098,3.161550053227097e-06,2.3242307272636503e-06,3.226715500058518e-06,1.6172005483488462e-07
earnings25,all,ticker_disjoint,dv,30,mlp_emotion2vec_audio_pastvol,val,47,0.2910389535885267,0.4134075671532355,-1.8263245863681359,-0.5102108036890645,0.12521623783137098,0.0029356462543362926,0.006108262408039689,0.0063962444873053356,0.0019253065552505117
earnings25,all,ticker_disjoint,dv,30,mlp_wavlm_audio,test,95,0.30604717781435553,0.4370271585344799,-1.7938543949132515,-0.05310840588086552,0.13309795252175483,1.905944183209635e-05,3.3797313786968985e-05,4.26201991844779e-05,2.632586541721223e-06
earnings25,all,ticker_disjoint,dv,30,mlp_wavlm_audio,val,47,0.2269101920320659,0.37287248617574464,-1.203560199520402,0.4539525691699604,0.13309795252175483,0.0063414403924707975,0.009951266429307323,0.007278854989366569,0.001953170024677923
earnings25,all,ticker_disjoint,dv,30,mlp_wavlm_audio_pastvol,test,95,0.2926900522495615,0.44336781672370484,-1.671919390548518,-0.11948849474406675,0.10204598706165756,1.1682276533500984e-05,8.462646890709608e-06,3.625457609081476e-06,8.762030552496262e-07
earnings25,all,ticker_disjoint,dv,30,mlp_wavlm_audio_pastvol,val,47,0.18560928681995703,0.3510210005570132,-0.8024806794047659,-0.37766798418972325,0.10204598706165756,0.021868720989905128,0.009357012772131955,0.015253246410889031,0.004167540833729703
earnings25,all,ticker_disjoint,dv,30,mlp_wavlm_egemaps_audio,test,95,0.26500476829434017,0.390892390117283,-1.4191849827192935,0.07702199906079545,0.046480349145533686,0.001887910950086831,0.0022617069377020267,0.0022064006504254174,0.0004780227228602413
earnings25,all,ticker_disjoint,dv,30,mlp_wavlm_egemaps_audio,val,47,0.2147006200800741,0.37610426613914716,-1.084991145545128,-0.4633069828722002,0.046480349145533686,0.0004070669486061373,0.005377728846390796,0.0059393217283353825,0.0005291698151358706
earnings25,all,ticker_disjoint,dv,30,mlp_wavlm_egemaps_audio_pastvol,test,95,0.2597420237859221,0.3957473007172864,-1.3711422529050417,-0.1304410649134848,0.08901461555402296,0.0016877733181340066,0.001039532151978221,0.0013109279548617517,0.00020258426238072076
earnings25,all,ticker_disjoint,dv,30,mlp_wavlm_egemaps_audio_pastvol,val,47,0.18569206060079085,0.35676802585156525,-0.8032845084764169,-0.4107378129117259,0.08901461555402296,0.010302550955946612,0.014407603707867488,0.0044913057443085515,0.001361660286897656
earnings25,all,ticker_disjoint,dv,30,mlp_wavlm_text_audio_pastvol,test,95,0.18868885870969482,0.350679304221256,-0.7225095847706879,-0.04365856301701405,0.054888304591630604,0.00281142787543931,0.002697625875573883,0.004189944841317535,6.926093035168634e-05
earnings25,all,ticker_disjoint,dv,30,mlp_wavlm_text_audio_pastvol,val,47,0.15157006273205426,0.32332546365429443,-0.47192047516299707,0.5458498023715415,0.054888304591630604,0.22506817434330836,0.1308657926027132,0.08089830876133368,0.0324197348603519
earnings25,all,ticker_disjoint,dv,30,ridge_egemaps_audio,test,95,0.09716115422854789,0.24823100858391792,0.11303178910235356,-0.020655275801033126,,0.05617510742354188,0.3410931755241049,0.4546221245441544,0.03814509129445083
earnings25,all,ticker_disjoint,dv,30,ridge_egemaps_audio,val,47,0.09563786327554716,0.23171827406173887,0.07124582111592292,-0.5511198945981554,,0.37451331434987256,0.7459711549531497,0.7806421553406595,0.15002683316651125
earnings25,all,ticker_disjoint,dv,30,ridge_egemaps_audio_pastvol,test,95,0.10542404305345476,0.2713371321271866,0.037601234823075425,0.2377415742513456,,0.7736267676571325,0.861436468862815,0.8842327859946205,0.22894612980782655
earnings25,all,ticker_disjoint,dv,30,ridge_egemaps_audio_pastvol,val,47,0.09368185240138568,0.2506890156861929,0.09024094722080156,0.5217391304347826,,0.7145228283907159,0.5066949643523435,0.6369380327584933,0.5539260300493177
earnings25,all,ticker_disjoint,dv,30,ridge_emotion2vec_audio,test,95,0.09858425202462068,0.24816305751255444,0.10004056317325494,0.08600946429216487,,0.17424979474200006,0.42715485068529446,0.5301763664633105,0.023274873694163475
earnings25,all,ticker_disjoint,dv,30,ridge_emotion2vec_audio,val,47,0.09818736741230444,0.23628079459910334,0.04648718954472808,0.46969696969696967,,0.5464158543023537,0.8477057864214339,0.8814551564149478,0.04991468475913586
earnings25,all,ticker_disjoint,dv,30,ridge_emotion2vec_audio_pastvol,test,95,0.09727142606033902,0.2468472253919691,0.11202513567040573,0.12444460499223349,,0.12991283109030635,0.34838010372570566,0.4594349397148433,0.04884299960869161
earnings25,all,ticker_disjoint,dv,30,ridge_emotion2vec_audio_pastvol,val,47,0.09748211184939745,0.235690718156207,0.05333603610818516,0.47595520421607374,,0.5085410552913295,0.8120055897007281,0.8510649201871978,0.04948797074437346
earnings25,all,ticker_disjoint,dv,30,ridge_wavlm_audio,test,95,0.09901427383254571,0.24895525933710463,0.09611496475225367,-0.006567207311346314,,0.15136108818149518,0.44040533699196405,0.5340387773540085,0.020790445664790068
earnings25,all,ticker_disjoint,dv,30,ridge_wavlm_audio,val,47,0.09539703168034518,0.22804223579308555,0.07358457422886844,-0.46218708827404476,,0.3445914360107556,0.739215579207057,0.776692728086403,0.14259403065249762
earnings25,all,ticker_disjoint,dv,30,ridge_wavlm_audio_pastvol,test,95,0.09766912351317905,0.24744573094954236,0.10839462097525987,0.03350070440342449,,0.11073220785636038,0.3588194768286798,0.4595720130939895,0.046554450936905876
earnings25,all,ticker_disjoint,dv,30,ridge_wavlm_audio_pastvol,val,47,0.09450297723339059,0.22743779114167345,0.08226687614695483,-0.46218708827404476,,0.3112191561549119,0.6937486056831752,0.7364522617676557,0.15227904623471059
earnings25,all,ticker_disjoint,dv,30,ridge_wavlm_egemaps_audio,test,95,0.09893950489539612,0.24899430887283158,0.09679751809304982,-0.00952931401943431,,0.15480931655701316,0.4361059866171809,0.5293840133981077,0.02589178065341456
earnings25,all,ticker_disjoint,dv,30,ridge_wavlm_egemaps_audio,val,47,0.09663262809625732,0.22888941903348947,0.06158550508000771,-0.47266139657444,,0.40372303093578543,0.795956676604403,0.8276938281660937,0.152445562380158
earnings25,all,ticker_disjoint,dv,30,ridge_wavlm_egemaps_audio_pastvol,test,95,0.09759725242920533,0.24743777718258406,0.10905072029060459,0.03887584438102806,,0.11341695726785257,0.3549077178967697,0.4549315760528806,0.055401207122409576
earnings25,all,ticker_disjoint,dv,30,ridge_wavlm_egemaps_audio_pastvol,val,47,0.09560419701245597,0.22815473391952362,0.07157275943786412,-0.4604743083003952,,0.35323705224646346,0.7464550626526038,0.7835946170883206,0.15720519180372733
earnings25,all,ticker_disjoint,dv,30,ridge_wavlm_text_audio_pastvol,test,95,0.09387580289793868,0.24202607651827882,0.14302322153250135,0.19833833038326773,,0.07496436339924417,0.2216738231609646,0.30391392645120624,0.11540122784922127
earnings25,all,ticker_disjoint,dv,30,ridge_wavlm_text_audio_pastvol,val,47,0.08548837838539297,0.21999802459397413,0.16980904892552673,0.6365612648221344,,0.14657562815871159,0.3616363479245726,0.4092575800105362,0.5331071958149164
earnings25,all,ticker_disjoint,har_resid,3,mlp_egemaps_audio,test,95,0.90111701142091,0.7363107443024977,-0.09389411924491586,-0.040306325181519345,0.06026392045650054,0.20463202224817165,0.20463202224817165,0.0339873956832791,0.07784312927854405
earnings25,all,ticker_disjoint,har_resid,3,mlp_egemaps_audio,val,47,0.6138352800379265,0.5786256508257912,-0.1509464270317331,-0.5468379446640316,0.06026392045650054,0.09445718583560393,0.09445718583560393,0.17852736945041453,0.1388827797160415
earnings25,all,ticker_disjoint,har_resid,3,mlp_egemaps_audio_pastvol,test,95,0.916524714546413,0.731858112885,-0.11259801188754026,-0.06487013690712712,0.07656681777203349,0.07126104339078447,0.07126104339078447,0.019494311816939076,0.00867496586279931
earnings25,all,ticker_disjoint,har_resid,3,mlp_egemaps_audio_pastvol,val,47,0.671954196378788,0.6105544681483883,-0.25991989480200806,-0.571870882740448,0.07656681777203349,0.04155007420572309,0.04155007420572309,0.10765375318789325,0.06042539817841148
earnings25,all,ticker_disjoint,har_resid,3,mlp_emotion2vec_audio,test,95,1.037531491771584,0.8211109303102688,-0.25949192279781275,0.23440378571686593,0.32975206311630667,0.14861051324599175,0.14861051324599175,0.5724991365074169,0.05403440500861083
earnings25,all,ticker_disjoint,har_resid,3,mlp_emotion2vec_audio,val,47,1.4063279982270742,0.8504917848631831,-1.6368770864622397,0.4121212121212121,0.32975206311630667,0.03444515191568652,0.03444515191568652,0.03004630478055126,0.032365124842218304
earnings25,all,ticker_disjoint,har_resid,3,mlp_emotion2vec_audio_pastvol,test,95,1.145153357254876,0.8880993320375999,-0.3901374707813148,0.04803670122457827,0.14139364004309574,0.015179513621365307,0.015179513621365307,0.9815906614680237,0.0035992131480033344
earnings25,all,ticker_disjoint,har_resid,3,mlp_emotion2vec_audio_pastvol,val,47,1.275186899057756,0.8755907904306058,-1.3909863981384674,0.3604084321475626,0.14139364004309574,0.0015361858888018392,0.0015361858888018392,0.0019407507510083976,0.0012896494285220999
earnings25,all,ticker_disjoint,har_resid,3,mlp_wavlm_audio,test,95,1.0623349923710697,0.8446313904733397,-0.2896016678127047,-0.05439439367120616,0.20631788248655947,0.027059816536183716,0.027059816536183716,0.5829697150923007,0.003840863932865745
earnings25,all,ticker_disjoint,har_resid,3,mlp_wavlm_audio,val,47,1.1163009780421311,0.8166402826856823,-1.0930739303388313,-0.5513833992094861,0.20631788248655947,0.005304192372688442,0.005304192372688442,0.009017319319296257,0.004512414209787464
earnings25,all,ticker_disjoint,har_resid,3,mlp_wavlm_audio_pastvol,test,95,1.1350105547915872,0.87272688576008,-0.37782480569272736,-0.07102553913954412,0.23488860008868193,0.003469150066895684,0.003469150066895684,0.963711495103496,0.00033967739325251305
earnings25,all,ticker_disjoint,har_resid,3,mlp_wavlm_audio_pastvol,val,47,0.8918323060039234,0.7338192916283153,-0.6721932405763098,-0.5055994729907772,0.23488860008868193,0.014669611443684264,0.014669611443684264,0.021752496335957775,0.01862688250987051
earnings25,all,ticker_disjoint,har_resid,3,mlp_wavlm_egemaps_audio,test,95,1.0036356509606532,0.7989821172640729,-0.21834470167114395,0.052472636636202726,0.17336339513032675,0.01719774850484745,0.01719774850484745,0.2376719059347129,0.0018516853841533509
earnings25,all,ticker_disjoint,har_resid,3,mlp_wavlm_egemaps_audio,val,47,0.8724895995448064,0.737769015052058,-0.6359254996819304,0.49874835309617915,0.17336339513032675,0.003276611472364706,0.003276611472364706,0.009142034035885187,0.0031026372721779335
earnings25,all,ticker_disjoint,har_resid,3,mlp_wavlm_egemaps_audio_pastvol,test,95,1.0071618772770299,0.7729914891491562,-0.2226252980661989,-0.08112560054907343,0.21814034712862426,0.01549472201409577,0.01549472201409577,0.25678950367561565,0.002491412897346472
earnings25,all,ticker_disjoint,har_resid,3,mlp_wavlm_egemaps_audio_pastvol,val,47,0.7474447797933302,0.6984779948468314,-0.401465387674526,-0.5187747035573121,0.21814034712862426,0.01930324364488922,0.01930324364488922,0.025771541706747426,0.018170030565164808
earnings25,all,ticker_disjoint,har_resid,3,mlp_wavlm_text_audio_pastvol,test,95,0.9011369980898218,0.7361328800638701,-0.09391838168731659,0.059856229454900114,0.14092616401758934,0.21646257175670386,0.21646257175670386,0.03672942422644852,0.020875906714577678
earnings25,all,ticker_disjoint,har_resid,3,mlp_wavlm_text_audio_pastvol,val,47,0.7306541172859439,0.6720497318362643,-0.36998275112880963,-0.522859025032938,0.14092616401758934,0.050509319069366676,0.050509319069366676,0.026267966080196693,0.024039902057047886
earnings25,all,ticker_disjoint,har_resid,3,ridge_egemaps_audio,test,95,0.8251944361636242,0.6884969305536084,-0.0017293309440971072,-0.023602933208106056,,0.7317416232739813,0.7317416232739813,0.0010573666438678327,0.07115668949521715
earnings25,all,ticker_disjoint,har_resid,3,ridge_egemaps_audio,val,47,0.5350008852343883,0.5763321412808825,-0.0031312590590886202,0.4024374176548089,,0.7531441081015964,0.7531441081015964,0.41686000183719396,0.90920610220699
earnings25,all,ticker_disjoint,har_resid,3,ridge_egemaps_audio_pastvol,test,95,0.8252443958579188,0.6886813937658954,-0.0017899785793049627,-0.04543582704186685,,0.7282968245984467,0.7282968245984467,0.0010653008464482268,0.06926050656131583
earnings25,all,ticker_disjoint,har_resid,3,ridge_egemaps_audio_pastvol,val,47,0.5350217574154799,0.5761428243466149,-0.003170394578067226,0.4125823451910408,,0.7506917175657687,0.7506917175657687,0.4167286626661591,0.9089844322430244
earnings25,all,ticker_disjoint,har_resid,3,ridge_emotion2vec_audio,test,95,0.8099852657381946,0.6732874431613037,0.016733556645536662,0.10053101181230358,,0.4515949151764614,0.4515949151764614,0.0007618942363110722,0.13703552968025054
earnings25,all,ticker_disjoint,har_resid,3,ridge_emotion2vec_audio,val,47,0.5624972716323696,0.6085805476483875,-0.05468721993361725,-0.5819499341238471,,0.25860360320414166,0.25860360320414166,0.25791754577821613,0.43515623557676275
earnings25,all,ticker_disjoint,har_resid,3,ridge_emotion2vec_audio_pastvol,test,95,0.8100128514699177,0.6733563846406596,0.01670006946315694,0.10586280388686198,,0.4542438794984625,0.4542438794984625,0.0007671953386674552,0.13458554387234695
earnings25,all,ticker_disjoint,har_resid,3,ridge_emotion2vec_audio_pastvol,val,47,0.5623509501003384,0.6085003390115916,-0.0544128658031755,-0.5824110671936759,,0.26447401759129235,0.26447401759129235,0.25894589949154617,0.43950312566126015
earnings25,all,ticker_disjoint,har_resid,3,ridge_wavlm_audio,test,95,0.8298470567370168,0.7013135006018222,-0.007377292551532522,-0.020351840479716794,,0.7431269455535682,0.7431269455535682,0.0014471267586414877,0.10015592090121128
earnings25,all,ticker_disjoint,har_resid,3,ridge_wavlm_audio,val,47,0.5665552944773036,0.5901217635607937,-0.06229604765349217,0.40909090909090906,,0.2068785834816329,0.2068785834816329,0.21002732800884447,0.42778368474392675
earnings25,all,ticker_disjoint,har_resid,3,ridge_wavlm_audio_pastvol,test,95,0.829899383812273,0.70150865003883,-0.00744081402452057,-0.023516237402015677,,0.7403891364089118,0.7403891364089118,0.0014580947196300496,0.0982317143657892
earnings25,all,ticker_disjoint,har_resid,3,ridge_wavlm_audio_pastvol,val,47,0.5665348101381995,0.5899719148189004,-0.062257639341574134,0.4065876152832674,,0.20676979623731223,0.20676979623731223,0.2101553747086663,0.4287091814191295
earnings25,all,ticker_disjoint,har_resid,3,ridge_wavlm_egemaps_audio,test,95,0.8290524889109109,0.7016115300696929,-0.006412741820270629,-0.01569916555286638,,0.7804997039995062,0.7804997039995062,0.001455303164424283,0.10528481289546204
earnings25,all,ticker_disjoint,har_resid,3,ridge_wavlm_egemaps_audio,val,47,0.5678574068316559,0.5891464877512378,-0.06473751951177809,0.40415019762845844,,0.18196630892611587,0.18196630892611587,0.21243677665535893,0.4119077280544821
earnings25,all,ticker_disjoint,har_resid,3,ridge_wavlm_egemaps_audio_pastvol,test,95,0.8291162911384701,0.701778999806886,-0.0064901933394820865,-0.017201892858432974,,0.7775828353471799,0.7775828353471799,0.001467289965693214,0.10328907909662059
earnings25,all,ticker_disjoint,har_resid,3,ridge_wavlm_egemaps_audio_pastvol,val,47,0.5678860347254931,0.5889707543272256,-0.06479119705882863,0.41001317523056646,,0.1813942277690546,0.1813942277690546,0.21233125711281364,0.41227906335865544
earnings25,all,ticker_disjoint,har_resid,3,ridge_wavlm_text_audio_pastvol,test,95,0.7776814365560164,0.6843910711701402,0.05594818507182353,0.2019795542390637,,0.20276015999224406,0.20276015999224406,0.0006358091854204237,0.2576069962330012
earnings25,all,ticker_disjoint,har_resid,3,ridge_wavlm_text_audio_pastvol,val,47,0.5547535159604784,0.5772270865499229,-0.04016761147804049,-0.4674571805006587,,0.5888322332300956,0.5888322332300956,0.30734369944322915,0.2256501175515643
earnings25,all,ticker_disjoint,har_resid,7,mlp_egemaps_audio,test,95,0.36993989837214886,0.4802956064694933,-0.14359403519950353,-0.06365639562186179,0.04409726001119577,0.0695146528059716,0.0695146528059716,0.22917035191001672,0.07584070789078844
earnings25,all,ticker_disjoint,har_resid,7,mlp_egemaps_audio,val,47,0.23765788829225523,0.3854698402624136,-0.14272512636817725,-0.5702239789196311,0.04409726001119577,0.1488511902500216,0.1488511902500216,0.6664525587753674,0.10651076795946243
earnings25,all,ticker_disjoint,har_resid,7,mlp_egemaps_audio_pastvol,test,95,0.37716978198060136,0.4713007194491247,-0.1659437514809723,-0.07066430661416755,0.060054508920398895,0.07126439500178554,0.07126439500178554,0.28723978179093734,0.07827799765552011
earnings25,all,ticker_disjoint,har_resid,7,mlp_egemaps_audio_pastvol,val,47,0.2584936104198819,0.40895878478899667,-0.24290906460121042,-0.525691699604743,0.060054508920398895,0.07928741879320621,0.07928741879320621,0.4865869467047278,0.06245345246220192
earnings25,all,ticker_disjoint,har_resid,7,mlp_emotion2vec_audio,test,95,0.46607425933294067,0.5482265112206176,-0.4407738805101662,0.25419932810750284,0.17060008465957124,0.019575855843475546,0.019575855843475546,0.5270961841409131,0.019307371986061656
earnings25,all,ticker_disjoint,har_resid,7,mlp_emotion2vec_audio,val,47,0.5960981110817235,0.5544609765608133,-1.866205259200279,-0.40289855072463765,0.17060008465957124,0.02409736976160253,0.02409736976160253,0.03289885824489453,0.01908430747081977
earnings25,all,ticker_disjoint,har_resid,7,mlp_emotion2vec_audio_pastvol,test,95,0.4886756775008478,0.5558282623522189,-0.5106415728504694,0.110428783007622,0.22858933789934713,0.005173449749955866,0.005173449749955866,0.36029805267108245,0.004077628847604284
earnings25,all,ticker_disjoint,har_resid,7,mlp_emotion2vec_audio_pastvol,val,47,0.45831925295609405,0.5398748787595855,-1.20372624706305,0.5286561264822134,0.22858933789934713,0.022617773595442585,0.022617773595442585,0.029881441945268462,0.018564938299294016
earnings25,all,ticker_disjoint,har_resid,7,mlp_wavlm_audio,test,95,0.550346395088336,0.5963040166106557,-0.7012840666443592,-0.006538308709316187,0.10632398920485145,8.806056553678034e-05,8.806056553678034e-05,0.018184673703654973,3.855328617653062e-05
earnings25,all,ticker_disjoint,har_resid,7,mlp_wavlm_audio,val,47,0.557888710914589,0.5613292952067052,-1.6824838521466763,-0.6050065876152833,0.10632398920485145,0.0004992316388566879,0.0004992316388566879,0.0010284596929734323,0.0001975119735574798
earnings25,all,ticker_disjoint,har_resid,7,mlp_wavlm_audio_pastvol,test,95,0.6506228458645252,0.6584412973553186,-1.011268341071732,-0.1226673409673807,0.16909685278385952,1.0853369093476024e-05,1.0853369093476024e-05,0.001360852263847201,4.442222350401063e-06
earnings25,all,ticker_disjoint,har_resid,7,mlp_wavlm_audio_pastvol,val,47,0.44324673452469737,0.5510137941465246,-1.131253392688345,0.4151515151515151,0.16909685278385952,0.00027071588518320423,0.00027071588518320423,0.00421980235973059,0.00020230333134499723
earnings25,all,ticker_disjoint,har_resid,7,mlp_wavlm_egemaps_audio,test,95,0.522209247078346,0.5710964669907788,-0.614303790190424,0.1041577863670845,0.03211243496372333,0.003245603758246838,0.003245603758246838,0.12274594443588496,0.0011492653835257765
earnings25,all,ticker_disjoint,har_resid,7,mlp_wavlm_egemaps_audio,val,47,0.39938017412489557,0.5030648744801257,-0.9203307881983249,0.47332015810276673,0.03211243496372333,0.00327285422466238,0.00327285422466238,0.0014593454416066385,0.000710703876447497
earnings25,all,ticker_disjoint,har_resid,7,mlp_wavlm_egemaps_audio_pastvol,test,95,0.5895814976067805,0.6012281881792442,-0.8225714146918983,-0.16769136293031825,0.1235918315334169,5.557112189483103e-06,5.557112189483103e-06,0.004076936835923847,1.7001279694164183e-06
earnings25,all,ticker_disjoint,har_resid,7,mlp_wavlm_egemaps_audio_pastvol,val,47,0.44887457216923043,0.5247094272159218,-1.1583135989779012,0.46686429512516464,0.1235918315334169,0.0013038646480130745,0.0013038646480130745,0.00034567666666538495,0.00029917364316989236
earnings25,all,ticker_disjoint,har_resid,7,mlp_wavlm_text_audio_pastvol,test,95,0.4222333808659719,0.5115973053109386,-0.3052487118723777,0.02910811689484521,0.08527673571904529,0.012500601034598003,0.012500601034598003,0.9991867565232074,0.008400230911442291
earnings25,all,ticker_disjoint,har_resid,7,mlp_wavlm_text_audio_pastvol,val,47,0.3711117192950734,0.49225988161372297,-0.7844082070049856,-0.630566534914361,0.08527673571904529,0.0064864670711821506,0.0064864670711821506,0.00867474587688016,0.0016284223214516275
earnings25,all,ticker_disjoint,har_resid,7,ridge_egemaps_audio,test,95,0.3237083898912813,0.4383876718860336,-0.000678719577586806,-0.004558754470252501,,0.896955769056386,0.896955769056386,0.002569220945633895,0.5849465099931628
earnings25,all,ticker_disjoint,har_resid,7,ridge_egemaps_audio,val,47,0.21004731262927498,0.3660395201877876,-0.00996581090721671,0.3949934123847167,,0.2556480260136112,0.2556480260136112,0.9086995637852865,0.30338470087036706
earnings25,all,ticker_disjoint,har_resid,7,ridge_egemaps_audio_pastvol,test,95,0.32373142988901976,0.4384607447191368,-0.0007499430495634396,0.004399812159086804,,0.8861627868474731,0.8861627868474731,0.0025644914347252223,0.5828932871021518
earnings25,all,ticker_disjoint,har_resid,7,ridge_egemaps_audio_pastvol,val,47,0.21014148343890218,0.3661285438825302,-0.010418610311876408,0.3859025032938076,,0.23504377129733603,0.23504377129733603,0.9104494022708235,0.30162469679691073
earnings25,all,ticker_disjoint,har_resid,7,ridge_emotion2vec_audio,test,95,0.3182081713109628,0.42839778170007947,0.0163240886851167,0.17305205360690676,,0.5774812710217252,0.5774812710217252,0.001987495887721173,0.8711103754738013
earnings25,all,ticker_disjoint,har_resid,7,ridge_emotion2vec_audio,val,47,0.23138074969665695,0.39275257032317634,-0.11254290078993479,-0.6285902503293808,,0.05042144511980463,0.05042144511980463,0.6909214143952064,0.00826138458607123
earnings25,all,ticker_disjoint,har_resid,7,ridge_emotion2vec_audio_pastvol,test,95,0.31818382256881006,0.4283562593503961,0.016399357874552822,0.17295090849980133,,0.5754727412295844,0.5754727412295844,0.0019790792138537554,0.8722000411930134
earnings25,all,ticker_disjoint,har_resid,7,ridge_emotion2vec_audio_pastvol,val,47,0.23132592370795743,0.3927045328489681,-0.11227928221066064,-0.6289196310935441,,0.04996841319330622,0.04996841319330622,0.6918674364246498,0.008276073125109279
earnings25,all,ticker_disjoint,har_resid,7,ridge_wavlm_audio,test,95,0.3257134674438487,0.44024279135212996,-0.006877009460128258,0.03556695444857855,,0.7563297549361374,0.7563297549361374,0.003043939328906267,0.5347945163812708
earnings25,all,ticker_disjoint,har_resid,7,ridge_wavlm_audio,val,47,0.22195221669689932,0.37089595079466275,-0.06720789574955854,0.4532938076416337,,0.17008323482104823,0.17008323482104823,0.8629397537851364,0.058848977937336115
earnings25,all,ticker_disjoint,har_resid,7,ridge_wavlm_audio_pastvol,test,95,0.3256949131671633,0.4402251284661066,-0.0068196526834241045,0.03403532854098183,,0.7584760561045575,0.7584760561045575,0.003033037136797246,0.5346325147145545
earnings25,all,ticker_disjoint,har_resid,7,ridge_wavlm_audio_pastvol,val,47,0.22203406308634818,0.37099493885285517,-0.06760143591941281,0.4516469038208168,,0.1664220614713309,0.1664220614713309,0.861411703283019,0.05875391987961242
earnings25,all,ticker_disjoint,har_resid,7,ridge_wavlm_egemaps_audio,test,95,0.32541891308577753,0.4390107822062151,-0.005966454506703522,0.048658021168225984,,0.7958679442002055,0.7958679442002055,0.0029350362080350313,0.552257145896191
earnings25,all,ticker_disjoint,har_resid,7,ridge_wavlm_egemaps_audio,val,47,0.22386040589210915,0.37286996581313964,-0.07638299931922865,0.436429512516469,,0.10684698831054099,0.10684698831054099,0.8281010882742165,0.047784034451698314
earnings25,all,ticker_disjoint,har_resid,7,ridge_wavlm_egemaps_audio_pastvol,test,95,0.3254280128862352,0.4390177272417291,-0.00599458469101366,0.04952497922912979,,0.7951140293531084,0.7951140293531084,0.0029324887892297584,0.5510481312105552
earnings25,all,ticker_disjoint,har_resid,7,ridge_wavlm_egemaps_audio_pastvol,val,47,0.22396526822056756,0.3729833133838644,-0.07688720651554748,0.4345849802371541,,0.1041265174764327,0.1041265174764327,0.8261805648016869,0.047682825928542796
earnings25,all,ticker_disjoint,har_resid,7,ridge_wavlm_text_audio_pastvol,test,95,0.3253115461427659,0.43179989039194705,-0.00563455141610425,0.20117039338222012,,0.8970165401169424,0.8970165401169424,0.0048631521978133,0.17359534559137968
earnings25,all,ticker_disjoint,har_resid,7,ridge_wavlm_text_audio_pastvol,val,47,0.20769729582010207,0.35535293171461274,0.0013337225293805766,-0.43030303030303024,,0.9879004779311691,0.9879004779311691,0.8427819240743549,0.10462724028689868
earnings25,all,ticker_disjoint,har_resid,15,mlp_egemaps_audio,test,95,0.21310726142929134,0.3551379374178269,-0.17025837963115764,0.04939493551999422,0.07342523424864653,0.1160344012650749,0.1160344012650749,0.9842111323458301,0.15493591981753047
earnings25,all,ticker_disjoint,har_resid,15,mlp_egemaps_audio,val,47,0.1868039773898567,0.34557946681622287,-0.14136354067752843,0.4937417654808959,0.07342523424864653,0.1706033300073116,0.1706033300073116,0.34335175140581664,0.1897782478148291
earnings25,all,ticker_disjoint,har_resid,15,mlp_egemaps_audio_pastvol,test,95,0.21796616132310548,0.3568063325242357,-0.19694056905252366,-0.025755879059350503,0.04287705731692327,0.08485599787381332,0.08485599787381332,0.8775965874916302,0.14416135811665765
earnings25,all,ticker_disjoint,har_resid,15,mlp_egemaps_audio_pastvol,val,47,0.20481197351228367,0.3614005092454057,-0.25139155240398803,0.46363636363636357,0.04287705731692327,0.0665912773950885,0.0665912773950885,0.23347694999829152,0.06305735850687415
earnings25,all,ticker_disjoint,har_resid,15,mlp_emotion2vec_audio,test,95,0.37062150902593766,0.48907563645769153,-1.0352329793936037,0.16311093450854314,0.17533292458856437,0.0010895305494286645,0.0010895305494286645,0.00679360735259454,0.001619395922388497
earnings25,all,ticker_disjoint,har_resid,15,mlp_emotion2vec_audio,val,47,0.5318345541026311,0.5266124131331278,-2.2494841823330156,-0.4432147562582345,0.17533292458856437,0.00890813196673445,0.00890813196673445,0.00845208421275294,0.00658715070330947
earnings25,all,ticker_disjoint,har_resid,15,mlp_emotion2vec_audio_pastvol,test,95,0.37557933654853,0.503338054071881,-1.0624584205360903,-0.04747317848499079,0.287761553675361,1.3775375075202528e-05,1.3775375075202528e-05,0.001531557525101855,1.7750839987378585e-05
earnings25,all,ticker_disjoint,har_resid,15,mlp_emotion2vec_audio_pastvol,val,47,0.3053333196145419,0.4444708366379612,-0.8655722626010853,0.5399868247694334,0.287761553675361,0.027411024376267485,0.027411024376267485,0.026813553948620894,0.01751467333522641
earnings25,all,ticker_disjoint,har_resid,15,mlp_wavlm_audio,test,95,0.3461416411255547,0.4873456523479262,-0.9008040990703856,0.03272044214861106,0.109546861433578,4.6518937755873006e-05,4.6518937755873006e-05,0.001941103914452488,3.350616902117603e-05
earnings25,all,ticker_disjoint,har_resid,15,mlp_wavlm_audio,val,47,0.39974039268515593,0.4974556910918906,-1.442395051336466,-0.6440052700922265,0.109546861433578,0.0019341915505466704,0.0019341915505466704,0.001503339315673157,0.0007103143565828878
earnings25,all,ticker_disjoint,har_resid,15,mlp_wavlm_audio_pastvol,test,95,0.4067618484507855,0.5225911944911897,-1.233694236748156,-0.031737889679586746,0.13624211247771045,1.4977956654830224e-05,1.4977956654830224e-05,0.00010671919260612605,1.0564624087072032e-05
earnings25,all,ticker_disjoint,har_resid,15,mlp_wavlm_audio_pastvol,val,47,0.3201833613828064,0.4631859419971646,-0.9563053213328201,-0.5391963109354413,0.13624211247771045,0.0043928175144077606,0.0043928175144077606,0.004577336647186548,0.0038198796418963186
earnings25,all,ticker_disjoint,har_resid,15,mlp_wavlm_egemaps_audio,test,95,0.3054185633493272,0.45358562996447843,-0.67717716729728,0.21239750027092438,0.0506180017096778,0.0025254873930582213,0.0025254873930582213,0.030548737815070434,0.0009744313456859963
earnings25,all,ticker_disjoint,har_resid,15,mlp_wavlm_egemaps_audio,val,47,0.2791270062553353,0.4340842390832325,-0.705452917061963,0.44374176548089583,0.0506180017096778,0.008206139822283388,0.008206139822283388,0.003343418406705471,0.001854273303173025
earnings25,all,ticker_disjoint,har_resid,15,mlp_wavlm_egemaps_audio_pastvol,test,95,0.36570411514871026,0.5052964506981226,-1.0082295757921655,-0.115442690459849,0.097315094582048,1.870518026712812e-06,1.870518026712812e-06,8.935043776201043e-05,7.848069830393994e-07
earnings25,all,ticker_disjoint,har_resid,15,mlp_wavlm_egemaps_audio_pastvol,val,47,0.30938183441216294,0.4450546446467607,-0.8903084981377332,0.4903162055335968,0.097315094582048,0.010281173599855194,0.010281173599855194,0.0014127647314556284,0.0021223237009474942
earnings25,all,ticker_disjoint,har_resid,15,mlp_wavlm_text_audio_pastvol,test,95,0.27999911005312805,0.4186338404952099,-0.5375886425984626,0.007087382147888596,0.09202385929018535,0.0023406580720013964,0.0023406580720013964,0.06706019169718526,0.0018016774542567303
earnings25,all,ticker_disjoint,har_resid,15,mlp_wavlm_text_audio_pastvol,val,47,0.28264069531748975,0.43799078724035007,-0.7269213924384317,-0.5454545454545454,0.09202385929018535,0.016629562723576758,0.016629562723576758,0.00982014001367511,0.004182646754842202
earnings25,all,ticker_disjoint,har_resid,15,ridge_egemaps_audio,test,95,0.18242793856634357,0.33446002625916965,-0.0017857784584993652,-0.035090127515081455,,0.7826358142221701,0.7826358142221701,0.13948981707512403,0.8260197181293911
earnings25,all,ticker_disjoint,har_resid,15,ridge_egemaps_audio,val,47,0.16502561290922643,0.3417342202550787,-0.008298755114094059,0.4136363636363636,,0.35598997583831665,0.35598997583831665,0.762929823128076,0.3512310867897617
earnings25,all,ticker_disjoint,har_resid,15,ridge_egemaps_audio_pastvol,test,95,0.18249280960178135,0.33464012526829773,-0.002142011616897088,-0.030943178123758262,,0.740744657557151,0.740744657557151,0.14002467539277152,0.8222447221273169
earnings25,all,ticker_disjoint,har_resid,15,ridge_egemaps_audio_pastvol,val,47,0.16520823986777858,0.34185433730304443,-0.00941459726557703,0.4099472990777338,,0.2936250117392836,0.2936250117392836,0.7569959377476916,0.34753685169051957
earnings25,all,ticker_disjoint,har_resid,15,ridge_emotion2vec_audio,test,95,0.1803717793134012,0.3304755122718934,0.009505425696035297,0.10370985803561752,,0.7582326878316553,0.7582326878316553,0.1335755328609156,0.9371925061740105
earnings25,all,ticker_disjoint,har_resid,15,ridge_emotion2vec_audio,val,47,0.17553268391799565,0.35903692507135454,-0.07249646619222139,-0.5780632411067194,,0.17087806020302637,0.17087806020302637,0.4954203384994302,0.13725710846190545
earnings25,all,ticker_disjoint,har_resid,15,ridge_emotion2vec_audio_pastvol,test,95,0.19190239133379425,0.3457430892041542,-0.0538138401452084,0.12905393201603874,,0.5087687940634784,0.5087687940634784,0.362620824743116,0.4265042138498614
earnings25,all,ticker_disjoint,har_resid,15,ridge_emotion2vec_audio_pastvol,val,47,0.16920980933007934,0.348311200133424,-0.03386399900517101,-0.49999999999999994,,0.6673154389260036,0.6673154389260036,0.6777436098223527,0.2065217059236275
earnings25,all,ticker_disjoint,har_resid,15,ridge_wavlm_audio,test,95,0.18167290231046568,0.3357660291571156,0.002360431761838866,0.05635949860925478,,0.9208750215239452,0.9208750215239452,0.13234305435634597,0.8667389617534813
earnings25,all,ticker_disjoint,har_resid,15,ridge_wavlm_audio,val,47,0.1667503389947527,0.3398618429933867,-0.018836750606378905,-0.5003293807641633,,0.6384969366454658,0.6384969366454658,0.6881718787479175,0.3029592558736589
earnings25,all,ticker_disjoint,har_resid,15,ridge_wavlm_audio_pastvol,test,95,0.18172364948358666,0.3358967206700978,0.002081758458127303,0.05413430625293502,,0.9303318160714669,0.9303318160714669,0.13262417978060229,0.8637632678950046
earnings25,all,ticker_disjoint,har_resid,15,ridge_wavlm_audio_pastvol,val,47,0.16698066078401191,0.34014344994679296,-0.020244005936576936,-0.5038866930171277,,0.6140017633916498,0.6140017633916498,0.680466506845496,0.29883115944116084
earnings25,all,ticker_disjoint,har_resid,15,ridge_wavlm_egemaps_audio,test,95,0.181456997605278,0.33500129337324447,0.003546052039407388,0.06747101108983852,,0.8897105803297416,0.8897105803297416,0.12908045047354388,0.87954367687542
earnings25,all,ticker_disjoint,har_resid,15,ridge_wavlm_egemaps_audio,val,47,0.16812587944496843,0.3415303945279675,-0.027241238243849386,0.48669301712779967,,0.4874793162535144,0.4874793162535144,0.6440851008526639,0.2786703177762784
earnings25,all,ticker_disjoint,har_resid,15,ridge_wavlm_egemaps_audio_pastvol,test,95,0.18152476469044374,0.3351897620301758,0.0031739154977125095,0.06456670158581079,,0.901401653813791,0.901401653813791,0.12959075360082928,0.8756919048953329
earnings25,all,ticker_disjoint,har_resid,15,ridge_wavlm_egemaps_audio_pastvol,val,47,0.1683709125528528,0.341756770175475,-0.028738379040881057,0.4789196310935441,,0.4651371941505048,0.4651371941505048,0.6362167504457037,0.2746498455253216
earnings25,all,ticker_disjoint,har_resid,15,ridge_wavlm_text_audio_pastvol,test,95,0.17882618943068587,0.3342379073694898,0.01799288642163288,0.20349673084564535,,0.7135707289680219,0.7135707289680219,0.11210605590666545,0.9573257827487256
earnings25,all,ticker_disjoint,har_resid,15,ridge_wavlm_text_audio_pastvol,val,47,0.15145817057660252,0.3208604661121212,0.074597681220257,-0.39492753623188404,,0.3613083688523826,0.3613083688523826,0.7662216514416044,0.6135319186646593
earnings25,all,ticker_disjoint,har_resid,30,mlp_egemaps_audio,test,95,0.12473519667492713,0.2846544517260133,-0.1630208167423941,0.10141241917422243,0.0398882540742214,0.14872935955393363,0.14872935955393363,0.32798490586626056,0.05802446003507228
earnings25,all,ticker_disjoint,har_resid,30,mlp_egemaps_audio,val,47,0.12295495338892316,0.27552414750392795,-0.20772179021080994,-0.506258234519104,0.0398882540742214,0.1116601230264402,0.1116601230264402,0.35271080841950075,0.09649993436051357
earnings25,all,ticker_disjoint,har_resid,30,mlp_egemaps_audio_pastvol,test,95,0.13551349928069997,0.2829264399123977,-0.26351683257288294,0.041202181844453276,0.0586845460020328,0.03855792341201013,0.03855792341201013,0.13421198395719447,0.0337781967056687
earnings25,all,ticker_disjoint,har_resid,30,mlp_egemaps_audio_pastvol,val,47,0.1268852011159236,0.29104801564469124,-0.24632654496038597,0.4359025032938076,0.0586845460020328,0.08778769804242322,0.08778769804242322,0.27871376757140154,0.015100509299716467
earnings25,all,ticker_disjoint,har_resid,30,mlp_emotion2vec_audio,test,95,0.3126261576610852,0.45324848388128136,-1.9149008372158733,0.07655962142831339,0.16620732785811212,0.00017928277871083172,0.00017928277871083172,0.00015504159914825238,0.00015782869132474433
earnings25,all,ticker_disjoint,har_resid,30,mlp_emotion2vec_audio,val,47,0.4765224286646592,0.5125246423425548,-3.6806290007860047,0.5312911725955204,0.16620732785811212,0.004077707923882698,0.004077707923882698,0.004577667713845662,0.002976980592122491
earnings25,all,ticker_disjoint,har_resid,30,mlp_emotion2vec_audio_pastvol,test,95,0.264077470926584,0.4150964240025784,-1.4622368353713981,0.02331394718780479,0.12418802755956687,2.7616386738076755e-05,2.7616386738076755e-05,9.110957446761604e-05,1.9135061158753337e-05
earnings25,all,ticker_disjoint,har_resid,30,mlp_emotion2vec_audio_pastvol,val,47,0.2831878239015043,0.40984528705949064,-1.7816049392202835,-0.48491436100131746,0.12418802755956687,0.005512944154772527,0.005512944154772527,0.00770140876589301,0.0030893867845330205
earnings25,all,ticker_disjoint,har_resid,30,mlp_wavlm_audio,test,95,0.2513317738443045,0.4065359018102601,-1.343396993644805,0.040956543727197196,0.11528356363013363,7.224803246332558e-06,7.224803246332558e-06,1.5974815637425733e-05,4.234760142989819e-06
earnings25,all,ticker_disjoint,har_resid,30,mlp_wavlm_audio,val,47,0.26012875467512814,0.39552253428979695,-1.5551078392735729,0.3804347826086956,0.11528356363013363,0.009432224349116877,0.009432224349116877,0.006072243611112639,0.0035114314628335447
earnings25,all,ticker_disjoint,har_resid,30,mlp_wavlm_audio_pastvol,test,95,0.2967475933224579,0.4429792585818619,-1.7668503962971478,-0.08132789076328432,0.10492208475309703,4.78114369829661e-06,4.78114369829661e-06,1.8741823121093083e-06,3.295536577134064e-06
earnings25,all,ticker_disjoint,har_resid,30,mlp_wavlm_audio_pastvol,val,47,0.19694247517937197,0.3517084878023062,-0.9344622736736918,-0.4536231884057971,0.10492208475309703,0.005393997479370545,0.005393997479370545,0.011044072022627591,0.0037900647980340253
earnings25,all,ticker_disjoint,har_resid,30,mlp_wavlm_egemaps_audio,test,95,0.24133376660092262,0.3935461632855529,-1.2501763882346264,0.1192717552288408,0.04233674640926511,0.00048678959114840025,0.00048678959114840025,0.0006054701236153119,0.00019015379129494708
earnings25,all,ticker_disjoint,har_resid,30,mlp_wavlm_egemaps_audio,val,47,0.20472477431415959,0.35582980059512603,-1.010903701887583,-0.4996047430830039,0.04233674640926511,0.004100767426833364,0.004100767426833364,0.0037567321296246023,0.001321607481345736
earnings25,all,ticker_disjoint,har_resid,30,mlp_wavlm_egemaps_audio_pastvol,test,95,0.2842199127348789,0.4355913663654174,-1.6500433226142897,-0.17858613589567604,0.08378449151417994,3.087316724394195e-06,3.087316724394195e-06,5.227539190357188e-06,1.6378526525174723e-06
earnings25,all,ticker_disjoint,har_resid,30,mlp_wavlm_egemaps_audio_pastvol,val,47,0.20046348879065265,0.36355460929763234,-0.9690473371035613,-0.4425559947299077,0.08378449151417994,0.01256275006705913,0.01256275006705913,0.0033635631644241097,0.0031234278160844676
earnings25,all,ticker_disjoint,har_resid,30,mlp_wavlm_text_audio_pastvol,test,95,0.1889419399879452,0.35526985027142344,-0.7616792631060387,-0.022894917458367952,0.05678823615896287,0.00030848801898389875,0.00030848801898389875,0.0011381966752466051,9.127854336268974e-05
earnings25,all,ticker_disjoint,har_resid,30,mlp_wavlm_text_audio_pastvol,val,47,0.16141261204206456,0.3232443347854047,-0.5854711291005796,0.5368906455862977,0.05678823615896287,0.08727397528476612,0.08727397528476612,0.04260450347626714,0.018507838749792806
earnings25,all,ticker_disjoint,har_resid,30,ridge_egemaps_audio,test,95,0.10747227372024984,0.2607203656284912,-0.002062728814470116,-0.019455983816782863,,0.7504649424924005,0.7504649424924005,0.7557393285874522,0.3889014963979117
earnings25,all,ticker_disjoint,har_resid,30,ridge_egemaps_audio,val,47,0.10292294263010723,0.25725471168794894,-0.010957892308841366,-0.583596837944664,,0.21438725832170158,0.21438725832170158,0.9225140994103486,0.21220044133386726
earnings25,all,ticker_disjoint,har_resid,30,ridge_egemaps_audio_pastvol,test,95,0.11705348267279876,0.282349546212399,-0.091397140900364,0.02259148213705162,,0.25481956181436133,0.25481956181436133,0.5599850297695018,0.14703311222392265
earnings25,all,ticker_disjoint,har_resid,30,ridge_egemaps_audio_pastvol,val,47,0.10243651647093757,0.2590430525179755,-0.006179984176100106,0.48833992094861656,,0.9501809683806945,0.9501809683806945,0.951437206805763,0.2676043692256661
earnings25,all,ticker_disjoint,har_resid,30,ridge_emotion2vec_audio,test,95,0.10793485859737387,0.2619231869667787,-0.006375832540979065,0.08697756746017411,,0.8336566035452363,0.8336566035452363,0.80188834390655,0.37403966830727275
earnings25,all,ticker_disjoint,har_resid,30,ridge_emotion2vec_audio,val,47,0.10668058846884075,0.2605571786548846,-0.04786726955839815,0.43181818181818177,,0.3469565212012848,0.3469565212012848,0.7710818805790944,0.12856740454496499
earnings25,all,ticker_disjoint,har_resid,30,ridge_emotion2vec_audio_pastvol,test,95,0.11597048756566221,0.27409423936287797,-0.08129938270856463,0.17247408156630425,,0.38336400685478467,0.38336400685478467,0.6608378064011879,0.1796357760089598
earnings25,all,ticker_disjoint,har_resid,30,ridge_emotion2vec_audio_pastvol,val,47,0.10456425082826877,0.25192786145819657,-0.027079598842300046,-0.44769433465085634,,0.7802895426339012,0.7802895426339012,0.8793672529941268,0.2376155773683143
earnings25,all,ticker_disjoint,har_resid,30,ridge_wavlm_audio,test,95,0.10713741627437319,0.26132772632465995,0.0010594547437974278,0.08879817938807212,,0.963963739054854,0.963963739054854,0.7307743803654903,0.4263126594144466
earnings25,all,ticker_disjoint,har_resid,30,ridge_wavlm_audio,val,47,0.09886640799702794,0.25028211929198024,0.02888731224845653,-0.38840579710144923,,0.33298329793943376,0.33298329793943376,0.8793809885500665,0.32259266378055024
earnings25,all,ticker_disjoint,har_resid,30,ridge_wavlm_audio_pastvol,test,95,0.10708870389482965,0.2612539296680429,0.0015136450040642568,0.09008416717841275,,0.9481712608522502,0.9481712608522502,0.7267515749778445,0.428673919029828
earnings25,all,ticker_disjoint,har_resid,30,ridge_wavlm_audio_pastvol,val,47,0.09888439933859687,0.25030159871860325,0.028710592769907506,-0.3913702239789196,,0.33500691825656204,0.33500691825656204,0.880177411189133,0.32159964235551614
earnings25,all,ticker_disjoint,har_resid,30,ridge_wavlm_egemaps_audio,test,95,0.10718363149000043,0.26147820667039917,0.0006285478365450903,0.09631181591590506,,0.9800180940883353,0.9800180940883353,0.733566827499595,0.42671776985467086
earnings25,all,ticker_disjoint,har_resid,30,ridge_wavlm_egemaps_audio,val,47,0.10009013958867106,0.25231760362838934,0.016867240930777627,-0.4231225296442687,,0.564564927272725,0.564564927272725,0.938954067837277,0.2885890266859413
earnings25,all,ticker_disjoint,har_resid,30,ridge_wavlm_egemaps_audio_pastvol,test,95,0.10714281957746352,0.26142925726724664,0.0010090747857685045,0.09982299606256548,,0.9676803522627361,0.9676803522627361,0.7300998636411867,0.42850515818291535
earnings25,all,ticker_disjoint,har_resid,30,ridge_wavlm_egemaps_audio_pastvol,val,47,0.10009593774668399,0.2523219011529874,0.01681028867645773,-0.4198945981554677,,0.5656071196777305,0.5656071196777305,0.9391966654897861,0.28784138882571614
earnings25,all,ticker_disjoint,har_resid,30,ridge_wavlm_text_audio_pastvol,test,95,0.1043702667928519,0.2629063033227967,0.02686013118345776,0.3085431492251562,,0.7381834265044285,0.7381834265044285,0.6192353649427601,0.32663342601501133
earnings25,all,ticker_disjoint,har_resid,30,ridge_wavlm_text_audio_pastvol,val,47,0.08412129128863541,0.2314488715187476,0.17372083263212135,0.6456521739130434,,0.24928547468932233,0.24928547468932233,0.31035612488703435,0.8914469190443773
earnings25,all,ticker_disjoint,v,3,mlp_egemaps_audio,test,95,2.155489497283223,1.1370429009338363,-0.14114775451868766,-0.202730917891847,0.39094628971813555,0.39913505224854645,1.6500692476809243e-06,0.0002730191050189193,1.196051869213719e-05
earnings25,all,ticker_disjoint,v,3,mlp_egemaps_audio,val,47,1.410173224525177,0.968246804168525,-0.22859200952718672,0.4680500658761528,0.39094628971813555,0.4477054514419591,0.0009896945403763706,0.001788273325623255,0.00388818574957463
earnings25,all,ticker_disjoint,v,3,mlp_egemaps_audio_pastvol,test,95,1.87615427893236,1.0675599040838402,0.006736407097893138,-0.2248816963479392,0.24645307539159156,0.9651272626367278,2.5898245029936504e-06,0.001032612854704718,2.7334875831359392e-05
earnings25,all,ticker_disjoint,v,3,mlp_egemaps_audio_pastvol,val,47,1.2516540698980734,0.868465232698206,-0.09048460304353245,0.4934123847167325,0.24645307539159156,0.7539182203004442,0.0022596126918280005,0.005202375684293602,0.010619449162532036
earnings25,all,ticker_disjoint,v,3,mlp_emotion2vec_audio,test,95,3.9989505550045465,1.5485408990637182,-1.1171030765987933,-0.1537766860528122,0.7290963547616658,0.020206057616265864,0.0004350852058964703,0.0015618777581735608,0.00035295621020019105
earnings25,all,ticker_disjoint,v,3,mlp_emotion2vec_audio,val,47,4.5660380723169105,1.6531556060657637,-2.9780913389093486,-0.5437417654808958,0.7290963547616658,0.002443943487849246,0.00044741767971108513,0.00039692645251564326,0.0006308876380223188
earnings25,all,ticker_disjoint,v,3,mlp_emotion2vec_audio_pastvol,test,95,4.764038747501244,1.717805135881738,-1.5221519872878946,-0.2545172127298342,0.8419224641261239,0.0002766402044170148,1.5831627373840754e-06,1.1161906814006157e-05,1.2820490178073272e-06
earnings25,all,ticker_disjoint,v,3,mlp_emotion2vec_audio_pastvol,val,47,4.387674481358134,1.5310721611063611,-2.822694768593448,-0.4570487483530961,0.8419224641261239,0.0031337122765482013,0.0011276220649230442,0.0009630969284129896,0.0015479222902641835
earnings25,all,ticker_disjoint,v,3,mlp_wavlm_audio,test,95,2.0165113693758756,1.101748366262482,-0.06757069520637238,-0.06384423653505762,0.24436837213352572,0.7186458604574818,0.00028321312163651156,0.00727248616517199,0.00021207468545422675
earnings25,all,ticker_disjoint,v,3,mlp_wavlm_audio,val,47,2.4579554824926495,1.1344161791486918,-1.1414563920548293,-0.5324110671936758,0.24436837213352572,0.10322494193786313,0.017692916655686935,0.015382363744559242,0.02354221310478649
earnings25,all,ticker_disjoint,v,3,mlp_wavlm_audio_pastvol,test,95,1.9755648765408185,1.103150471604755,-0.04589302133552575,-0.088090163638334,0.351152281549495,0.7890972623253693,4.397896072479264e-05,0.003045588154799003,4.063215399953768e-05
earnings25,all,ticker_disjoint,v,3,mlp_wavlm_audio_pastvol,val,47,1.8190664224912412,0.9552367742836226,-0.5848339995424747,0.5562582345191041,0.351152281549495,0.28898471714596435,0.040791284810287785,0.03675861072747941,0.05828928721593989
earnings25,all,ticker_disjoint,v,3,mlp_wavlm_egemaps_audio,test,95,2.1663827896271903,1.101651101976812,-0.14691482325797023,-0.07673301304049417,0.27114822557441703,0.4633826601677701,0.00011698498662073512,0.0026846533210329003,0.00014549782421590675
earnings25,all,ticker_disjoint,v,3,mlp_wavlm_egemaps_audio,val,47,2.1595579308418182,1.09942985709282,-0.8814820561046275,0.5125164690382081,0.27114822557441703,0.11089617828444946,0.009845066142214127,0.007901945708006878,0.014353918623876935
earnings25,all,ticker_disjoint,v,3,mlp_wavlm_egemaps_audio_pastvol,test,95,1.8502853902382697,1.0263116372294412,0.020431776192645135,-0.048484629556045225,0.4051946244782791,0.9029107608033995,9.88212897633791e-05,0.006606069803703251,0.0002523908776314906
earnings25,all,ticker_disjoint,v,3,mlp_wavlm_egemaps_audio_pastvol,val,47,2.1510281911727636,1.1017171396126735,-0.8740506499351648,0.4984848484848484,0.4051946244782791,0.10938962788576388,0.01011793469753998,0.008119087246961093,0.014940796773798738
earnings25,all,ticker_disjoint,v,3,mlp_wavlm_text_audio_pastvol,test,95,1.2644767000264834,0.8832279475899254,0.3305674888719613,-0.019239244301556914,0.23827878749376077,0.03344407281804708,0.0021213903141830224,0.4399515098971703,0.001741290531520986
earnings25,all,ticker_disjoint,v,3,mlp_wavlm_text_audio_pastvol,val,47,1.2435406723166464,0.9431765508392318,-0.08341592859609737,-0.40210803689064556,0.23827878749376077,0.7211818356872037,0.002087089223552265,0.0026095010063351106,0.006111938364221144
earnings25,all,ticker_disjoint,v,3,ridge_egemaps_audio,test,95,0.9002361055544899,0.7161945367256569,0.5234018019178635,0.016103745981288154,,0.00017555908112555773,0.080927009305284,0.024437292750041348,0.24336098263740485
earnings25,all,ticker_disjoint,v,3,ridge_egemaps_audio,val,47,0.7057928210148361,0.6715746095572419,0.3850887215842199,0.4244400527009222,,0.024264466120328187,0.0009579093304447946,0.12378500423508988,0.22691331878480744
earnings25,all,ticker_disjoint,v,3,ridge_egemaps_audio_pastvol,test,95,0.9165395586277656,0.7417600241182786,0.5147705147374255,0.11000975327818517,,0.00035028107321983485,0.15722994772921467,0.051572016332889346,0.2646302771443199
earnings25,all,ticker_disjoint,v,3,ridge_egemaps_audio_pastvol,val,47,0.6983639997111712,0.6637333910268854,0.3915609693443921,0.5269433465085639,,0.026964612581327336,0.0011563428921781457,0.15330604402724823,0.28559648341000293
earnings25,all,ticker_disjoint,v,3,ridge_emotion2vec_audio,test,95,0.8686247153554734,0.7022270356742225,0.5401373355348393,0.17192500812773184,,0.00012649407232316558,0.30833846305566437,0.012651354154850636,0.40532551772413183
earnings25,all,ticker_disjoint,v,3,ridge_emotion2vec_audio,val,47,0.7231609330966352,0.6834738278767807,0.36995701765369327,-0.5380764163372859,,0.03062938765383278,0.000742837854719251,0.09715173218185488,0.17618892129061028
earnings25,all,ticker_disjoint,v,3,ridge_emotion2vec_audio_pastvol,test,95,0.8601131140382589,0.7069982349626459,0.5446435021121945,0.20833724668569162,,0.00020163019293676797,0.4503637833849106,0.014530130990457638,0.4269855183770176
earnings25,all,ticker_disjoint,v,3,ridge_emotion2vec_audio_pastvol,val,47,0.691378817798798,0.6862444287215764,0.3976467030212072,-0.44446640316205527,,0.019022068054318567,0.007167916758773059,0.1705752088643798,0.35269910649497216
earnings25,all,ticker_disjoint,v,3,ridge_wavlm_audio,test,95,0.8968463155529846,0.7254630068488146,0.5251964064628558,0.05078206841744031,,0.00015989067574573843,0.11098333538309543,0.026361536575307293,0.2742363641064384
earnings25,all,ticker_disjoint,v,3,ridge_wavlm_audio,val,47,0.7429016754745107,0.6904866164529655,0.3527581956041831,0.41396574440052697,,0.038365194835781206,0.0004485237588974311,0.05634412623613318,0.11436032828259095
earnings25,all,ticker_disjoint,v,3,ridge_wavlm_audio_pastvol,test,95,0.8958733695107701,0.725179197904696,0.5257114983678455,0.05521800382906477,,0.00015834316464395203,0.11278872597586613,0.025482386833021425,0.2778635805103333
earnings25,all,ticker_disjoint,v,3,ridge_wavlm_audio_pastvol,val,47,0.7398124916823559,0.6890167235875411,0.3554496000763395,0.42628458498023714,,0.03681801496401807,0.0004740368360320212,0.05891781801326678,0.12190600110855472
earnings25,all,ticker_disjoint,v,3,ridge_wavlm_egemaps_audio,test,95,0.8971411092043462,0.7257021591203825,0.5250403383800738,0.062355958530506087,,0.00016169226183829983,0.12050771312631482,0.027796360243049458,0.27975982756539325
earnings25,all,ticker_disjoint,v,3,ridge_wavlm_egemaps_audio,val,47,0.7445246611934965,0.6901602924134099,0.35134419394024274,0.41554677206851115,,0.03941574117637258,0.0003680133489322626,0.05591264571445509,0.10815746084415793
earnings25,all,ticker_disjoint,v,3,ridge_wavlm_egemaps_audio_pastvol,test,95,0.8961392830114687,0.7254046175113272,0.5255707198604109,0.06898818769642018,,0.00016005443987621227,0.1226018741926068,0.02686256772539865,0.28354631728619806
earnings25,all,ticker_disjoint,v,3,ridge_wavlm_egemaps_audio_pastvol,val,47,0.7413457010700835,0.6886456838519641,0.3541138146778269,0.41930171277997363,,0.03777892792510443,0.0003877381205639869,0.05856579207798111,0.11554243353807478
earnings25,all,ticker_disjoint,v,3,ridge_wavlm_text_audio_pastvol,test,95,0.8181459928439911,0.70631948955762,0.5668615116060072,0.2921287432720442,,8.204114134687707e-05,0.9003209667549967,0.003917665007502702,0.7552977432858288
earnings25,all,ticker_disjoint,v,3,ridge_wavlm_text_audio_pastvol,val,47,0.6835232218409614,0.6438499549435909,0.4044907717185985,-0.4070487483530961,,0.015110264658456185,0.012860870056508194,0.1758954292071748,0.1620807831164426
earnings25,all,ticker_disjoint,v,7,mlp_egemaps_audio,test,95,1.3290006056608823,0.9341918766074492,-1.132611754699794,-0.22972221218798541,0.20404551015386704,0.00017175347036030463,1.0262687519513408e-07,3.699011781196413e-07,3.53658289937234e-07
earnings25,all,ticker_disjoint,v,7,mlp_egemaps_audio,val,47,1.0324831272854547,0.8326186192065186,-1.3372754204423138,0.4710803689064558,0.20404551015386704,0.009958455076732937,0.00023506825153987208,0.0006121992149585048,0.00018907448723022452
earnings25,all,ticker_disjoint,v,7,mlp_egemaps_audio_pastvol,test,95,1.2364860763885113,0.8838604578648235,-0.9841561620037582,-0.1486905320955099,0.26657146383080027,0.0002622138208518105,3.42839701648793e-07,1.2462473196261658e-06,1.4990076851861204e-06
earnings25,all,ticker_disjoint,v,7,mlp_egemaps_audio_pastvol,val,47,0.9677235365952845,0.7861791380419151,-1.1906764150367835,0.4939393939393939,0.26657146383080027,0.015398515742508933,0.0002661494084590857,0.0007553506813652796,0.00030107127971030335
earnings25,all,ticker_disjoint,v,7,mlp_emotion2vec_audio,test,95,2.955972748164553,1.3348737632642602,-3.743370471357438,-0.12698768197088467,0.5078690459388021,0.00010652585461777865,1.944089398138087e-05,2.9500053857482376e-05,2.1698938543691486e-05
earnings25,all,ticker_disjoint,v,7,mlp_emotion2vec_audio,val,47,3.6426604441239974,1.5113825534192824,-7.246043442329912,-0.46996047430830035,0.5078690459388021,0.0008355425345499301,0.00033082770971694023,0.0003708126413925199,0.0003534832891547136
earnings25,all,ticker_disjoint,v,7,mlp_emotion2vec_audio_pastvol,test,95,3.665045456879517,1.4770060122504414,-4.881200497243983,-0.2156196943972835,0.589354285737338,1.9104051511710406e-06,1.0193871427416772e-06,1.6205335921655785e-06,1.3276127634717199e-06
earnings25,all,ticker_disjoint,v,7,mlp_emotion2vec_audio_pastvol,val,47,3.8223212343182458,1.501110427725752,-7.652749119005017,-0.3963109354413702,0.589354285737338,0.0003753613410237236,0.0001886398422290693,0.00019867176032938665,0.00019553375805055049
earnings25,all,ticker_disjoint,v,7,mlp_wavlm_audio,test,95,1.3816474568562063,0.8906030728578357,-1.2170927498391806,-0.0009753278185167792,0.3002214890820732,0.0010715353199155049,2.9582957374868055e-05,6.987294585104442e-05,4.0271491257202826e-05
earnings25,all,ticker_disjoint,v,7,mlp_wavlm_audio,val,47,1.5938563323692796,0.9601576472929937,-2.6080795229626155,-0.5895915678524374,0.3002214890820732,0.010696926118174086,0.0024651098178887546,0.0029447491563697895,0.002924870027219262
earnings25,all,ticker_disjoint,v,7,mlp_wavlm_audio_pastvol,test,95,1.4971986323485516,0.940688853286847,-1.4025146330758798,-0.03186793338872232,0.2975050461666065,0.00016550206864973817,3.152186433267188e-06,1.157324929980451e-05,3.6411157719897642e-06
earnings25,all,ticker_disjoint,v,7,mlp_wavlm_audio_pastvol,val,47,1.285301413123809,0.8485129101984553,-1.9095907926866245,0.4984848484848484,0.2975050461666065,0.01751630670041873,0.002811558133266729,0.0038897554268312318,0.0037721872941027033
earnings25,all,ticker_disjoint,v,7,mlp_wavlm_egemaps_audio,test,95,1.5464724951974147,0.9209439770391217,-1.481583083957959,-0.0926705920601091,0.15064326539595113,0.0004251739884047146,7.723147632451962e-06,2.2855625028830877e-05,1.2290111785395916e-05
earnings25,all,ticker_disjoint,v,7,mlp_wavlm_egemaps_audio,val,47,1.6489589534588038,0.9337261788709939,-2.7328176406818843,0.40289855072463765,0.15064326539595113,0.008174192466883563,0.0017726542028146436,0.0023215636504620475,0.0019891784871072437
earnings25,all,ticker_disjoint,v,7,mlp_wavlm_egemaps_audio_pastvol,test,95,1.3239516213236278,0.9140226246529722,-1.1245097844666279,-0.07579380847451504,0.31555166499539433,0.00022640052205510498,1.4008396499696024e-06,7.967562028810463e-06,3.937536997098786e-06
earnings25,all,ticker_disjoint,v,7,mlp_wavlm_egemaps_audio_pastvol,val,47,1.6168903525766376,0.9500596145121765,-2.660222601955271,0.4428853754940711,0.31555166499539433,0.007844173043108072,0.001661051142466264,0.00203166273186124,0.0018717436968361618
earnings25,all,ticker_disjoint,v,7,mlp_wavlm_text_audio_pastvol,test,95,0.8429032357999439,0.7432727547750267,-0.35258429611290776,-0.039164830401329336,0.22956689478676404,0.13202045680537963,6.111330316167625e-05,0.0010059368412529753,0.0001012274082355
earnings25,all,ticker_disjoint,v,7,mlp_wavlm_text_audio_pastvol,val,47,0.7609312098073518,0.7367055774699979,-0.7225519394259763,-0.44934123847167323,0.22956689478676404,0.03600809221471588,0.0002981605690120294,0.000401253073185357,0.00036834427412621613
earnings25,all,ticker_disjoint,v,7,ridge_egemaps_audio,test,95,0.3850467792816906,0.49652414537621453,0.38212572356422037,0.06430661416753965,,0.0024287168837526054,0.026905592419289255,0.5782776958651353,0.33207698675735575
earnings25,all,ticker_disjoint,v,7,ridge_egemaps_audio,val,47,0.30862934042604184,0.43089945222888637,0.3013427993717943,0.4241765480895915,,0.09185144680433713,0.00823486576882052,0.2337784874995005,0.08869993288795831
earnings25,all,ticker_disjoint,v,7,ridge_egemaps_audio_pastvol,test,95,0.3678738243571426,0.4807830766491777,0.4096827053887764,0.21907307733988365,,0.0006759083066168781,0.15040213732424892,0.3362406485397428,0.738042883858174
earnings25,all,ticker_disjoint,v,7,ridge_egemaps_audio_pastvol,val,47,0.2848662605458787,0.41557144686288644,0.3551362813669311,-0.4549407114624505,,0.026789332329878335,0.004013127643566397,0.34260370114664285,0.11705923752281117
earnings25,all,ticker_disjoint,v,7,ridge_emotion2vec_audio,test,95,0.36930951489373,0.4781309470786943,0.40737889115318016,0.23976447639345444,,0.0018069837983724537,0.10209561029187478,0.3595856334022512,0.6312013623773696
earnings25,all,ticker_disjoint,v,7,ridge_emotion2vec_audio,val,47,0.3205154574554497,0.4420239006777893,0.27443569702487625,-0.5138998682476943,,0.1188935579104252,0.006452109991380252,0.16992295717613148,0.04975396651362596
earnings25,all,ticker_disjoint,v,7,ridge_emotion2vec_audio_pastvol,test,95,0.3258718121041783,0.44302932369287834,0.4770822119579802,0.35021493335259907,,0.00029463842929289106,0.9278490898132602,0.04597477398447019,0.36828449821520054
earnings25,all,ticker_disjoint,v,7,ridge_emotion2vec_audio_pastvol,val,47,0.28105216029253666,0.43553089868373335,0.3637704203060118,-0.3987483530961792,,0.008164505565770218,0.0204305358909426,0.34447472397069545,0.046495631061115386
earnings25,all,ticker_disjoint,v,7,ridge_wavlm_audio,test,95,0.3824199764402103,0.4891171577843038,0.3863408838833039,0.1345013184987176,,0.0030675476602250703,0.03892018851843489,0.5315426786036365,0.37756135745929753
earnings25,all,ticker_disjoint,v,7,ridge_wavlm_audio,val,47,0.32100111567884165,0.43846837261121363,0.2733362921065082,-0.48781291172595515,,0.11556169819942365,0.006670789792928649,0.15718652119360918,0.03747298180720161
earnings25,all,ticker_disjoint,v,7,ridge_wavlm_audio_pastvol,test,95,0.3805299951961821,0.48815297988848444,0.3893736862763265,0.15659429975074957,,0.0027095120678880566,0.04245781359840186,0.49785197157573474,0.40962146651379716
earnings25,all,ticker_disjoint,v,7,ridge_wavlm_audio_pastvol,val,47,0.31794464653610727,0.4365733354589468,0.2802553496793283,-0.4755599472990777,,0.1031878964120003,0.006959474744449188,0.1659267352776864,0.03939989594996995
earnings25,all,ticker_disjoint,v,7,ridge_wavlm_egemaps_audio,test,95,0.3831924225942631,0.4896825519773627,0.38510136018332297,0.13542607376368168,,0.0031445285013140573,0.04014960449140027,0.5480367757518133,0.3740948356892361
earnings25,all,ticker_disjoint,v,7,ridge_wavlm_egemaps_audio,val,47,0.3232708028134525,0.4399327029425254,0.2681983060110188,-0.497957839262187,,0.12351477284176954,0.005720104200040901,0.1489627715680196,0.034890209455213234
earnings25,all,ticker_disjoint,v,7,ridge_wavlm_egemaps_audio_pastvol,test,95,0.381242192916353,0.4886617129217375,0.38823084162807175,0.15824152006646677,,0.002775313485384091,0.04390295319003938,0.5131626368458742,0.4062675797616054
earnings25,all,ticker_disjoint,v,7,ridge_wavlm_egemaps_audio_pastvol,val,47,0.32013349388565193,0.43803289709929527,0.27530036400063584,-0.4928194993412384,,0.11030462396235695,0.005954373498582513,0.15753422601137607,0.03673517488505478
earnings25,all,ticker_disjoint,v,7,ridge_wavlm_text_audio_pastvol,test,95,0.3623780183050952,0.47721337230892746,0.41850167848647357,0.27718816602246865,,0.0022882515148953666,0.14713179583141156,0.24192935854751682,0.6394228207301433
earnings25,all,ticker_disjoint,v,7,ridge_wavlm_text_audio_pastvol,val,47,0.2698373599309092,0.3985012909499565,0.3891578349161806,-0.2847826086956522,,0.009392364655331173,0.0777957096127143,0.4607971335602746,0.12248327479884416
earnings25,all,ticker_disjoint,v,15,mlp_egemaps_audio,test,95,1.1015463045152416,0.8438102677482279,-3.802723808764787,-0.16392009536538668,0.24023765677423536,1.067973685778932e-07,3.061228681346286e-08,4.474362284806655e-08,4.9049325405228595e-08
earnings25,all,ticker_disjoint,v,15,mlp_egemaps_audio,val,47,0.9466786807120607,0.8020977842985283,-3.555585229291907,0.4978260869565217,0.24023765677423536,0.00023945982588480957,7.917874400622244e-05,8.678395850361446e-05,3.6958584647546393e-05
earnings25,all,ticker_disjoint,v,15,mlp_egemaps_audio_pastvol,test,95,1.0203494171259981,0.790228898802836,-3.448706712376337,-0.06476899180002167,0.2565654988679728,3.200167011647481e-07,1.4220979727513942e-07,2.2927466967916463e-07,2.37693762667525e-07
earnings25,all,ticker_disjoint,v,15,mlp_egemaps_audio_pastvol,val,47,0.8356552804910835,0.7405438099853182,-3.021320993223953,0.5273386034255599,0.2565654988679728,0.0004510171658872194,0.0001299812078471177,0.0001437525631821737,6.947499213061455e-05
earnings25,all,ticker_disjoint,v,15,mlp_emotion2vec_audio,test,95,2.83143487710251,1.2914049482383263,-11.345009593774243,-0.25213307806234875,0.44360513269104385,1.5910551376316554e-05,1.2494984522397038e-05,1.3103877244867175e-05,1.3015015945307566e-05
earnings25,all,ticker_disjoint,v,15,mlp_emotion2vec_audio,val,47,3.1017118736067424,1.3633124102374048,-13.925986065614147,-0.4388669301712779,0.44360513269104385,0.00034316257204455093,0.0002771964064711258,0.0002751044830958717,0.0002777820456920348
earnings25,all,ticker_disjoint,v,15,mlp_emotion2vec_audio_pastvol,test,95,3.557600684813768,1.424603571417399,-14.511080597335505,-0.30287902322725135,0.5704012259587194,8.754445550699761e-07,8.317028111091707e-07,9.23141026538632e-07,9.01574379049187e-07
earnings25,all,ticker_disjoint,v,15,mlp_emotion2vec_audio_pastvol,val,47,3.337157148301476,1.4376118263869146,-15.05899036534036,-0.3835309617918313,0.5704012259587194,7.907282047684633e-05,6.127545462941461e-05,6.092384407986425e-05,5.6906042124220304e-05
earnings25,all,ticker_disjoint,v,15,mlp_wavlm_audio,test,95,1.150152521346481,0.7757439854088947,-4.014646116408593,0.07716649207094607,0.3198044499476161,0.00017494363005794315,0.00010587597690988911,0.00012247845581676641,0.00010576821192662143
earnings25,all,ticker_disjoint,v,15,mlp_wavlm_audio,val,47,1.4241066721003703,0.8682503152281668,-5.853053155772675,-0.5921607378129117,0.3198044499476161,0.010036618434750875,0.008004956457566093,0.00800404811538366,0.008141517801415466
earnings25,all,ticker_disjoint,v,15,mlp_wavlm_audio_pastvol,test,95,1.2524255492070064,0.8576364870202956,-4.460554839343638,0.03055304699635155,0.27530239095417275,3.4536681930619175e-06,1.9843422058325545e-06,2.728760279309066e-06,1.6511087302513607e-06
earnings25,all,ticker_disjoint,v,15,mlp_wavlm_audio_pastvol,val,47,1.1976241935705012,0.79487002663132,-4.763179416239387,0.5021739130434782,0.27530239095417275,0.009084592414340932,0.007342793293011432,0.007761359720517789,0.00759292634417139
earnings25,all,ticker_disjoint,v,15,mlp_wavlm_egemaps_audio,test,95,1.3455810789865719,0.8576995389541854,-4.866711420284921,-0.04146226926272442,0.11970346129476811,3.9376545336484585e-06,2.312399534657772e-06,2.8135493086747905e-06,2.333769877266301e-06
earnings25,all,ticker_disjoint,v,15,mlp_wavlm_egemaps_audio,val,47,1.5059466498584042,0.906036573016733,-6.246881601935261,0.4048748353096179,0.11970346129476811,0.003190295750993578,0.0024393891311488133,0.0024858334987937613,0.0022856818412041917
earnings25,all,ticker_disjoint,v,15,mlp_wavlm_egemaps_audio_pastvol,test,95,1.1132185334255613,0.8447794515846843,-3.8536145352455176,-0.02496116750352202,0.3194206413413279,2.4982857726103473e-07,1.1315194169526897e-07,1.938013360375073e-07,1.7455940561956395e-07
earnings25,all,ticker_disjoint,v,15,mlp_wavlm_egemaps_audio_pastvol,val,47,1.414394423088076,0.8610621130030571,-5.806316095939097,0.4830039525691699,0.3194206413413279,0.004589450784089892,0.00356712667908982,0.0035274091550325,0.0034453828673961574
earnings25,all,ticker_disjoint,v,15,mlp_wavlm_text_audio_pastvol,test,95,0.6519782298135123,0.6491210336925413,-1.8426143815167682,-0.0038073908174692046,0.20421903367654096,0.00010727721246385708,9.581452907278594e-06,2.1777219704077653e-05,1.1937509037174321e-05
earnings25,all,ticker_disjoint,v,15,mlp_wavlm_text_audio_pastvol,val,47,0.6774397371197401,0.6753463779011268,-2.2599598185065197,-0.4117918313570487,0.20421903367654096,0.0005663265772043011,0.00016609163242859573,0.00013810533675334406,0.00014773797816074955
earnings25,all,ticker_disjoint,v,15,ridge_egemaps_audio,test,95,0.2462351701216504,0.4046619651253231,-0.07358130044195055,0.045464725643896975,,0.6258373351527814,0.006782384327766852,0.15993921060692814,0.021570383418534168
earnings25,all,ticker_disjoint,v,15,ridge_egemaps_audio,val,47,0.25764700845494626,0.40904218883607596,-0.23984296890023638,0.47826086956521735,,0.3078152886402672,0.0030999831572422944,0.05191628477413087,0.01581729068917419
earnings25,all,ticker_disjoint,v,15,ridge_egemaps_audio_pastvol,test,95,0.20399226102575652,0.3613885777311728,0.11059708991234163,0.3736516995990319,,0.38312436390396615,0.3014933218748141,0.9494283369362058,0.6958116055371888
earnings25,all,ticker_disjoint,v,15,ridge_egemaps_audio_pastvol,val,47,0.19879427782462938,0.36260392743970316,0.043366778847863774,-0.339064558629776,,0.8070223862060889,0.041982745749657324,0.33972282044863894,0.15867238172769077
earnings25,all,ticker_disjoint,v,15,ridge_emotion2vec_audio,test,95,0.23505011940519482,0.3924567517149371,-0.02481466289074663,0.24880973882888416,,0.8706289975105279,0.02411972784288436,0.32442854869136273,0.06341295737937211
earnings25,all,ticker_disjoint,v,15,ridge_emotion2vec_audio,val,47,0.26282994440607166,0.4125828096129617,-0.2647841732860299,-0.5067852437417655,,0.2635894456133156,0.003534107309511459,0.04556495251004673,0.012374654307839324
earnings25,all,ticker_disjoint,v,15,ridge_emotion2vec_audio_pastvol,test,95,0.18690266603572384,0.3396582964295758,0.18510744358911857,0.40684174403063256,,0.1403569996737018,0.7925685099993557,0.4628478448854874,0.7225151376841286
earnings25,all,ticker_disjoint,v,15,ridge_emotion2vec_audio_pastvol,val,47,0.17386744655534944,0.33502784057645746,0.1633190991620489,-0.3188405797101449,,0.2483083738649248,0.594071795280897,0.8066173590209921,0.5659610645742552
earnings25,all,ticker_disjoint,v,15,ridge_wavlm_audio,test,95,0.2400141405036528,0.39874370527281505,-0.04645771340896032,0.17480041902972945,,0.7614591208067986,0.015236802925006612,0.23585645524566715,0.04126817461596242
earnings25,all,ticker_disjoint,v,15,ridge_wavlm_audio,val,47,0.2616024614742909,0.40842075639062286,-0.25887730834108136,-0.44295125164690374,,0.27705552641464887,0.0036406404200380366,0.038861979602144985,0.010333408599191065
earnings25,all,ticker_disjoint,v,15,ridge_wavlm_audio_pastvol,test,95,0.23674310407133603,0.39604384999873654,-0.032196048249329756,0.21184842683235197,,0.8301471557304835,0.018595713271198855,0.2755348970313141,0.053976006361123804
earnings25,all,ticker_disjoint,v,15,ridge_wavlm_audio_pastvol,val,47,0.2560802521315583,0.4035789482674398,-0.2323034603952414,-0.4278656126482213,,0.31737921686776366,0.004243096892718787,0.04571253226829792,0.012259387816401303
earnings25,all,ticker_disjoint,v,15,ridge_wavlm_egemaps_audio,test,95,0.2405585054402812,0.39875296087603757,-0.04883113559837304,0.1544847018025503,,0.7514019250253201,0.016002847827787534,0.23367246345493692,0.04342159583848347
earnings25,all,ticker_disjoint,v,15,ridge_wavlm_egemaps_audio,val,47,0.2630959755578204,0.4098967074304564,-0.26606436223517416,-0.4563241106719367,,0.266746158604574,0.0033024499391668656,0.03673546309857083,0.009649244899171903
earnings25,all,ticker_disjoint,v,15,ridge_wavlm_egemaps_audio_pastvol,test,95,0.23722595379892084,0.39600469579332614,-0.03430126513691922,0.19539067297619475,,0.8205458070567163,0.019598191024461475,0.27334564622287194,0.05666845423509543
earnings25,all,ticker_disjoint,v,15,ridge_wavlm_egemaps_audio_pastvol,val,47,0.2574692203677006,0.40496064119906394,-0.2389874211830414,-0.4377470355731225,,0.3063309369485967,0.0038320683748358083,0.043291588762489876,0.01145520273278294
earnings25,all,ticker_disjoint,v,15,ridge_wavlm_text_audio_pastvol,test,95,0.203999350471903,0.3665817527388033,0.11056618004349705,0.3723368132066612,,0.43494097055645486,0.3012739360481864,0.9488592676968932,0.32899101914898393
earnings25,all,ticker_disjoint,v,15,ridge_wavlm_text_audio_pastvol,val,47,0.19083857764801584,0.34511939032129124,0.08165101504297367,-0.236429512516469,,0.7042059561799723,0.4378403056008436,0.5148661621110362,0.11437464967351578
earnings25,all,ticker_disjoint,v,30,mlp_egemaps_audio,test,95,0.9389223934472886,0.7859040503720379,-7.57126824089319,-0.12510927283892642,0.2816085587230512,8.883635757208523e-09,8.856285230560527e-09,8.545828182245348e-09,1.4280385408748265e-08
earnings25,all,ticker_disjoint,v,30,mlp_egemaps_audio,val,47,0.8765881807770078,0.7634227383608335,-7.512684288140054,-0.4862977602108036,0.2816085587230512,7.738060607633801e-05,0.0001415862727017009,0.00011802736552915392,0.00012831502945562126
earnings25,all,ticker_disjoint,v,30,mlp_egemaps_audio_pastvol,test,95,0.835154179174871,0.710020269203568,-6.62398526456347,0.06888704258931473,0.26558726761743096,9.505206135102516e-08,1.3357712967129928e-07,1.1705190026056751e-07,1.9717043204272483e-07
earnings25,all,ticker_disjoint,v,30,mlp_egemaps_audio_pastvol,val,47,0.7696316319520553,0.6918777909840456,-6.474012591826738,-0.4231225296442687,0.26558726761743096,0.001087764042446451,0.00191223365274865,0.0017015619412549257,0.0020354489180528412
earnings25,all,ticker_disjoint,v,30,mlp_emotion2vec_audio,test,95,2.8317190578923874,1.268113165973405,-24.850297955863603,-0.22561861069970737,0.4324313090812743,1.9894269047683004e-05,1.941589435668186e-05,1.769053201422959e-05,1.923142014620758e-05
earnings25,all,ticker_disjoint,v,30,mlp_emotion2vec_audio,val,47,3.128551938468194,1.3691759810086943,-29.381854918031593,0.5274703557312252,0.4324313090812743,0.00010211360666672795,0.00010202914795039865,0.00010175385277235769,0.0001080069962720841
earnings25,all,ticker_disjoint,v,30,mlp_emotion2vec_audio_pastvol,test,95,3.4672032272967326,1.3967259536849124,-30.65152851210514,-0.18884513961637103,0.5241926591196049,1.4174815879006243e-06,1.4570713551923217e-06,1.3682422775578096e-06,1.5121848824163511e-06
earnings25,all,ticker_disjoint,v,30,mlp_emotion2vec_audio_pastvol,val,47,3.4070884530775847,1.4472039982151712,-32.0867663731312,0.608498023715415,0.5241926591196049,4.502495675797031e-05,4.359478762194714e-05,4.29834113483677e-05,4.2743385295438614e-05
earnings25,all,ticker_disjoint,v,30,mlp_wavlm_audio,test,95,1.0729845629593944,0.7233424130769626,-8.795099756536834,0.0625871473467471,0.32806386855726066,0.0001454862022088452,0.00014363495736674855,0.000125409833781249,0.00014873925416625548
earnings25,all,ticker_disjoint,v,30,mlp_wavlm_audio,val,47,1.5022184291233882,0.8529668342940439,-13.588277026069292,0.42384716732542815,0.32806386855726066,0.012976716456786731,0.013223081025260193,0.013384605975699905,0.013820870726520032
earnings25,all,ticker_disjoint,v,30,mlp_wavlm_audio_pastvol,test,95,1.1221386750507665,0.794457799995383,-9.243819568545167,0.09150019867788896,0.2533919342719294,8.444367445775769e-06,8.5214029368534e-06,7.360938749080403e-06,8.095882025557424e-06
earnings25,all,ticker_disjoint,v,30,mlp_wavlm_audio_pastvol,val,47,1.307552335141224,0.7899318756623459,-11.6978442823758,-0.45368906455862973,0.2533919342719294,0.0065326439297373595,0.0068267569340076896,0.006937201686481473,0.0073316834648535605
earnings25,all,ticker_disjoint,v,30,mlp_wavlm_egemaps_audio,test,95,1.2601255477727547,0.8142381496397236,-10.503479054863028,-0.04456886898096305,0.11333484490876984,2.190628336577335e-06,2.1842920991520757e-06,2.02717882062968e-06,2.1681944632335378e-06
earnings25,all,ticker_disjoint,v,30,mlp_wavlm_egemaps_audio,val,47,1.6816659354850068,0.9200956507836374,-15.33091969619566,-0.5983530961791831,0.11333484490876984,0.0043345655733111384,0.004966973415264919,0.0050194851577059175,0.005248761572743508
earnings25,all,ticker_disjoint,v,30,mlp_wavlm_egemaps_audio_pastvol,test,95,0.9943479800285453,0.7953981624751666,-8.077239312956529,-0.006104829678864284,0.3071444805115539,1.6020193299075766e-08,1.6949572280655403e-08,1.4548708499812733e-08,1.9368786263394114e-08
earnings25,all,ticker_disjoint,v,30,mlp_wavlm_egemaps_audio_pastvol,val,47,1.5533709272952745,0.87138231966846,-14.085026899083722,-0.48702239789196305,0.3071444805115539,0.006382052043116955,0.007308582492308677,0.007306644774946277,0.007741890878467929
earnings25,all,ticker_disjoint,v,30,mlp_wavlm_text_audio_pastvol,test,95,0.529343150611117,0.5719029467200952,-3.832286637353617,0.07264386085323123,0.1932366251332626,1.1481920056257305e-05,7.761872410841731e-06,6.798213279318589e-06,1.0756311171426627e-05
earnings25,all,ticker_disjoint,v,30,mlp_wavlm_text_audio_pastvol,val,47,0.6606182968950217,0.6412488361038752,-5.415367124219381,-0.34901185770750986,0.1932366251332626,0.00013366813748488533,0.00015977779701050536,0.00014160037765863207,0.00018359664560768104
earnings25,all,ticker_disjoint,v,30,ridge_egemaps_audio,test,95,0.16965258910436137,0.3383888552825731,-0.5487306076880256,0.04589820467434887,,0.01806751175360926,0.0006939105586560762,0.001795913218358621,0.0025860253220034678
earnings25,all,ticker_disjoint,v,30,ridge_egemaps_audio,val,47,0.1751429731193986,0.3408674238381709,-0.7008406776943694,0.5359025032938076,,0.08521930962622529,0.00711217701817414,0.031030089503629784,0.031686304442837473
earnings25,all,ticker_disjoint,v,30,ridge_egemaps_audio_pastvol,test,95,0.10767373709043772,0.27380556294773023,0.01706414764154429,0.5858830329082831,,0.9017491500582371,0.9684733615503861,0.8594110508763513,0.593446421970516
earnings25,all,ticker_disjoint,v,30,ridge_egemaps_audio_pastvol,val,47,0.09448145782575756,0.2537435193030334,0.08247585446455596,0.7914361001317523,,0.7451572260503233,0.544880308209388,0.703004234003023,0.42240628640453576
earnings25,all,ticker_disjoint,v,30,ridge_emotion2vec_audio,test,95,0.1629105495741432,0.3328755190632747,-0.48718363670564724,0.2216017050175198,,0.029609133824785635,0.0010947808493291878,0.003379151232116917,0.00433364733694796
earnings25,all,ticker_disjoint,v,30,ridge_emotion2vec_audio,val,47,0.17757721501473026,0.33856320554173347,-0.7244799796954,0.5304347826086956,,0.07765717931659592,0.005923125456156583,0.02928480327653751,0.027240026936099265
earnings25,all,ticker_disjoint,v,30,ridge_emotion2vec_audio_pastvol,test,95,0.10443983290489377,0.2606115300002674,0.046585927538468797,0.59086804175848,,0.7343601251664705,0.7717737514582269,0.9188340986850446,0.3992886818940815
earnings25,all,ticker_disjoint,v,30,ridge_emotion2vec_audio_pastvol,val,47,0.1011852597886324,0.2450083043757541,0.01737418997532858,-0.2007246376811594,,0.914082150408601,0.9560001183243197,0.9994711408339527,0.6988409834956878
earnings25,all,ticker_disjoint,v,30,ridge_wavlm_audio,test,95,0.1682013403266933,0.34005961806532004,-0.5354823960738675,0.09459234909511254,,0.018000081764408333,0.00047261669595931533,0.0013669196086655098,0.0016517633558698636
earnings25,all,ticker_disjoint,v,30,ridge_wavlm_audio,val,47,0.17205687008991963,0.33965597253297497,-0.6708710507398503,0.620421607378129,,0.0916455973315181,0.007682043152537156,0.030404691615923494,0.02882588169759165
earnings25,all,ticker_disjoint,v,30,ridge_wavlm_audio_pastvol,test,95,0.12464881182999182,0.27841845551957983,-0.1378985202182852,0.4904020518007442,,0.3899614974732606,0.214543307485466,0.20929667172123034,0.5742009039022309
earnings25,all,ticker_disjoint,v,30,ridge_wavlm_audio_pastvol,val,47,0.1276722657714573,0.2733150850608334,-0.2398452485414031,0.7455862977602108,,0.4753756890061201,0.20744159688820668,0.26319534092383345,0.3968208211135868
earnings25,all,ticker_disjoint,v,30,ridge_wavlm_egemaps_audio,test,95,0.1689033593322086,0.34051411287265126,-0.5418910122155962,0.08728100278149044,,0.017384629661705238,0.0004775578143449082,0.001345250544810128,0.0016800014905949386
earnings25,all,ticker_disjoint,v,30,ridge_wavlm_egemaps_audio,val,47,0.17239182091988894,0.3397919913518086,-0.6741238103938214,0.6116600790513833,,0.09240114041700273,0.007995323682291621,0.03082850122701879,0.029339966604557413
earnings25,all,ticker_disjoint,v,30,ridge_wavlm_egemaps_audio_pastvol,test,95,0.13128810326958998,0.2858744863574451,-0.19850752076552425,0.45151898276920854,,0.2578763232772308,0.12644678972329007,0.12490546159140016,0.3749991591072862
earnings25,all,ticker_disjoint,v,30,ridge_wavlm_egemaps_audio_pastvol,val,47,0.13170590700427892,0.2767828720166645,-0.27901656649848317,0.7330039525691698,,0.4649363897956229,0.22055308576289515,0.2563447604853881,0.37725050102226154
earnings25,all,ticker_disjoint,v,30,ridge_wavlm_text_audio_pastvol,test,95,0.12067374472067868,0.2858428452013521,-0.10161078578223615,0.4898240797601416,,0.5416264623217064,0.30584829032263017,0.3134028881075843,0.3031380733509861
earnings25,all,ticker_disjoint,v,30,ridge_wavlm_text_audio_pastvol,val,47,0.11263858897308095,0.27382195094838563,-0.0938508727547307,0.7677206851119893,,0.7471405237143081,0.6132211143022184,0.6002912979077195,0.631115128304002
earnings25,le24k,ticker_disjoint,dv,3,mlp_egemaps_audio,test,55,1.926809160637676,1.0902270203787237,0.10981298749899693,0.22675814751286447,0.3045715154502987,0.11250846177108441,0.008271026248780015,0.041379611882539157,0.09333452331090965
earnings25,le24k,ticker_disjoint,dv,3,mlp_egemaps_audio,val,20,1.4897185782651161,1.0003792466768728,0.01726151042409696,-0.21052631578947367,0.3045715154502987,0.8643738381723362,0.0515689093293943,0.15380043668841256,0.04521863241295795
earnings25,le24k,ticker_disjoint,dv,3,mlp_egemaps_audio_pastvol,test,55,1.785714510529784,1.0601224066565162,0.17499880227779496,0.2763102725366876,0.25489749725038174,0.11240674693445264,0.006651209576588688,0.058313614052376915,0.6170218872148125
earnings25,le24k,ticker_disjoint,dv,3,mlp_egemaps_audio_pastvol,val,20,1.2446426142070743,0.8702449033233975,0.1789333766837231,0.28721804511278193,0.25489749725038174,0.3035066854936903,0.0941627105925333,0.4083071767973749,0.7147403072763322
earnings25,le24k,ticker_disjoint,dv,3,mlp_emotion2vec_audio,test,55,5.4394207306172845e+20,10216090402.875532,-2.513015709517249e+20,-0.16584715075281115,4.855734788730832e+20,0.013934026333087645,0.013934026333087645,0.013934026333087645,0.013934026333087645
earnings25,le24k,ticker_disjoint,dv,3,mlp_emotion2vec_audio,val,20,1.5623109068194775e+21,24598810133.69121,-1.0306262425778093e+21,0.16992481203007515,4.855734788730832e+20,0.02958745585828003,0.02958745585828003,0.02958745585828003,0.02958745585828003
earnings25,le24k,ticker_disjoint,dv,3,mlp_emotion2vec_audio_pastvol,test,55,6.443092327424537e+20,21466222694.355186,-2.9767126020513654e+20,0.011015818562988373,1.4577821535650641e+21,7.829341560329445e-10,7.829341560329445e-10,7.829341560329445e-10,7.829341560329445e-10
earnings25,le24k,ticker_disjoint,dv,3,mlp_emotion2vec_audio_pastvol,val,20,4.420949825635367e+20,17831860695.820286,-2.916414964224581e+20,0.3037593984962406,1.4577821535650641e+21,0.0016330424255424942,0.0016330424255424942,0.0016330424255424942,0.0016330424255424942
earnings25,le24k,ticker_disjoint,dv,3,mlp_wavlm_audio,test,55,2.346173591633677e+25,3198065966420.676,-1.08393363650707e+25,0.3306651419858967,1.9697267475677263e+25,0.0002586534524103701,0.0002586534524103701,0.0002586534524103701,0.0002586534524103701
earnings25,le24k,ticker_disjoint,dv,3,mlp_wavlm_audio,val,20,1.9572916452683882e+25,2756164454355.431,-1.2911873847815272e+25,0.2721804511278195,1.9697267475677263e+25,0.05989871417841192,0.05989871417841192,0.05989871417841192,0.05989871417841192
earnings25,le24k,ticker_disjoint,dv,3,mlp_wavlm_audio_pastvol,test,55,1.746890471076644e+25,2655613602171.4624,-8.070644677127973e+24,0.3262435677530017,1.0268962098062758e+25,0.0003156816365686868,0.0003156816365686868,0.0003156816365686868,0.0003156816365686868
earnings25,le24k,ticker_disjoint,dv,3,mlp_wavlm_audio_pastvol,val,20,1.447343952438873e+25,2225850567864.149,-9.547847697335132e+24,0.2721804511278195,1.0268962098062758e+25,0.06547233530264349,0.06547233530264349,0.06547233530264349,0.06547233530264349
earnings25,le24k,ticker_disjoint,dv,3,mlp_wavlm_egemaps_audio,test,55,7.079800203004523e+23,549745268465.5594,-3.2708720305911535e+23,0.27585286830569844,4.248138024670974e+24,0.0002763491499149995,0.0002763491499149995,0.0002763491499149995,0.0002763491499149995
earnings25,le24k,ticker_disjoint,dv,3,mlp_wavlm_egemaps_audio,val,20,5.8929889022451696e+23,470182966464.96436,-3.887490629018215e+23,-0.05563909774436089,4.248138024670974e+24,0.06169741016259681,0.06169741016259681,0.06169741016259681,0.06169741016259681
earnings25,le24k,ticker_disjoint,dv,3,mlp_wavlm_egemaps_audio_pastvol,test,55,3.057601600807891e+25,3967265524241.9785,-1.4126138125379636e+25,0.27585286830569844,4.455604325519745e+25,9.270903842971832e-05,9.270903842971832e-05,9.270903842971832e-05,9.270903842971832e-05
earnings25,le24k,ticker_disjoint,dv,3,mlp_wavlm_egemaps_audio_pastvol,val,20,2.6337063791996026e+25,3640651613775.242,-1.7374050823043599e+25,-0.05563909774436089,4.455604325519745e+25,0.037711772039772766,0.037711772039772766,0.037711772039772766,0.037711772039772766
earnings25,le24k,ticker_disjoint,dv,3,mlp_wavlm_text_audio_pastvol,test,55,6.761621423162777e+24,1762613330101.8188,-3.1238732394006436e+24,-0.2516866781017724,3.2963243771835746e+25,0.0013835920975389224,0.0013835920975389224,0.0013835920975389224,0.0013835920975389224
earnings25,le24k,ticker_disjoint,dv,3,mlp_wavlm_text_audio_pastvol,val,20,2.79335221226374e+24,1373388590671.4207,-1.842720345966606e+24,-0.6330827067669172,3.2963243771835746e+25,0.001703037551453988,0.001703037551453988,0.001703037551453988,0.001703037551453988
earnings25,le24k,ticker_disjoint,dv,3,ridge_egemaps_audio,test,55,1.9925670264222408,1.1016715020003371,0.07943281322588369,0.16653325709929478,,0.36937036849972543,0.006439258872189804,0.03291946741702441,0.11304866032718558
earnings25,le24k,ticker_disjoint,dv,3,ridge_egemaps_audio,val,20,1.2736574411314578,0.9224769377852408,0.1597928573916959,0.13082706766917293,,0.24945964839756862,0.11164349928846853,0.30670347664611275,0.7060184754092602
earnings25,le24k,ticker_disjoint,dv,3,ridge_egemaps_audio_pastvol,test,55,1.7661928068745472,0.9426612678916819,0.18401784132473098,0.5085191538021725,,0.5732237884777657,0.17192679789454066,0.4038176182063906,0.9054552033817455
earnings25,le24k,ticker_disjoint,dv,3,ridge_egemaps_audio_pastvol,val,20,0.5881495645790815,0.6480320118792731,0.6120091249635278,0.7368421052631579,,0.03889073717137539,0.4161785727925699,0.09133125161302132,0.10936016721680908
earnings25,le24k,ticker_disjoint,dv,3,ridge_emotion2vec_audio,test,55,1.8303832082865457,1.03383124226419,0.15436183655190938,0.1485420240137221,,0.012359514947893366,0.02560038986629085,0.10065806811245527,0.15691305621868185
earnings25,le24k,ticker_disjoint,dv,3,ridge_emotion2vec_audio,val,20,1.5017001082127774,0.9993060117349121,0.009357527205141936,-0.05263157894736842,,0.9306713975444284,0.02859413201023819,0.15252437725396314,0.0731549195227471
earnings25,le24k,ticker_disjoint,dv,3,ridge_emotion2vec_audio_pastvol,test,55,1.218679454457765,0.8368063699758435,0.4369693455261138,0.536497045931008,,0.0338779623011245,0.09474480921496492,0.7780705440727438,0.1972237345366452
earnings25,le24k,ticker_disjoint,dv,3,ridge_emotion2vec_audio_pastvol,val,20,1.238571571373051,0.9778758176629496,0.18293832604255222,0.3037593984962406,,0.3941372484821201,0.001901402882951799,0.24575529173286512,0.9034963058546367
earnings25,le24k,ticker_disjoint,dv,3,ridge_wavlm_audio,test,55,1.970399800284696,1.0813310877014615,0.0896740852801875,-0.09426338860301124,,0.1088922491024384,0.011224227280790746,0.043631200021881145,0.005039643935552741
earnings25,le24k,ticker_disjoint,dv,3,ridge_wavlm_audio,val,20,1.3901504120608208,0.9763668566142923,0.08294470098979734,-0.1789473684210526,,0.39216066617914086,0.04296863611734953,0.20209261793917474,0.17272058042299165
earnings25,le24k,ticker_disjoint,dv,3,ridge_wavlm_audio_pastvol,test,55,1.9465902470549505,1.075936813608937,0.10067411345711197,-0.05873832666285496,,0.07853602915911741,0.011536724900075832,0.046577302564222975,0.007745664906691431
earnings25,le24k,ticker_disjoint,dv,3,ridge_wavlm_audio_pastvol,val,20,1.372083014215605,0.9705617905812793,0.09486341337482496,-0.13684210526315788,,0.3376223734495218,0.044044561083481724,0.21536626717056676,0.20605707541592094
earnings25,le24k,ticker_disjoint,dv,3,ridge_wavlm_egemaps_audio,test,55,1.974075849032873,1.0836886526236298,0.08797574850672907,-0.09281494187154563,,0.12198679909716256,0.010930804084279558,0.04291849882792702,0.0054090546653884335
earnings25,le24k,ticker_disjoint,dv,3,ridge_wavlm_egemaps_audio,val,20,1.397602701502714,0.9769934377678137,0.07802856999911212,-0.13383458646616542,,0.4232549203504429,0.043464484789874094,0.20082262154998176,0.15780854833174562
earnings25,le24k,ticker_disjoint,dv,3,ridge_wavlm_egemaps_audio_pastvol,test,55,1.9504037779314474,1.0783127602636178,0.0989122598561537,-0.05873832666285496,,0.08869570849683021,0.011218542321745836,0.04576977465720508,0.008239379741910106
earnings25,le24k,ticker_disjoint,dv,3,ridge_wavlm_egemaps_audio_pastvol,val,20,1.3790340236065846,0.9710650725329234,0.09027796712371183,-0.0706766917293233,,0.36299694266718,0.04453090294116587,0.21393134760220348,0.18920646271244343
earnings25,le24k,ticker_disjoint,dv,3,ridge_wavlm_text_audio_pastvol,test,55,1.8125010484185637,1.0378297209014196,0.16262340536481457,0.16699066133028395,,0.010167812812484167,0.027763165757181237,0.10327551922772274,0.030967054073247666
earnings25,le24k,ticker_disjoint,dv,3,ridge_wavlm_text_audio_pastvol,val,20,1.2656410762957215,0.8866001891599877,0.16508109799331028,0.3669172932330827,,0.14171807609190193,0.07563841689285573,0.35225243400710293,0.15570582731002405
earnings25,le24k,ticker_disjoint,dv,7,mlp_egemaps_audio,test,55,0.6297242878224916,0.6524258074607627,0.05019631985425055,0.21036782923575373,0.1658550229134671,0.7208621231207946,0.019237839553075124,0.0931965660747645,0.07019515554054884
earnings25,le24k,ticker_disjoint,dv,7,mlp_egemaps_audio,val,20,0.39367583306627985,0.4511421951862453,0.21777275060957701,0.28421052631578947,0.1658550229134671,0.10704421658693633,0.2386309031148175,0.9181625719883655,0.6663964949177735
earnings25,le24k,ticker_disjoint,dv,7,mlp_egemaps_audio_pastvol,test,55,0.5587135563378147,0.595163928728136,0.15730073903936492,0.22043072231751473,0.1510956129281133,0.33508167780181203,0.0486757904670566,0.22676646332618228,0.37381031239238055
earnings25,le24k,ticker_disjoint,dv,7,mlp_egemaps_audio_pastvol,val,20,0.33110794252331704,0.44448134117363186,0.3420940952508744,0.47067669172932325,0.1510956129281133,0.11506147458290933,0.2751911786426236,0.5389054905005605,0.5682816597205738
earnings25,le24k,ticker_disjoint,dv,7,mlp_emotion2vec_audio,test,55,3.887654589798944e+20,10010797321.571674,-5.8636909960941594e+20,-0.23392414713169427,4.690133764314526e+20,0.011668702038965282,0.011668702038965282,0.011668702038965282,0.011668702038965282
earnings25,le24k,ticker_disjoint,dv,7,mlp_emotion2vec_audio,val,20,1.093374102499631e+21,21231766481.650402,-2.1725159253273616e+21,-0.003007518796992481,4.690133764314526e+20,0.029043975678609245,0.029043975678609245,0.029043975678609245,0.029043975678609245
earnings25,le24k,ticker_disjoint,dv,7,mlp_emotion2vec_audio_pastvol,test,55,4.5890584406203027e+20,17454142362.68099,-6.921607883947016e+20,0.09761768629693157,1.0077472987144509e+21,2.1980980212387507e-08,2.1980980212387507e-08,2.1980980212387507e-08,2.1980980212387507e-08
earnings25,le24k,ticker_disjoint,dv,7,mlp_emotion2vec_audio_pastvol,val,20,1.9886910550036306e+20,11399285964.650482,-3.951495629605803e+20,0.35187969924812035,1.0077472987144509e+21,0.011459130651002035,0.011459130651002035,0.011459130651002035,0.011459130651002035
earnings25,le24k,ticker_disjoint,dv,7,mlp_wavlm_audio,test,55,1.6342526660749402e+25,2592612455736.0103,-2.4649187375214035e+25,0.26495140080045737,2.2860184336564495e+25,0.00030387753046707053,0.00030387753046707053,0.00030387753046707053,0.00030387753046707053
earnings25,le24k,ticker_disjoint,dv,7,mlp_wavlm_audio,val,20,1.3558310392163142e+25,2187737172250.6733,-2.6940134378677433e+25,0.16842105263157892,2.2860184336564495e+25,0.06436921021666162,0.06436921021666162,0.06436921021666162,0.06436921021666162
earnings25,le24k,ticker_disjoint,dv,7,mlp_wavlm_audio_pastvol,test,55,1.031778389522826e+25,2271981714901.183,-1.5562158398754286e+25,0.26495140080045737,1.0464280555286689e+25,0.00012066774833444011,0.00012066774833444011,0.00012066774833444011,0.00012066774833444011
earnings25,le24k,ticker_disjoint,dv,7,mlp_wavlm_audio_pastvol,val,20,8.818937011105878e+24,2061557066841.9949,-1.7523079298554055e+25,0.16842105263157892,1.0464280555286689e+25,0.04249818900473674,0.04249818900473674,0.04249818900473674,0.04249818900473674
earnings25,le24k,ticker_disjoint,dv,7,mlp_wavlm_egemaps_audio,test,55,1.8074782246488144e+22,79602811072.11049,-2.726192244372622e+22,-0.26495140080045737,1.2492778512356118e+24,0.0003041766426639337,0.0003041766426639337,0.0003041766426639337,0.0003041766426639337
earnings25,le24k,ticker_disjoint,dv,7,mlp_wavlm_egemaps_audio,val,20,2.3107630517847295e+22,105712347066.93315,-4.5914472623628595e+22,-0.16842105263157892,1.2492778512356118e+24,0.01673147457231752,0.01673147457231752,0.01673147457231752,0.01673147457231752
earnings25,le24k,ticker_disjoint,dv,7,mlp_wavlm_egemaps_audio_pastvol,test,55,2.5808542304344704e+25,3745118997230.3447,-3.892663651997121e+25,0.26495140080045737,2.607383198630052e+25,4.73394609315334e-05,4.73394609315334e-05,4.73394609315334e-05,4.73394609315334e-05
earnings25,le24k,ticker_disjoint,dv,7,mlp_wavlm_egemaps_audio_pastvol,val,20,2.26451400405549e+25,3515416490253.586,-4.499551183524618e+25,0.16842105263157892,2.607383198630052e+25,0.027765753364370562,0.027765753364370562,0.027765753364370562,0.027765753364370562
earnings25,le24k,ticker_disjoint,dv,7,mlp_wavlm_text_audio_pastvol,test,55,7.384092300536e+23,620254208754.0337,-1.1137315452507928e+24,-0.24474938059843715,4.755479275871988e+25,0.0004601040231589123,0.0004601040231589123,0.0004601040231589123,0.0004601040231589123
earnings25,le24k,ticker_disjoint,dv,7,mlp_wavlm_text_audio_pastvol,val,20,3.716171546636969e+23,511213977493.4917,-7.383970269517109e+23,-0.45112781954887216,4.755479275871988e+25,0.0006239535869265572,0.0006239535869265572,0.0006239535869265572,0.0006239535869265572
earnings25,le24k,ticker_disjoint,dv,7,ridge_egemaps_audio,test,55,0.5323999332448444,0.5935807648703318,0.19698918132272247,0.19603582999809413,,0.06158972560604018,0.0718803595921733,0.30840181660175464,0.3031938252006213
earnings25,le24k,ticker_disjoint,dv,7,ridge_egemaps_audio,val,20,0.3719698040007863,0.47494545359811563,0.2609022647553716,0.18345864661654135,,0.13119322387757776,0.23472912318677983,0.8091187176789625,0.9372312317036924
earnings25,le24k,ticker_disjoint,dv,7,ridge_egemaps_audio_pastvol,test,55,0.9341212677247378,0.6747929356320881,-0.40892107060902205,0.3348580141032971,,0.43758274089297283,0.12763395809005618,0.15620840201990843,0.18773645166536468
earnings25,le24k,ticker_disjoint,dv,7,ridge_egemaps_audio_pastvol,val,20,0.23221072313937463,0.3765565576036418,0.5386012043830675,0.6676691729323309,,0.04218632547137826,0.9684854834748425,0.16037675626124195,0.1636018993077717
earnings25,le24k,ticker_disjoint,dv,7,ridge_emotion2vec_audio,test,55,0.5234909676828905,0.596595072631268,0.21042644020040568,0.20236325519344386,,0.016639342695614217,0.06901573104012218,0.36486885540432773,0.18346739731574
earnings25,le24k,ticker_disjoint,dv,7,ridge_emotion2vec_audio,val,20,0.4202232886819487,0.5046922454714495,0.16502340345556266,0.09323308270676692,,0.13591262922605077,0.06403262731062227,0.9209208003714884,0.06274926765166856
earnings25,le24k,ticker_disjoint,dv,7,ridge_emotion2vec_audio_pastvol,test,55,0.5199982840890083,0.5939945174351795,0.21569440237878224,0.2194396798170383,,0.01509585744571189,0.07411063640202391,0.3817384949478763,0.22133023137570285
earnings25,le24k,ticker_disjoint,dv,7,ridge_emotion2vec_audio_pastvol,val,20,0.414784199978949,0.4990972934467005,0.1758307810946712,0.13684210526315788,,0.11723650953769527,0.06616055678839557,0.9569906171890572,0.09039281678891223
earnings25,le24k,ticker_disjoint,dv,7,ridge_wavlm_audio,test,55,0.5350828396869131,0.60217769591227,0.19294259385350632,0.12193634457785398,,0.006262187987282797,0.04444473467070136,0.3065709022241485,0.025883445595197223
earnings25,le24k,ticker_disjoint,dv,7,ridge_wavlm_audio,val,20,0.3780664069398386,0.47818203799128467,0.24878841740412316,0.04360902255639097,,0.030548021207926376,0.12587521947647912,0.8077671252073569,0.7924132795167192
earnings25,le24k,ticker_disjoint,dv,7,ridge_wavlm_audio_pastvol,test,55,0.5316835530486796,0.5999999632431023,0.19806968680719983,0.1514389174766533,,0.005546884058062674,0.04665703843990685,0.31934582816619694,0.032735482355747296
earnings25,le24k,ticker_disjoint,dv,7,ridge_wavlm_audio_pastvol,val,20,0.3725821201441761,0.47423304179520837,0.2596856028920549,0.09323308270676692,,0.02666835948968267,0.13034956310145948,0.7721745164957978,0.8854127466228063
earnings25,le24k,ticker_disjoint,dv,7,ridge_wavlm_egemaps_audio,test,55,0.5342447430255216,0.602281368772384,0.1942066824533918,0.10394511149228128,,0.006676913863433333,0.04304995766877344,0.30754349231708744,0.028782354121844225
earnings25,le24k,ticker_disjoint,dv,7,ridge_wavlm_egemaps_audio,val,20,0.37728967473899855,0.47791683796811313,0.25033177120423766,0.09022556390977443,,0.03181863219636497,0.1332471926470549,0.8050851508104818,0.8080216309593894
earnings25,le24k,ticker_disjoint,dv,7,ridge_wavlm_egemaps_audio_pastvol,test,55,0.5870732405015135,0.6113976144731993,0.11452625359019464,0.1587573851724795,,0.44500927885834474,0.010427618564047291,0.08971681657656129,0.1662254954793233
earnings25,le24k,ticker_disjoint,dv,7,ridge_wavlm_egemaps_audio_pastvol,val,20,0.3625643485619986,0.4950045056165184,0.2795907462906565,0.28721804511278193,,0.05836172072027543,0.06733960335144963,0.6906023670635645,0.9500474389703
earnings25,le24k,ticker_disjoint,dv,7,ridge_wavlm_text_audio_pastvol,test,55,0.4902085713818407,0.5757723192323076,0.2606257783903234,0.4088050314465408,,0.0024181009949007094,0.16269784656319994,0.5637825883942601,0.3775811620997831
earnings25,le24k,ticker_disjoint,dv,7,ridge_wavlm_text_audio_pastvol,val,20,0.3602191377301883,0.4281056257521684,0.2842506407117059,0.48872180451127817,,0.013370363640594563,0.18769566003086732,0.6862331501367703,0.7886851238625143
earnings25,le24k,ticker_disjoint,dv,15,mlp_egemaps_audio,test,55,0.2937245673435013,0.4058566337652061,-0.07001630222574895,0.15395464074709356,0.06526524955724522,0.642101677652023,0.19948113794715883,0.3294936332079742,0.0872800426855556
earnings25,le24k,ticker_disjoint,dv,15,mlp_egemaps_audio,val,20,0.1815120340077025,0.3061080745130382,0.08000200168129779,0.2150375939849624,0.06526524955724522,0.7047739569533726,0.7322920097288104,0.622717411135392,0.7976613567984912
earnings25,le24k,ticker_disjoint,dv,15,mlp_egemaps_audio_pastvol,test,55,0.34166081391897035,0.4578069193070347,-0.24464440966383094,0.22386125404993326,0.13640084685438397,0.29143469641068437,0.07580596530435775,0.10359889595509444,0.08336735400020717
earnings25,le24k,ticker_disjoint,dv,15,mlp_egemaps_audio_pastvol,val,20,0.20188976550519824,0.4002125791348214,-0.02328300799016292,0.3924812030075188,0.13640084685438397,0.9390484865050523,0.30746546563252836,0.6932782728950727,0.5644512612491055
earnings25,le24k,ticker_disjoint,dv,15,mlp_emotion2vec_audio,test,55,2.0961079716519163e+20,8765710108.430403,-7.635962225352214e+20,-0.26014865637507145,3.1246854843908935e+20,0.006262874242982438,0.006262874242982438,0.006262874242982438,0.006262874242982438
earnings25,le24k,ticker_disjoint,dv,15,mlp_emotion2vec_audio,val,20,5.5126909372266657e+20,15784769889.289896,-2.794120321181e+21,-0.10225563909774435,3.1246854843908935e+20,0.027280389706026142,0.027280389706026142,0.027280389706026142,0.027280389706026142
earnings25,le24k,ticker_disjoint,dv,15,mlp_emotion2vec_audio_pastvol,test,55,4.510625161976123e+20,16518219366.217901,-1.6431865063911202e+21,0.26014865637507145,1.1067387189387392e+21,7.119203854275539e-08,7.119203854275539e-08,7.119203854275539e-08,7.119203854275539e-08
earnings25,le24k,ticker_disjoint,dv,15,mlp_emotion2vec_audio_pastvol,val,20,1.6135412146678317e+20,8656649174.879194,-8.178271461803681e+20,0.10225563909774435,1.1067387189387392e+21,0.04237707096005523,0.04237707096005523,0.04237707096005523,0.04237707096005523
earnings25,le24k,ticker_disjoint,dv,15,mlp_wavlm_audio,test,55,9.391159958566159e+24,2185741245076.0747,-3.421128284691236e+25,0.20739470173432437,1.5245430571989706e+25,0.0001040339475083847,0.0001040339475083847,0.0001040339475083847,0.0001040339475083847
earnings25,le24k,ticker_disjoint,dv,15,mlp_wavlm_audio,val,20,8.06220730008313e+24,1996375534711.064,-4.086348664789993e+25,0.08721804511278194,1.5245430571989706e+25,0.03973636161766304,0.03973636161766304,0.03973636161766304,0.03973636161766304
earnings25,le24k,ticker_disjoint,dv,15,mlp_wavlm_audio_pastvol,test,55,5.294235707151933e+24,1800682564952.147,-1.928649879617764e+25,0.20739470173432437,8.943612479601429e+24,1.9569302137702275e-06,1.9569302137702275e-06,1.9569302137702275e-06,1.9569302137702275e-06
earnings25,le24k,ticker_disjoint,dv,15,mlp_wavlm_audio_pastvol,val,20,4.997867767339845e+24,1800404619513.8418,-2.533180990974461e+25,0.08721804511278194,8.943612479601429e+24,0.006476631050123279,0.006476631050123279,0.006476631050123279,0.006476631050123279
earnings25,le24k,ticker_disjoint,dv,15,mlp_wavlm_egemaps_audio,test,55,2.9400099509654967e+23,341222229071.598,-1.0710233075464974e+24,-0.1812464265294454,3.113069191525485e+24,0.00032639145885415523,0.00032639145885415523,0.00032639145885415523,0.00032639145885415523
earnings25,le24k,ticker_disjoint,dv,15,mlp_wavlm_egemaps_audio,val,20,2.433007430590246e+23,284022310717.2753,-1.2331755182373033e+24,-0.021052631578947364,3.113069191525485e+24,0.06645290922491577,0.06645290922491577,0.06645290922491577,0.06645290922491577
earnings25,le24k,ticker_disjoint,dv,15,mlp_wavlm_egemaps_audio_pastvol,test,55,2.15864445887784e+25,3536759600858.054,-7.863777901176891e+25,0.20739470173432437,2.7137550425171926e+25,1.3403015923843805e-05,1.3403015923843805e-05,1.3403015923843805e-05,1.3403015923843805e-05
earnings25,le24k,ticker_disjoint,dv,15,mlp_wavlm_egemaps_audio_pastvol,val,20,1.9537950050304164e+25,3421439773243.585,-9.902855772509194e+25,0.08721804511278194,2.7137550425171926e+25,0.015577858172890703,0.015577858172890703,0.015577858172890703,0.015577858172890703
earnings25,le24k,ticker_disjoint,dv,15,mlp_wavlm_text_audio_pastvol,test,55,6.24173300986152e+23,494008393288.5832,-2.2738159545509966e+24,-0.3453783114160472,4.216400811322485e+25,9.018071118541098e-05,9.018071118541098e-05,9.018071118541098e-05,9.018071118541098e-05
earnings25,le24k,ticker_disjoint,dv,15,mlp_wavlm_text_audio_pastvol,val,20,8.980133065935432e+23,599712828980.2894,-4.551601490480571e+24,-0.2857142857142857,4.216400811322485e+25,0.018853961555402487,0.018853961555402487,0.018853961555402487,0.018853961555402487
earnings25,le24k,ticker_disjoint,dv,15,ridge_egemaps_audio,test,55,0.9306547269721083,0.5671842320292143,-2.3903045244391676,-0.010558414331999236,,0.22749313981573227,0.20126748135210815,0.20632741352579675,0.1992452088515396
earnings25,le24k,ticker_disjoint,dv,15,ridge_egemaps_audio,val,20,0.14843080180678575,0.3118620051684833,0.24767500238971418,0.3789473684210526,,0.39274908264267805,0.8984790721728122,0.28518746885405677,0.6602891161508787
earnings25,le24k,ticker_disjoint,dv,15,ridge_egemaps_audio_pastvol,test,55,0.2763187596385704,0.4165595878536127,-0.00660826603005038,0.20320182961692393,,0.9581596707104318,0.20192779618130502,0.37562408673058245,0.16842334632741693
earnings25,le24k,ticker_disjoint,dv,15,ridge_egemaps_audio_pastvol,val,20,0.14518805027256237,0.342951393738777,0.2641109645386689,0.4977443609022556,,0.26172469976552615,0.7387869989215645,0.11024645616246438,0.5171245172163179
earnings25,le24k,ticker_disjoint,dv,15,ridge_emotion2vec_audio,test,55,0.24997279743059186,0.38498011553747374,0.08936807437389171,0.14137602439489227,,0.23145741756628307,0.5768945835447419,0.8584138236475036,0.2081426923479767
earnings25,le24k,ticker_disjoint,dv,15,ridge_emotion2vec_audio,val,20,0.19295177137570493,0.33696632713895486,0.02201942472770968,0.18496240601503755,,0.8062494992158945,0.5380412844645796,0.6734739018818311,0.15847297866805943
earnings25,le24k,ticker_disjoint,dv,15,ridge_emotion2vec_audio_pastvol,test,55,0.24899014250461343,0.3836413249159313,0.09294781167598021,0.15906232132647224,,0.21865217095195913,0.5970088316458204,0.8738641278880267,0.2405248766941213
earnings25,le24k,ticker_disjoint,dv,15,ridge_emotion2vec_audio_pastvol,val,20,0.1906758108805307,0.33374595699501536,0.03355518383734457,0.20751879699248119,,0.6997599952991735,0.5571132385807671,0.6464641640148951,0.1953784223311939
earnings25,le24k,ticker_disjoint,dv,15,ridge_wavlm_audio,test,55,0.25390816996357457,0.37852310175252396,0.07503181097002587,0.06735277301315037,,0.15139068176975615,0.5428696100677912,0.8049701147703041,0.06597027760562628
earnings25,le24k,ticker_disjoint,dv,15,ridge_wavlm_audio,val,20,0.16668914975924115,0.31612045838463165,0.15513213788656754,0.33082706766917286,,0.07281800526253064,0.8087658352305286,0.36263860620469757,0.7678452817375024
earnings25,le24k,ticker_disjoint,dv,15,ridge_wavlm_audio_pastvol,test,55,0.26805641856289963,0.4083391905611352,0.023490815315018065,0.06270249666476081,,0.7962223038475797,0.3066639248879408,0.5674153402473127,0.06236093576173277
earnings25,le24k,ticker_disjoint,dv,15,ridge_wavlm_audio_pastvol,val,20,0.1586926447733469,0.3091949294089556,0.1956626108151892,0.38947368421052625,,0.13267510320373255,0.9369086201374155,0.23707167545937619,0.6226792512553253
earnings25,le24k,ticker_disjoint,dv,15,ridge_wavlm_egemaps_audio,test,55,0.252806505444754,0.3779316237142408,0.07904509118483027,0.09129026110158185,,0.13310547282311933,0.5611334185196222,0.8198429173653103,0.0836065642483324
earnings25,le24k,ticker_disjoint,dv,15,ridge_wavlm_egemaps_audio,val,20,0.16620500487985612,0.31784996296153833,0.1575860375542424,0.3037593984962406,,0.08198268994000249,0.8182165396214542,0.360024466923561,0.7439500645708629
earnings25,le24k,ticker_disjoint,dv,15,ridge_wavlm_egemaps_audio_pastvol,test,55,0.2628692308336937,0.4041985011393565,0.04238734645354125,0.08961311225462168,,0.6566980061562768,0.37359734665986644,0.6297682426249835,0.13749108630245843
earnings25,le24k,ticker_disjoint,dv,15,ridge_wavlm_egemaps_audio_pastvol,val,20,0.1571565521575486,0.31137056085062575,0.20344833223852254,0.3639097744360902,,0.12235566665128483,0.966798660055115,0.23080942881130975,0.5635915724117887
earnings25,le24k,ticker_disjoint,dv,15,ridge_wavlm_text_audio_pastvol,test,55,0.2411851457380645,0.379696095945674,0.12138082241988524,0.326777206022489,,0.09360412381922002,0.8268629303287206,0.9944283841870458,0.1697266208904467
earnings25,le24k,ticker_disjoint,dv,15,ridge_wavlm_text_audio_pastvol,val,20,0.16527746535409657,0.30589968188313355,0.16228729337854786,0.38646616541353385,,0.08912579309621056,0.8544451718910457,0.3592803124668597,0.2995828536878963
earnings25,le24k,ticker_disjoint,dv,30,mlp_egemaps_audio,test,55,0.167079227623874,0.3245735526058349,-0.33044838725424475,-0.028168477225080996,0.08904807428631983,0.12032070296172184,0.28247233129005833,0.19208191411961842,0.018578214614432476
earnings25,le24k,ticker_disjoint,dv,30,mlp_egemaps_audio,val,20,0.13144973779579303,0.26219717361068035,-0.1972934128057957,0.06766917293233082,0.08904807428631983,0.4476845523824834,0.5381204641995218,0.7136683115565602,0.3035879596654787
earnings25,le24k,ticker_disjoint,dv,30,mlp_egemaps_audio_pastvol,test,55,0.1950633570518179,0.3486380221467001,-0.5532854232856586,0.028244711263579185,0.10362930243494829,0.07224239091948469,0.07197160957343622,0.050758996824918884,0.02296811560491334
earnings25,le24k,ticker_disjoint,dv,30,mlp_egemaps_audio_pastvol,val,20,0.09697944624644719,0.2535616373768265,0.11667490467872876,0.5308270676691729,0.10362930243494829,0.7011761977161028,0.9193234884606146,0.6845313204709357,0.7727383717535403
earnings25,le24k,ticker_disjoint,dv,30,mlp_emotion2vec_audio,test,55,2.976595108584876e+20,11876636469.071362,-2.370256445427658e+21,-0.21097770154373924,4.3299906881380844e+20,0.0018376949504750088,0.0018376949504750088,0.0018376949504750088,0.0018376949504750088
earnings25,le24k,ticker_disjoint,dv,30,mlp_emotion2vec_audio,val,20,7.015010450384094e+20,18608245028.114967,-6.389534086447984e+21,-0.19248120300751878,4.3299906881380844e+20,0.024312749588353073,0.024312749588353073,0.024312749588353073,0.024312749588353073
earnings25,le24k,ticker_disjoint,dv,30,mlp_emotion2vec_audio_pastvol,test,55,3.719474040449945e+20,15182637242.831242,-2.9618093816490424e+21,0.21097770154373924,1.0178720669710596e+21,6.07913976785213e-08,6.07913976785213e-08,6.07913976785213e-08,6.07913976785213e-08
earnings25,le24k,ticker_disjoint,dv,30,mlp_emotion2vec_audio_pastvol,val,20,1.3682682713046398e+20,8416084890.964926,-1.2462699550828992e+21,0.19248120300751878,1.0178720669710596e+21,0.0356077334154309,0.0356077334154309,0.0356077334154309,0.0356077334154309
earnings25,le24k,ticker_disjoint,dv,30,mlp_wavlm_audio,test,55,1.9127619979257666e+24,916132457192.8528,-1.5231283694167087e+25,0.24330093386697155,1.305716092618074e+25,0.00025284913071014673,0.00025284913071014673,0.00025284913071014673,0.00025284913071014673
earnings25,le24k,ticker_disjoint,dv,30,mlp_wavlm_audio,val,20,1.596945239779937e+24,791427754276.0721,-1.454557497231678e+25,-0.04210526315789473,1.305716092618074e+25,0.059293497444828765,0.059293497444828765,0.059293497444828765,0.059293497444828765
earnings25,le24k,ticker_disjoint,dv,30,mlp_wavlm_audio_pastvol,test,55,4.4315403016512505e+23,440839924653.9521,-3.52882625281039e+24,0.24330093386697155,1.0313322742958434e+25,0.00025336193917160736,0.00025336193917160736,0.00025336193917160736,0.00025336193917160736
earnings25,le24k,ticker_disjoint,dv,30,mlp_wavlm_audio_pastvol,val,20,3.699593941823993e+23,380752987152.0111,-3.369728636114372e+24,-0.04210526315789473,1.0313322742958434e+25,0.059347284968972104,0.059347284968972104,0.059347284968972104,0.059347284968972104
earnings25,le24k,ticker_disjoint,dv,30,mlp_wavlm_egemaps_audio,test,55,2.787891679655592e+24,1306705379216.4446,-2.219992300531385e+25,-0.2046502763483895,6.375351118867465e+24,1.9551357270687226e-06,1.9551357270687226e-06,1.9551357270687226e-06,1.9551357270687226e-06
earnings25,le24k,ticker_disjoint,dv,30,mlp_wavlm_egemaps_audio,val,20,2.6318783004497064e+24,1306521884776.0942,-2.397213265902609e+25,-0.09924812030075188,6.375351118867465e+24,0.0064739463012956034,0.0064739463012956034,0.0064739463012956034,0.0064739463012956034
earnings25,le24k,ticker_disjoint,dv,30,mlp_wavlm_egemaps_audio_pastvol,test,55,1.142195950302085e+25,2475825324473.052,-9.095282409544714e+25,0.2046502763483895,1.6526792047036247e+25,5.6689225111380544e-05,5.6689225111380544e-05,5.6689225111380544e-05,5.6689225111380544e-05
earnings25,le24k,ticker_disjoint,dv,30,mlp_wavlm_egemaps_audio_pastvol,val,20,9.97398079111699e+24,2311416350998.1904,-9.08467502552759e+25,0.09924812030075188,1.6526792047036247e+25,0.03014691603086349,0.03014691603086349,0.03014691603086349,0.03014691603086349
earnings25,le24k,ticker_disjoint,dv,30,mlp_wavlm_text_audio_pastvol,test,55,2.726791015581946e+23,376439290207.6041,-2.171337969808749e+24,0.11057747284162377,3.535485297477927e+25,0.0004746315095393568,0.0004746315095393568,0.0004746315095393568,0.0004746315095393568
earnings25,le24k,ticker_disjoint,dv,30,mlp_wavlm_text_audio_pastvol,val,20,1.365974854866593e+23,309891018589.4513,-1.2441810255497268e+24,0.20150375939849624,3.535485297477927e+25,0.0006280314130229503,0.0006280314130229503,0.0006280314130229503,0.0006280314130229503
earnings25,le24k,ticker_disjoint,dv,30,ridge_egemaps_audio,test,55,0.2295510377908092,0.34156703854949894,-0.8279101020795046,0.03304745568896512,,0.26932892502779304,0.29523549023595425,0.2535861754016084,0.18889997638627978
earnings25,le24k,ticker_disjoint,dv,30,ridge_egemaps_audio,val,20,0.08711515248846835,0.23173421514723644,0.20652258438088933,0.33233082706766914,,0.2877606675126343,0.6564462283802167,0.554503920783296,0.3352682932349268
earnings25,le24k,ticker_disjoint,dv,30,ridge_egemaps_audio_pastvol,test,55,0.12703866826012783,0.2977450920799792,-0.011606252370914172,0.0981513245664189,,0.9195927945548833,0.862878597011869,0.7476085778482436,0.14647003879777068
earnings25,le24k,ticker_disjoint,dv,30,ridge_egemaps_audio_pastvol,val,20,0.08524117457549112,0.2539500222141434,0.22359147663259382,0.47368421052631576,,0.3320459266370843,0.44976797029612875,0.38467407564633166,0.38495346200586245
earnings25,le24k,ticker_disjoint,dv,30,ridge_emotion2vec_audio,test,55,0.11257237356305623,0.2626396182127398,0.10358854905940684,0.10623213264722699,,0.1545997997725245,0.3150653825604227,0.7024695326120493,0.27445286126920665
earnings25,le24k,ticker_disjoint,dv,30,ridge_emotion2vec_audio,val,20,0.10532228480099501,0.24693273699781076,0.04068520844228629,0.13383458646616542,,0.6365588907588603,0.8705063632434398,0.9344699279316043,0.9871337391968312
earnings25,le24k,ticker_disjoint,dv,30,ridge_emotion2vec_audio_pastvol,test,55,0.11487350190847373,0.2683991141092822,0.08526471228109811,0.07345149609300551,,0.3449050268091762,0.3676864742184211,0.7742877687444009,0.24196592557634655
earnings25,le24k,ticker_disjoint,dv,30,ridge_emotion2vec_audio_pastvol,val,20,0.10233405044830184,0.24474487461297473,0.06790316540738595,0.11428571428571428,,0.40531122207528913,0.9326460145319562,0.8791371955724988,0.7361215259325274
earnings25,le24k,ticker_disjoint,dv,30,ridge_wavlm_audio,test,55,0.11783347918942917,0.2695795435358117,0.0616944752398918,-0.06072041166380788,,0.3631559399333457,0.5304789275205386,0.8867570180926598,0.02360116742447447
earnings25,le24k,ticker_disjoint,dv,30,ridge_wavlm_audio,val,20,0.09617997018222704,0.24538337095469048,0.12395683191143059,0.18496240601503755,,0.14112678469976594,0.9009776783260982,0.7487052181761196,0.3281984294378391
earnings25,le24k,ticker_disjoint,dv,30,ridge_wavlm_audio_pastvol,test,55,0.11734636382985428,0.26934561282485225,0.06557336463727481,-0.055536497045931,,0.33824640429426894,0.5103232014541129,0.869233484506808,0.03066219997759094
earnings25,le24k,ticker_disjoint,dv,30,ridge_wavlm_audio_pastvol,val,20,0.09510018919355331,0.24444931712553758,0.133791881312749,0.1819548872180451,,0.12691811528830588,0.867585582490167,0.7256300246521675,0.2904963013647651
earnings25,le24k,ticker_disjoint,dv,30,ridge_wavlm_egemaps_audio,test,55,0.11780481150079222,0.26960284167173937,0.06192275544357584,-0.057137411854392986,,0.3603492352370285,0.5279554881346344,0.8852747801199881,0.027610658458506958
earnings25,le24k,ticker_disjoint,dv,30,ridge_wavlm_egemaps_audio,val,20,0.09600739221318363,0.24492350284146988,0.12552873664852549,0.19548872180451127,,0.14195627354518756,0.8967079275567795,0.7461955023187764,0.31283982700122864
earnings25,le24k,ticker_disjoint,dv,30,ridge_wavlm_egemaps_audio_pastvol,test,55,0.13412148388045886,0.28935593374562923,-0.0680065646856336,-0.04623594434915189,,0.5303411600405832,0.8371424444880116,0.5763821483075203,0.01738447068000564
earnings25,le24k,ticker_disjoint,dv,30,ridge_wavlm_egemaps_audio_pastvol,val,20,0.09461133127798893,0.2462336885609509,0.13824458218471647,0.31127819548872177,,0.2910738927419403,0.8460362853933373,0.6918998288935748,0.4270432271023691
earnings25,le24k,ticker_disjoint,dv,30,ridge_wavlm_text_audio_pastvol,test,55,0.11283340928152402,0.26378676380477106,0.10150992710507833,0.17110729940918618,,0.23322133999606093,0.39800211180441863,0.7265219124298797,0.11920950872375968
earnings25,le24k,ticker_disjoint,dv,30,ridge_wavlm_text_audio_pastvol,val,20,0.10274805227268395,0.25316795588520036,0.06413228183215713,0.28421052631578947,,0.48847843017671744,0.9263194149768246,0.8868150078641663,0.6279796775843002
earnings25,le24k,ticker_disjoint,har_resid,3,mlp_egemaps_audio,test,55,1.1246140945738705,0.8528554528336025,-0.13260039553236957,-0.09883743091290259,0.20483644800211623,0.0744837700540741,0.0744837700540741,0.9787620727976064,0.02925524288613699
earnings25,le24k,ticker_disjoint,har_resid,3,mlp_egemaps_audio,val,20,0.7183883510728262,0.7132423778004131,-0.030201142843641948,0.0706766917293233,0.20483644800211623,0.8107426579152986,0.8107426579152986,0.6991568565008267,0.641869090106711
earnings25,le24k,ticker_disjoint,har_resid,3,mlp_egemaps_audio_pastvol,test,55,1.1058001920408673,0.8154511691773425,-0.11365288851356303,0.01818181818181818,0.1716985975260159,0.22750742311796218,0.22750742311796218,0.9161623891312759,0.030785779458481478
earnings25,le24k,ticker_disjoint,har_resid,3,mlp_egemaps_audio_pastvol,val,20,0.6745436811117289,0.6344400288186047,0.03267408200385247,0.13383458646616542,0.1716985975260159,0.8704946821316075,0.8704946821316075,0.6268469508567259,0.9177607987514816
earnings25,le24k,ticker_disjoint,har_resid,3,mlp_emotion2vec_audio,test,55,5.648464933870751e+20,19324465963.32516,-5.688576774130509e+20,-0.18864112826376975,8.518334586427508e+20,1.3299230816508728e-06,1.3299230816508728e-06,1.3299230816508728e-06,1.3299230816508728e-06
earnings25,le24k,ticker_disjoint,har_resid,3,mlp_emotion2vec_audio,val,20,8.843880121443991e+20,23002336115.919453,-1.2682521083029294e+21,0.09774436090225563,8.518334586427508e+20,0.0131249143932232,0.0131249143932232,0.0131249143932232,0.0131249143932232
earnings25,le24k,ticker_disjoint,har_resid,3,mlp_emotion2vec_audio_pastvol,test,55,1.1716760066528231e+19,2834696436.097538,-1.1799965116688368e+19,-0.18864112826376975,6.998081318914902e+20,1.0142343768524614e-07,1.0142343768524614e-07,1.0142343768524614e-07,1.0142343768524614e-07
earnings25,le24k,ticker_disjoint,har_resid,3,mlp_emotion2vec_audio_pastvol,val,20,1.6315317154907836e+19,3186960493.404941,-2.339689717092674e+19,0.09774436090225563,6.998081318914902e+20,0.010230651013239752,0.010230651013239752,0.010230651013239752,0.010230651013239752
earnings25,le24k,ticker_disjoint,har_resid,3,mlp_wavlm_audio,test,55,8.134615275669942e+24,2173162278365.0244,-8.192382189748784e+24,0.2529826567562416,1.8261059932733431e+25,1.2765516408876933e-05,1.2765516408876933e-05,1.2765516408876933e-05,1.2765516408876933e-05
earnings25,le24k,ticker_disjoint,har_resid,3,mlp_wavlm_audio,val,20,7.370962509284626e+24,2104354542781.0156,-1.057029111006961e+25,-0.16691729323308271,1.8261059932733431e+25,0.015233687257927876,0.015233687257927876,0.015233687257927876,0.015233687257927876
earnings25,le24k,ticker_disjoint,har_resid,3,mlp_wavlm_audio_pastvol,test,55,2.675017811045952e+24,1300082796893.5483,-2.69401410267295e+24,0.2529826567562416,8.543765439898822e+24,8.109377181078596e-08,8.109377181078596e-08,8.109377181078596e-08,8.109377181078596e-08
earnings25,le24k,ticker_disjoint,har_resid,3,mlp_wavlm_audio_pastvol,val,20,2.908614206699133e+24,1424431875643.681,-4.171083335855673e+24,-0.16691729323308271,8.543765439898822e+24,0.001487518214139482,0.001487518214139482,0.001487518214139482,0.001487518214139482
earnings25,le24k,ticker_disjoint,har_resid,3,mlp_wavlm_egemaps_audio,test,55,2.458390466366193e+24,1253641421175.3142,-2.4758484070345824e+24,0.033962264150943396,1.2173249104073207e+25,8.599779300678994e-08,8.599779300678994e-08,8.599779300678994e-08,8.599779300678994e-08
earnings25,le24k,ticker_disjoint,har_resid,3,mlp_wavlm_egemaps_audio,val,20,2.503639931749074e+24,1317870406396.5413,-3.5903320468727973e+24,-0.07969924812030074,1.2173249104073207e+25,0.0016516082173992272,0.0016516082173992272,0.0016516082173992272,0.0016516082173992272
earnings25,le24k,ticker_disjoint,har_resid,3,mlp_wavlm_egemaps_audio_pastvol,test,55,1.3120769706312587e+25,2732595964668.303,-1.3213945148615282e+25,0.2529826567562416,2.794373458153338e+25,2.054083536653725e-05,2.054083536653725e-05,2.054083536653725e-05,2.054083536653725e-05
earnings25,le24k,ticker_disjoint,har_resid,3,mlp_wavlm_egemaps_audio_pastvol,val,20,1.1756610033325187e+25,2619736486097.9604,-1.6859506524864046e+25,-0.16691729323308271,2.794373458153338e+25,0.018946019446090232,0.018946019446090232,0.018946019446090232,0.018946019446090232
earnings25,le24k,ticker_disjoint,har_resid,3,mlp_wavlm_text_audio_pastvol,test,55,4.2314429843399105e+23,518624291850.4527,-4.2614920272291265e+23,0.012311797217457593,5.234753122682493e+25,9.591467522122805e-07,9.591467522122805e-07,9.591467522122805e-07,9.591467522122805e-07
earnings25,le24k,ticker_disjoint,har_resid,3,mlp_wavlm_text_audio_pastvol,val,20,3.6885302880386024e+23,487386236620.7659,-5.289518005791746e+23,0.22857142857142856,5.234753122682493e+25,0.00445475962018265,0.00445475962018265,0.00445475962018265,0.00445475962018265
earnings25,le24k,ticker_disjoint,har_resid,3,ridge_egemaps_audio,test,55,1.794137903558087,0.9338820051339652,-0.8068787409066482,0.09479702687249855,,0.19995312658859665,0.19995312658859665,0.2921340463432333,0.15632983922653734
earnings25,le24k,ticker_disjoint,har_resid,3,ridge_egemaps_audio,val,20,0.5562821528331916,0.6264471203756937,0.20226642214277812,0.38195488721804516,,0.32861929274894736,0.32861929274894736,0.24482081729488767,0.33989761850497924
earnings25,le24k,ticker_disjoint,har_resid,3,ridge_egemaps_audio_pastvol,test,55,1.7988658996311437,0.9272219470394464,-0.811640312229875,0.06895368782161233,,0.19738766411449882,0.19738766411449882,0.2886928293972004,0.15375793805178395
earnings25,le24k,ticker_disjoint,har_resid,3,ridge_egemaps_audio_pastvol,val,20,0.5469032205620405,0.614209841598751,0.21571623202619805,0.3488721804511278,,0.3261072152983418,0.3261072152983418,0.2480437573236277,0.33801965265963896
earnings25,le24k,ticker_disjoint,har_resid,3,ridge_emotion2vec_audio,test,55,0.9499941465222497,0.777545709924946,0.04325959340547747,0.19443491518963216,,0.4395071101129323,0.4395071101129323,0.2298914895604205,0.42030763515513964
earnings25,le24k,ticker_disjoint,har_resid,3,ridge_emotion2vec_audio,val,20,0.8090895341088574,0.7588981615548275,-0.16027071076111699,-0.15488721804511277,,0.2855824518285879,0.2855824518285879,0.930708292178803,0.09839321172330837
earnings25,le24k,ticker_disjoint,har_resid,3,ridge_emotion2vec_audio_pastvol,test,55,0.9499446071071544,0.7775819805189312,0.0433094846182962,0.19443491518963216,,0.4387882101610781,0.4387882101610781,0.22976278838184358,0.4200409231690665
earnings25,le24k,ticker_disjoint,har_resid,3,ridge_emotion2vec_audio_pastvol,val,20,0.8088153135411504,0.7588169405596055,-0.15987746615766385,-0.15488721804511277,,0.2871172706976768,0.2871172706976768,0.9318052556996991,0.09966468275863023
earnings25,le24k,ticker_disjoint,har_resid,3,ridge_wavlm_audio,test,55,1.0127660624861528,0.8035360595263722,-0.019958089168543802,-0.03434343434343434,,0.42248113868376513,0.42248113868376513,0.39567122613122685,0.052451489410961116
earnings25,le24k,ticker_disjoint,har_resid,3,ridge_wavlm_audio,val,20,0.702443982776668,0.7202952032859813,-0.007336202987515472,-0.048120300751879695,,0.8965385911780928,0.8965385911780928,0.5920830303422508,0.835160792190333
earnings25,le24k,ticker_disjoint,har_resid,3,ridge_wavlm_audio_pastvol,test,55,1.0127769299414247,0.8035789874313115,-0.019969033797638147,-0.032361349342481416,,0.4226605099089458,0.4226605099089458,0.39553293658074523,0.052312404934873824
earnings25,le24k,ticker_disjoint,har_resid,3,ridge_wavlm_audio_pastvol,val,20,0.7024051627634911,0.7201231289261962,-0.00728053334604617,-0.04661654135338346,,0.8973719898198748,0.8973719898198748,0.5919539157026859,0.8358225415078436
earnings25,le24k,ticker_disjoint,har_resid,3,ridge_wavlm_egemaps_audio,test,55,1.0139960365370044,0.8037761711058574,-0.021196797720402172,-0.03762149799885648,,0.38459781031420337,0.38459781031420337,0.4013193019425748,0.048194980732961405
earnings25,le24k,ticker_disjoint,har_resid,3,ridge_wavlm_egemaps_audio,val,20,0.6995830185002574,0.7191226484885608,-0.0032334517906293936,-0.048120300751879695,,0.9576265648932875,0.9576265648932875,0.582319840597082,0.8634622410567906
earnings25,le24k,ticker_disjoint,har_resid,3,ridge_wavlm_egemaps_audio_pastvol,test,55,1.0140359515470323,0.8038288434944174,-0.021236996181690726,-0.03350485991995426,,0.3839934635690948,0.3839934635690948,0.4012977460539517,0.04797369690683478
earnings25,le24k,ticker_disjoint,har_resid,3,ridge_wavlm_egemaps_audio_pastvol,val,20,0.6995452690781077,0.7189508298594641,-0.0031793174247500833,-0.06616541353383458,,0.9584086604594996,0.9584086604594996,0.5822086864224427,0.8641164900813396
earnings25,le24k,ticker_disjoint,har_resid,3,ridge_wavlm_text_audio_pastvol,test,55,0.9375103412503203,0.7808516255548968,0.055832050799490385,0.22241280731846766,,0.24048136257028457,0.24048136257028457,0.18927553969492572,0.16378866534304068
earnings25,le24k,ticker_disjoint,har_resid,3,ridge_wavlm_text_audio_pastvol,val,20,0.7095007431289017,0.675058507659985,-0.017455914100297454,0.13684210526315788,,0.8889559083120188,0.8889559083120188,0.640953839505939,0.3971520233519145
earnings25,le24k,ticker_disjoint,har_resid,7,mlp_egemaps_audio,test,55,0.5366656315838482,0.561157605069114,-0.302125689240365,-0.06674290070516485,0.04788492391333488,0.05154328164921981,0.05154328164921981,0.17261362262910054,0.020913439067637235
earnings25,le24k,ticker_disjoint,har_resid,7,mlp_egemaps_audio,val,20,0.2520023933988037,0.3826936638677424,-0.09791773081406885,0.21804511278195485,0.04788492391333488,0.7439137289175367,0.7439137289175367,0.35050856354641885,0.6869250117900396
earnings25,le24k,ticker_disjoint,har_resid,7,mlp_egemaps_audio_pastvol,test,55,0.5288769122404662,0.5596191535901331,-0.2832277182386267,-0.12971221650466933,0.14231078822744225,0.06160675093111477,0.06160675093111477,0.22163157628070412,0.028403636616853273
earnings25,le24k,ticker_disjoint,har_resid,7,mlp_egemaps_audio_pastvol,val,20,0.26107490108031856,0.42317330184211627,-0.13744460558751026,0.25112781954887214,0.14231078822744225,0.6255375319326765,0.6255375319326765,0.3834555010831612,0.5855599371762555
earnings25,le24k,ticker_disjoint,har_resid,7,mlp_emotion2vec_audio,test,55,5.738257877491485e+20,19781676056.581985,-1.3922883363549516e+21,-0.16203544882790163,5.497296766709408e+20,1.610657518185116e-07,1.610657518185116e-07,1.610657518185116e-07,1.610657518185116e-07
earnings25,le24k,ticker_disjoint,har_resid,7,mlp_emotion2vec_audio,val,20,8.162436191349696e+20,22464346528.89529,-3.556189804490894e+21,-0.15789473684210525,5.497296766709408e+20,0.010735099363531241,0.010735099363531241,0.010735099363531241,0.010735099363531241
earnings25,le24k,ticker_disjoint,har_resid,7,mlp_emotion2vec_audio_pastvol,test,55,5.835927510536819e+19,6098992703.735429,-1.4159861717970444e+20,0.11652372784448255,6.846160108624057e+20,4.533791008826191e-08,4.533791008826191e-08,4.533791008826191e-08,4.533791008826191e-08
earnings25,le24k,ticker_disjoint,har_resid,7,mlp_emotion2vec_audio_pastvol,val,20,2.256734039497747e+19,3609556009.3404794,-9.832082474610321e+19,0.2300751879699248,6.846160108624057e+20,0.025657821937979393,0.025657821937979393,0.025657821937979393,0.025657821937979393
earnings25,le24k,ticker_disjoint,har_resid,7,mlp_wavlm_audio,test,55,4.491175324274505e+24,1658466125056.9443,-1.0897054740324955e+25,0.28378120830951015,1.680389093765773e+25,1.960739115280491e-06,1.960739115280491e-06,1.960739115280491e-06,1.960739115280491e-06
earnings25,le24k,ticker_disjoint,har_resid,7,mlp_wavlm_audio,val,20,4.239587990877607e+24,1658161159783.3396,-1.8470931024709137e+25,0.14736842105263157,1.680389093765773e+25,0.006482325230594852,0.006482325230594852,0.006482325230594852,0.006482325230594852
earnings25,le24k,ticker_disjoint,har_resid,7,mlp_wavlm_audio_pastvol,test,55,2.1216763496569276e+24,1163852751697.683,-5.147878150848883e+24,0.28378120830951015,7.031402965081602e+24,5.377100750765851e-08,5.377100750765851e-08,5.377100750765851e-08,5.377100750765851e-08
earnings25,le24k,ticker_disjoint,har_resid,7,mlp_wavlm_audio_pastvol,val,20,2.2468811324991293e+24,1253841202362.058,-9.789155575591848e+24,0.14736842105263157,7.031402965081602e+24,0.0013319743780884578,0.0013319743780884578,0.0013319743780884578,0.0013319743780884578
earnings25,le24k,ticker_disjoint,har_resid,7,mlp_wavlm_egemaps_audio,test,55,9.431484752952014e+23,707675984950.989,-2.288385516369491e+24,-0.10303030303030301,3.963648099092991e+24,6.517433289295556e-05,6.517433289295556e-05,6.517433289295556e-05,6.517433289295556e-05
earnings25,le24k,ticker_disjoint,har_resid,7,mlp_wavlm_egemaps_audio,val,20,8.204698863320157e+23,657729116772.6917,-3.5746026998138825e+24,-0.2902255639097744,3.963648099092991e+24,0.03212630171274664,0.03212630171274664,0.03212630171274664,0.03212630171274664
earnings25,le24k,ticker_disjoint,har_resid,7,mlp_wavlm_egemaps_audio_pastvol,test,55,1.900206695278173e+25,3366814495352.007,-4.610520605699833e+25,0.28378120830951015,2.7193328912507707e+25,5.65602380568279e-06,5.65602380568279e-06,5.65602380568279e-06,5.65602380568279e-06
earnings25,le24k,ticker_disjoint,har_resid,7,mlp_wavlm_egemaps_audio_pastvol,val,20,1.7535322029881127e+25,3309447941831.2217,-7.639745286733628e+25,0.14736842105263157,2.7193328912507707e+25,0.010494106944969656,0.010494106944969656,0.010494106944969656,0.010494106944969656
earnings25,le24k,ticker_disjoint,har_resid,7,mlp_wavlm_text_audio_pastvol,test,55,1.6387595652113716e+24,870018531226.5978,-3.976164678279205e+24,0.2365161044406327,5.345590473180187e+25,0.001339214102105468,0.001339214102105468,0.001339214102105468,0.001339214102105468
earnings25,le24k,ticker_disjoint,har_resid,7,mlp_wavlm_text_audio_pastvol,val,20,6.81821444755024e+23,679437487442.6968,-2.970542633938967e+24,0.4451127819548871,5.345590473180187e+25,0.0016065303803456203,0.0016065303803456203,0.0016065303803456203,0.0016065303803456203
earnings25,le24k,ticker_disjoint,har_resid,7,ridge_egemaps_audio,test,55,0.4639012777657068,0.5192885598639263,-0.12557565735561638,-0.06476081570421192,,0.16521165734200002,0.16521165734200002,0.5258459020374883,0.06186375239368989
earnings25,le24k,ticker_disjoint,har_resid,7,ridge_egemaps_audio,val,20,0.21921184424031756,0.36871537213972794,0.044943314427111525,0.26165413533834586,,0.7977813883190291,0.7977813883190291,0.1962277636815592,0.7519921696570905
earnings25,le24k,ticker_disjoint,har_resid,7,ridge_egemaps_audio_pastvol,test,55,0.4685921505612554,0.5289934626971532,-0.13695724323063496,-0.07032590051457975,,0.12775205368155743,0.12775205368155743,0.4729916502217556,0.04142148169301582
earnings25,le24k,ticker_disjoint,har_resid,7,ridge_egemaps_audio_pastvol,val,20,0.21848858983241737,0.3702451556004079,0.048094371159602134,0.2827067669172932,,0.7813933730384196,0.7813933730384196,0.17682925911906616,0.7233554096782647
earnings25,le24k,ticker_disjoint,har_resid,7,ridge_emotion2vec_audio,test,55,0.4108472460175899,0.4864760089617279,0.003150710780002619,0.15464074709357728,,0.9506600504499737,0.9506600504499737,0.7599029419836408,0.5875009238627851
earnings25,le24k,ticker_disjoint,har_resid,7,ridge_emotion2vec_audio,val,20,0.274053467313647,0.39492372922961694,-0.19398929865939651,-0.10225563909774435,,0.23377112147009202,0.23377112147009202,0.32008573161788234,0.08941243359126876
earnings25,le24k,ticker_disjoint,har_resid,7,ridge_emotion2vec_audio_pastvol,test,55,0.41083958951036587,0.4864810309858136,0.0031692879613227642,0.15395464074709356,,0.9503599950108347,0.9503599950108347,0.7597615140972219,0.5872966182246402
earnings25,le24k,ticker_disjoint,har_resid,7,ridge_emotion2vec_audio_pastvol,val,20,0.27398347241501975,0.3949508453104566,-0.19368434663400924,-0.10225563909774435,,0.23330851311083972,0.23330851311083972,0.3195298518209774,0.08972640261231658
earnings25,le24k,ticker_disjoint,har_resid,7,ridge_wavlm_audio,test,55,0.4248520739116471,0.5086876420730502,-0.030829565021192717,-0.043186582809224314,,0.23495827585251758,0.23495827585251758,0.9471911797176416,0.11752917149068286
earnings25,le24k,ticker_disjoint,har_resid,7,ridge_wavlm_audio,val,20,0.24254596756274047,0.3790534282879647,-0.056718211017796394,-0.030075187969924807,,0.39783915096216543,0.39783915096216543,0.18407013549892434,0.7643264374618944
earnings25,le24k,ticker_disjoint,har_resid,7,ridge_wavlm_audio_pastvol,test,55,0.4248466733816213,0.508762784128073,-0.03081646157564255,-0.04356775300171526,,0.2362182472707815,0.2362182472707815,0.947081107411159,0.11684891163233489
earnings25,le24k,ticker_disjoint,har_resid,7,ridge_wavlm_audio_pastvol,val,20,0.24259173362100825,0.3791575659600082,-0.05691760343690788,-0.030075187969924807,,0.3952063426061821,0.3952063426061821,0.18420074661921984,0.7639626284159744
earnings25,le24k,ticker_disjoint,har_resid,7,ridge_wavlm_egemaps_audio,test,55,0.426868484092264,0.5095008472657269,-0.03572203314604416,-0.07192681532304172,,0.18913526394686125,0.18913526394686125,0.9786024565898236,0.08977415864372203
earnings25,le24k,ticker_disjoint,har_resid,7,ridge_wavlm_egemaps_audio,val,20,0.24125076278085097,0.3778459115556968,-0.05107529518714715,-0.015037593984962403,,0.46156609985823377,0.46156609985823377,0.18121800381577374,0.7898719776112447
earnings25,le24k,ticker_disjoint,har_resid,7,ridge_wavlm_egemaps_audio_pastvol,test,55,0.4268915425499583,0.509602597184592,-0.03577798047777336,-0.07177434724604534,,0.18944049118412035,0.18944049118412035,0.9789523019456859,0.08884872335295374
earnings25,le24k,ticker_disjoint,har_resid,7,ridge_wavlm_egemaps_audio_pastvol,val,20,0.2413124817980749,0.37793054955918615,-0.0513441910592245,-0.015037593984962403,,0.45861109725441135,0.45861109725441135,0.18136557983503243,0.7890242221353928
earnings25,le24k,ticker_disjoint,har_resid,7,ridge_wavlm_text_audio_pastvol,test,55,0.4213755979287583,0.4934786163689971,-0.022394501512492226,0.19275776634267197,,0.7247521138336394,0.7247521138336394,0.895132938920255,0.05251244710912131
earnings25,le24k,ticker_disjoint,har_resid,7,ridge_wavlm_text_audio_pastvol,val,20,0.25036613588406575,0.367184866235195,-0.09078892495877877,0.08270676691729321,,0.5985785899196326,0.5985785899196326,0.20176803304391683,0.24595000032233502
earnings25,le24k,ticker_disjoint,har_resid,15,mlp_egemaps_audio,test,55,0.31358884321587605,0.435318969627697,-0.33796656261566915,-0.09822755860491708,0.09281650258143938,0.04148709236034477,0.04148709236034477,0.08471250501894399,0.021244623294328847
earnings25,le24k,ticker_disjoint,har_resid,15,mlp_egemaps_audio,val,20,0.18750031266849482,0.3554711465100683,-0.20605166201075598,0.12030075187969923,0.09281650258143938,0.42146934635318406,0.42146934635318406,0.3725592433080037,0.5180532486095073
earnings25,le24k,ticker_disjoint,har_resid,15,mlp_egemaps_audio_pastvol,test,55,0.35529735667102796,0.48014407004479714,-0.5159212239075659,-0.12147894034686485,0.11908713150396683,0.005442852390876309,0.005442852390876309,0.019925212942584293,0.001922437075270868
earnings25,le24k,ticker_disjoint,har_resid,15,mlp_egemaps_audio_pastvol,val,20,0.2321204873798801,0.4192862976668839,-0.4930604413775479,0.0781954887218045,0.11908713150396683,0.15875205230350653,0.15875205230350653,0.9737416673214695,0.2001010812880395
earnings25,le24k,ticker_disjoint,har_resid,15,mlp_emotion2vec_audio,test,55,4.631585865727733e+20,17372377911.40196,-1.9761248380769314e+21,-0.18117019249094715,5.955188117713755e+20,2.9336827735802663e-06,2.9336827735802663e-06,2.9336827735802663e-06,2.9336827735802663e-06
earnings25,le24k,ticker_disjoint,har_resid,15,mlp_emotion2vec_audio,val,20,7.520931271005001e+20,21071376499.0709,-4.837662151156702e+21,-0.2796992481203007,5.955188117713755e+20,0.014074843560642149,0.014074843560642149,0.014074843560642149,0.014074843560642149
earnings25,le24k,ticker_disjoint,har_resid,15,mlp_emotion2vec_audio_pastvol,test,55,1.1375668592699875e+20,8355688075.451151,-4.853573248443656e+20,0.18117019249094715,7.793254561647484e+20,6.53764475059963e-08,6.53764475059963e-08,6.53764475059963e-08,6.53764475059963e-08
earnings25,le24k,ticker_disjoint,har_resid,15,mlp_emotion2vec_audio_pastvol,val,20,4.131596263643928e+19,4528536539.52168,-2.6575521233050488e+20,0.2796992481203007,7.793254561647484e+20,0.03858912209821498,0.03858912209821498,0.03858912209821498,0.03858912209821498
earnings25,le24k,ticker_disjoint,har_resid,15,mlp_wavlm_audio,test,55,3.8765078693564e+24,1528298708623.4595,-1.6539612365433764e+25,0.22050695635601295,1.934140552261431e+25,3.930780441301747e-06,3.930780441301747e-06,3.930780441301747e-06,3.930780441301747e-06
earnings25,le24k,ticker_disjoint,har_resid,15,mlp_wavlm_audio,val,20,3.605601438628871e+24,1511423644115.4639,-2.319218323275573e+25,0.17293233082706763,1.934140552261431e+25,0.008888657445296743,0.008888657445296743,0.008888657445296743,0.008888657445296743
earnings25,le24k,ticker_disjoint,har_resid,15,mlp_wavlm_audio_pastvol,test,55,6.698047249875523e+23,653791214961.0006,-2.857806790334045e+24,0.22050695635601295,9.964446586332882e+24,5.4222350718911584e-08,5.4222350718911584e-08,5.4222350718911584e-08,5.4222350718911584e-08
earnings25,le24k,ticker_disjoint,har_resid,15,mlp_wavlm_audio_pastvol,val,20,7.105504774301041e+23,705105860187.1462,-4.57044882779604e+24,0.17293233082706763,9.964446586332882e+24,0.0013334835675637242,0.0013334835675637242,0.0013334835675637242,0.0013334835675637242
earnings25,le24k,ticker_disjoint,har_resid,15,mlp_wavlm_egemaps_audio,test,55,1.5198418665028874e+24,782330944242.8124,-6.484598039236942e+24,-0.14595006670478367,5.084250919520805e+24,0.0003171546010884289,0.0003171546010884289,0.0003171546010884289,0.0003171546010884289
earnings25,le24k,ticker_disjoint,har_resid,15,mlp_wavlm_egemaps_audio,val,20,1.259021975791613e+24,655134595244.9213,-8.098362742979475e+24,0.025563909774436087,5.084250919520805e+24,0.06560831752122576,0.06560831752122576,0.06560831752122576,0.06560831752122576
earnings25,le24k,ticker_disjoint,har_resid,15,mlp_wavlm_egemaps_audio_pastvol,test,55,1.6883208504843622e+25,3171045075293.1626,-7.203434987512856e+25,0.22050695635601295,2.254791636681996e+25,5.97010335581846e-06,5.97010335581846e-06,5.97010335581846e-06,5.97010335581846e-06
earnings25,le24k,ticker_disjoint,har_resid,15,mlp_wavlm_egemaps_audio_pastvol,val,20,1.5561595799194568e+25,3114113891237.34,-1.0009630496105172e+26,0.17293233082706763,2.254791636681996e+25,0.010756515464913977,0.010756515464913977,0.010756515464913977,0.010756515464913977
earnings25,le24k,ticker_disjoint,har_resid,15,mlp_wavlm_text_audio_pastvol,test,55,2.5254303762925544e+24,993439639689.1638,-1.07750689247808e+25,0.32593863159900893,5.364687512325996e+25,0.002753161955188661,0.002753161955188661,0.002753161955188661,0.002753161955188661
earnings25,le24k,ticker_disjoint,har_resid,15,mlp_wavlm_text_audio_pastvol,val,20,8.739038208979129e+23,722357540276.4601,-5.62118078968182e+24,0.5428571428571428,5.364687512325996e+25,0.008887567494016917,0.008887567494016917,0.008887567494016917,0.008887567494016917
earnings25,le24k,ticker_disjoint,har_resid,15,ridge_egemaps_audio,test,55,0.23755561582262794,0.37124835193982775,-0.013561156936461538,-0.3888317133600152,,0.029671434169816015,0.029671434169816015,0.9354255403234617,0.3205787647892375
earnings25,le24k,ticker_disjoint,har_resid,15,ridge_egemaps_audio,val,20,0.15587921896151302,0.3534171374952426,-0.00265641387946447,-0.11879699248120301,,0.8857551987909262,0.8857551987909262,0.10592105461016416,0.5151402165122813
earnings25,le24k,ticker_disjoint,har_resid,15,ridge_egemaps_audio_pastvol,test,55,0.23760845951759402,0.3713733789282832,-0.013786621261609566,-0.3880693729750333,,0.027764737674646888,0.027764737674646888,0.936824171579819,0.3176484621517331
earnings25,le24k,ticker_disjoint,har_resid,15,ridge_egemaps_audio_pastvol,val,20,0.15597233134226945,0.35358223566462055,-0.003255337369067357,-0.11879699248120301,,0.8601105656183268,0.8601105656183268,0.10611629950293039,0.5188454096400491
earnings25,le24k,ticker_disjoint,har_resid,15,ridge_emotion2vec_audio,test,55,0.23745319325968128,0.3691708138082274,-0.013124158084478532,0.08633504859919952,,0.8029614127032809,0.8029614127032809,0.9394940377416416,0.46989075749056824
earnings25,le24k,ticker_disjoint,har_resid,15,ridge_emotion2vec_audio,val,20,0.17905434052382255,0.37148892954143103,-0.15172493264477271,-0.0706766917293233,,0.3158891949059964,0.3158891949059964,0.2913582567244215,0.4691106479951582
earnings25,le24k,ticker_disjoint,har_resid,15,ridge_emotion2vec_audio_pastvol,test,55,0.23745842940605638,0.3692273034136074,-0.013146498766930526,0.08542024013722124,,0.8024215965318828,0.8024215965318828,0.939605755267533,0.46901792443462337
earnings25,le24k,ticker_disjoint,har_resid,15,ridge_emotion2vec_audio_pastvol,val,20,0.17901250790352102,0.37148643035792717,-0.15145585415352714,-0.0706766917293233,,0.31572121799449737,0.31572121799449737,0.29085849263205565,0.46997729115637576
earnings25,le24k,ticker_disjoint,har_resid,15,ridge_wavlm_audio,test,55,0.24299097753120055,0.3830055688489451,-0.036751816869427856,-0.10912902611015818,,0.2393013331967592,0.2393013331967592,0.9104097788282506,0.10929962680020545
earnings25,le24k,ticker_disjoint,har_resid,15,ridge_wavlm_audio,val,20,0.16447477084987447,0.3561479907192307,-0.05794527976624608,-0.10225563909774435,,0.34530738909799086,0.34530738909799086,0.13830899785530307,0.8543082165977253
earnings25,le24k,ticker_disjoint,har_resid,15,ridge_wavlm_audio_pastvol,test,55,0.24302235325401342,0.3831047364085266,-0.036885685369247634,-0.11126357918810746,,0.2388913304937738,0.2388913304937738,0.909448156523335,0.1085793627425229
earnings25,le24k,ticker_disjoint,har_resid,15,ridge_wavlm_audio_pastvol,val,20,0.1645919234239205,0.35638513114204196,-0.058698836145039124,-0.10225563909774435,,0.3393393967177161,0.3393393967177161,0.13867982733253073,0.8592031165874301
earnings25,le24k,ticker_disjoint,har_resid,15,ridge_wavlm_egemaps_audio,test,55,0.2446597993665659,0.3831868512736121,-0.043872056836462336,-0.12490947207928338,,0.17812756945366262,0.17812756945366262,0.8616133153155209,0.08247812913609245
earnings25,le24k,ticker_disjoint,har_resid,15,ridge_wavlm_egemaps_audio,val,20,0.16470544044177612,0.35741464977185244,-0.05942900766370385,-0.06766917293233082,,0.36316963307671113,0.36316963307671113,0.13695483124793056,0.8581934203357388
earnings25,le24k,ticker_disjoint,har_resid,15,ridge_wavlm_egemaps_audio_pastvol,test,55,0.24471136186045028,0.38330603509973754,-0.04409205475473921,-0.12239374880884314,,0.17708352514535539,0.17708352514535539,0.8600459276677737,0.08152842648728702
earnings25,le24k,ticker_disjoint,har_resid,15,ridge_wavlm_egemaps_audio_pastvol,val,20,0.16483955914669796,0.3576674478129142,-0.0602916946889982,-0.06766917293233082,,0.35694383823483383,0.35694383823483383,0.13738213110570063,0.8639817813008493
earnings25,le24k,ticker_disjoint,har_resid,15,ridge_wavlm_text_audio_pastvol,test,55,0.2432699196113874,0.3876204249788348,-0.037941958624373884,0.11781970649895175,,0.5851151867440589,0.5851151867440589,0.9074899637549871,0.04422987552582172
earnings25,le24k,ticker_disjoint,har_resid,15,ridge_wavlm_text_audio_pastvol,val,20,0.17784025253380426,0.36081642988904344,-0.14391559719700897,-0.11428571428571428,,0.3555611333845671,0.3555611333845671,0.2228715873772379,0.3305562261680227
earnings25,le24k,ticker_disjoint,har_resid,30,mlp_egemaps_audio,test,55,0.18066825755345411,0.3381674398739222,-0.3908687834468725,0.06537068801219743,0.07463102185306944,0.08544699672466981,0.08544699672466981,0.08961259090140199,0.04491901226623685
earnings25,le24k,ticker_disjoint,har_resid,30,mlp_egemaps_audio,val,20,0.13774893940990118,0.30067951938818693,-0.3829443384620297,-0.10977443609022557,0.07463102185306944,0.1916926219255159,0.1916926219255159,0.9503797378703823,0.18303759686484333
earnings25,le24k,ticker_disjoint,har_resid,30,mlp_egemaps_audio_pastvol,test,55,0.24613372450801665,0.4031687201160912,-0.8948525801242373,-0.14274823708785972,0.09739549751262869,0.0026315547858995142,0.0026315547858995142,0.0037636882520770644,0.0015088388170031648
earnings25,le24k,ticker_disjoint,har_resid,30,mlp_egemaps_audio_pastvol,val,20,0.16683345109933007,0.3471952462679261,-0.6749412202538998,-0.015037593984962403,0.09739549751262869,0.07264540601209858,0.07264540601209858,0.5313942721549746,0.07566293983831106
earnings25,le24k,ticker_disjoint,har_resid,30,mlp_emotion2vec_audio,test,55,4.848075170913499e+20,17858714977.33959,-3.7322751137024673e+21,-0.14473032208881262,5.3606439458949595e+20,1.7642486925119315e-06,1.7642486925119315e-06,1.7642486925119315e-06,1.7642486925119315e-06
earnings25,le24k,ticker_disjoint,har_resid,30,mlp_emotion2vec_audio,val,20,7.68961162015012e+20,21398693210.72503,-7.720062964269958e+21,-0.29774436090225564,5.3606439458949595e+20,0.0134600441798779,0.0134600441798779,0.0134600441798779,0.0134600441798779
earnings25,le24k,ticker_disjoint,har_resid,30,mlp_emotion2vec_audio_pastvol,test,55,1.7105687226459777e+20,10521598713.757212,-1.3168758422131552e+21,0.14473032208881262,9.040827499419307e+20,3.630579040404789e-08,3.630579040404789e-08,3.630579040404789e-08,3.630579040404789e-08
earnings25,le24k,ticker_disjoint,har_resid,30,mlp_emotion2vec_audio_pastvol,val,20,6.858880959352306e+19,6456199979.767215,-6.886042557972311e+20,0.29774436090225564,9.040827499419307e+20,0.019987689570399356,0.019987689570399356,0.019987689570399356,0.019987689570399356
earnings25,le24k,ticker_disjoint,har_resid,30,mlp_wavlm_audio,test,55,1.2055030504229698e+24,746354188876.5731,-9.280526551196783e+24,0.12605298265675624,1.509260766978088e+25,0.00020303423017556708,0.00020303423017556708,0.00020303423017556708,0.00020303423017556708
earnings25,le24k,ticker_disjoint,har_resid,30,mlp_wavlm_audio,val,20,1.013807427235151e+24,657131332580.5425,-1.0178221682081654e+25,0.19248120300751878,1.509260766978088e+25,0.053737771817925536,0.053737771817925536,0.053737771817925536,0.053737771817925536
earnings25,le24k,ticker_disjoint,har_resid,30,mlp_wavlm_audio_pastvol,test,55,8.456553390496776e+20,23199741821.16257,-6.510250492073173e+21,0.12605298265675624,1.123398639440274e+25,5.880637784305719e-08,5.880637784305719e-08,5.880637784305719e-08,5.880637784305719e-08
earnings25,le24k,ticker_disjoint,har_resid,30,mlp_wavlm_audio_pastvol,val,20,9.048723860605899e+20,25157891490.567406,-9.084557374408162e+21,0.19248120300751878,1.123398639440274e+25,0.0013589195917835248,0.0013589195917835248,0.0013589195917835248,0.0013589195917835248
earnings25,le24k,ticker_disjoint,har_resid,30,mlp_wavlm_egemaps_audio,test,55,3.212656211405765e+24,1318248250343.412,-2.473253075498843e+25,-0.12605298265675624,7.147620035457921e+24,5.072893599946995e-05,5.072893599946995e-05,5.072893599946995e-05,5.072893599946995e-05
earnings25,le24k,ticker_disjoint,har_resid,30,mlp_wavlm_egemaps_audio,val,20,2.8137263448046255e+24,1234881962959.8586,-2.824868877538031e+25,-0.19248120300751878,7.147620035457921e+24,0.028656613471393325,0.028656613471393325,0.028656613471393325,0.028656613471393325
earnings25,le24k,ticker_disjoint,har_resid,30,mlp_wavlm_egemaps_audio_pastvol,test,55,1.0531523114274316e+25,2450988952879.584,-8.107659275708383e+25,0.12605298265675624,1.6067570639485744e+25,1.9525405364031777e-05,1.9525405364031777e-05,1.9525405364031777e-05,1.9525405364031777e-05
earnings25,le24k,ticker_disjoint,har_resid,30,mlp_wavlm_egemaps_audio_pastvol,val,20,9.448053931134387e+24,2352398979769.6167,-9.48546881705214e+25,0.19248120300751878,1.6067570639485744e+25,0.018510755839337287,0.018510755839337287,0.018510755839337287,0.018510755839337287
earnings25,le24k,ticker_disjoint,har_resid,30,mlp_wavlm_text_audio_pastvol,test,55,2.0826330610664634e+24,789083163887.3849,-1.6033083792567787e+25,0.2628168477225081,4.427076372881469e+25,0.004186813379493807,0.004186813379493807,0.004186813379493807,0.004186813379493807
earnings25,le24k,ticker_disjoint,har_resid,30,mlp_wavlm_text_audio_pastvol,val,20,6.238712887349425e+23,509234696280.83594,-6.26341858152255e+24,0.22406015037593985,4.427076372881469e+25,0.03084139593388009,0.03084139593388009,0.03084139593388009,0.03084139593388009
earnings25,le24k,ticker_disjoint,har_resid,30,ridge_egemaps_audio,test,55,0.1314319497407839,0.28518673372536046,-0.011824647658033483,-0.3109967600533638,,0.037229577250621294,0.037229577250621294,0.7717839197217821,0.14813894704500183
earnings25,le24k,ticker_disjoint,har_resid,30,ridge_egemaps_audio,val,20,0.10024601426779176,0.28217761195155144,-0.006429947692661697,-0.2300751879699248,,0.6472775570760907,0.6472775570760907,0.15718550076474083,0.5219097152665201
earnings25,le24k,ticker_disjoint,har_resid,30,ridge_egemaps_audio_pastvol,test,55,0.13144075490414367,0.2852333575434425,-0.011892433925616341,-0.3097770154373928,,0.03608550594189084,0.03608550594189084,0.7713375303067426,0.1465991394742617
earnings25,le24k,ticker_disjoint,har_resid,30,ridge_egemaps_audio_pastvol,val,20,0.10023917221084473,0.28217669056744205,-0.006361256173446739,-0.2421052631578947,,0.6520178565468177,0.6520178565468177,0.15697089507787967,0.5214026055679403
earnings25,le24k,ticker_disjoint,har_resid,30,ridge_emotion2vec_audio,test,55,0.1340905475323537,0.2839036765694213,-0.032291777446680214,0.05622260339241471,,0.5528855909864472,0.5528855909864472,0.6866924290494899,0.22774540751303482
earnings25,le24k,ticker_disjoint,har_resid,30,ridge_emotion2vec_audio,val,20,0.11006753865408647,0.2822548954510358,-0.1050341300789599,-0.09473684210526315,,0.4496929938503556,0.4496929938503556,0.35901457759837024,0.7378221082708045
earnings25,le24k,ticker_disjoint,har_resid,30,ridge_emotion2vec_audio_pastvol,test,55,0.13405815987263478,0.28388793054319517,-0.03204244208759777,0.059729369163331415,,0.5548711767111952,0.5548711767111952,0.6879763771292446,0.22767702622428465
earnings25,le24k,ticker_disjoint,har_resid,30,ridge_emotion2vec_audio_pastvol,val,20,0.10998799442748268,0.28218232885217637,-0.10423553781167794,-0.09473684210526315,,0.4526105889460159,0.4526105889460159,0.3576835674508128,0.744415771087189
earnings25,le24k,ticker_disjoint,har_resid,30,ridge_wavlm_audio,test,55,0.13455002991849424,0.2926213032607388,-0.035829087852397246,-0.08633504859919952,,0.19664062071691546,0.19664062071691546,0.6148532487936984,0.03290693827738583
earnings25,le24k,ticker_disjoint,har_resid,30,ridge_wavlm_audio,val,20,0.10184472294926397,0.2772932121838885,-0.022480344373488448,0.024060150375939848,,0.6347080868632203,0.6347080868632203,0.16852329742874905,0.6432852525950391
earnings25,le24k,ticker_disjoint,har_resid,30,ridge_wavlm_audio_pastvol,test,55,0.134541987923128,0.2926307506968634,-0.03576717680912367,-0.08702115494568323,,0.1993172908285074,0.1993172908285074,0.6153325262616349,0.03287810594243504
earnings25,le24k,ticker_disjoint,har_resid,30,ridge_wavlm_audio_pastvol,val,20,0.10181985518367073,0.2772717062303047,-0.022230681938447683,0.04360902255639097,,0.6379867664773645,0.6379867664773645,0.1680079955487567,0.6418168125682049
earnings25,le24k,ticker_disjoint,har_resid,30,ridge_wavlm_egemaps_audio,test,55,0.13553658370398236,0.293793339444916,-0.04342404051319204,-0.10760434534019438,,0.12857268663666901,0.12857268663666901,0.5681026170150121,0.022754552312840046
earnings25,le24k,ticker_disjoint,har_resid,30,ridge_wavlm_egemaps_audio,val,20,0.10250146055543521,0.2792278286906472,-0.029073727656150128,0.03909774436090225,,0.5729887172658628,0.5729887172658628,0.17340612325696786,0.6735528412999502
earnings25,le24k,ticker_disjoint,har_resid,30,ridge_wavlm_egemaps_audio_pastvol,test,55,0.13554355266952162,0.29381518895170156,-0.04347769087077413,-0.11568515342100245,,0.1294404010938174,0.1294404010938174,0.5678618719264732,0.0225497272953421
earnings25,le24k,ticker_disjoint,har_resid,30,ridge_wavlm_egemaps_audio_pastvol,val,20,0.10249433313145387,0.27924189325540943,-0.029002171165878554,0.03909774436090225,,0.5738896247109463,0.5738896247109463,0.1730371941180298,0.6731773982422228
earnings25,le24k,ticker_disjoint,har_resid,30,ridge_wavlm_text_audio_pastvol,test,55,0.13003438219980343,0.291353485760689,-0.001065518789293396,0.15990089574995234,,0.98616770520722,0.98616770520722,0.8549162630023633,0.06381225409575877
earnings25,le24k,ticker_disjoint,har_resid,30,ridge_wavlm_text_audio_pastvol,val,20,0.10985458531666023,0.2799382059091387,-0.10289616361902332,-0.22255639097744356,,0.43739837763749134,0.43739837763749134,0.30679017032160877,0.5811843789287585
earnings25,le24k,ticker_disjoint,v,3,mlp_egemaps_audio,test,55,3.4461391799446335,1.3608472315903763,-0.5921184121017538,-0.15448827901658085,0.5544013939150024,0.23664187200514067,0.01852530462120221,0.026415857863320225,0.01721513234913853
earnings25,le24k,ticker_disjoint,v,3,mlp_egemaps_audio,val,20,1.36506814164717,0.9814485048444872,0.09949098892704733,-0.04060150375939849,0.5544013939150024,0.8252296229867524,0.11798377543710861,0.25880032286232835,0.17448463865402383
earnings25,le24k,ticker_disjoint,v,3,mlp_egemaps_audio_pastvol,test,55,2.8450490439266902,1.278083683216533,-0.31441440105763485,-0.20518391461787686,0.48458291447378327,0.34866997042060255,0.00430703668584609,0.008432198724219865,0.003680430634533898
earnings25,le24k,ticker_disjoint,v,3,mlp_egemaps_audio_pastvol,val,20,1.42696864836473,0.972017865687264,0.058656423685576775,0.06466165413533834,0.48458291447378327,0.8985583096363111,0.10029585468953327,0.24349597528058134,0.14213271382211243
earnings25,le24k,ticker_disjoint,v,3,mlp_emotion2vec_audio,test,55,3.1599462833366e+22,147906913548.20764,-1.4598971185584952e+22,-0.13664951400800457,5.737189122369188e+21,5.571971722558962e-09,5.571971722558962e-09,5.571971722558962e-09,5.571971722558962e-09
earnings25,le24k,ticker_disjoint,v,3,mlp_emotion2vec_audio,val,20,1.6590766070202425e+22,108369375363.76399,-1.0944607006059825e+22,-0.021052631578947364,5.737189122369188e+21,0.00317876685959969,0.00317876685959969,0.00317876685959969,0.00317876685959969
earnings25,le24k,ticker_disjoint,v,3,mlp_emotion2vec_audio_pastvol,test,55,2.397399158319659e+22,131074858041.15286,-1.1075998796947315e+22,-0.12147894034686485,6.494811772996528e+21,6.599946459043644e-10,6.599946459043644e-10,6.599946459043644e-10,6.599946459043644e-10
earnings25,le24k,ticker_disjoint,v,3,mlp_emotion2vec_audio_pastvol,val,20,1.69086890861482e+22,110185866454.21468,-1.115433466137028e+22,-0.10075187969924812,6.494811772996528e+21,0.0016669953631874713,0.0016669953631874713,0.0016669953631874713,0.0016669953631874713
earnings25,le24k,ticker_disjoint,v,3,mlp_wavlm_audio,test,55,6.54549409254221e+26,20190290239150.46,-3.024022280262965e+26,0.06415094339622641,5.086370948120355e+25,1.6687390555574963e-07,1.6687390555574963e-07,1.6687390555574963e-07,1.6687390555574963e-07
earnings25,le24k,ticker_disjoint,v,3,mlp_wavlm_audio,val,20,7.267447967788247e+26,22430475729863.867,-4.7941946506789615e+26,-0.156390977443609,5.086370948120355e+25,0.001835781861935118,0.001835781861935118,0.001835781861935118,0.001835781861935118
earnings25,le24k,ticker_disjoint,v,3,mlp_wavlm_audio_pastvol,test,55,7.03447685509064e+26,21047670997458.74,-3.249932616091665e+26,0.05454545454545454,1.6808378851300557e+26,9.54556877073742e-08,9.54556877073742e-08,9.54556877073742e-08,9.54556877073742e-08
earnings25,le24k,ticker_disjoint,v,3,mlp_wavlm_audio_pastvol,val,20,7.692002889273113e+26,23145949509782.887,-5.074265308566536e+26,-0.15789473684210525,1.6808378851300557e+26,0.001559655787446017,0.001559655787446017,0.001559655787446017,0.001559655787446017
earnings25,le24k,ticker_disjoint,v,3,mlp_wavlm_egemaps_audio,test,55,2.7147339180865166e+26,13182376027480.959,-1.2542087330936293e+26,0.020773775490756617,6.876351673848902e+25,6.497754137692073e-08,6.497754137692073e-08,6.497754137692073e-08,6.497754137692073e-08
earnings25,le24k,ticker_disjoint,v,3,mlp_wavlm_egemaps_audio,val,20,2.7996779823320496e+26,13967350921801.729,-1.846893333947715e+26,-0.12932330827067667,6.876351673848902e+25,0.0014668305543399226,0.0014668305543399226,0.0014668305543399226,0.0014668305543399226
earnings25,le24k,ticker_disjoint,v,3,mlp_wavlm_egemaps_audio_pastvol,test,55,2.294817896785834e+26,11671692920160.111,-1.0602072740289173e+26,0.09411092052601486,9.694448970645955e+25,1.3246254113776557e-06,1.3246254113776557e-06,1.3246254113776557e-06,1.3246254113776557e-06
earnings25,le24k,ticker_disjoint,v,3,mlp_wavlm_egemaps_audio_pastvol,val,20,2.6533080746986636e+26,13352395337939.287,-1.7503359411316072e+26,-0.20601503759398496,9.694448970645955e+25,0.003344787121280952,0.003344787121280952,0.003344787121280952,0.003344787121280952
earnings25,le24k,ticker_disjoint,v,3,mlp_wavlm_text_audio_pastvol,test,55,5.459904886737924e+26,18315099246464.12,-2.5224794021927606e+26,0.03830760434534018,2.966258175615147e+26,8.072278934082029e-06,8.072278934082029e-06,8.072278934082029e-06,8.072278934082029e-06
earnings25,le24k,ticker_disjoint,v,3,mlp_wavlm_text_audio_pastvol,val,20,4.086043150934411e+26,16593511447262.36,-2.6954835182142907e+26,0.29473684210526313,2.966258175615147e+26,0.00225045344231756,0.00225045344231756,0.00225045344231756,0.00225045344231756
earnings25,le24k,ticker_disjoint,v,3,ridge_egemaps_audio,test,55,1.7449683104481664,0.9367886511259248,0.1938235716749983,0.09868496283590622,,0.5334938647386138,0.14700280893516662,0.24759579824868433,0.12863908114048464
earnings25,le24k,ticker_disjoint,v,3,ridge_egemaps_audio,val,20,0.6399802511298225,0.6693148441619576,0.5778174250292518,0.33082706766917286,,0.05480162672705706,0.6655296764197429,0.33328933682204326,0.3707353847869969
earnings25,le24k,ticker_disjoint,v,3,ridge_egemaps_audio_pastvol,test,55,1.7759353557197304,0.9404032632601019,0.17951677779035968,0.10562226033924145,,0.5870501506246648,0.16539134924447685,0.263330811735554,0.14645336042853155
earnings25,le24k,ticker_disjoint,v,3,ridge_egemaps_audio_pastvol,val,20,0.5736382727965895,0.6267393500514153,0.6215819430623188,0.4827067669172932,,0.044018355610323724,0.3896332454891909,0.22889747902326676,0.21856124030871427
earnings25,le24k,ticker_disjoint,v,3,ridge_emotion2vec_audio,test,55,1.0187763901716622,0.7761198017674019,0.5293246836789327,0.21890604154755094,,0.005028619381645544,0.6982215571021472,0.4535820063016336,0.3078461990022426
earnings25,le24k,ticker_disjoint,v,3,ridge_emotion2vec_audio,val,20,0.9155386842517842,0.80961548774026,0.39603686438702146,-0.18045112781954886,,0.1477684569455499,0.053394710758788586,0.6812222394671826,0.04723618832506464
earnings25,le24k,ticker_disjoint,v,3,ridge_emotion2vec_audio_pastvol,test,55,1.018424387810211,0.7762000890386648,0.5294873089855457,0.2206594244330093,,0.0050188614230742504,0.7016453564440945,0.45217612160682,0.3096532881430176
earnings25,le24k,ticker_disjoint,v,3,ridge_emotion2vec_audio_pastvol,val,20,0.9144288046904194,0.8091074767686136,0.3967690304347974,-0.18045112781954886,,0.146954193509739,0.05414713155736946,0.6850720021484769,0.0485997327229742
earnings25,le24k,ticker_disjoint,v,3,ridge_wavlm_audio,test,55,1.0854471494482427,0.8034432397951724,0.4985227520533061,-0.02351820087669144,,0.007858088252411103,0.06730077373857005,0.7456425927570881,0.04361195658874602
earnings25,le24k,ticker_disjoint,v,3,ridge_wavlm_audio,val,20,0.8015888677185637,0.7779590172967422,0.4712073510958066,-0.003007518796992481,,0.07621155474753932,0.04460386819757773,0.8715337269573445,0.6629874545076916
earnings25,le24k,ticker_disjoint,v,3,ridge_wavlm_audio_pastvol,test,55,1.0851381992038995,0.803507487591698,0.49866548725544324,-0.02351820087669144,,0.007855528947905954,0.0674385453938957,0.7437440516697645,0.04372364069779129
earnings25,le24k,ticker_disjoint,v,3,ridge_wavlm_audio_pastvol,val,20,0.8008854037945252,0.7775514144438763,0.4716714126200886,-0.003007518796992481,,0.07599146988709507,0.0455993996754154,0.8684076284377765,0.6699679741088036
earnings25,le24k,ticker_disjoint,v,3,ridge_wavlm_egemaps_audio,test,55,1.0870818884698863,0.8035338013458935,0.4977675016239309,-0.014751286449399657,,0.0080028129853807,0.06138616782677541,0.7561216605220835,0.03981294729034964
earnings25,le24k,ticker_disjoint,v,3,ridge_wavlm_egemaps_audio,val,20,0.7991448258907656,0.7767179129159821,0.47281963814743744,0.012030075187969924,,0.07667679367546144,0.05414444694848044,0.8607292416554454,0.6803012565675298
earnings25,le24k,ticker_disjoint,v,3,ridge_wavlm_egemaps_audio_pastvol,test,55,1.086797994129741,0.8036025757303427,0.4978986609829804,-0.01688583952734896,,0.008001857648546658,0.06148560360705078,0.7543688990961304,0.03988920290993167
earnings25,le24k,ticker_disjoint,v,3,ridge_wavlm_egemaps_audio_pastvol,val,20,0.7984638677624073,0.7763182053911695,0.47326885303425625,0.012030075187969924,,0.07647193318804921,0.05537572892803553,0.8577166461858787,0.6873181129850574
earnings25,le24k,ticker_disjoint,v,3,ridge_wavlm_text_audio_pastvol,test,55,0.9947608586960374,0.7782196232643446,0.5404198739316276,0.22736801982085,,0.004837925773590511,0.9709171304874469,0.33558085005436866,0.14345425608524043
earnings25,le24k,ticker_disjoint,v,3,ridge_wavlm_text_audio_pastvol,val,20,0.7972846712394605,0.7230382504684181,0.47404674613888786,0.13383458646616542,,0.07215949073072457,0.27950275699789245,0.8542982695888756,0.27772948324086294
earnings25,le24k,ticker_disjoint,v,7,mlp_egemaps_audio,test,55,3.2287239117401243,1.2898896003991434,-3.869835756453763,-0.2681532304173813,0.6254832142510436,0.05836576943046396,0.03878592676299427,0.04057909074870676,0.03985216370953234
earnings25,le24k,ticker_disjoint,v,7,mlp_egemaps_audio,val,20,1.0450134373475217,0.8999080311323105,-1.0764240982370845,0.015037593984962403,0.6254832142510436,0.06130225183458578,0.0024335758460297665,0.028292454744902874,0.004344771060104282
earnings25,le24k,ticker_disjoint,v,7,mlp_egemaps_audio_pastvol,test,55,2.6535350821444483,1.1545697410841285,-3.0022870884203376,-0.2743281875357346,0.4529700902171719,0.06491349727117582,0.038685294312830465,0.04107265243093912,0.03990201539069275
earnings25,le24k,ticker_disjoint,v,7,mlp_egemaps_audio_pastvol,val,20,1.0175504833291715,0.9017589159102938,-1.0218556711772173,0.09774436090225563,0.4529700902171719,0.039292073251355204,0.0003800542286325406,0.014441199765974029,0.0007639589589706909
earnings25,le24k,ticker_disjoint,v,7,mlp_emotion2vec_audio,test,55,2.871639754850126e+22,141246992268.32498,-4.331251088696012e+22,-0.06681913474366304,4.89915616167232e+21,4.741231522089724e-09,4.741231522089724e-09,4.741231522089724e-09,4.741231522089724e-09
earnings25,le24k,ticker_disjoint,v,7,mlp_emotion2vec_audio,val,20,1.5403017697199479e+22,104635886588.68625,-3.060553672230072e+22,-0.04360902255639097,4.89915616167232e+21,0.002838989767633979,0.002838989767633979,0.002838989767633979,0.002838989767633979
earnings25,le24k,ticker_disjoint,v,7,mlp_emotion2vec_audio_pastvol,test,55,2.167522856651314e+22,124856709751.4168,-3.2692421522540414e+22,-0.050505050505050504,6.466734343360899e+21,4.773744413333241e-10,4.773744413333241e-10,4.773744413333241e-10,4.773744413333241e-10
earnings25,le24k,ticker_disjoint,v,7,mlp_emotion2vec_audio_pastvol,val,20,1.6229472669600255e+22,107669770812.42545,-3.2247688831996663e+22,-0.04060150375939849,6.466734343360899e+21,0.0018177908126754828,0.0018177908126754828,0.0018177908126754828,0.0018177908126754828
earnings25,le24k,ticker_disjoint,v,7,mlp_wavlm_audio,test,55,6.015386264010784e+26,19454633980877.074,-9.072916705836432e+26,0.11454164284352962,7.126289581044331e+25,9.987561303885844e-08,9.987561303885844e-08,9.987561303885844e-08,9.987561303885844e-08
earnings25,le24k,ticker_disjoint,v,7,mlp_wavlm_audio,val,20,6.587069271181958e+26,21414234606721.742,-1.3088395691978748e+27,-0.33383458646616543,7.126289581044331e+25,0.0015803624658788816,0.0015803624658788816,0.0015803624658788816,0.0015803624658788816
earnings25,le24k,ticker_disjoint,v,7,mlp_wavlm_audio_pastvol,test,55,6.702268599615484e+26,20588258506807.55,-1.0108931010509962e+27,0.10569849437773965,1.622088473292159e+26,7.756225661320143e-08,7.756225661320143e-08,7.756225661320143e-08,7.756225661320143e-08
earnings25,le24k,ticker_disjoint,v,7,mlp_wavlm_audio_pastvol,val,20,7.275082155844008e+26,22532394981158.395,-1.445546570519888e+27,-0.33533834586466166,1.622088473292159e+26,0.0014685117428819836,0.0014685117428819836,0.0014685117428819836,0.0014685117428819836
earnings25,le24k,ticker_disjoint,v,7,mlp_wavlm_egemaps_audio,test,55,2.6512564193954375e+26,13015181970066.268,-3.9988502156385916e+26,0.0713931770535544,7.378826968659929e+25,9.368163074094223e-08,9.368163074094223e-08,9.368163074094223e-08,9.368163074094223e-08
earnings25,le24k,ticker_disjoint,v,7,mlp_wavlm_egemaps_audio,val,20,2.691670138964934e+26,13655278604694.95,-5.348303228749105e+26,-0.306766917293233,7.378826968659929e+25,0.0017122314297659193,0.0017122314297659193,0.0017122314297659193,0.0017122314297659193
earnings25,le24k,ticker_disjoint,v,7,mlp_wavlm_egemaps_audio_pastvol,test,55,2.1296880202812864e+26,11360877566233.434,-3.212176437119843e+26,0.14343434343434344,8.3058472649599e+25,5.886813665985086e-07,5.886813665985086e-07,5.886813665985086e-07,5.886813665985086e-07
earnings25,le24k,ticker_disjoint,v,7,mlp_wavlm_egemaps_audio_pastvol,val,20,2.4269118629831052e+26,12854870742381.799,-4.822232993851682e+26,-0.33533834586466166,8.3058472649599e+25,0.002646816939632245,0.002646816939632245,0.002646816939632245,0.002646816939632245
earnings25,le24k,ticker_disjoint,v,7,mlp_wavlm_text_audio_pastvol,test,55,5.220700008720493e+26,17656351908164.23,-7.874303369123704e+26,0.09418715456451304,3.0023129989722743e+26,2.627034196147336e-05,2.627034196147336e-05,2.627034196147336e-05,2.627034196147336e-05
earnings25,le24k,ticker_disjoint,v,7,mlp_wavlm_text_audio_pastvol,val,20,3.570373153238048e+26,15664980460047.416,-7.094271317601055e+26,0.19999999999999998,3.0023129989722743e+26,0.0014554762905797198,0.0014554762905797198,0.0014554762905797198,0.0014554762905797198
earnings25,le24k,ticker_disjoint,v,7,ridge_egemaps_audio,test,55,0.5143780939441155,0.5551656213339843,0.22417125071695965,-0.04722698684962836,,0.17435741821229087,0.058214432863748895,0.18204983145566667,0.08788957642068711
earnings25,le24k,ticker_disjoint,v,7,ridge_egemaps_audio,val,20,0.29165731673124373,0.4392837874923906,0.42048182420976343,0.21052631578947367,,0.1467235470128274,0.29379703145686825,0.4598676319601998,0.8903226762729121
earnings25,le24k,ticker_disjoint,v,7,ridge_egemaps_audio_pastvol,test,55,0.9654904817595482,0.6771248493346749,-0.4562347847371029,0.050505050505050504,,0.41980292071389574,0.13177719380768718,0.1476174769253893,0.14472091414667013
earnings25,le24k,ticker_disjoint,v,7,ridge_egemaps_audio_pastvol,val,20,0.23042414525012958,0.38204639179887195,0.5421511045566213,0.47067669172932325,,0.04307498501453239,0.9883906101051545,0.19572304515222214,0.4989489396257569
earnings25,le24k,ticker_disjoint,v,7,ridge_emotion2vec_audio,test,55,0.46614389054923744,0.5146622611371905,0.29692217485833206,0.17682485229655037,,0.0564528137069987,0.1898526195103042,0.5400424036312471,0.47755965473492384
earnings25,le24k,ticker_disjoint,v,7,ridge_emotion2vec_audio,val,20,0.35379611903714453,0.4623408877745268,0.297013070668124,-0.16842105263157892,,0.2760919252663667,0.051470114524800395,0.8099429103556198,0.0417781050470188
earnings25,le24k,ticker_disjoint,v,7,ridge_emotion2vec_audio_pastvol,test,55,0.46540768614478006,0.5142552651921997,0.2980325808982689,0.18429578806937294,,0.05492304830874417,0.19332013464484632,0.5471507088586187,0.49150989794349614
earnings25,le24k,ticker_disjoint,v,7,ridge_emotion2vec_audio_pastvol,val,20,0.3523570126263498,0.4611195970343943,0.2998725508666624,-0.16842105263157892,,0.2697154271885052,0.05199669112701222,0.7993803700862065,0.043205347028863174
earnings25,le24k,ticker_disjoint,v,7,ridge_wavlm_audio,test,55,0.48230556360359755,0.543362211982198,0.2725457662598587,-0.02778730703259005,,0.061462325385965993,0.03209346410808648,0.3182730380406501,0.07818848821072032
earnings25,le24k,ticker_disjoint,v,7,ridge_wavlm_audio,val,20,0.32281425919488327,0.44624389718533186,0.35857350432911395,-0.09172932330827067,,0.21705361149976363,0.10433087626936191,0.6221674380975561,0.34337767978134687
earnings25,le24k,ticker_disjoint,v,7,ridge_wavlm_audio_pastvol,test,55,0.48170591125210893,0.5431303135006487,0.2734502128903379,-0.021841052029731273,,0.060034926080829214,0.032397103638187506,0.32316766590152357,0.08317284620516514
earnings25,le24k,ticker_disjoint,v,7,ridge_wavlm_audio_pastvol,val,20,0.3215710028830143,0.4451265695489003,0.36104383367990434,-0.09172932330827067,,0.21281482410402974,0.10598883310747076,0.6139865033844583,0.356035167856192
earnings25,le24k,ticker_disjoint,v,7,ridge_wavlm_egemaps_audio,test,55,0.4849626380044246,0.5452101829144171,0.2685381408702565,-0.06102534781780064,,0.06573717619546915,0.027795329959137624,0.2955415822782204,0.056718571405816286
earnings25,le24k,ticker_disjoint,v,7,ridge_wavlm_egemaps_audio,val,20,0.3221716742061341,0.44691122802385497,0.3598503098783238,-0.06917293233082707,,0.21405711229970958,0.105843907330479,0.6169394334601987,0.3397533110023856
earnings25,le24k,ticker_disjoint,v,7,ridge_wavlm_egemaps_audio_pastvol,test,55,0.48436494047374906,0.5449756947296311,0.26943963907387936,-0.04821802935010481,,0.06426909320999313,0.028050821197022704,0.30017427855642603,0.060558740322896105
earnings25,le24k,ticker_disjoint,v,7,ridge_wavlm_egemaps_audio_pastvol,val,20,0.32093795866692465,0.44582566664210893,0.3623016818745407,-0.06917293233082707,,0.20988792022426442,0.10749809264686341,0.6088204071915052,0.35247808999239255
earnings25,le24k,ticker_disjoint,v,7,ridge_wavlm_text_audio_pastvol,test,55,0.47188212858048084,0.5399974519190984,0.2882672766671357,0.18353344768439106,,0.07417207561907553,0.14075778387791443,0.4102449623204209,0.04630381492645306
earnings25,le24k,ticker_disjoint,v,7,ridge_wavlm_text_audio_pastvol,val,20,0.31771646504335327,0.41916124522600845,0.36870273544307597,0.12180451127819547,,0.14889532917374165,0.1443191041488355,0.5518443014245669,0.11901478898800065
earnings25,le24k,ticker_disjoint,v,15,mlp_egemaps_audio,test,55,2.9518570371505084,1.2422179033297909,-9.753391111125678,-0.28827901658090327,0.5316922084963696,0.03370616917794517,0.03129830120420432,0.03198389803540141,0.03266571692921225
earnings25,le24k,ticker_disjoint,v,15,mlp_egemaps_audio,val,20,0.9734901914986483,0.8641420189216931,-3.934157850512773,0.18496240601503755,0.5316922084963696,0.000983008717059485,0.00031002496093298433,0.0031553403568272227,0.0011894013683132207
earnings25,le24k,ticker_disjoint,v,15,mlp_egemaps_audio_pastvol,test,55,2.4012633570877435,1.0652849799052964,-7.747620130175891,-0.27669144272917856,0.42027557386438613,0.052131574916793225,0.04794766644460627,0.04908624076622725,0.050270538064020494
earnings25,le24k,ticker_disjoint,v,15,mlp_egemaps_audio_pastvol,val,20,0.8972358503077711,0.8603643884600263,-3.5476609350755215,0.26315789473684204,0.42027557386438613,0.0002348706022739909,8.759807004889402e-05,0.001336421209813863,0.00033361489677561946
earnings25,le24k,ticker_disjoint,v,15,mlp_emotion2vec_audio,test,55,2.8004916718336966e+22,139998952917.29825,-1.0201978575408387e+23,-0.07894034686487515,4.283947619716189e+21,3.2798698924122174e-09,3.2798698924122174e-09,3.2798698924122174e-09,3.2798698924122174e-09
earnings25,le24k,ticker_disjoint,v,15,mlp_emotion2vec_audio,val,20,1.5767665745666257e+22,106245808488.68369,-7.991878336593237e+22,-0.08120300751879699,4.283947619716189e+21,0.002276382025018859,0.002276382025018859,0.002276382025018859,0.002276382025018859
earnings25,le24k,ticker_disjoint,v,15,mlp_emotion2vec_audio_pastvol,test,55,2.10591332461308e+22,123261788432.57573,-7.671682381866235e+22,-0.05332570992948351,5.625016075670688e+21,3.521375423701567e-10,3.521375423701567e-10,3.521375423701567e-10,3.521375423701567e-10
earnings25,le24k,ticker_disjoint,v,15,mlp_emotion2vec_audio_pastvol,val,20,1.715481272797438e+22,110120553531.23499,-8.694957035520245e+22,-0.08571428571428572,5.625016075670688e+21,0.0022078539498009506,0.0022078539498009506,0.0022078539498009506,0.0022078539498009506
earnings25,le24k,ticker_disjoint,v,15,mlp_wavlm_audio,test,55,6.116527149467187e+26,19652338679303.36,-2.2282044100459494e+27,0.1111111111111111,6.387320521089128e+25,8.378537648044334e-08,8.378537648044334e-08,8.378537648044334e-08,8.378537648044334e-08
earnings25,le24k,ticker_disjoint,v,15,mlp_wavlm_audio,val,20,6.658647824483084e+26,21548876432595.117,-3.374951255173342e+27,-0.16992481203007515,6.387320521089128e+25,0.001501649962986203,0.001501649962986203,0.001501649962986203,0.001501649962986203
earnings25,le24k,ticker_disjoint,v,15,mlp_wavlm_audio_pastvol,test,55,6.728636796764595e+26,20640476060572.97,-2.4511913080373307e+27,0.1053173241852487,1.5736156572757332e+26,7.349257459785054e-08,7.349257459785054e-08,7.349257459785054e-08,7.349257459785054e-08
earnings25,le24k,ticker_disjoint,v,15,mlp_wavlm_audio_pastvol,val,20,7.287600980488446e+26,22557273951212.098,-3.6937376363212773e+27,-0.16992481203007515,1.5736156572757332e+26,0.0014459299054393234,0.0014459299054393234,0.0014459299054393234,0.0014459299054393234
earnings25,le24k,ticker_disjoint,v,15,mlp_wavlm_egemaps_audio,test,55,2.646360233508782e+26,12988793302381.238,-9.64048944569494e+26,0.07192681532304172,7.705289348173734e+25,1.240943739978238e-07,1.240943739978238e-07,1.240943739978238e-07,1.240943739978238e-07
earnings25,le24k,ticker_disjoint,v,15,mlp_wavlm_egemaps_audio,val,20,2.6625010820067287e+26,13550015407440.918,-1.3494949133034476e+27,-0.10676691729323308,7.705289348173734e+25,0.0019280786019976938,0.0019280786019976938,0.0019280786019976938,0.0019280786019976938
earnings25,le24k,ticker_disjoint,v,15,mlp_wavlm_egemaps_audio_pastvol,test,55,2.1078768894249373e+26,11379519015419.703,-7.678835499421795e+26,0.1405374499714122,7.974412442059515e+25,3.226000776224019e-07,3.226000776224019e-07,3.226000776224019e-07,3.226000776224019e-07
earnings25,le24k,ticker_disjoint,v,15,mlp_wavlm_egemaps_audio_pastvol,val,20,2.3743357601301597e+26,12768777823110.996,-1.2034376445605621e+27,-0.16691729323308271,7.974412442059515e+25,0.002223816867602124,0.002223816867602124,0.002223816867602124,0.002223816867602124
earnings25,le24k,ticker_disjoint,v,15,mlp_wavlm_text_audio_pastvol,test,55,5.262754019967801e+26,17670837389431.05,-1.9171813399538008e+27,0.1400038117019249,3.022039057253638e+26,3.2710212018812266e-05,3.2710212018812266e-05,3.2710212018812266e-05,3.2710212018812266e-05
earnings25,le24k,ticker_disjoint,v,15,mlp_wavlm_text_audio_pastvol,val,20,3.534484422341168e+26,15612072294077.703,-1.7914617129487524e+27,0.19999999999999998,3.022039057253638e+26,0.0013343000690937009,0.0013343000690937009,0.0013343000690937009,0.0013343000690937009
earnings25,le24k,ticker_disjoint,v,15,ridge_egemaps_audio,test,55,0.2927040612010792,0.4283859920867769,-0.06629867581543891,-0.40613684009910417,,0.7162699305851833,0.04197765868640617,0.16295376097259845,0.14281572064877457
earnings25,le24k,ticker_disjoint,v,15,ridge_egemaps_audio,val,20,0.22871159257219226,0.4031062296342977,-0.159230067080679,-0.1533834586466165,,0.680374615815393,0.08636345517983729,0.582564975635362,0.8550458541980308
earnings25,le24k,ticker_disjoint,v,15,ridge_egemaps_audio_pastvol,test,55,0.735467982341561,0.5427416646249387,-1.6792540303590688,0.062778730703259,,0.25053726844919344,0.20997716597215182,0.2182741600538168,0.23470036393115498
earnings25,le24k,ticker_disjoint,v,15,ridge_egemaps_audio_pastvol,val,20,0.17864703254007613,0.36626234234000454,0.09452332876468306,0.41503759398496237,,0.7737243377608104,0.5585174518267582,0.22946239399435445,0.47479160627431344
earnings25,le24k,ticker_disjoint,v,15,ridge_emotion2vec_audio,test,55,0.2886773408518123,0.4166494890442719,-0.05162963925105446,0.16203544882790163,,0.7969314309095766,0.10559155526279468,0.27052469562321424,0.3093175222062171
earnings25,le24k,ticker_disjoint,v,15,ridge_emotion2vec_audio,val,20,0.2547587355615636,0.40958260567956695,-0.29125062176812055,-0.07669172932330826,,0.47100874146435034,0.08445691199967435,0.8957165659330381,0.15467144668661761
earnings25,le24k,ticker_disjoint,v,15,ridge_emotion2vec_audio_pastvol,test,55,0.2823081798656796,0.4121907930471282,-0.028427269261035226,0.22439489231942059,,0.8801554353731067,0.12019833366376884,0.34161850874513194,0.4780167777327308
earnings25,le24k,ticker_disjoint,v,15,ridge_emotion2vec_audio_pastvol,val,20,0.222659629464184,0.378128436065995,-0.1285555502327771,0.05864661654135337,,0.6740716558435135,0.16990585870873642,0.6161214918433187,0.9697775853560188
earnings25,le24k,ticker_disjoint,v,15,ridge_wavlm_audio,test,55,0.29601964891564037,0.44015897069353377,-0.07837711017360705,-0.06567562416619019,,0.6731497025297651,0.03400399741079261,0.1166235598425876,0.060769187166438206
earnings25,le24k,ticker_disjoint,v,15,ridge_wavlm_audio,val,20,0.24441569963939344,0.4065986616549765,-0.2388267017952379,-0.07969924812030074,,0.568787458761837,0.08449754964849808,0.7714424881186748,0.41709255936011025
earnings25,le24k,ticker_disjoint,v,15,ridge_wavlm_audio_pastvol,test,55,0.2950432689845605,0.43936178109580376,-0.07482023220159961,-0.05347817800647988,,0.685182278337232,0.03492963955147645,0.12164704192048541,0.06717483907029298
earnings25,le24k,ticker_disjoint,v,15,ridge_wavlm_audio_pastvol,val,20,0.2421946708091461,0.40468592702706313,-0.22756936511667392,-0.07969924812030074,,0.583392189954416,0.08681673660503052,0.7453189023093421,0.46781776035723766
earnings25,le24k,ticker_disjoint,v,15,ridge_wavlm_egemaps_audio,test,55,0.29843370950694875,0.44215516508213587,-0.08717134965661177,-0.11210215361158755,,0.6392482493571168,0.0291943039765427,0.10317357543885436,0.042276479892520945
earnings25,le24k,ticker_disjoint,v,15,ridge_wavlm_egemaps_audio,val,20,0.24494089778288344,0.407018386816027,-0.24148868089416076,-0.07368421052631578,,0.5657509216945502,0.08428958805683513,0.7736750555456897,0.3860787998980316
earnings25,le24k,ticker_disjoint,v,15,ridge_wavlm_egemaps_audio_pastvol,test,55,0.2974545503391568,0.4413522782903889,-0.08360434713623399,-0.11179721745759479,,0.6508997753351474,0.02999880156792339,0.10767556038722399,0.046901707396580755
earnings25,le24k,ticker_disjoint,v,15,ridge_wavlm_egemaps_audio_pastvol,val,20,0.2427468234353977,0.40516312369428287,-0.23036796364318413,-0.03458646616541353,,0.5799886875090882,0.08638714973848569,0.7473288904911595,0.43500046393390696
earnings25,le24k,ticker_disjoint,v,15,ridge_wavlm_text_audio_pastvol,test,55,0.2862884700137405,0.4384552020197437,-0.042927164126938866,0.13314274823708783,,0.8178468908311536,0.07511872952036404,0.16811004243616126,0.050063532758105496
earnings25,le24k,ticker_disjoint,v,15,ridge_wavlm_text_audio_pastvol,val,20,0.24625824722087936,0.3969404525592373,-0.24816569739429584,0.025563909774436087,,0.5441329406511111,0.12093048951316429,0.7666964579948452,0.14402723302180767
earnings25,le24k,ticker_disjoint,v,30,mlp_egemaps_audio,test,55,2.957676584869114,1.1928542834293359,-22.55191664649805,-0.2542786354107109,0.6814583087086168,0.04704958393405283,0.047421543119111474,0.04709222077445311,0.04953006009271455
earnings25,le24k,ticker_disjoint,v,30,mlp_egemaps_audio,val,20,0.9359392423578626,0.8512986685613516,-7.524884936646712,0.14285714285714285,0.6814583087086168,0.0002602523022126255,0.00018765597863610293,0.0005835783611888379,0.00051557427463447
earnings25,le24k,ticker_disjoint,v,30,mlp_egemaps_audio_pastvol,test,55,2.262948232110914,1.0114442732068198,-17.019809336379794,-0.24413950829045164,0.42931368697363864,0.057535398157430286,0.05805372066783842,0.05759143054646846,0.06126995767849708
earnings25,le24k,ticker_disjoint,v,30,mlp_egemaps_audio_pastvol,val,20,0.8368078439006348,0.8283090117835472,-6.621959055124992,0.23157894736842105,0.42931368697363864,8.590415785062763e-05,6.232876683503364e-05,0.00020243070422646826,0.00019007031620858563
earnings25,le24k,ticker_disjoint,v,30,mlp_emotion2vec_audio,test,55,2.8038213307252754e+22,140184842870.07062,-2.2326770482864404e+23,-0.02191728606822946,4.5768173456873567e+21,3.029514529223831e-09,3.029514529223831e-09,3.029514529223831e-09,3.029514529223831e-09
earnings25,le24k,ticker_disjoint,v,30,mlp_emotion2vec_audio,val,20,1.5951905455738077e+22,106926692125.68802,-1.4529592560714329e+23,-0.02857142857142857,4.5768173456873567e+21,0.0021858238076116815,0.0021858238076116815,0.0021858238076116815,0.0021858238076116815
earnings25,le24k,ticker_disjoint,v,30,mlp_emotion2vec_audio_pastvol,test,55,2.121053655542416e+22,123704589930.1871,-1.688990579755887e+23,-0.005603201829616923,5.796719428397844e+21,3.5185403891324e-10,3.5185403891324e-10,3.5185403891324e-10,3.5185403891324e-10
earnings25,le24k,ticker_disjoint,v,30,mlp_emotion2vec_audio_pastvol,val,20,1.7284243033479455e+22,110532398265.13081,-1.5743135495232404e+23,-0.03609022556390977,5.796719428397844e+21,0.002209935361526625,0.002209935361526625,0.002209935361526625,0.002209935361526625
earnings25,le24k,ticker_disjoint,v,30,mlp_wavlm_audio,test,55,6.1251506196071875e+26,19742800816292.35,-4.877444598852861e+27,0.03632551934438726,7.032122904702934e+25,5.9170105382408466e-08,5.9170105382408466e-08,5.9170105382408466e-08,5.9170105382408466e-08
earnings25,le24k,ticker_disjoint,v,30,mlp_wavlm_audio,val,20,6.557084780277682e+26,21415453524236.68,-5.972438246192429e+27,-0.051127819548872175,7.032122904702934e+25,0.00136111838871275,0.00136111838871275,0.00136111838871275,0.00136111838871275
earnings25,le24k,ticker_disjoint,v,30,mlp_wavlm_audio_pastvol,test,55,6.64377772965454e+26,20581587040364.938,-5.290426279437452e+27,0.03685915761387459,1.4660399055585261e+26,5.5458178116345365e-08,5.5458178116345365e-08,5.5458178116345365e-08,5.5458178116345365e-08
earnings25,le24k,ticker_disjoint,v,30,mlp_wavlm_audio_pastvol,val,20,7.070569789947056e+26,22242052776351.402,-6.440139612479474e+27,-0.051127819548872175,1.4660399055585261e+26,0.0013394582130098333,0.0013394582130098333,0.0013394582130098333,0.0013394582130098333
earnings25,le24k,ticker_disjoint,v,30,mlp_wavlm_egemaps_audio,test,55,2.6473785958515432e+26,12917341232363.309,-2.1081020264417384e+27,-0.0007242233657327996,8.009301501975003e+25,3.5349919118047436e-07,3.5349919118047436e-07,3.5349919118047436e-07,3.5349919118047436e-07
earnings25,le24k,ticker_disjoint,v,30,mlp_wavlm_egemaps_audio,val,20,2.5932951760139727e+26,13245872545744.246,-2.362070312020012e+27,-0.037593984962406006,8.009301501975003e+25,0.0030244135480832204,0.0030244135480832204,0.0030244135480832204,0.0030244135480832204
earnings25,le24k,ticker_disjoint,v,30,mlp_wavlm_egemaps_audio_pastvol,test,55,2.0589973411744378e+26,11370797672449.703,-1.6395752667071083e+27,0.05942443300933866,6.604431921253615e+25,1.1026849986215995e-07,1.1026849986215995e-07,1.1026849986215995e-07,1.1026849986215995e-07
earnings25,le24k,ticker_disjoint,v,30,mlp_wavlm_egemaps_audio_pastvol,val,20,2.2613922854208922e+26,12540749070412.496,-2.0597607363131094e+27,-0.09624060150375939,6.604431921253615e+25,0.0016266640769177886,0.0016266640769177886,0.0016266640769177886,0.0016266640769177886
earnings25,le24k,ticker_disjoint,v,30,mlp_wavlm_text_audio_pastvol,test,55,5.271150993195133e+26,17582080637087.703,-4.1974064864949054e+27,0.03556317895940537,3.1466014494928855e+26,4.722968404582346e-05,4.722968404582346e-05,4.722968404582346e-05,4.722968404582346e-05
earnings25,le24k,ticker_disjoint,v,30,mlp_wavlm_text_audio_pastvol,val,20,3.429718315023387e+26,15419801080506.36,-3.1239158139182806e+27,0.04060150375939849,3.1466014494928855e+26,0.001149928612867905,0.001149928612867905,0.001149928612867905,0.001149928612867905
earnings25,le24k,ticker_disjoint,v,30,ridge_egemaps_audio,test,55,0.1829199021426002,0.3448387491945942,-0.45658734639465215,-0.3247951210215361,,0.10560879344217883,0.011980312021588217,0.013689004125206117,0.07199172916863268
earnings25,le24k,ticker_disjoint,v,30,ridge_egemaps_audio,val,20,0.1668523481296678,0.3473468671030385,-0.5197536387419421,-0.05714285714285714,,0.2943404660434818,0.061738925129862156,0.6414539422100564,0.7445045453941258
earnings25,le24k,ticker_disjoint,v,30,ridge_egemaps_audio_pastvol,test,55,0.1615356991434792,0.331831219858678,-0.2863053861683016,0.2653325709929483,,0.17232251078787653,0.05690899285230657,0.06164533949833663,0.9939938663981348
earnings25,le24k,ticker_disjoint,v,30,ridge_egemaps_audio_pastvol,val,20,0.114879689682168,0.2981305850323386,-0.046367212502996136,0.4240601503759398,,0.8935872957344924,0.34368949155494377,0.26529285548298176,0.13789984569364525
earnings25,le24k,ticker_disjoint,v,30,ridge_emotion2vec_audio,test,55,0.18186331695984806,0.3374152584711794,-0.4481737807325348,0.15555555555555553,,0.14450069108420877,0.027976169411732192,0.03589857001599488,0.17552833998090528
earnings25,le24k,ticker_disjoint,v,30,ridge_emotion2vec_audio,val,20,0.17764343223143514,0.34319752885087434,-0.6180428717881941,-0.016541353383458645,,0.22308008582339112,0.06658025935649593,0.49540191851537746,0.24478693724744693
earnings25,le24k,ticker_disjoint,v,30,ridge_emotion2vec_audio_pastvol,test,55,0.15674529171669663,0.30852802621115605,-0.2481594722453493,0.361387459500667,,0.316058264537789,0.10769141019666144,0.15700211846074488,0.7052149061304885
earnings25,le24k,ticker_disjoint,v,30,ridge_emotion2vec_audio_pastvol,val,20,0.13151675729859208,0.2953921298364042,-0.19790385152234502,0.3639097744360902,,0.5399050379359208,0.23961868662646477,0.7256702174143627,0.3160472328724099
earnings25,le24k,ticker_disjoint,v,30,ridge_wavlm_audio,test,55,0.18660654887694486,0.35380712680237625,-0.4859440370607522,-0.09799885648942251,,0.07925159615425253,0.00651705588062589,0.006564499175593258,0.01819567538850755
earnings25,le24k,ticker_disjoint,v,30,ridge_wavlm_audio,val,20,0.17546665258891375,0.34831764128338216,-0.5982159480466693,-0.08270676691729321,,0.2523483048582293,0.056484473597826844,0.5132593513111456,0.41317340421479215
earnings25,le24k,ticker_disjoint,v,30,ridge_wavlm_audio_pastvol,test,55,0.21509250611648512,0.36826175514287707,-0.7127771174365936,0.11141604726510385,,0.015435683078494663,0.006577140813532662,0.005851732940160452,0.036767735408895795
earnings25,le24k,ticker_disjoint,v,30,ridge_wavlm_audio_pastvol,val,20,0.15124845283160757,0.3058071545983127,-0.3776275199093435,0.25112781954887214,,0.4386470105496294,0.11840068805975117,0.9309893221078349,0.7697722948311491
earnings25,le24k,ticker_disjoint,v,30,ridge_wavlm_egemaps_audio,test,55,0.1883966491036478,0.3559775026739303,-0.5001985676419081,-0.16760053363826946,,0.07033251747092098,0.0050763288429046495,0.005273673689193431,0.011192675886274258
earnings25,le24k,ticker_disjoint,v,30,ridge_wavlm_egemaps_audio,val,20,0.17613357695252424,0.34773155252038934,-0.6042905447767974,-0.07368421052631578,,0.24856085536353842,0.05680977165893349,0.4986145604940684,0.378974696416696
earnings25,le24k,ticker_disjoint,v,30,ridge_wavlm_egemaps_audio_pastvol,test,55,0.2154472787231916,0.3700554956483781,-0.7156021642670543,0.06552315608919382,,0.015669323910130192,0.003715555168853967,0.004036956781910966,0.016868739930248334
earnings25,le24k,ticker_disjoint,v,30,ridge_wavlm_egemaps_audio_pastvol,val,20,0.156696632287583,0.3149000285777844,-0.42725157761995547,0.24511278195488717,,0.41727900343008323,0.13111323020389995,0.8244165629704326,0.8914355346192464
earnings25,le24k,ticker_disjoint,v,30,ridge_wavlm_text_audio_pastvol,test,55,0.1723936530176699,0.34807106800499915,-0.3727670452640597,0.14709357728225647,,0.12432055969410313,0.019450222302512296,0.016534449137969285,0.04406049743214382
earnings25,le24k,ticker_disjoint,v,30,ridge_wavlm_text_audio_pastvol,val,20,0.1749930434137249,0.34773681795237243,-0.5939021384095675,-0.03458646616541353,,0.21196526426914647,0.06342208347384912,0.4651782452644809,0.12202671914220505
