call_id,decode_ok,codec,sample_rate,channels,bit_rate,duration_sec,peak_dbfs,rms_dbfs,clip_ratio,silence_ratio,reason
4320211,True,pcm_s16le,16000,1,256000,3285.816,-1.199046,-20.532075,0.0,0.16765309895624103,
4330115,True,pcm_s16le,16000,1,256000,2458.872,0.000265,-19.322068,2.5418159220976123e-08,0.154469084604648,
4341191,True,pcm_s16le,16000,1,256000,5740.608,0.000265,-18.591862,4.859023643488634e-05,0.20604382758760048,
