call_id,ticker,call_date,tier,anchor_et,session_rule,source_ref
1630481,BMY,2019-01-24,edgar_8k,2019-01-24T08:54,before_open,0001140361-19-001470
1630525,F,2019-01-23,edgar_8k,2019-01-23T11:37,intraday,0000037996-19-000008
1631082,DXC,2019-02-07,edgar_8k,2019-02-07T16:24,after_close,0001688568-19-000006
1631282,CAH,2019-02-07,edgar_8k,2019-02-07T06:57,before_open,0000721371-19-000008
1631581,JNJ,2019-01-21,edgar_8k,2019-01-22T08:00,after_call_date,0000200406-19-000004
1631662,MRK,2019-01-31,edgar_8k,2019-02-01T06:52,after_call_date,0001104659-19-004932
1632021,BSX,2019-02-06,edgar_8k,2019-02-06T06:36,before_open,0000885725-19-000009
1632164,EHC,2019-02-07,edgar_8k,2019-02-07T17:02,after_close,0000785161-19-000005
1632284,CVS,2019-02-20,edgar_8k,2019-02-20T07:01,before_open,0000064803-19-000006
1632352,TFX,2019-02-20,edgar_8k,2019-02-21T07:02,after_call_date,0000096943-19-000017
1633114,AMT,2019-02-27,edgar_8k,2019-02-27T07:05,before_open,0001053507-19-000010
1633166,ZTS,2019-02-14,edgar_8k,2019-02-14T07:39,before_open,0001555280-19-000027
1633290,XRAY,2019-03-01,edgar_8k,2019-03-01T06:34,before_open,0000818479-19-000004
1633604,KBH,2019-01-09,edgar_8k,2019-01-09T16:17,after_close,0000795266-19-000002
1634932,GM,2019-02-06,edgar_8k,2019-02-06T09:59,intraday,0001467858-19-000029
1635298,C,2019-01-14,edgar_8k,2019-01-14T08:31,before_open,0001104659-19-001687
1635649,SNV,2018-01-15,assumed_after_hours,,assumed_after_hours,
1635734,JPM,2019-01-15,edgar_8k,2019-01-15T06:46,before_open,0000019617-19-000002
1636140,BNY,2019-01-16,edgar_8k,2019-01-16T06:39,before_open,0001390777-19-000004
1636151,BAC,2019-01-16,edgar_8k,2019-01-16T06:46,before_open,0000070858-19-000003
1636157,BLK,2019-01-16,dec_flag,,before_open,BLK_2018_Q4_20190116
1636169,BWA,2019-02-14,assumed_after_hours,,assumed_after_hours,
1636229,GS,2019-01-16,edgar_8k,2019-01-16T07:41,before_open,0001193125-19-010282
1636261,CMA,2019-01-16,assumed_after_hours,,assumed_after_hours,
1636262,UAL,2019-01-16,edgar_8k,2019-01-15T16:14,before_open,0000100517-19-000006
1636464,CSX,2019-01-17,edgar_8k,2019-01-16T16:02,before_open,0000277948-19-000004
1636471,AA,2019-01-16,edgar_8k,2019-01-16T16:11,after_close,0001157523-19-000079
1636754,KEY,2019-01-17,edgar_8k,2019-01-17T07:00,before_open,0000091576-19-000003
1636872,FAST,2019-01-17,edgar_8k,2019-01-17T07:40,before_open,0000815556-19-000004
1636896,DPZ,2019-02-21,edgar_8k,2019-02-21T07:31,before_open,0001193125-19-046183
1636956,PPG,2019-01-17,edgar_8k,2019-01-17T13:36,intraday,0000079879-19-000004
1637034,AXP,2019-01-17,edgar_8k,2019-01-17T16:07,after_close,0000004962-19-000004
1637246,VFC,2019-01-18,edgar_8k,2019-01-18T06:55,before_open,0001157523-19-000094
1637296,CFG,2019-01-18,edgar_8k,2019-01-18T07:56,before_open,0001193125-19-012083
1637341,STT,2019-01-18,edgar_8k,2019-01-18T10:04,intraday,0000093751-19-000005
1638098,SWK,2019-01-22,edgar_8k,2019-01-22T06:44,before_open,0000093556-19-000002
1638175,TRV,2019-01-22,edgar_8k,2019-01-22T07:01,before_open,0000086312-19-000005
1638565,COF,2019-01-22,edgar_8k,2019-01-22T16:05,after_close,0000927628-19-000016
1638814,PG,2019-01-23,edgar_8k,2019-01-23T07:07,before_open,0000080424-19-000008
1638815,CMCSA,2019-01-23,edgar_8k,2019-01-23T07:05,before_open,0001104659-19-002843
1638952,KMB,2019-01-21,assumed_after_hours,,assumed_after_hours,
1639235,LRCX,2019-01-23,edgar_8k,2019-01-23T16:07,after_close,0000707549-19-000004
1639246,LVS,2019-01-23,edgar_8k,2019-01-23T16:10,after_close,0001300514-19-000003
1639601,TXT,2019-01-24,edgar_8k,2019-01-24T06:34,before_open,0001104659-19-003063
1639608,MKC,2019-01-23,edgar_8k,2019-01-24T08:09,after_call_date,0000063754-19-000013
1639762,UNP,2019-01-24,edgar_8k,2019-01-24T08:06,before_open,0000100885-19-000036
1639809,TER,2019-01-24,edgar_8k,2019-01-24T06:06,before_open,0001193125-19-015261
1639823,FCX,2019-01-24,edgar_8k,2019-01-24T15:12,intraday,0000831259-19-000002
1639857,AEP,2019-01-24,edgar_8k,2019-01-24T07:12,before_open,0000004904-19-000003
1639872,GWW,2019-01-24,edgar_8k,2019-01-24T08:29,before_open,0000277135-19-000004
1640196,NSC,2019-01-24,edgar_8k,2019-01-24T16:08,after_close,0000702165-19-000004
1640216,DFS,2019-01-24,assumed_after_hours,,assumed_after_hours,
1640723,CL,2019-04-23,assumed_after_hours,,assumed_after_hours,
1641285,CAT,2019-01-28,edgar_8k,2019-01-28T07:38,before_open,0000018230-19-000021
1641674,WHR,2019-01-28,edgar_8k,2019-01-28T16:13,after_close,0000106640-19-000005
1641690,XRX,2019-01-29,assumed_after_hours,,assumed_after_hours,
1641787,PHM,2019-01-28,edgar_8k,2019-01-29T07:23,after_call_date,0000822416-19-000004
1641795,HOG,2019-01-29,edgar_8k,2019-01-29T06:57,before_open,0000793952-19-000003
1641799,MMM,2019-01-29,edgar_8k,2019-01-29T07:02,before_open,0001104659-19-003838
1641854,CE,2019-01-29,edgar_8k,2019-01-28T16:54,before_open,0001306830-19-000010
1641855,DOV,2019-01-29,edgar_8k,2019-01-29T06:47,before_open,0000029905-19-000008
1641867,HCA,2019-09-19,assumed_after_hours,,assumed_after_hours,
1641895,ROK,2019-01-29,edgar_8k,2019-01-29T07:05,before_open,0001024478-19-000005
1641983,LMT,2019-01-29,edgar_8k,2019-01-29T07:31,before_open,0000936468-19-000004
1641994,PCAR,2019-01-29,edgar_8k,2019-01-29T08:05,before_open,0001564590-19-001268
1642264,ALGN,2019-01-29,edgar_8k,2019-01-29T16:01,after_close,0001171843-19-000568
1642281,EBAY,2019-01-29,edgar_8k,2019-01-29T16:22,after_close,0001065088-19-000003
1642318,AMD,2019-01-29,edgar_8k,2019-01-29T16:19,after_close,0000002488-19-000004
1642321,KLAC,2019-01-29,edgar_8k,2019-01-29T16:27,after_close,0000319201-19-000006
1642715,NDAQ,2019-01-30,edgar_8k,2019-01-30T07:05,before_open,0001193125-19-021635
1642770,ADP,2019-01-30,edgar_8k,2019-01-30T06:55,before_open,0000008670-19-000003
1642789,GD,2019-01-30,edgar_8k,2019-01-30T08:30,before_open,0000040533-19-000004
1642852,IVZ,2019-01-30,edgar_8k,2019-01-30T08:04,before_open,0000914208-19-000013
1642895,MKTX,2019-01-30,edgar_8k,2019-01-30T07:00,before_open,0001193125-19-021632
1642899,RCL,2019-01-29,edgar_8k,2019-01-30T08:59,after_call_date,0000884887-19-000003
1642903,HES,2019-01-29,assumed_after_hours,,assumed_after_hours,
1642908,PFG,2019-01-29,edgar_8k,2019-01-29T17:26,after_close,0001126328-19-000028
1642940,IEX,2019-01-30,edgar_8k,2019-01-30T09:30,intraday,0000832101-19-000002
1642965,IR,2019-02-19,edgar_8k,2019-02-19T19:29,after_close,0001140361-19-003492
1643051,AVY,2019-01-30,edgar_8k,2019-01-30T06:46,before_open,0001104659-19-004275
1643306,FICO,2019-01-30,edgar_8k,2019-01-30T16:16,after_close,0001144204-19-003771
1643320,QCOM,2019-01-30,edgar_8k,2019-01-30T16:03,after_close,0001728949-19-000011
1643351,NOW,2019-01-30,edgar_8k,2019-01-30T16:12,after_close,0001373715-19-000006
1643352,PYPL,2019-01-30,edgar_8k,2019-01-30T16:26,after_close,0001633917-19-000032
1643361,MDLZ,2019-01-30,edgar_8k,2019-01-30T16:16,after_close,0001193125-19-022578
1643375,MSFT,2019-02-01,edgar_8k,2019-01-30T16:03,before_open,0001193125-19-022553
1643886,CHTR,2019-01-31,edgar_8k,2019-01-31T07:02,before_open,0001091667-19-000027
1643891,GE,2019-01-31,edgar_8k,2019-01-31T07:42,before_open,0000040545-19-000006
1643897,MRSH,2019-02-05,assumed_after_hours,,assumed_after_hours,
1643926,UPS,2019-01-31,edgar_8k,2019-01-31T07:29,before_open,0001090727-19-000003
1643963,BX,2019-01-31,edgar_8k,2019-01-31T06:55,before_open,0001193125-19-023127
1643972,X,2019-01-30,assumed_after_hours,,assumed_after_hours,
1643994,MA,2019-01-31,edgar_8k,2019-01-31T08:01,before_open,0001141391-19-000005
1643997,XYL,2019-01-30,edgar_8k,2019-01-31T07:01,after_call_date,0001524472-19-000005
1644011,MO,2019-01-31,edgar_8k,2019-01-31T07:06,before_open,0000764180-19-000010
1644025,AMP,2019-01-31,edgar_8k,2019-01-30T16:23,before_open,0000820027-19-000003
1644100,IP,2019-01-31,edgar_8k,2019-01-31T07:27,before_open,0000051434-19-000003
1644276,KIM,2019-02-25,assumed_after_hours,,assumed_after_hours,
1644277,PH,2019-01-31,edgar_8k,2019-01-31T08:36,before_open,0000076334-19-000012
1644289,MSCI,2019-01-31,edgar_8k,2019-01-31T07:16,before_open,0001157523-19-000193
1644346,NOC,2019-01-31,edgar_8k,2019-01-31T06:32,before_open,0001133421-19-000006
1644425,ESS,2019-01-30,edgar_8k,2019-01-30T16:55,after_close,0001140361-19-001969
1644452,BC,2019-01-31,edgar_8k,2019-01-31T06:52,before_open,0000014930-19-000004
1644723,AMZN,2019-01-31,edgar_8k,2019-01-31T16:30,after_close,0001018724-19-000002
1645159,ROP,2019-01-31,edgar_8k,2019-02-01T07:32,after_call_date,0000882835-19-000003
1645172,EMN,2019-02-01,edgar_8k,2019-01-31T16:40,before_open,0000915389-19-000004
1645214,HON,2019-02-01,edgar_8k,2019-02-01T06:37,before_open,0000930413-19-000246
1645375,XOM,2019-02-01,edgar_8k,2019-02-01T07:58,before_open,0000034088-19-000002
1645384,WY,2019-02-01,edgar_8k,2019-01-31T20:42,before_open,0000106535-19-000006
1645457,CVX,2019-02-01,edgar_8k,2019-02-01T09:00,before_open,0000093410-19-000002
1646770,IT,2019-02-05,edgar_8k,2019-02-05T06:05,before_open,0000749251-19-000002
1646774,LEG,2019-02-04,edgar_8k,2019-02-04T16:38,after_close,0001193125-19-027062
1646871,ADM,2019-02-05,edgar_8k,2019-02-05T11:36,intraday,0000007084-19-000002
1646974,OLN,2019-02-05,edgar_8k,2019-02-04T16:27,before_open,0000074303-19-000008
1647101,AVB,2019-02-04,edgar_8k,2019-02-05T07:42,after_call_date,0000915912-19-000002
1647116,TDG,2019-02-05,edgar_8k,2019-02-05T07:28,before_open,0001260221-19-000004
1647200,CHD,2019-02-05,edgar_8k,2019-02-05T07:27,before_open,0001564590-19-001888
1647544,EA,2019-02-05,edgar_8k,2019-02-05T16:08,after_close,0001193125-19-028291
1647970,ATO,2019-02-06,edgar_8k,2019-02-05T17:12,before_open,0000731802-19-000005
1648040,CTSH,2019-02-06,edgar_8k,2019-02-06T07:04,before_open,0001058290-19-000006
1648299,CMI,2019-02-06,edgar_8k,2019-02-06T07:53,before_open,0000026172-19-000004
1648762,FTNT,2019-02-06,edgar_8k,2019-02-06T16:22,after_close,0001262039-19-000002
1649375,MAS,2019-02-07,edgar_8k,2019-02-07T07:06,before_open,0000062996-19-000008
1649412,CDW,2019-02-07,edgar_8k,2019-02-07T07:10,before_open,0001171843-19-000786
1649428,ICE,2019-02-07,edgar_8k,2019-02-07T07:30,before_open,0001144204-19-005443
1649478,TSN,2019-02-07,edgar_8k,2019-02-07T07:43,before_open,0000100493-19-000013
1649512,BR,2019-02-06,edgar_8k,2019-02-07T08:04,after_call_date,0001383312-19-000006
1649570,MPC,2019-02-07,edgar_8k,2019-02-07T06:33,before_open,0001510295-19-000010
1649577,K,2019-02-07,assumed_after_hours,,assumed_after_hours,
1649663,SEE,2019-02-07,assumed_after_hours,,assumed_after_hours,
1649734,SNA,2011-04-27,assumed_after_hours,,assumed_after_hours,
1649814,PRU,2019-02-06,edgar_8k,2019-02-06T16:18,after_close,0001193125-19-029574
1649930,NOV,2019-02-07,edgar_8k,2019-02-06T19:15,before_open,0001564590-19-002195
1650103,PM,2019-02-07,edgar_8k,2019-02-07T13:03,intraday,0001413329-19-000005
1650417,VRSN,2019-02-07,edgar_8k,2019-02-07T16:10,after_close,0001014473-19-000003
1650515,WU,2019-02-06,edgar_8k,2019-02-07T16:11,after_call_date,0001558370-19-000460
1650608,MAT,2019-02-07,edgar_8k,2019-02-07T16:05,after_close,0001628280-19-001077
1650623,MSI,2019-02-07,edgar_8k,2019-02-07T16:15,after_close,0000068505-19-000003
1651217,CBOE,2019-02-08,edgar_8k,2019-02-08T06:55,before_open,0001558370-19-000489
1651258,HAS,2019-02-08,edgar_8k,2019-02-08T07:34,before_open,0000046080-19-000008
1651565,PSX,2019-02-08,edgar_8k,2019-02-08T10:04,intraday,0001534701-19-000058
1653145,BHF,2019-02-11,edgar_8k,2019-02-11T16:28,after_close,0001685040-19-000003
1653200,OMC,2019-02-12,edgar_8k,2019-02-12T08:24,before_open,0000891092-19-001713
1653251,FIS,2019-02-12,edgar_8k,2019-02-12T07:06,before_open,0001136893-19-000005
1653279,FMC,2019-02-12,edgar_8k,2019-02-11T16:55,before_open,0000037785-19-000021
1653563,MLM,2019-02-12,edgar_8k,2019-02-12T15:38,intraday,0001564590-19-002661
1653568,TAP,2019-02-11,edgar_8k,2019-02-12T07:09,after_call_date,0001157523-19-000295
1654714,AIZ,2019-02-19,assumed_after_hours,,assumed_after_hours,
1654753,CBRE,2019-02-12,edgar_8k,2019-02-13T06:55,after_call_date,0001564590-19-002750
1654759,TRIP,2019-02-12,edgar_8k,2019-02-12T16:02,after_close,0001564590-19-002677
1655362,OXY,2019-02-13,edgar_8k,2019-02-12T16:16,before_open,0001104659-19-007510
1655685,CSCO,2019-02-13,edgar_8k,2019-02-13T16:10,after_close,0001193125-19-037964
1655814,MGM,2019-02-13,edgar_8k,2019-02-13T16:30,after_close,0001564590-19-002839
1656490,EPAM,2019-02-13,edgar_8k,2019-02-13T21:50,after_close,0001352010-19-000004
1656562,IRM,2019-02-14,edgar_8k,2019-02-14T06:09,before_open,0001020569-19-000015
1656594,WST,2019-02-14,edgar_8k,2019-02-14T09:43,intraday,0000105770-19-000006
1656627,AIG,2019-02-14,edgar_8k,2019-02-13T16:53,before_open,0001144204-19-007284
1656657,ZBRA,2019-02-14,edgar_8k,2019-02-14T08:04,before_open,0000877212-19-000008
1656662,CF,2017-11-01,edgar_8k,2017-11-01T16:35,after_close,0001324404-17-000023
1656664,HII,2019-02-14,edgar_8k,2019-02-14T07:28,before_open,0001501585-19-000003
1656707,IQV,2019-02-14,edgar_8k,2019-02-14T07:00,before_open,0001157523-19-000336
1656799,IFF,2018-02-14,edgar_8k,2018-02-14T16:57,after_close,0001157523-18-000329
1656986,REG,2019-02-11,assumed_after_hours,,assumed_after_hours,
1657156,VMC,2019-02-14,edgar_8k,2019-02-14T08:15,before_open,0001144204-19-007543
1658631,DE,2019-02-15,edgar_8k,2019-02-15T06:05,before_open,0001104659-19-008904
1658727,MCO,2019-02-15,edgar_8k,2019-02-15T07:30,before_open,0001157523-19-000357
1660217,PANW,2019-02-28,edgar_8k,2019-02-26T16:17,before_open,0001327567-19-000006
1660224,WMT,2019-02-18,edgar_8k,2019-02-19T07:00,after_call_date,0000104169-19-000011
1660329,SCI,2019-02-18,edgar_8k,2019-02-19T06:07,after_call_date,0001144204-19-008752
1661512,SO,2019-02-20,edgar_8k,2019-02-20T07:06,before_open,0000092122-19-000008
1661521,AWK,2019-02-19,edgar_8k,2019-02-19T16:43,after_close,0001410636-19-000047
1661557,NI,2019-02-20,edgar_8k,2019-02-20T06:31,before_open,0001111711-19-000006
1661867,DVN,2019-02-19,edgar_8k,2019-02-19T17:17,after_close,0001193125-19-044388
1661896,TRGP,2019-02-20,edgar_8k,2019-02-20T06:15,before_open,0001564590-19-003346
1662390,A,2019-02-20,edgar_8k,2019-02-20T16:06,after_close,0001090872-19-000004
1663044,FTI,2019-02-21,edgar_8k,2019-02-20T16:52,before_open,0001681459-19-000007
1663048,BG,2019-02-21,assumed_after_hours,,assumed_after_hours,
1663214,ALB,2019-02-20,edgar_8k,2019-02-20T16:45,after_close,0000915913-19-000015
1663300,ES,2019-02-21,edgar_8k,2019-02-20T16:32,before_open,0000072741-19-000006
1663412,NCLH,2019-02-20,edgar_8k,2019-02-21T08:17,after_call_date,0001171843-19-001074
1663606,FLS,2019-02-21,edgar_8k,2019-02-20T16:12,before_open,0001157523-19-000390
1664220,KEYS,2019-02-20,edgar_8k,2019-02-21T16:08,after_call_date,0001601046-19-000004
1664338,HPE,2019-02-20,edgar_8k,2019-02-21T16:22,after_call_date,0001645590-19-000008
1664419,FLR,2019-02-21,edgar_8k,2019-02-21T16:23,after_close,0001628280-19-001650
1664423,KHC,2019-02-21,edgar_8k,2019-02-21T17:02,after_close,0001637459-19-000010
1665165,LNT,2019-02-22,edgar_8k,2019-02-21T18:04,before_open,0000352541-19-000010
1667511,WAB,2019-02-25,edgar_8k,2019-02-25T07:50,before_open,0001140361-19-003727
1668003,ETSY,2019-02-25,edgar_8k,2019-02-25T16:07,after_close,0001370637-19-000017
1668930,M,2019-02-26,edgar_8k,2019-02-26T08:56,before_open,0000794367-19-000017
1669071,OKE,2019-02-25,edgar_8k,2019-02-25T16:28,after_close,0001039684-19-000014
1670550,CPB,2019-02-26,edgar_8k,2019-02-27T07:33,after_call_date,0000016732-19-000021
1670663,AES,2019-02-27,edgar_8k,2019-02-26T19:45,before_open,0000874761-19-000014
1670684,LOW,2019-02-27,edgar_8k,2019-02-27T08:16,before_open,0000060667-19-000022
1670838,EOG,2019-02-26,edgar_8k,2019-02-26T16:21,after_close,0000821189-19-000008
1671922,HPQ,2019-02-27,edgar_8k,2019-02-27T16:11,after_close,0000047217-19-000011
1672623,ANSS,2019-02-26,assumed_after_hours,,assumed_after_hours,
1673527,PGR,2019-02-27,assumed_after_hours,,assumed_after_hours,
1673949,JWN,2019-02-28,assumed_after_hours,,assumed_after_hours,
1673999,EIX,2019-02-28,edgar_8k,2019-02-28T16:09,after_close,0000827052-19-000033
1674144,ADSK,2019-02-28,edgar_8k,2019-02-28T16:02,after_close,0000769397-19-000006
1677343,CIEN,2019-01-31,assumed_after_hours,,assumed_after_hours,
1678265,URBN,2019-03-05,assumed_after_hours,,assumed_after_hours,
1678430,AZO,2019-02-26,edgar_8k,2019-02-26T07:15,before_open,0001171843-19-001205
1678781,ANF,2019-03-05,assumed_after_hours,,assumed_after_hours,
1680131,HRB,2019-03-07,edgar_8k,2019-03-07T08:24,before_open,0001574842-19-000003
1690493,GIS,2019-03-19,edgar_8k,2019-03-20T07:59,after_call_date,0001564590-19-008551
1690859,MU,2019-03-20,edgar_8k,2019-03-20T16:00,after_close,0000723125-19-000012
1691216,DRI,2019-03-21,edgar_8k,2019-03-21T07:09,before_open,0000940944-19-000009
1691275,CAG,2019-03-21,edgar_8k,2019-03-21T07:36,before_open,0001193125-19-081456
1692833,MKC,2019-03-26,edgar_8k,2019-03-26T06:50,before_open,0000063754-19-000061
1692960,FDS,2019-03-26,edgar_8k,2019-03-26T07:05,before_open,0001437749-19-005654
1693639,PAYX,2019-03-27,edgar_8k,2019-03-27T16:45,after_close,0000723531-19-000012
1695833,WBA,2019-04-02,assumed_after_hours,,assumed_after_hours,
1696831,STZ,2019-05-01,assumed_after_hours,,assumed_after_hours,
1697746,PFG,2019-04-25,edgar_8k,2019-04-25T17:38,after_close,0001126328-19-000143
1697768,BNY,2019-04-17,edgar_8k,2019-04-17T06:35,before_open,0001390777-19-000062
1698531,FAST,2019-04-11,edgar_8k,2019-04-11T07:34,before_open,0000815556-19-000023
1698650,BA,2019-04-24,edgar_8k,2019-04-24T07:56,before_open,0000950123-19-003561
1698896,PNC,2019-04-12,edgar_8k,2019-04-12T06:57,before_open,0000713676-19-000025
1699229,GS,2019-04-15,edgar_8k,2019-04-15T07:29,before_open,0001193125-19-105761
1699252,C,2019-04-15,edgar_8k,2019-04-15T09:25,before_open,0001104659-19-021242
1699584,CMA,2019-04-15,assumed_after_hours,,assumed_after_hours,
1699592,OMC,2019-04-16,edgar_8k,2019-04-16T08:01,before_open,0000891092-19-004536
1699602,BAC,2019-04-16,edgar_8k,2019-04-16T06:45,before_open,0000070858-19-000021
1699610,JNJ,2019-04-16,edgar_8k,2019-04-16T07:52,before_open,0000200406-19-000025
1699644,FHN,2019-04-16,edgar_8k,2019-04-16T06:30,before_open,0001171843-19-002427
1699707,PLD,2019-04-15,edgar_8k,2019-04-16T08:19,after_call_date,0001564590-19-011671
1699809,CSX,2019-04-16,edgar_8k,2019-04-16T16:01,after_close,0000277948-19-000021
1700094,TXT,2019-04-17,edgar_8k,2019-04-17T06:37,before_open,0001104659-19-021777
1700134,USB,2019-04-17,edgar_8k,2019-04-17T06:50,before_open,0001193125-19-108357
1700170,ABT,2019-04-16,edgar_8k,2019-04-17T07:50,after_call_date,0001104659-19-021809
1700249,UAL,2019-04-17,edgar_8k,2019-04-16T16:14,before_open,0000100517-19-000011
1700489,LVS,2019-04-17,edgar_8k,2019-04-17T16:08,after_close,0001300514-19-000039
1700815,DHR,2019-04-18,edgar_8k,2019-04-17T18:31,before_open,0000313616-19-000070
1700834,SYF,2019-04-18,edgar_8k,2019-04-18T06:30,before_open,0001601712-19-000121
1700848,AXP,2019-04-17,edgar_8k,2019-04-18T07:34,after_call_date,0000004969-19-000018
1700866,HON,2019-04-18,edgar_8k,2019-04-18T06:35,before_open,0000930413-19-001231
1700888,PM,2019-04-18,edgar_8k,2019-04-18T09:05,before_open,0001413329-19-000029
1700929,BX,2019-04-18,edgar_8k,2019-04-18T06:56,before_open,0001193125-19-109826
1700948,UNP,2019-04-18,edgar_8k,2019-04-18T08:06,before_open,0000100885-19-000125
1700964,DOV,2019-04-18,edgar_8k,2019-04-18T06:48,before_open,0000029905-19-000028
1701002,KEY,2019-04-18,edgar_8k,2019-04-18T06:56,before_open,0000091576-19-000013
1701034,CCI,2019-04-18,edgar_8k,2019-04-17T16:21,before_open,0001051470-19-000110
1701078,URI,2019-04-17,edgar_8k,2019-04-17T16:51,after_close,0001067701-19-000017
1701224,PPG,2019-04-18,edgar_8k,2019-04-18T13:38,intraday,0000079879-19-000013
1701915,KMB,2019-04-22,edgar_8k,2019-04-22T09:05,before_open,0000055785-19-000030
1702064,ZION,2019-04-22,edgar_8k,2019-04-22T16:40,after_close,0000109380-19-000130
1702269,NDAQ,2019-04-24,edgar_8k,2019-04-24T07:07,before_open,0001193125-19-115672
1702273,WHR,2019-04-23,edgar_8k,2019-04-22T16:20,before_open,0000106640-19-000095
1702301,HAS,2019-04-23,edgar_8k,2019-04-23T07:16,before_open,0000046080-19-000049
1702322,VZ,2019-04-23,edgar_8k,2019-04-23T07:31,before_open,0000732712-19-000020
1702336,PG,2019-04-23,edgar_8k,2019-04-23T07:05,before_open,0000080424-19-000028
1702371,PHM,2019-04-22,edgar_8k,2019-04-23T07:52,after_call_date,0000822416-19-000017
1702402,STT,2019-04-23,edgar_8k,2019-04-23T07:11,before_open,0000093751-19-000383
1702505,NTRS,2019-04-23,edgar_8k,2019-04-23T07:46,before_open,0000073124-19-000127
1702533,FITB,2019-04-23,edgar_8k,2019-04-23T06:31,before_open,0001193125-19-114107
1702596,LMT,2019-04-23,edgar_8k,2019-04-23T07:31,before_open,0000936468-19-000019
1702954,EBAY,2019-04-23,edgar_8k,2019-04-23T16:19,after_close,0001065088-19-000017
1703347,SWK,2019-04-24,edgar_8k,2019-04-24T06:45,before_open,0000093556-19-000013
1703360,BSX,2019-04-24,edgar_8k,2019-04-24T06:33,before_open,0000885725-19-000021
1703447,GD,2019-04-24,edgar_8k,2019-04-24T08:36,before_open,0000040533-19-000018
1703451,BIIB,2019-04-24,edgar_8k,2019-04-24T06:38,before_open,0000875045-19-000014
1703486,NSC,2019-04-24,edgar_8k,2019-04-24T08:07,before_open,0000702165-19-000028
1703631,MKTX,2019-04-24,edgar_8k,2019-04-24T07:03,before_open,0001193125-19-115669
1703637,TER,2019-04-24,edgar_8k,2019-04-24T06:09,before_open,0001193125-19-115617
1703663,APD,2019-04-24,edgar_8k,2019-04-24T08:01,before_open,0000002969-19-000026
1703766,CAT,2019-04-24,edgar_8k,2019-04-24T07:33,before_open,0000018230-19-000139
1703819,MCO,2019-04-24,edgar_8k,2019-04-24T07:30,before_open,0001157523-19-000868
1703871,NOC,2019-04-24,edgar_8k,2019-04-24T06:30,before_open,0001133421-19-000020
1703930,AVY,2019-04-24,edgar_8k,2019-04-24T06:46,before_open,0001104659-19-023216
1704288,ALGN,2019-04-24,edgar_8k,2019-04-24T16:00,after_close,0001171843-19-002589
1704303,LRCX,2019-04-24,edgar_8k,2019-04-24T16:11,after_close,0000707549-19-000066
1704309,NOW,2019-04-24,edgar_8k,2019-04-24T16:13,after_close,0001373715-19-000105
1704312,PYPL,2019-04-24,edgar_8k,2019-04-24T16:30,after_close,0001633917-19-000115
1704343,MSFT,2019-04-24,edgar_8k,2019-04-24T16:04,after_close,0001193125-19-117108
1704344,V,2019-04-24,edgar_8k,2019-04-24T16:04,after_close,0001403161-19-000014
1704846,MAS,2019-04-25,edgar_8k,2019-04-25T07:06,before_open,0000062996-19-000022
1704854,XRX,2019-04-25,assumed_after_hours,,assumed_after_hours,
1704896,ROK,2019-04-25,edgar_8k,2019-04-25T07:02,before_open,0001024478-19-000016
1704912,ROP,2019-04-24,edgar_8k,2019-04-25T08:00,after_call_date,0000882835-19-000017
1704918,BAX,2019-04-25,edgar_8k,2019-04-25T07:24,before_open,0001193125-19-117975
1704948,MRSH,2019-04-26,edgar_8k,2019-04-25T07:22,before_open,0000062709-19-000013
1704966,NEM,2019-04-25,edgar_8k,2019-04-25T06:56,before_open,0001157523-19-000886
1704983,UPS,2019-04-27,edgar_8k,2019-04-25T07:25,before_open,0001090727-19-000008
1705041,MMM,2019-04-25,edgar_8k,2019-04-25T07:07,before_open,0001104659-19-023560
1705045,WST,2019-04-25,edgar_8k,2019-04-25T09:05,before_open,0000105770-19-000018
1705065,XEL,2019-04-25,edgar_8k,2019-04-24T18:07,before_open,0000072903-19-000014
1705068,DHI,2019-04-24,edgar_8k,2019-04-25T12:59,after_call_date,0000882184-19-000092
1705101,CMS,2019-04-25,edgar_8k,2019-04-25T07:08,before_open,0001104659-19-023561
1705203,ITW,2019-04-25,edgar_8k,2019-04-25T09:24,before_open,0000049826-19-000052
1705222,IP,2019-04-25,edgar_8k,2019-04-25T07:18,before_open,0000051434-19-000010
1705260,EQT,2019-04-25,edgar_8k,2019-04-25T06:30,before_open,0000033213-19-000011
1705263,IVZ,2019-04-25,edgar_8k,2019-04-25T08:05,before_open,0000914208-19-000225
1705378,BC,2019-04-24,edgar_8k,2019-04-25T06:47,after_call_date,0000014930-19-000069
1705429,FCX,2019-04-25,edgar_8k,2019-04-25T14:21,intraday,0000831259-19-000015
1705543,ESS,2019-04-24,edgar_8k,2019-04-24T16:32,after_close,0001140361-19-007529
1705639,LUV,2019-04-26,edgar_8k,2019-04-25T06:30,before_open,0000092380-19-000046
1705756,MSCI,2019-05-02,edgar_8k,2019-05-02T07:13,before_open,0001157523-19-001036
1706035,VRSN,2019-04-25,edgar_8k,2019-04-25T16:08,after_close,0001014473-19-000014
1706145,ALK,2019-02-26,assumed_after_hours,,assumed_after_hours,
1706189,MAT,2019-04-25,edgar_8k,2019-04-25T16:05,after_close,0001628280-19-004716
1706199,AMZN,2019-04-24,edgar_8k,2019-04-25T16:10,after_call_date,0001018724-19-000041
1706223,COF,2019-04-25,edgar_8k,2019-04-25T16:05,after_close,0000927628-19-000169
1706273,DFS,2019-04-25,assumed_after_hours,,assumed_after_hours,
1706282,DLR,2019-04-25,edgar_8k,2019-04-25T16:35,after_close,0001297996-19-000069
1707829,FTI,2019-04-26,edgar_8k,2019-04-25T16:50,before_open,0001681459-19-000058
1707873,IPG,2019-04-26,assumed_after_hours,,assumed_after_hours,
1707874,EMN,2019-04-26,edgar_8k,2019-04-25T16:37,before_open,0000915389-19-000015
1708047,GT,2019-04-26,edgar_8k,2019-04-26T08:24,before_open,0001193125-19-120968
1708085,XOM,2019-04-25,edgar_8k,2019-04-26T07:58,after_call_date,0000034088-19-000015
1708091,EHC,2019-04-26,edgar_8k,2019-04-25T16:30,before_open,0000785161-19-000023
1708141,WY,2019-04-26,edgar_8k,2019-04-25T19:49,before_open,0000106535-19-000022
1708150,IEX,2019-04-26,edgar_8k,2019-04-26T09:32,intraday,0000832101-19-000009
1708296,NOV,2019-05-10,assumed_after_hours,,assumed_after_hours,
1708313,LYB,2019-04-26,edgar_8k,2019-04-26T06:40,before_open,0001489393-19-000020
1708318,MHK,2019-05-08,assumed_after_hours,,assumed_after_hours,
1708419,AEP,2019-04-25,edgar_8k,2019-04-25T07:10,before_open,0000004904-19-000016
1708621,HCA,2019-09-19,assumed_after_hours,,assumed_after_hours,
1711679,PH,2019-05-02,edgar_8k,2019-05-02T08:45,before_open,0000076334-19-000044
1712053,SBAC,2019-05-01,edgar_8k,2019-04-29T16:17,before_open,0001193125-19-125229
1712063,MGM,2019-04-29,edgar_8k,2019-04-29T16:30,after_close,0001564590-19-013746
1712594,MRK,2019-04-30,edgar_8k,2019-04-30T06:49,before_open,0001104659-19-024842
1712626,INCY,2019-04-30,edgar_8k,2019-04-30T07:23,before_open,0001104659-19-024856
1712664,MOH,2019-04-29,edgar_8k,2019-04-29T16:19,after_close,0001179929-19-000080
1712669,ZBRA,2019-04-30,edgar_8k,2019-04-30T07:38,before_open,0000877212-19-000015
1712714,CHTR,2019-04-30,edgar_8k,2019-04-30T07:02,before_open,0001091667-19-000083
1712756,IR,2019-04-30,assumed_after_hours,,assumed_after_hours,
1712767,MA,2019-04-30,edgar_8k,2019-04-30T08:02,before_open,0001141391-19-000074
1712775,LLY,2019-04-29,edgar_8k,2019-04-30T13:31,after_call_date,0000059478-19-000171
1712788,GE,2019-04-30,edgar_8k,2019-04-30T06:39,before_open,0000040545-19-000026
1712954,CMI,2019-04-30,edgar_8k,2019-04-30T07:40,before_open,0000026172-19-000012
1713264,PSX,2019-04-30,edgar_8k,2019-04-30T09:30,intraday,0001534701-19-000070
1713407,ECL,2019-04-29,edgar_8k,2019-04-25T17:44,before_open,0001558370-19-003331
1713955,FICO,2019-04-30,edgar_8k,2019-04-30T16:20,after_close,0001144204-19-022384
1714065,EIX,2019-04-30,edgar_8k,2019-04-30T16:10,after_close,0000827052-19-000107
1714748,CVS,2019-05-01,edgar_8k,2019-05-01T06:58,before_open,0000064803-19-000018
1714762,SO,2019-05-01,edgar_8k,2019-05-01T07:02,before_open,0000092122-19-000018
1714817,CDW,2019-05-01,edgar_8k,2019-05-01T07:10,before_open,0001171843-19-002793
1714901,ASH,2019-04-30,edgar_8k,2019-04-30T17:04,after_close,0001564590-19-014369
1715001,ETR,2019-04-30,edgar_8k,2019-05-01T09:28,after_call_date,0000065984-19-000176
1715079,SEE,2019-05-01,assumed_after_hours,,assumed_after_hours,
1715092,HLT,2019-05-07,assumed_after_hours,,assumed_after_hours,
1715133,BXP,2019-05-21,assumed_after_hours,,assumed_after_hours,
1715135,RCL,2019-05-01,edgar_8k,2019-05-01T08:28,before_open,0000884887-19-000020
1715230,OKE,2019-04-30,edgar_8k,2019-04-30T16:24,after_close,0001039684-19-000028
1715267,DVN,2019-04-30,edgar_8k,2019-04-30T16:35,after_close,0001193125-19-129498
1715297,TAP,2019-04-30,edgar_8k,2019-05-01T07:02,after_call_date,0001157523-19-000996
1715359,PNW,2019-05-01,edgar_8k,2019-05-01T08:30,before_open,0000764622-19-000045
1715621,CLX,2019-05-13,assumed_after_hours,,assumed_after_hours,
1716005,HOLX,2019-05-01,assumed_after_hours,,assumed_after_hours,
1716033,QCOM,2019-05-01,edgar_8k,2019-05-01T16:04,after_close,0001728949-19-000034
1716105,TRMB,2019-05-01,edgar_8k,2019-05-01T16:32,after_close,0001193125-19-133147
1716147,DXCM,2019-04-30,edgar_8k,2019-05-01T16:13,after_call_date,0001093557-19-000118
1716161,EQIX,2019-05-01,edgar_8k,2019-05-01T16:07,after_close,0001144204-19-022962
1716775,DD,2019-05-02,edgar_8k,2019-05-02T06:21,before_open,0001666700-19-000016
1716797,TFX,2019-05-01,edgar_8k,2019-05-02T07:02,after_call_date,0000096943-19-000078
1716870,ZTS,2019-05-02,edgar_8k,2019-05-02T07:05,before_open,0001555280-19-000164
1716874,ICE,2019-05-02,edgar_8k,2019-05-02T07:31,before_open,0001144204-19-023120
1716891,SPGI,2019-05-02,edgar_8k,2019-05-02T07:22,before_open,0000064040-19-000127
1716941,CF,2017-11-01,edgar_8k,2017-11-01T16:35,after_close,0001324404-17-000023
1716964,ES,2019-05-02,edgar_8k,2019-05-01T16:16,before_open,0000072741-19-000019
1716980,ANSS,2019-05-01,assumed_after_hours,,assumed_after_hours,
1717019,HII,2019-05-02,edgar_8k,2019-05-02T07:25,before_open,0001501585-19-000009
1717333,PRU,2019-05-01,edgar_8k,2019-05-01T16:19,after_close,0001193125-19-133046
1717515,KIM,2019-05-30,assumed_after_hours,,assumed_after_hours,
1717861,DUK,2019-05-09,edgar_8k,2019-05-09T06:45,before_open,0001326160-19-000150
1718354,MSI,2019-05-02,edgar_8k,2019-05-02T16:14,after_close,0000068505-19-000011
1718372,FTNT,2019-05-02,edgar_8k,2019-05-02T16:19,after_close,0001262039-19-000010
1718412,GILD,2019-05-02,edgar_8k,2019-05-02T16:05,after_close,0000882095-19-000011
1718446,FLR,2019-08-01,edgar_8k,2019-08-01T16:20,after_close,0001628280-19-009781
1718461,ANET,2019-05-02,edgar_8k,2019-05-02T16:14,after_close,0001596532-19-000099
1719393,AMT,2019-05-03,edgar_8k,2019-05-03T07:05,before_open,0001053507-19-000071
1719407,X,2019-05-02,assumed_after_hours,,assumed_after_hours,
1719420,XRAY,2019-05-03,edgar_8k,2019-05-03T06:56,before_open,0000818479-19-000021
1719449,CBOE,2019-05-03,edgar_8k,2019-05-03T08:00,before_open,0001558370-19-003912
1719571,REG,2019-05-02,edgar_8k,2019-05-02T17:39,after_close,0000910606-19-000011
1719865,FLS,2019-05-03,edgar_8k,2019-05-02T16:13,before_open,0001157523-19-001059
1721464,TSN,2019-05-06,edgar_8k,2019-05-06T07:33,before_open,0000100493-19-000062
1721476,AMG,2019-05-05,edgar_8k,2019-05-06T07:55,after_call_date,0001004434-19-000018
1721511,SYY,2019-05-03,assumed_after_hours,,assumed_after_hours,
1722572,IT,2019-05-07,edgar_8k,2019-05-07T06:02,before_open,0000749251-19-000008
1722632,CRL,2019-05-07,edgar_8k,2019-05-07T07:33,before_open,0001157523-19-001112
1722686,BR,2019-05-06,edgar_8k,2019-05-07T08:20,after_call_date,0001383312-19-000024
1723100,LPX,2019-05-07,edgar_8k,2019-05-07T07:28,before_open,0001504337-19-000015
1724105,EA,2019-05-07,edgar_8k,2019-05-07T16:05,after_close,0000712515-19-000008
1724756,BG,2019-05-08,assumed_after_hours,,assumed_after_hours,
1724811,MCK,2019-05-08,edgar_8k,2019-05-08T07:11,before_open,0001193125-19-140444
1724823,CBRE,2019-05-10,edgar_8k,2019-05-08T06:54,before_open,0001564590-19-016812
1724861,TRIP,2019-05-07,edgar_8k,2019-05-07T16:02,after_close,0001564590-19-016486
1725171,MPC,2019-05-09,edgar_8k,2019-05-08T06:55,before_open,0001510295-19-000038
1726385,ETSY,2019-05-08,edgar_8k,2019-05-08T16:07,after_close,0001370637-19-000087
1727121,EPAM,2019-05-08,edgar_8k,2019-05-08T20:54,after_close,0001352010-19-000015
1727142,BDX,2019-05-09,edgar_8k,2019-05-09T06:16,before_open,0000010795-19-000018
1727237,CAH,2019-05-08,edgar_8k,2019-05-09T06:56,after_call_date,0000721371-19-000028
1727341,ALB,2019-05-08,edgar_8k,2019-05-08T16:32,after_close,0000915913-19-000041
1727482,NCLH,2019-05-08,edgar_8k,2019-05-09T07:38,after_call_date,0001171843-19-003171
1728841,MTD,2019-05-09,edgar_8k,2019-05-09T16:24,after_close,0001037646-19-000017
1729735,EFX,2019-05-10,edgar_8k,2019-05-10T06:37,before_open,0000033185-19-000014
1732755,TTWO,2019-05-13,edgar_8k,2019-05-13T16:17,after_close,0001104659-19-028917
1734704,A,2019-05-14,edgar_8k,2019-05-14T16:08,after_close,0001090872-19-000008
1735668,M,2019-05-15,edgar_8k,2019-05-15T08:19,before_open,0000794367-19-000049
1736730,CSCO,2019-05-15,edgar_8k,2019-05-15T16:09,after_close,0001193125-19-147994
1739233,DE,2019-05-14,assumed_after_hours,,assumed_after_hours,
1739647,HPE,2019-05-23,edgar_8k,2019-05-23T16:19,after_close,0001645590-19-000012
1742366,JWN,2019-05-21,assumed_after_hours,,assumed_after_hours,
1742402,URBN,2019-05-21,assumed_after_hours,,assumed_after_hours,
1743048,LOW,2019-05-21,edgar_8k,2019-05-22T08:21,after_call_date,0000060667-19-000074
1744832,DXC,2019-05-23,edgar_8k,2019-05-23T16:26,after_close,0001688568-19-000027
1744841,HPQ,2019-05-23,edgar_8k,2019-05-23T16:12,after_close,0000047217-19-000025
1744847,ADSK,2019-05-23,edgar_8k,2019-05-23T16:01,after_close,0000769397-19-000026
1752758,CRM,2019-06-05,edgar_8k,2019-06-04T16:08,before_open,0001108524-19-000022
1753098,CPB,2019-06-04,edgar_8k,2019-06-05T07:36,after_call_date,0000016732-19-000039
1754425,CIEN,2019-04-30,assumed_after_hours,,assumed_after_hours,
1754478,SJM,2019-06-06,edgar_8k,2019-06-06T07:15,before_open,0001144204-19-029959
1756931,HRB,2019-06-11,edgar_8k,2019-06-11T08:11,before_open,0001574842-19-000016
1756943,GIS,2019-06-26,edgar_8k,2019-06-26T07:51,before_open,0001564590-19-023552
1763329,DRI,2019-06-20,edgar_8k,2019-06-20T07:13,before_open,0000940944-19-000018
1765944,FDS,2019-06-25,edgar_8k,2019-06-25T07:02,before_open,0001437749-19-012602
1766174,MU,2019-06-25,edgar_8k,2019-06-25T16:01,after_close,0000723125-19-000032
1766471,PAYX,2019-06-26,edgar_8k,2019-06-26T16:21,after_close,0000723531-19-000025
1767109,MKC,2019-06-27,edgar_8k,2019-06-27T07:17,before_open,0000063754-19-000121
1767138,WBA,2019-06-27,assumed_after_hours,,assumed_after_hours,
1767223,CAG,2019-06-27,edgar_8k,2019-06-27T07:34,before_open,0001193125-19-183460
1770809,FAST,2019-07-11,edgar_8k,2019-07-11T07:46,before_open,0000815556-19-000044
1771928,WFC,2019-07-16,edgar_8k,2019-07-16T07:59,before_open,0000072971-19-000311
1771962,PLD,2019-07-15,edgar_8k,2019-07-15T19:54,after_close,0001564590-19-024994
1772080,CSX,2019-07-16,edgar_8k,2019-07-16T16:01,after_close,0000277948-19-000035
1772293,TXT,2019-07-17,edgar_8k,2019-07-17T06:33,before_open,0001104659-19-040638
1772297,BNY,2019-07-17,edgar_8k,2019-07-17T06:39,before_open,0001390777-19-000079
1772314,CMA,2019-07-16,assumed_after_hours,,assumed_after_hours,
1772345,BAC,2019-07-17,edgar_8k,2019-07-17T06:46,before_open,0000070858-19-000037
1772350,USB,2019-07-17,edgar_8k,2019-07-17T06:50,before_open,0001193125-19-195151
1772412,UAL,2019-07-17,edgar_8k,2019-07-16T16:16,before_open,0000100517-19-000018
1772439,PNC,2019-07-17,edgar_8k,2019-07-17T06:44,before_open,0000713676-19-000045
1772556,EBAY,2019-07-17,edgar_8k,2019-07-17T16:16,after_close,0001065088-19-000033
1772883,DHR,2019-07-18,edgar_8k,2019-07-17T19:16,before_open,0000313616-19-000129
1772919,HON,2019-07-18,edgar_8k,2019-07-18T06:40,before_open,0000773840-19-000012
1772951,BX,2019-07-18,edgar_8k,2019-07-18T06:55,before_open,0001193125-19-196021
1772982,UNP,2019-07-18,edgar_8k,2019-07-18T08:05,before_open,0000100885-19-000191
1772990,PM,2019-07-18,edgar_8k,2019-07-18T09:02,before_open,0001413329-19-000051
1773051,DOV,2019-07-18,edgar_8k,2019-07-18T06:48,before_open,0000029905-19-000049
1773103,CCI,2019-07-18,edgar_8k,2019-07-17T16:21,before_open,0001051470-19-000142
1773104,SNA,2019-07-17,edgar_8k,2019-07-18T06:35,after_call_date,0001157523-19-001536
1773137,URI,2019-07-17,edgar_8k,2019-07-17T16:42,after_close,0001067701-19-000031
1773310,PPG,2019-07-18,edgar_8k,2019-07-18T10:02,intraday,0000079879-19-000029
1773385,ISRG,2019-06-05,assumed_after_hours,,assumed_after_hours,
1773409,COF,2019-07-18,edgar_8k,2019-07-18T16:05,after_close,0000927628-19-000248
1773428,MSFT,2019-07-20,edgar_8k,2019-07-18T16:03,before_open,0001193125-19-196501
1773697,SYF,2019-07-19,edgar_8k,2019-07-19T06:01,before_open,0001601712-19-000179
1773782,AXP,2019-07-18,edgar_8k,2019-07-19T07:33,after_call_date,0000004962-19-000045
1773894,STT,2019-07-19,edgar_8k,2019-07-19T07:39,before_open,0000093751-19-000501
1775350,EFX,2019-07-24,edgar_8k,2019-07-22T08:27,before_open,0001193125-19-198584
1775561,ZION,2019-07-22,edgar_8k,2019-07-22T16:40,after_close,0000109380-19-000173
1775832,WHR,2019-07-23,edgar_8k,2019-07-22T16:16,before_open,0000106640-19-000113
1775855,SWK,2019-07-23,edgar_8k,2019-07-23T06:58,before_open,0000093556-19-000030
1775873,HAS,2019-07-22,edgar_8k,2019-07-23T07:05,after_call_date,0000046080-19-000097
1775887,BIIB,2019-07-23,edgar_8k,2019-07-23T06:36,before_open,0000875045-19-000027
1775917,IPG,2019-07-23,assumed_after_hours,,assumed_after_hours,
1775946,PHM,2019-07-22,edgar_8k,2019-07-23T08:02,after_call_date,0000822416-19-000033
1776024,FITB,2019-07-23,edgar_8k,2019-07-23T06:31,before_open,0001193125-19-199362
1776132,KEY,2019-07-23,edgar_8k,2019-07-23T06:35,before_open,0000091576-19-000026
1776145,KMB,2019-07-23,edgar_8k,2019-07-23T08:56,before_open,0000055785-19-000062
1776231,LMT,2019-07-23,edgar_8k,2019-07-23T07:33,before_open,0000936468-19-000055
1776276,PCAR,2019-07-23,edgar_8k,2019-07-23T08:05,before_open,0001564590-19-025506
1776384,AVY,2019-07-23,edgar_8k,2019-07-23T06:45,before_open,0001104659-19-041362
1776562,V,2019-07-23,edgar_8k,2019-07-23T16:02,after_close,0001403161-19-000026
1776583,DFS,2019-07-23,assumed_after_hours,,assumed_after_hours,
1776998,NDAQ,2019-07-24,edgar_8k,2019-07-24T07:18,before_open,0001193125-19-200527
1777047,TMO,2019-07-24,edgar_8k,2019-07-24T07:32,before_open,0000097745-19-000032
1777051,VFC,2019-07-24,edgar_8k,2019-07-24T06:55,before_open,0001157523-19-001567
1777150,IQV,2019-07-24,edgar_8k,2019-07-24T07:05,before_open,0001157523-19-001568
1777155,NSC,2019-07-24,edgar_8k,2019-07-24T08:01,before_open,0000702165-19-000051
1777317,NTRS,2019-07-24,edgar_8k,2019-07-24T08:04,before_open,0000073124-19-000193
1777409,BA,2019-07-24,edgar_8k,2019-07-24T07:39,before_open,0000950123-19-006601
1777442,CAT,2019-07-24,edgar_8k,2019-07-24T07:31,before_open,0000018230-19-000212
1777473,GWW,2019-07-24,edgar_8k,2019-07-24T08:14,before_open,0000277135-19-000021
1777483,TER,2019-07-24,edgar_8k,2019-07-24T06:04,before_open,0001193125-19-200468
1777529,NOC,2019-07-24,edgar_8k,2019-07-24T06:32,before_open,0001133421-19-000046
1777905,PYPL,2019-07-24,edgar_8k,2019-07-24T16:22,after_close,0001633917-19-000178
1777923,NOW,2019-07-24,edgar_8k,2019-07-24T16:55,after_close,0001373715-19-000200
1777946,ALGN,2019-07-24,edgar_8k,2019-07-24T16:14,after_close,0001171843-19-004787
1778481,ROP,2019-07-24,edgar_8k,2019-07-25T07:33,after_call_date,0000882835-19-000034
1778491,LKQ,2019-07-25,edgar_8k,2019-07-25T06:56,before_open,0001065696-19-000045
1778506,FTI,2019-07-25,edgar_8k,2019-07-24T17:06,before_open,0001681459-19-000086
1778530,DOW,2019-07-25,edgar_8k,2019-07-25T07:07,before_open,0001751788-19-000020
1778539,ROK,2019-07-25,edgar_8k,2019-07-25T07:07,before_open,0001024478-19-000034
1778545,CMCSA,2019-07-25,edgar_8k,2019-07-25T07:05,before_open,0001410578-19-000556
1778566,BAX,2019-07-25,edgar_8k,2019-07-25T07:28,before_open,0001193125-19-201842
1778609,AMP,2019-07-25,edgar_8k,2019-07-24T16:15,before_open,0000820027-19-000053
1778621,CMS,2019-07-25,edgar_8k,2019-07-25T07:10,before_open,0001104659-19-041715
1778635,AEP,2019-07-25,edgar_8k,2019-07-25T07:10,before_open,0000004904-19-000037
1778652,WST,2019-07-25,edgar_8k,2019-07-25T09:00,before_open,0000105770-19-000030
1778695,BWA,2019-07-25,edgar_8k,2019-07-25T08:58,before_open,0000908255-19-000054
1778699,MMM,2019-07-25,edgar_8k,2019-07-25T06:50,before_open,0001104659-19-041709
1778741,APD,2019-07-25,edgar_8k,2019-07-25T08:24,before_open,0000002969-19-000040
1778802,KIM,2019-07-25,edgar_8k,2019-07-25T07:45,before_open,0001157523-19-001580
1778817,RCL,2019-07-24,edgar_8k,2019-07-25T08:11,after_call_date,0000884887-19-000040
1778827,IP,2019-07-25,edgar_8k,2019-07-25T07:21,before_open,0000051434-19-000024
1778920,EQT,2019-07-25,edgar_8k,2019-07-25T06:30,before_open,0000033213-19-000020
1778976,IVZ,2019-07-25,edgar_8k,2019-07-25T08:19,before_open,0000914208-19-000343
1778978,BC,2019-07-24,edgar_8k,2019-07-25T06:50,after_call_date,0000014930-19-000113
1779319,ESS,2019-07-24,edgar_8k,2019-07-24T17:04,after_close,0001140361-19-013362
1779644,VRSN,2019-07-25,edgar_8k,2019-07-25T16:08,after_close,0001014473-19-000028
1779713,EIX,2019-07-25,edgar_8k,2019-07-25T16:08,after_close,0000827052-19-000134
1779791,RMD,2019-07-25,edgar_8k,2019-07-25T16:05,after_close,0001193125-19-202515
1779814,MGM,2019-07-25,edgar_8k,2019-07-25T16:25,after_close,0001564590-19-026133
1779824,AMZN,2019-07-25,edgar_8k,2019-07-25T16:33,after_close,0001018724-19-000069
1779867,MAT,2019-07-25,edgar_8k,2019-07-25T16:08,after_close,0001628280-19-009040
1780544,EMN,2019-07-26,edgar_8k,2019-07-25T16:58,before_open,0000915389-19-000044
1780737,GT,2019-07-25,edgar_8k,2019-07-26T08:25,after_call_date,0001193125-19-203178
1780823,PFG,2019-07-25,edgar_8k,2019-07-25T17:34,after_close,0001126328-19-000204
1780827,WY,2019-07-26,edgar_8k,2019-07-25T20:20,before_open,0001564590-19-026211
1780837,ITW,2019-07-26,edgar_8k,2019-07-26T09:30,intraday,0000049826-19-000083
1780989,IEX,2019-07-26,edgar_8k,2019-07-26T09:30,intraday,0000832101-19-000023
1781072,PSX,2019-07-26,edgar_8k,2019-07-26T10:39,intraday,0001534701-19-000092
1782089,PH,2019-08-01,edgar_8k,2019-08-01T08:26,before_open,0000076334-19-000064
1782104,AMG,2019-07-28,edgar_8k,2019-07-29T07:36,after_call_date,0001004434-19-000029
1782261,PFE,2019-07-29,edgar_8k,2019-07-29T08:41,before_open,0000078003-19-000053
1782535,SBAC,2019-07-29,edgar_8k,2019-07-29T16:25,after_close,0001193125-19-205448
1783038,INCY,2019-07-30,edgar_8k,2019-07-30T07:14,before_open,0001104659-19-042478
1783047,MRK,2019-07-30,edgar_8k,2019-07-30T06:50,before_open,0001104659-19-042471
1783057,XRX,2019-07-30,assumed_after_hours,,assumed_after_hours,
1783073,LEG,2019-07-29,edgar_8k,2019-07-29T16:52,after_close,0001193125-19-205595
1783114,MRSH,2019-08-12,assumed_after_hours,,assumed_after_hours,
1783124,GLW,2019-07-30,edgar_8k,2019-07-30T07:19,before_open,0000024741-19-000048
1783129,IT,2019-07-30,edgar_8k,2019-07-30T06:06,before_open,0000749251-19-000014
1783139,ZBRA,2019-07-30,edgar_8k,2019-07-30T07:55,before_open,0000877212-19-000027
1783216,PG,2019-07-30,edgar_8k,2019-07-30T07:06,before_open,0000080424-19-000044
1783242,MA,2019-07-30,edgar_8k,2019-07-30T07:47,before_open,0001141391-19-000126
1783251,MO,2019-07-30,edgar_8k,2019-07-30T07:14,before_open,0000764180-19-000068
1783320,HCA,2019-09-19,assumed_after_hours,,assumed_after_hours,
1783374,LLY,2019-07-29,edgar_8k,2019-07-30T11:27,after_call_date,0000059478-19-000228
1783384,CMI,2019-07-30,edgar_8k,2019-07-30T07:35,before_open,0000026172-19-000027
1783418,IR,2019-08-01,edgar_8k,2019-07-31T21:36,before_open,0001140361-19-013914
1783486,DHI,2019-07-29,edgar_8k,2019-07-30T12:41,after_call_date,0000882184-19-000105
1783545,NOV,2019-08-05,assumed_after_hours,,assumed_after_hours,
1783571,MLM,2019-07-30,edgar_8k,2019-07-30T16:26,after_close,0001564590-19-027006
1783657,COP,2019-07-30,edgar_8k,2019-07-30T07:16,before_open,0001157523-19-001619
1784188,EA,2019-07-30,edgar_8k,2019-07-30T16:05,after_close,0000712515-19-000040
1784219,MDLZ,2019-07-30,edgar_8k,2019-07-30T16:11,after_close,0001193125-19-207034
1784253,DLR,2019-07-30,edgar_8k,2019-07-30T16:23,after_close,0001297996-19-000109
1784730,BG,2019-07-30,assumed_after_hours,,assumed_after_hours,
1784810,SO,2019-07-31,edgar_8k,2019-07-31T07:04,before_open,0000092122-19-000039
1784833,CHRW,2019-07-31,edgar_8k,2019-07-30T17:08,before_open,0001043277-19-000029
1784846,CDW,2019-07-31,edgar_8k,2019-07-31T07:10,before_open,0001171843-19-005010
1784863,AMT,2019-07-31,edgar_8k,2019-07-31T07:04,before_open,0001053507-19-000101
1784885,LHX,2019-07-31,edgar_8k,2019-07-31T06:42,before_open,0000202058-19-000082
1785035,ALL,2019-07-31,assumed_after_hours,,assumed_after_hours,
1785057,GE,2019-07-30,edgar_8k,2019-07-31T06:55,after_call_date,0000040545-19-000055
1785094,D,2019-07-31,edgar_8k,2019-07-31T07:52,before_open,0001564590-19-027216
1785149,FMC,2019-07-31,edgar_8k,2019-07-30T16:52,before_open,0000037785-19-000087
1785194,BXP,2019-08-06,assumed_after_hours,,assumed_after_hours,
1785213,ETR,2019-07-30,edgar_8k,2019-07-31T10:25,after_call_date,0000065984-19-000252
1785371,MCO,2019-07-31,edgar_8k,2019-07-31T07:30,before_open,0001157523-19-001632
1786065,FICO,2019-07-31,edgar_8k,2019-07-31T16:17,after_close,0001144204-19-036893
1786138,LRCX,2019-07-31,edgar_8k,2019-07-31T16:12,after_close,0000707549-19-000117
1786144,TRMB,2019-07-31,edgar_8k,2019-07-31T16:30,after_close,0000864749-19-000127
1786145,CTSH,2019-07-31,edgar_8k,2019-07-31T16:05,after_close,0001058290-19-000024
1786185,QCOM,2019-07-31,edgar_8k,2019-07-31T16:06,after_close,0001728949-19-000053
1786211,DXCM,2019-07-30,edgar_8k,2019-07-31T16:08,after_call_date,0001093557-19-000179
1786224,EQIX,2019-07-31,edgar_8k,2019-07-31T16:05,after_close,0001144204-19-036886
1786864,ICE,2019-08-01,edgar_8k,2019-08-01T07:30,before_open,0001144204-19-037044
1786865,TFX,2019-07-30,assumed_after_hours,,assumed_after_hours,
1786884,IRM,2019-08-01,edgar_8k,2019-08-01T06:05,before_open,0001020569-19-000194
1786908,VZ,2019-08-01,edgar_8k,2019-08-01T07:35,before_open,0000732712-19-000040
1786911,BR,2019-07-31,edgar_8k,2019-08-01T08:30,after_call_date,0001383312-19-000037
1786936,SPGI,2019-08-01,edgar_8k,2019-08-01T07:15,before_open,0000064040-19-000159
1786945,AWK,2019-07-31,edgar_8k,2019-07-31T16:38,after_close,0001410636-19-000148
1786993,CTVA,2019-08-01,edgar_8k,2019-08-01T06:20,before_open,0001755672-19-000012
1787043,ES,2019-08-01,edgar_8k,2019-07-31T16:22,before_open,0001104659-19-042937
1787045,ADM,2019-08-01,edgar_8k,2019-08-01T10:10,intraday,0000007084-19-000026
1787070,HII,2019-08-01,edgar_8k,2019-08-01T07:22,before_open,0001501585-19-000019
1787090,K,2019-08-01,assumed_after_hours,,assumed_after_hours,
1787201,GM,2019-07-31,edgar_8k,2019-08-01T09:33,after_call_date,0001467858-19-000104
1787203,OLN,2019-08-01,edgar_8k,2019-07-31T17:00,before_open,0000074303-19-000048
1787441,MSCI,2019-08-01,edgar_8k,2019-08-01T07:18,before_open,0001157523-19-001669
1787449,APA,2019-07-31,assumed_after_hours,,assumed_after_hours,
1787457,PRU,2019-08-01,edgar_8k,2019-07-31T16:19,before_open,0001193125-19-208715
1787509,XEL,2019-08-01,edgar_8k,2019-07-31T17:41,before_open,0000072903-19-000042
1787558,OXY,2019-08-01,edgar_8k,2019-07-31T16:59,before_open,0001104659-19-043003
1787710,AVB,2019-07-31,edgar_8k,2019-08-01T07:11,after_call_date,0000915912-19-000016
1787838,CLX,2019-07-31,edgar_8k,2019-08-01T06:45,after_call_date,0001206774-19-002450
1788294,ANET,2019-07-31,edgar_8k,2019-08-01T16:12,after_call_date,0001596532-19-000181
1788295,WU,2019-07-31,edgar_8k,2019-08-01T16:10,after_call_date,0001558370-19-006810
1788361,MSI,2019-08-01,edgar_8k,2019-08-01T16:18,after_close,0000068505-19-000017
1788368,FTNT,2019-08-01,edgar_8k,2019-08-01T16:16,after_close,0001262039-19-000021
1788402,MTD,2019-08-01,edgar_8k,2019-08-01T16:16,after_close,0001037646-19-000030
1788924,MPC,2019-08-01,edgar_8k,2019-08-01T06:32,before_open,0001510295-19-000094
1789250,CBOE,2019-08-02,edgar_8k,2019-08-02T08:00,before_open,0001558370-19-006883
1789469,SEE,2019-08-02,assumed_after_hours,,assumed_after_hours,
1789475,XOM,2019-08-02,edgar_8k,2019-08-02T07:28,before_open,0000034088-19-000039
1789488,XRAY,2019-08-02,edgar_8k,2019-08-02T07:04,before_open,0000818479-19-000047
1789594,LYB,2019-08-02,edgar_8k,2019-08-02T06:35,before_open,0001489393-19-000042
1789734,CVX,2019-08-02,edgar_8k,2019-08-02T09:00,before_open,0000093410-19-000026
1791644,TTWO,2019-08-05,edgar_8k,2019-08-05T16:12,after_close,0001104659-19-043930
1791704,KLAC,2019-08-05,edgar_8k,2019-08-05T16:22,after_close,0000319201-19-000026
1792322,ANSS,2019-08-05,assumed_after_hours,,assumed_after_hours,
1792353,ZTS,2019-08-06,edgar_8k,2019-08-06T07:04,before_open,0001555280-19-000218
1792358,FIS,2019-08-06,edgar_8k,2019-08-06T07:03,before_open,0001136893-19-000125
1792417,AES,2019-08-06,edgar_8k,2019-08-05T17:49,before_open,0000874761-19-000051
1792461,BHF,2019-08-05,edgar_8k,2019-08-05T16:30,after_close,0001685040-19-000030
1792562,DUK,2019-08-06,edgar_8k,2019-08-06T06:45,before_open,0001326160-19-000187
1792631,HSIC,2019-08-06,edgar_8k,2019-08-06T07:38,before_open,0001000228-19-000047
1792796,TDG,2019-08-06,edgar_8k,2019-08-06T07:22,before_open,0001260221-19-000028
1792825,LPX,2019-08-06,edgar_8k,2019-08-06T07:21,before_open,0001504337-19-000031
1793250,EMR,2019-08-06,edgar_8k,2019-08-06T06:54,before_open,0000032604-19-000024
1794364,AIZ,2019-08-16,assumed_after_hours,,assumed_after_hours,
1794435,CVS,2019-08-06,edgar_8k,2019-08-07T06:58,after_call_date,0000064803-19-000036
1794912,DVN,2019-08-06,edgar_8k,2019-08-06T16:20,after_close,0001193125-19-214098
1796536,EPAM,2019-08-07,edgar_8k,2019-08-07T21:25,after_close,0001352010-19-000026
1796565,TRIP,2019-08-07,edgar_8k,2019-08-07T16:01,after_close,0001564590-19-030034
1796586,AIG,2019-08-08,edgar_8k,2019-08-07T17:26,before_open,0001144204-19-038246
1796620,CAH,2019-08-07,edgar_8k,2019-08-08T06:59,after_call_date,0000721371-19-000061
1796865,MUR,2019-08-08,edgar_8k,2019-08-08T06:39,before_open,0000717423-19-000058
1796908,NCLH,2019-08-07,edgar_8k,2019-08-08T08:18,after_call_date,0001171843-19-005297
1797022,TRGP,2019-08-08,edgar_8k,2019-08-08T07:01,before_open,0001564590-19-030408
1797169,PNW,2019-08-08,edgar_8k,2019-08-08T08:31,before_open,0000764622-19-000072
1797507,PGR,2019-08-08,assumed_after_hours,,assumed_after_hours,
1798126,DXC,2019-08-08,edgar_8k,2019-08-08T16:24,after_close,0001688568-19-000083
1804023,M,2019-08-14,edgar_8k,2019-08-14T08:11,before_open,0000794367-19-000091
1804707,CSCO,2019-08-14,edgar_8k,2019-08-14T16:08,after_close,0001193125-19-221195
1805518,TPR,2019-08-14,edgar_8k,2019-08-15T06:45,after_call_date,0001157523-19-001860
1808892,LOW,2019-08-20,edgar_8k,2019-08-21T07:42,after_call_date,0000060667-19-000134
1809203,JWN,2019-08-21,assumed_after_hours,,assumed_after_hours,
1809206,KEYS,2019-08-21,edgar_8k,2019-08-21T16:14,after_close,0001601046-19-000035
1810115,HPQ,2019-08-22,edgar_8k,2019-08-22T16:09,after_close,0000047217-19-000044
1810124,CRM,2019-08-21,edgar_8k,2019-08-22T16:12,after_call_date,0001108524-19-000050
1811727,SJM,2019-08-27,edgar_8k,2019-08-27T07:16,before_open,0000091419-19-000012
1812022,HPE,2019-08-27,edgar_8k,2019-08-27T16:22,after_close,0001645590-19-000028
1812026,ADSK,2019-08-27,edgar_8k,2019-08-27T16:01,after_close,0000769397-19-000037
1812443,COTY,2019-08-28,edgar_8k,2019-08-28T06:57,before_open,0001024305-19-000095
1813754,COO,2019-09-04,assumed_after_hours,,assumed_after_hours,
1814083,CPB,2019-08-29,edgar_8k,2019-08-30T07:36,after_call_date,0000016732-19-000057
1815711,GIS,2019-07-09,assumed_after_hours,,assumed_after_hours,
1817002,PANW,2019-09-04,edgar_8k,2019-09-04T16:26,after_close,0001327567-19-000023
1817318,CIEN,2019-07-31,assumed_after_hours,,assumed_after_hours,
1825469,DRI,2019-09-19,edgar_8k,2019-09-19T07:23,before_open,0000940944-19-000035
1825680,CAG,2019-09-26,edgar_8k,2019-09-23T17:25,before_open,0001193125-19-252356
1827600,JBL,2019-09-24,edgar_8k,2019-09-24T08:05,before_open,0001193125-19-252827
1827657,AZO,2019-09-24,edgar_8k,2019-09-24T06:55,before_open,0001171843-19-006085
1828453,KBH,2019-09-25,edgar_8k,2019-09-25T16:26,after_close,0000795266-19-000087
1828794,FDS,2019-09-26,edgar_8k,2019-09-26T06:56,before_open,0001437749-19-019077
1830153,PAYX,2019-10-01,assumed_after_hours,,assumed_after_hours,
1831476,PG,2019-10-22,edgar_8k,2019-10-22T07:03,before_open,0000080424-19-000080
1832327,FAST,2019-10-11,edgar_8k,2019-10-11T08:19,before_open,0000815556-19-000055
1832789,OMC,2019-10-15,edgar_8k,2019-10-15T07:35,before_open,0000891092-19-011235
1832800,JPM,2019-10-15,edgar_8k,2019-10-15T06:44,before_open,0000019617-19-000194
1832868,C,2019-10-15,edgar_8k,2019-10-15T08:28,before_open,0001144204-19-048230
1832894,GS,2019-10-15,edgar_8k,2019-10-15T08:05,before_open,0001193125-19-267273
1833005,JBHT,2019-10-15,assumed_after_hours,,assumed_after_hours,
1833159,CMA,2019-10-15,assumed_after_hours,,assumed_after_hours,
1833213,FHN,2019-10-16,edgar_8k,2019-10-16T06:30,before_open,0001171843-19-006522
1833216,BAC,2019-10-16,edgar_8k,2019-10-16T06:56,before_open,0000070858-19-000053
1833249,PNC,2019-10-16,edgar_8k,2019-10-16T06:49,before_open,0000713676-19-000061
1833420,AA,2019-10-16,edgar_8k,2019-10-16T16:32,after_close,0001157523-19-002055
1833434,CSX,2019-10-16,edgar_8k,2019-10-16T16:01,after_close,0000277948-19-000045
1833727,HON,2019-10-16,edgar_8k,2019-10-17T06:35,after_call_date,0000773840-19-000025
1833773,PM,2019-10-17,edgar_8k,2019-10-17T09:03,before_open,0001413329-19-000066
1833834,DOV,2019-10-17,edgar_8k,2019-10-17T06:51,before_open,0000029905-19-000056
1833877,CCI,2019-10-17,edgar_8k,2019-10-16T16:24,before_open,0001051470-19-000168
1833891,URI,2019-10-16,edgar_8k,2019-10-16T16:30,after_close,0001067701-19-000042
1833988,UNP,2019-10-17,edgar_8k,2019-10-17T08:03,before_open,0000100885-19-000249
1834035,PPG,2019-10-17,edgar_8k,2019-10-17T09:50,intraday,0000079879-19-000041
1834127,ISRG,2019-08-07,assumed_after_hours,,assumed_after_hours,
1834192,STLD,2019-10-16,assumed_after_hours,,assumed_after_hours,
1835298,ZION,2019-10-21,edgar_8k,2019-10-21T16:12,after_close,0000109380-19-000191
1835563,HAS,2019-10-22,edgar_8k,2019-10-22T07:08,before_open,0000046080-19-000109
1835597,BIIB,2019-10-22,assumed_after_hours,,assumed_after_hours,
1835602,IPG,2019-10-22,assumed_after_hours,,assumed_after_hours,
1835622,SNV,2019-10-22,assumed_after_hours,,assumed_after_hours,
1835685,PHM,2019-10-21,edgar_8k,2019-10-22T07:53,after_call_date,0000822416-19-000044
1835804,FITB,2019-10-22,edgar_8k,2019-10-22T06:32,before_open,0001193125-19-271175
1835862,LMT,2019-10-22,edgar_8k,2019-10-22T07:34,before_open,0000936468-19-000066
1835912,PCAR,2019-10-22,edgar_8k,2019-10-22T08:05,before_open,0001564590-19-037282
1836608,WHR,2019-10-23,edgar_8k,2019-10-22T16:16,before_open,0000106640-19-000130
1836646,BSX,2019-10-23,edgar_8k,2019-10-23T06:35,before_open,0000885725-19-000043
1836653,NDAQ,2019-10-23,edgar_8k,2019-10-23T07:52,before_open,0001193125-19-272093
1836751,GD,2019-10-23,edgar_8k,2019-10-23T08:25,before_open,0000040533-19-000054
1836852,NSC,2019-10-23,edgar_8k,2019-10-23T08:22,before_open,0001552781-19-000417
1836859,LLY,2019-10-23,edgar_8k,2019-10-23T07:28,before_open,0000059478-19-000269
1836939,CAT,2019-10-23,edgar_8k,2019-10-23T06:32,before_open,0000018230-19-000266
1836986,BA,2019-10-23,edgar_8k,2019-10-23T07:35,before_open,0001193125-19-272082
1836999,IVZ,2019-11-04,assumed_after_hours,,assumed_after_hours,
1837020,GWW,2019-10-23,edgar_8k,2019-10-23T08:06,before_open,0000277135-19-000029
1837172,AVY,2019-10-23,edgar_8k,2019-10-23T06:46,before_open,0001104659-19-055678
1837402,LVS,2019-10-23,edgar_8k,2019-10-23T16:09,after_close,0001300514-19-000101
1837455,EBAY,2019-10-23,edgar_8k,2019-10-23T16:17,after_close,0001065088-19-000041
1837462,ALGN,2019-10-23,edgar_8k,2019-10-23T16:01,after_close,0001171843-19-006728
1837465,NOW,2019-10-23,edgar_8k,2019-10-22T21:41,before_open,0001193125-19-271896
1837474,LRCX,2019-10-23,edgar_8k,2019-10-23T16:08,after_close,0000707549-19-000159
1837485,F,2019-10-23,edgar_8k,2019-10-23T12:10,intraday,0000037996-19-000076
1837490,MSFT,2019-10-24,edgar_8k,2019-10-23T16:06,before_open,0001193125-19-272562
1837494,PYPL,2019-10-23,edgar_8k,2019-10-23T16:31,after_close,0001633917-19-000208
1837951,FTI,2019-10-24,edgar_8k,2019-10-23T16:31,before_open,0001681459-19-000099
1838000,DHR,2019-10-24,edgar_8k,2019-10-24T06:19,before_open,0000313616-19-000150
1838015,BAX,2019-10-24,edgar_8k,2019-10-24T07:22,before_open,0001193125-19-273068
1838033,CMCSA,2019-10-24,edgar_8k,2019-10-24T07:05,before_open,0001104659-19-055976
1838045,WST,2019-10-24,edgar_8k,2019-10-24T08:58,before_open,0000105770-19-000042
1838108,EFX,2019-10-23,edgar_8k,2019-10-23T17:01,after_close,0000033185-19-000030
1838112,AMP,2019-10-24,edgar_8k,2019-10-23T16:15,before_open,0000820027-19-000069
1838152,CMS,2019-10-24,edgar_8k,2019-10-24T07:18,before_open,0001104659-19-055977
1838176,MMM,2019-10-24,edgar_8k,2019-10-24T06:50,before_open,0001104659-19-055973
1838324,HBAN,2019-10-24,edgar_8k,2019-10-24T07:33,before_open,0000049196-19-000066
1838666,NOC,2019-10-24,edgar_8k,2019-10-24T06:31,before_open,0001133421-19-000054
1838669,AEP,2019-10-24,edgar_8k,2019-10-24T07:12,before_open,0000004904-19-000046
1838723,ESS,2019-10-23,edgar_8k,2019-10-23T17:01,after_close,0001140361-19-018944
1839059,VRSN,2019-10-24,edgar_8k,2019-10-25T10:39,after_call_date,0001014473-19-000035
1839161,GILD,2019-10-24,edgar_8k,2019-10-24T18:45,after_close,0000882095-19-000024
1839164,RMD,2019-10-24,edgar_8k,2019-10-24T16:05,after_close,0001193125-19-273579
1839291,FTV,2019-10-24,assumed_after_hours,,assumed_after_hours,
1839293,AMZN,2019-10-24,edgar_8k,2019-10-24T19:53,after_close,0001018724-19-000087
1839779,VZ,2019-10-25,edgar_8k,2019-10-25T07:08,before_open,0000732712-19-000059
1839828,CHTR,2019-10-25,edgar_8k,2019-10-25T07:09,before_open,0001091667-19-000111
1839840,VFC,2019-10-24,edgar_8k,2019-10-25T06:55,after_call_date,0001157523-19-002105
1839846,EMN,2019-10-25,assumed_after_hours,,assumed_after_hours,
1840041,GT,2019-10-24,edgar_8k,2019-10-25T08:36,after_call_date,0001193125-19-274193
1840056,PFG,2019-10-24,edgar_8k,2019-10-24T21:46,after_close,0001104659-19-056238
1840075,ITW,2019-10-24,edgar_8k,2019-10-25T09:29,after_call_date,0000049826-19-000101
1840080,WY,2019-10-25,edgar_8k,2019-10-25T06:06,before_open,0001564590-19-037827
1840205,MHK,2019-08-07,assumed_after_hours,,assumed_after_hours,
1842162,AMG,2019-10-28,edgar_8k,2019-10-28T07:34,before_open,0001004434-19-000038
1842176,WBA,2019-10-28,assumed_after_hours,,assumed_after_hours,
1842189,T,2019-10-28,edgar_8k,2019-10-28T06:46,before_open,0000732717-19-000048
1843089,XRX,2019-10-29,edgar_8k,2019-10-29T06:50,before_open,0001628280-19-012638
1843119,BRO,2019-10-28,edgar_8k,2019-10-28T17:07,after_close,0001564590-19-038165
1843131,INCY,2019-10-29,edgar_8k,2019-10-29T07:09,before_open,0001104659-19-057085
1843142,LEG,2019-10-28,edgar_8k,2019-10-28T16:52,after_close,0001193125-19-276281
1843181,ZBRA,2019-10-29,edgar_8k,2019-10-29T09:33,intraday,0000877212-19-000033
1843205,GLW,2019-10-29,edgar_8k,2019-10-29T07:18,before_open,0000024741-19-000057
1843267,SPGI,2019-10-29,edgar_8k,2019-10-29T07:15,before_open,0000064040-19-000185
1843411,IR,2019-10-29,edgar_8k,2019-10-28T19:53,before_open,0001140361-19-019228
1843437,CMI,2019-10-29,edgar_8k,2019-10-29T07:46,before_open,0000026172-19-000034
1843504,PFE,2019-10-29,edgar_8k,2019-10-29T08:54,before_open,0000078003-19-000079
1843548,MLM,2019-10-29,edgar_8k,2019-10-29T15:51,intraday,0001564590-19-038381
1843567,NOV,2019-11-01,edgar_8k,2019-10-28T18:56,before_open,0001564590-19-038205
1844117,MAT,2019-10-29,edgar_8k,2019-10-29T19:16,after_close,0001193125-19-277846
1844152,AMD,2019-10-29,edgar_8k,2019-10-29T17:11,after_close,0000002488-19-000157
1844175,DLR,2019-10-29,edgar_8k,2019-10-29T17:09,after_close,0001297996-19-000144
1844658,BG,2019-10-30,assumed_after_hours,,assumed_after_hours,
1844698,MCK,2019-10-30,edgar_8k,2019-10-30T07:11,before_open,0001193125-19-278328
1844724,GE,2019-10-30,edgar_8k,2019-10-30T06:06,before_open,0000040545-19-000067
1844791,CHRW,2019-10-30,edgar_8k,2019-10-29T19:34,before_open,0001043277-19-000042
1844804,ADP,2019-10-30,edgar_8k,2019-10-30T10:04,intraday,0000008670-19-000023
1844843,NI,2019-10-30,edgar_8k,2019-10-30T06:34,before_open,0001111711-19-000038
1844855,IQV,2019-10-30,edgar_8k,2019-10-30T07:05,before_open,0001157523-19-002131
1844874,BKR,2019-07-31,edgar_8k,2019-07-31T06:49,before_open,0001701605-19-000055
1844888,MAS,2019-10-30,edgar_8k,2019-10-30T07:06,before_open,0000062996-19-000060
1845067,FMC,2019-10-30,edgar_8k,2019-10-29T19:57,before_open,0000037785-19-000111
1845092,IEX,2019-10-30,edgar_8k,2019-10-30T09:54,intraday,0000832101-19-000029
1845179,TAP,2019-10-30,edgar_8k,2019-10-30T06:55,before_open,0001157523-19-002130
1845300,MCO,2019-10-30,edgar_8k,2019-10-30T07:30,before_open,0001157523-19-002132
1845518,UDR,2019-11-05,assumed_after_hours,,assumed_after_hours,
1845945,MSI,2019-10-30,edgar_8k,2019-10-30T16:28,after_close,0000068505-19-000023
1845973,KLAC,2019-10-30,edgar_8k,2019-10-30T16:16,after_close,0000319201-19-000036
1845989,TRMB,2019-10-30,edgar_8k,2019-10-30T16:25,after_close,0000864749-19-000147
1846031,ETSY,2019-10-30,edgar_8k,2019-10-30T16:20,after_close,0001370637-19-000180
1846042,SBUX,2019-10-29,edgar_8k,2019-10-30T16:15,after_call_date,0000829224-19-000047
1846045,VRTX,2019-10-30,edgar_8k,2019-10-30T16:09,after_close,0000875320-19-000053
1846049,MGM,2019-10-30,edgar_8k,2019-10-30T16:25,after_close,0001564590-19-038809
1846066,EQIX,2019-10-30,edgar_8k,2019-10-30T16:06,after_close,0001104659-19-057798
1846698,LKQ,2019-10-31,edgar_8k,2019-10-31T07:27,before_open,0001065696-19-000058
1846738,IT,2019-10-31,edgar_8k,2019-10-31T06:07,before_open,0000749251-19-000023
1846777,IRM,2019-10-31,edgar_8k,2019-10-31T06:05,before_open,0001020569-19-000220
1846824,AMT,2019-10-31,edgar_8k,2019-10-31T07:07,before_open,0001053507-19-000131
1846850,KHC,2019-10-30,edgar_8k,2019-10-31T07:37,after_call_date,0001637459-19-000111
1846881,CTVA,2019-10-31,edgar_8k,2019-10-31T06:54,before_open,0001755672-19-000026
1846902,ADM,2019-10-31,edgar_8k,2019-10-31T10:57,intraday,0000007084-19-000033
1846904,TFX,2019-10-29,assumed_after_hours,,assumed_after_hours,
1846908,BWA,2019-10-31,edgar_8k,2019-10-31T08:06,before_open,0000908255-19-000060
1846953,MPC,2019-10-30,edgar_8k,2019-10-31T06:28,after_call_date,0001510295-19-000132
1846981,CDW,2019-10-31,edgar_8k,2019-10-31T07:10,before_open,0001171843-19-007010
1846982,CF,2017-11-01,edgar_8k,2017-11-01T16:35,after_close,0001324404-17-000023
1847063,FRT,2019-11-07,assumed_after_hours,,assumed_after_hours,
1847223,APA,2019-10-30,assumed_after_hours,,assumed_after_hours,
1848591,CLX,2019-10-30,edgar_8k,2019-10-31T06:45,after_call_date,0001206774-19-003622
1849050,WU,2019-10-31,edgar_8k,2019-10-31T16:10,after_close,0001558370-19-009573
1849076,FTNT,2019-10-31,edgar_8k,2019-10-31T16:15,after_close,0001262039-19-000032
1849084,ANET,2019-10-31,edgar_8k,2019-10-31T16:10,after_close,0001596532-19-000227
1849368,IP,2019-10-31,edgar_8k,2019-10-31T07:09,before_open,0000051434-19-000033
1849873,X,2019-10-31,assumed_after_hours,,assumed_after_hours,
1849959,CBOE,2019-11-01,edgar_8k,2019-11-01T08:02,before_open,0001558370-19-009639
1850102,D,2019-11-01,edgar_8k,2019-11-01T08:00,before_open,0001564590-19-039273
1850143,OLN,2019-11-01,edgar_8k,2019-10-31T19:13,before_open,0000074303-19-000067
1851570,SYY,2019-11-01,assumed_after_hours,,assumed_after_hours,
1852432,COTY,2019-11-06,edgar_8k,2019-11-06T06:44,before_open,0001024305-19-000124
1852483,BDX,2019-11-05,edgar_8k,2019-11-05T06:15,before_open,0000010795-19-000043
1852493,BHF,2019-11-04,edgar_8k,2019-11-04T16:26,after_close,0001685040-19-000040
1852552,TPR,2019-11-04,edgar_8k,2019-11-05T07:52,after_call_date,0001157523-19-002189
1852568,MOS,2019-11-05,edgar_8k,2019-11-04T17:25,before_open,0001243786-19-000127
1852793,HSIC,2019-11-05,edgar_8k,2019-11-05T07:17,before_open,0001000228-19-000065
1853091,PRU,2019-11-05,edgar_8k,2019-11-04T16:27,before_open,0001137774-19-000095
1853491,O,2019-10-30,assumed_after_hours,,assumed_after_hours,
1854325,CAH,2019-11-06,edgar_8k,2019-11-07T06:59,after_call_date,0000721371-19-000125
1854407,CVS,2019-11-05,edgar_8k,2019-11-06T06:37,after_call_date,0000064803-19-000047
1854423,CBRE,2019-11-05,edgar_8k,2019-11-06T06:55,after_call_date,0001564590-19-040654
1854495,AES,2019-11-06,edgar_8k,2019-11-06T06:19,before_open,0000874761-19-000060
1854509,BR,2019-11-05,edgar_8k,2019-11-06T08:14,after_call_date,0001383312-19-000057
1854893,VMC,2019-11-06,edgar_8k,2019-11-06T07:48,before_open,0001104659-19-060271
1855744,QCOM,2019-11-06,edgar_8k,2019-11-06T16:03,after_close,0001728949-19-000071
1855799,DXCM,2019-11-05,edgar_8k,2019-11-06T16:06,after_call_date,0001093557-19-000235
1856258,TCOM,2019-11-06,assumed_after_hours,,assumed_after_hours,
1856344,EPAM,2019-11-07,edgar_8k,2019-11-07T06:12,before_open,0001352010-19-000032
1856462,XRAY,2019-11-07,edgar_8k,2019-11-07T07:03,before_open,0000818479-19-000061
1856495,NRG,2019-11-07,edgar_8k,2019-11-07T06:51,before_open,0001013871-19-000033
1856540,ANSS,2019-11-06,assumed_after_hours,,assumed_after_hours,
1856605,HII,2019-11-07,edgar_8k,2019-11-07T07:33,before_open,0001501585-19-000024
1856639,ATO,2019-11-07,edgar_8k,2019-11-06T16:22,before_open,0000731802-19-000034
1856669,LNT,2019-11-07,edgar_8k,2019-11-06T18:07,before_open,0000352541-19-000097
1856762,EOG,2019-11-06,edgar_8k,2019-11-06T16:23,after_close,0000821189-19-000038
1856776,NCLH,2019-11-06,edgar_8k,2019-11-07T09:10,after_call_date,0001171843-19-007301
1856834,APD,2019-11-07,edgar_8k,2019-11-07T08:07,before_open,0000002969-19-000047
1856848,PNW,2019-11-07,edgar_8k,2019-11-07T08:31,before_open,0000764622-19-000095
1856917,TRGP,2019-11-07,edgar_8k,2019-11-07T06:58,before_open,0001564590-19-041347
1857813,TTWO,2019-11-04,assumed_after_hours,,assumed_after_hours,
1858239,MTD,2019-11-07,edgar_8k,2019-11-07T16:19,after_close,0001037646-19-000036
1858460,ZTS,2019-11-07,edgar_8k,2019-11-07T07:28,before_open,0001555280-19-000267
1858990,DUK,2019-11-08,edgar_8k,2019-11-08T06:46,before_open,0001326160-19-000228
1861577,DXC,2019-11-11,edgar_8k,2019-11-12T06:32,after_call_date,0001193125-19-289172
1862178,DHI,2019-11-11,edgar_8k,2019-11-12T13:26,after_call_date,0000882184-19-000127
1865005,CSCO,2019-11-13,edgar_8k,2019-11-13T16:10,after_close,0001193125-19-291002
1865129,NTAP,2019-11-13,edgar_8k,2019-11-13T16:05,after_close,0001564590-19-043224
1869482,TDG,2019-11-19,edgar_8k,2019-11-19T07:19,before_open,0001260221-19-000040
1871280,M,2019-11-21,edgar_8k,2019-11-21T07:29,before_open,0000794367-19-000109
1871615,MS,2019-12-06,assumed_after_hours,,assumed_after_hours,
1871818,JWN,2019-11-21,assumed_after_hours,,assumed_after_hours,
1872206,SJM,2019-11-22,edgar_8k,2019-11-22T07:16,before_open,0000091419-19-000022
1873606,PANW,2019-11-24,edgar_8k,2019-11-25T16:20,after_call_date,0001327567-19-000036
1874419,KEYS,2019-11-26,edgar_8k,2019-11-26T16:11,after_close,0001601046-19-000093
1874422,HPQ,2019-11-26,edgar_8k,2019-11-26T16:10,after_close,0000047217-19-000061
1874475,ADSK,2019-11-26,edgar_8k,2019-11-26T16:01,after_close,0000769397-19-000048
1875011,DE,2019-11-26,edgar_8k,2019-11-27T06:05,after_call_date,0001558370-19-011223
1878291,CPB,2019-12-03,edgar_8k,2019-12-04T07:42,after_call_date,0000016732-19-000111
1878873,HRB,2019-12-04,edgar_8k,2019-12-04T16:23,after_close,0001574842-19-000038
1881255,AZO,2019-12-10,edgar_8k,2019-12-10T07:15,before_open,0001171843-19-008041
1882710,CIEN,2019-10-31,assumed_after_hours,,assumed_after_hours,
1885172,JBL,2019-12-17,edgar_8k,2019-12-17T08:08,before_open,0001193125-19-315664
1885573,PAYX,2019-12-17,edgar_8k,2019-12-18T09:02,after_call_date,0000723531-19-000054
1885905,DRI,2019-12-19,edgar_8k,2019-12-19T07:16,before_open,0000940944-19-000059
1885924,FDS,2019-12-19,edgar_8k,2019-12-19T07:05,before_open,0001013237-19-000008
1887032,INCY,2020-02-12,edgar_8k,2020-02-13T07:14,after_call_date,0001104659-20-019696
1887484,AMT,2020-02-25,edgar_8k,2020-02-25T07:05,before_open,0001053507-20-000025
1887505,DLR,2020-02-13,edgar_8k,2020-02-13T16:54,after_close,0001297996-20-000037
1887685,EQIX,2020-02-12,edgar_8k,2020-02-12T16:05,after_close,0001564590-20-004350
1887812,WBA,2020-01-08,assumed_after_hours,,assumed_after_hours,
1887847,STZ,2020-01-22,assumed_after_hours,,assumed_after_hours,
1887992,APD,2020-01-24,edgar_8k,2020-01-24T08:36,before_open,0000002969-20-000007
1888168,HUM,2018-12-31,assumed_after_hours,,assumed_after_hours,
1888188,BMY,2020-02-06,edgar_8k,2020-02-06T08:20,before_open,0000014272-20-000075
1888266,TFX,2020-02-19,edgar_8k,2020-02-20T07:03,after_call_date,0000096943-20-000012
1888730,DXCM,2020-02-12,edgar_8k,2020-02-13T16:08,after_call_date,0001093557-20-000028
1888827,CAH,2020-02-05,edgar_8k,2020-02-06T06:59,after_call_date,0000721371-20-000019
1889026,TMO,2020-01-30,edgar_8k,2020-01-30T06:05,before_open,0000097745-20-000005
1889139,V,2020-01-30,edgar_8k,2020-01-30T16:07,after_close,0001403161-20-000010
1889432,CI,2020-02-06,edgar_8k,2020-02-06T06:15,before_open,0000950159-20-000034
1889483,DPZ,2020-02-20,edgar_8k,2020-02-20T07:30,before_open,0001193125-20-042666
1889629,LLY,2020-01-29,edgar_8k,2020-01-30T06:29,after_call_date,0000059478-20-000012
1889666,PFE,2020-01-28,edgar_8k,2020-01-28T08:37,before_open,0000078003-20-000003
1890125,HSIC,2020-02-20,edgar_8k,2020-02-20T07:13,before_open,0001000228-20-000014
1890583,BNY,2020-01-16,edgar_8k,2020-01-16T06:33,before_open,0001390777-20-000006
1890919,CSX,2020-01-16,edgar_8k,2020-01-16T16:01,after_close,0000277948-20-000004
1891069,FHN,2020-01-17,edgar_8k,2020-01-17T06:30,before_open,0001171843-20-000311
1891085,FAST,2020-01-17,edgar_8k,2020-01-17T08:30,before_open,0000815556-20-000003
1891681,CMA,2020-01-20,assumed_after_hours,,assumed_after_hours,
1891924,COF,2020-01-21,edgar_8k,2020-01-21T16:06,after_close,0000927628-20-000008
1891927,ZION,2020-01-21,edgar_8k,2020-01-21T16:12,after_close,0000109380-20-000034
1892332,UAL,2020-01-22,edgar_8k,2020-01-21T16:15,before_open,0000100517-20-000004
1892350,NTRS,2020-01-22,edgar_8k,2020-01-22T08:20,before_open,0000073124-20-000016
1892911,RJF,2020-01-22,edgar_8k,2020-01-22T16:39,after_close,0000720005-20-000007
1892929,PG,2020-01-23,edgar_8k,2020-01-23T07:06,before_open,0000080424-20-000010
1892998,UNP,2020-01-23,edgar_8k,2020-01-23T08:04,before_open,0000100885-20-000035
1893358,DFS,2020-01-23,assumed_after_hours,,assumed_after_hours,
1893624,AXP,2020-01-24,edgar_8k,2020-01-24T07:07,before_open,0000004962-20-000013
1893639,SNV,2020-01-24,assumed_after_hours,,assumed_after_hours,
1894034,DHI,2020-01-26,edgar_8k,2020-01-27T12:52,after_call_date,0000882184-20-000013
1894472,WHR,2020-01-28,edgar_8k,2020-01-27T16:31,before_open,0000106640-20-000004
1894483,BWA,2020-02-13,edgar_8k,2020-02-13T06:38,before_open,0000908255-20-000012
1894558,MMM,2020-01-28,edgar_8k,2020-01-28T07:31,before_open,0001104659-20-007328
1894569,PHM,2020-01-28,edgar_8k,2020-01-28T07:50,before_open,0000822416-20-000003
1894674,HCA,2020-02-12,assumed_after_hours,,assumed_after_hours,
1894683,LMT,2020-01-28,edgar_8k,2020-01-28T07:33,before_open,0000936468-20-000010
1894715,PCAR,2020-01-27,edgar_8k,2020-01-28T08:06,after_call_date,0001564590-20-002155
1894943,EBAY,2020-01-28,edgar_8k,2020-01-28T16:16,after_close,0001065088-20-000003
1895290,NDAQ,2020-01-29,edgar_8k,2020-01-29T07:14,before_open,0001193125-20-017634
1895300,GE,2020-01-28,edgar_8k,2020-01-29T06:48,after_call_date,0000040545-20-000002
1895388,MA,2020-01-29,edgar_8k,2020-01-29T08:01,before_open,0001141391-20-000022
1895445,MKTX,2020-01-28,edgar_8k,2020-01-29T06:31,after_call_date,0001193125-20-017593
1895471,MPC,2020-01-29,edgar_8k,2020-01-29T06:33,before_open,0001510295-20-000002
1895479,HES,2020-01-28,assumed_after_hours,,assumed_after_hours,
1895499,BXP,2020-02-04,assumed_after_hours,,assumed_after_hours,
1895603,AVY,2020-01-29,edgar_8k,2020-01-29T06:45,before_open,0001104659-20-007819
1895836,ALGN,2020-01-29,edgar_8k,2020-01-29T16:00,after_close,0001171843-20-000574
1895844,MDLZ,2020-01-29,edgar_8k,2020-01-29T16:13,after_close,0001193125-20-018413
1895847,PYPL,2020-01-29,edgar_8k,2020-01-29T16:28,after_close,0001633917-20-000025
1895866,NOW,2020-01-29,edgar_8k,2020-01-29T16:14,after_close,0001373715-20-000008
1896363,ROP,2020-01-29,edgar_8k,2020-01-30T07:59,after_call_date,0000882835-20-000003
1896366,UPS,2020-01-30,edgar_8k,2020-01-30T07:35,before_open,0001090727-20-000003
1896400,BX,2020-01-30,edgar_8k,2020-01-30T06:55,before_open,0001193125-20-018999
1896415,CTVA,2020-01-30,edgar_8k,2020-01-30T06:17,before_open,0001755672-20-000003
1896422,MUR,2020-01-30,edgar_8k,2020-01-30T06:15,before_open,0000717423-20-000004
1896424,MO,2020-01-30,edgar_8k,2020-01-30T07:13,before_open,0000764180-20-000005
1896428,AMP,2020-01-30,edgar_8k,2020-01-29T16:15,before_open,0000820027-20-000003
1896441,ADM,2020-01-30,edgar_8k,2020-01-29T17:02,before_open,0000007084-20-000002
1896479,XEL,2020-01-29,edgar_8k,2020-01-29T18:16,after_close,0000072903-20-000006
1896493,DOV,2020-01-30,edgar_8k,2020-01-30T06:50,before_open,0000029905-20-000003
1896528,KIM,2020-02-20,assumed_after_hours,,assumed_after_hours,
1896537,IP,2020-01-30,edgar_8k,2020-01-30T07:31,before_open,0000051434-20-000006
1896559,IEX,2020-01-30,edgar_8k,2020-01-30T09:44,intraday,0000832101-20-000004
1896594,URI,2020-01-29,edgar_8k,2020-01-29T16:47,after_close,0001067701-20-000010
1896610,BC,2020-01-29,edgar_8k,2020-01-30T06:42,after_call_date,0000014930-20-000005
1896612,PH,2020-01-30,edgar_8k,2020-01-30T08:29,before_open,0000076334-20-000004
1896620,MSCI,2020-01-30,edgar_8k,2020-01-30T07:19,before_open,0001157523-20-000122
1896626,GWW,2020-01-30,edgar_8k,2020-01-30T08:12,before_open,0000277135-20-000003
1896718,ESS,2020-01-29,edgar_8k,2020-01-29T16:50,after_close,0001140361-20-001728
1896946,AMZN,2020-01-30,edgar_8k,2020-01-30T16:46,after_close,0001018724-20-000002
1897411,EMN,2020-01-31,edgar_8k,2020-01-30T16:45,before_open,0000915389-20-000006
1897425,CHTR,2020-01-31,edgar_8k,2020-01-31T07:02,before_open,0001091667-20-000023
1897436,X,2020-01-30,assumed_after_hours,,assumed_after_hours,
1897452,BR,2020-01-30,edgar_8k,2020-01-31T08:21,after_call_date,0001383312-20-000011
1897454,HON,2020-01-31,edgar_8k,2020-01-31T06:37,before_open,0000773840-20-000005
1897568,ITW,2020-01-30,edgar_8k,2020-01-31T09:29,after_call_date,0000049826-20-000003
1897574,WY,2020-01-31,edgar_8k,2020-01-30T21:17,before_open,0001564590-20-002813
1897585,XOM,2020-01-30,edgar_8k,2020-01-31T07:28,after_call_date,0000034088-20-000011
1897628,CVX,2020-01-31,edgar_8k,2020-01-31T09:00,before_open,0000093410-20-000005
1897689,PSX,2020-01-31,edgar_8k,2020-01-31T09:20,before_open,0001534701-20-000036
1897767,CHD,2020-01-31,edgar_8k,2020-01-31T07:15,before_open,0001564590-20-002837
1898282,AMG,2020-02-01,assumed_after_hours,,assumed_after_hours,
1898352,SYY,2020-02-03,edgar_8k,2020-02-03T08:07,before_open,0001193125-20-022265
1898994,LEG,2020-02-03,edgar_8k,2020-02-03T16:46,after_close,0001193125-20-023022
1899117,HUBB,2020-02-04,edgar_8k,2020-02-04T08:10,before_open,0001628280-20-000954
1899125,RCL,2020-02-03,edgar_8k,2020-02-04T09:37,after_call_date,0000884887-20-000005
1899134,CMI,2020-02-04,edgar_8k,2020-02-04T07:52,before_open,0000026172-20-000004
1899181,TDG,2020-02-04,edgar_8k,2020-02-04T07:19,before_open,0001260221-20-000005
1899198,J,2020-02-04,edgar_8k,2020-02-04T06:45,before_open,0000052988-20-000017
1899237,COP,2020-02-04,edgar_8k,2020-02-04T08:07,before_open,0001157523-20-000143
1899360,CLX,2020-02-04,edgar_8k,2020-02-04T06:45,before_open,0001206774-20-000346
1899392,EMR,2020-02-04,edgar_8k,2020-02-04T06:55,before_open,0000032604-20-000004
1900234,OLN,2020-02-05,edgar_8k,2020-02-04T17:28,before_open,0000074303-20-000041
1900326,PRU,2020-02-05,edgar_8k,2020-02-04T16:22,before_open,0001137774-20-000036
1900738,CTSH,2020-02-05,edgar_8k,2020-02-05T16:29,after_close,0001058290-20-000004
1901346,ICE,2020-02-06,edgar_8k,2020-02-06T07:30,before_open,0001104659-20-011620
1901368,SPGI,2020-02-06,edgar_8k,2020-02-06T07:15,before_open,0000064040-20-000052
1901384,TPR,2020-02-06,edgar_8k,2020-02-06T06:45,before_open,0001157523-20-000160
1901420,FMC,2020-02-06,edgar_8k,2020-02-05T16:41,before_open,0000037785-20-000011
1901431,TSN,2020-02-06,edgar_8k,2020-02-06T07:38,before_open,0000100493-20-000014
1901440,XYL,2020-02-06,edgar_8k,2020-02-06T07:02,before_open,0001524472-20-000003
1901445,PM,2020-02-06,edgar_8k,2020-02-06T09:06,before_open,0001413329-20-000004
1901479,K,2020-02-06,assumed_after_hours,,assumed_after_hours,
1902122,VRSN,2020-02-06,edgar_8k,2020-02-06T16:11,after_close,0001014473-20-000002
1902218,TTWO,2020-02-06,edgar_8k,2020-02-06T16:10,after_close,0001104659-20-011905
1902228,FTNT,2020-02-06,edgar_8k,2020-02-06T16:14,after_close,0001262039-20-000004
1902255,DXC,2020-02-06,edgar_8k,2020-02-06T16:22,after_close,0001688568-20-000004
1902284,MSI,2020-02-06,edgar_8k,2020-02-06T16:25,after_close,0000068505-20-000003
1902327,FTV,2020-02-06,edgar_8k,2020-02-06T16:15,after_close,0001659166-20-000003
1904937,BHF,2020-02-10,edgar_8k,2020-02-10T16:24,after_close,0001685040-20-000003
1905003,OMC,2020-02-11,edgar_8k,2020-02-11T07:13,before_open,0000891092-20-001606
1905005,MAS,2020-02-11,edgar_8k,2020-02-11T07:08,before_open,0000062996-20-000003
1905560,WU,2020-02-11,edgar_8k,2020-02-11T16:08,after_close,0001558370-20-000673
1906760,AIZ,2020-03-02,assumed_after_hours,,assumed_after_hours,
1906851,BG,2020-02-12,assumed_after_hours,,assumed_after_hours,
1907005,IQV,2020-02-12,edgar_8k,2020-02-12T07:10,before_open,0001157523-20-000189
1907380,MCO,2020-02-12,edgar_8k,2020-02-12T07:30,before_open,0001157523-20-000190
1907915,CSCO,2020-02-12,edgar_8k,2020-02-12T16:08,after_close,0001193125-20-033208
1908044,TRMB,2020-02-12,edgar_8k,2020-02-12T16:13,after_close,0000864749-20-000011
1908919,IRM,2020-02-13,edgar_8k,2020-02-13T06:28,before_open,0001020569-20-000026
1909046,EFX,2020-02-13,edgar_8k,2020-02-12T17:20,before_open,0000033185-20-000004
1909146,DUK,2020-02-13,edgar_8k,2020-02-13T06:45,before_open,0001326160-20-000029
1909330,REG,2020-02-12,edgar_8k,2020-02-12T18:19,after_close,0001564590-20-004414
1910843,HPE,2020-03-02,edgar_8k,2020-03-03T16:38,after_call_date,0001645590-20-000006
1913038,VMC,2020-02-18,edgar_8k,2020-02-18T07:50,before_open,0001104659-20-022261
1913086,ECL,2020-02-17,edgar_8k,2020-02-18T08:47,after_call_date,0001558370-20-000876
1914015,VRSK,2020-02-18,edgar_8k,2020-02-18T16:33,after_close,0001442145-20-000011
1914035,AWK,2020-02-18,edgar_8k,2020-02-18T16:39,after_close,0001410636-20-000042
1914267,DVN,2020-01-06,assumed_after_hours,,assumed_after_hours,
1914281,ETR,2020-02-19,edgar_8k,2020-02-19T10:13,intraday,0000065984-20-000066
1915419,NDSN,2020-02-20,edgar_8k,2020-02-19T16:30,before_open,0001157523-20-000230
1915450,LKQ,2020-02-20,edgar_8k,2020-02-20T06:51,before_open,0001065696-20-000005
1915452,EPAM,2020-02-19,edgar_8k,2020-02-20T06:07,after_call_date,0001352010-20-000006
1915492,CAR,2020-02-19,edgar_8k,2020-02-19T16:18,after_close,0000723612-20-000008
1915558,AEP,2020-02-20,edgar_8k,2020-02-20T07:06,before_open,0000004904-20-000005
1915582,ALB,2020-02-19,edgar_8k,2020-02-19T16:31,after_close,0000915913-20-000035
1915730,NCLH,2020-02-20,edgar_8k,2020-02-20T08:06,before_open,0001171843-20-001107
1915754,VTR,0001-01-01,assumed_after_hours,,invalid_date,
1915817,TRGP,2020-02-20,edgar_8k,2020-02-20T06:30,before_open,0001564590-20-005394
1916053,SO,2020-02-20,edgar_8k,2020-02-20T08:38,before_open,0000092122-20-000019
1917172,LNT,2020-02-21,edgar_8k,2020-02-20T18:21,before_open,0000352541-20-000018
1917241,DE,2020-02-21,edgar_8k,2020-02-21T06:03,before_open,0001558370-20-001119
1917294,PNW,2020-02-21,edgar_8k,2020-02-21T08:30,before_open,0000764622-20-000016
1919722,KEYS,2020-02-24,edgar_8k,2020-02-24T16:06,after_close,0001601046-20-000002
1920063,HPQ,2020-02-24,edgar_8k,2020-02-24T16:28,after_close,0000047217-20-000004
1920686,OKE,2020-02-24,edgar_8k,2020-02-24T16:58,after_close,0001039684-20-000010
1922152,PEG,2020-02-26,edgar_8k,2020-02-26T09:04,before_open,0001193125-20-049323
1922703,ETSY,2020-02-26,edgar_8k,2020-02-26T16:09,after_close,0001370637-20-000042
1923339,FTI,2020-02-27,edgar_8k,2020-02-26T17:09,before_open,0001681459-20-000002
1923417,ANSS,2020-02-27,assumed_after_hours,,assumed_after_hours,
1923435,NI,2020-02-26,edgar_8k,2020-02-26T20:34,after_close,0001111711-20-000009
1924417,EIX,2020-02-27,edgar_8k,2020-02-27T16:09,after_close,0000827052-20-000025
1924482,ADSK,2020-02-27,edgar_8k,2020-02-27T16:01,after_close,0000769397-20-000005
1925233,EOG,2020-02-27,edgar_8k,2020-02-27T16:43,after_close,0000821189-20-000009
1925341,OXY,2020-02-28,edgar_8k,2020-02-27T16:13,before_open,0001104659-20-026174
1928449,JWN,2020-03-03,assumed_after_hours,,assumed_after_hours,
1929058,CPB,2020-06-02,edgar_8k,2020-06-03T07:04,after_call_date,0000016732-20-000062
1930412,CIEN,2020-01-31,assumed_after_hours,,assumed_after_hours,
1930997,COO,2020-03-06,edgar_8k,2020-03-05T16:22,before_open,0000711404-20-000006
1938333,GIS,2019-07-09,assumed_after_hours,,assumed_after_hours,
1944952,PAYX,2020-03-25,edgar_8k,2020-03-25T08:59,before_open,0000723531-20-000013
1945086,MU,2020-03-25,edgar_8k,2020-03-25T16:00,after_close,0000723125-20-000030
1948373,MKC,2020-03-31,edgar_8k,2020-03-31T07:31,before_open,0000063754-20-000062
1948462,CAG,2020-03-31,edgar_8k,2020-03-31T07:30,before_open,0001193125-20-091897
1950008,WBA,2020-04-02,assumed_after_hours,,assumed_after_hours,
1950459,ETSY,2020-05-06,edgar_8k,2020-05-06T16:08,after_close,0001370637-20-000136
1950761,STZ,2020-04-10,assumed_after_hours,,assumed_after_hours,
1953163,CTSH,2020-05-07,edgar_8k,2020-05-07T16:15,after_close,0001058290-20-000029
1954397,JPM,2020-04-14,edgar_8k,2020-04-14T06:43,before_open,0000019617-20-000280
1954416,JNJ,2020-04-13,edgar_8k,2020-04-14T08:00,after_call_date,0000200406-20-000026
1954428,FAST,2020-04-14,edgar_8k,2020-04-14T08:51,before_open,0000815556-20-000027
1954526,MRNA,2020-05-07,edgar_8k,2020-05-07T07:12,before_open,0001193125-20-135572
1954655,HWM,2020-05-05,edgar_8k,2020-05-05T07:05,before_open,0001157523-20-000649
1954704,JBHT,2020-04-14,assumed_after_hours,,assumed_after_hours,
1955046,BNY,2020-04-15,edgar_8k,2020-04-16T06:33,after_call_date,0001390777-20-000050
1955071,BAC,2020-04-15,edgar_8k,2020-04-15T06:46,before_open,0000070858-20-000018
1955073,PNC,2020-04-15,edgar_8k,2020-04-15T06:46,before_open,0000713676-20-000068
1955128,IR,2020-05-12,edgar_8k,2020-05-12T07:04,before_open,0001140361-20-011356
1955133,GS,2020-04-15,edgar_8k,2020-04-15T07:32,before_open,0001193125-20-107629
1955135,C,2020-04-15,edgar_8k,2020-04-15T08:28,before_open,0001104659-20-046612
1955234,FITB,2020-04-21,edgar_8k,2020-04-21T06:31,before_open,0001193125-20-112692
1955637,ABT,2020-04-15,edgar_8k,2020-04-16T07:43,after_call_date,0001104659-20-047187
1955851,EFX,2020-04-20,edgar_8k,2020-04-20T17:24,after_close,0000033185-20-000024
1956171,CFG,2020-04-17,edgar_8k,2020-04-17T08:21,before_open,0001193125-20-110023
1956182,PG,2020-04-17,edgar_8k,2020-04-17T07:05,before_open,0000080424-20-000029
1956191,STT,2020-04-17,edgar_8k,2020-04-17T07:38,before_open,0000093751-20-000757
1956559,TFC,2020-04-19,edgar_8k,2020-04-20T06:06,after_call_date,0000092230-20-000054
1957027,KO,2020-04-20,edgar_8k,2020-04-21T06:25,after_call_date,0000021344-20-000011
1957049,CMA,2020-04-20,assumed_after_hours,,assumed_after_hours,
1957143,NTRS,2020-04-21,edgar_8k,2020-04-21T08:06,before_open,0000073124-20-000146
1957158,PM,2020-04-21,edgar_8k,2020-04-21T09:13,before_open,0001413329-20-000029
1957209,STLD,2020-04-21,edgar_8k,2020-04-22T17:04,after_call_date,0001104659-20-049763
1957259,LMT,2020-04-21,edgar_8k,2020-04-21T07:33,before_open,0000936468-20-000041
1957331,EMR,2020-04-21,edgar_8k,2020-04-21T06:54,before_open,0000032604-20-000017
1957381,DOV,2020-04-21,edgar_8k,2020-04-21T06:36,before_open,0000029905-20-000017
1957422,PCAR,2020-04-22,edgar_8k,2020-04-21T08:34,before_open,0001564590-20-017578
1957822,CI,2020-04-30,edgar_8k,2020-04-30T06:15,before_open,0000950159-20-000110
1957870,NDAQ,2020-04-22,edgar_8k,2020-04-22T07:18,before_open,0001193125-20-114255
1957891,TER,2020-04-22,edgar_8k,2020-04-22T06:10,before_open,0001193125-20-114153
1957922,TMO,2020-04-22,edgar_8k,2020-04-22T06:20,before_open,0000097745-20-000015
1958000,T,2020-04-22,edgar_8k,2020-04-22T06:58,before_open,0000732717-20-000017
1958011,KMB,2020-04-22,edgar_8k,2020-04-22T08:35,before_open,0000055785-20-000032
1958154,HBAN,2020-04-23,edgar_8k,2020-04-23T07:35,before_open,0000049196-20-000020
1958261,LVS,2020-04-22,edgar_8k,2020-04-22T16:07,after_close,0001300514-20-000035
1958312,AA,2020-04-22,edgar_8k,2020-04-22T16:16,after_close,0001157523-20-000560
1958762,PHM,2020-04-23,edgar_8k,2020-04-23T07:49,before_open,0000822416-20-000012
1958764,WST,2020-04-23,edgar_8k,2020-04-23T06:51,before_open,0000105770-20-000018
1958813,PFE,2020-04-28,edgar_8k,2020-04-28T08:26,before_open,0000078003-20-000034
1958825,UNP,2020-04-23,edgar_8k,2020-04-23T08:04,before_open,0000100885-20-000139
1958841,IVZ,2020-04-23,edgar_8k,2020-04-23T08:04,before_open,0000914208-20-000293
1958876,LLY,2020-04-22,edgar_8k,2020-04-23T08:02,after_call_date,0000059478-20-000100
1959057,GWW,2020-04-23,edgar_8k,2020-04-23T08:13,before_open,0000277135-20-000010
1959104,EIX,2020-04-30,edgar_8k,2020-04-30T16:06,after_close,0000827052-20-000090
1959371,VRSN,2020-04-23,edgar_8k,2020-04-23T16:09,after_close,0001014473-20-000018
1959889,VZ,2020-04-24,edgar_8k,2020-04-24T07:34,before_open,0000732712-20-000025
1959923,AXP,2020-04-23,edgar_8k,2020-04-24T07:03,after_call_date,0000004962-20-000051
1960012,IEX,2020-04-24,edgar_8k,2020-04-24T09:46,intraday,0000832101-20-000012
1960017,FCX,2020-04-24,edgar_8k,2020-04-24T08:09,before_open,0000831259-20-000018
1960154,K,2020-04-30,assumed_after_hours,,assumed_after_hours,
1960843,GPC,2020-05-06,edgar_8k,2020-05-06T08:57,before_open,0000040987-20-000023
1960916,CNX,2020-04-27,edgar_8k,2020-04-27T06:53,before_open,0001070412-20-000020
1960924,CMS,2020-04-27,edgar_8k,2020-04-27T07:47,before_open,0001104659-20-051302
1961379,MCO,2020-04-30,edgar_8k,2020-04-30T07:30,before_open,0001157523-20-000613
1961614,PPG,2020-04-27,edgar_8k,2020-04-27T16:56,after_close,0000079879-20-000026
1961616,XRX,2020-04-27,edgar_8k,2020-04-28T06:47,after_call_date,0001770450-20-000016
1961625,BRO,2020-04-27,edgar_8k,2020-04-27T17:03,after_close,0001564590-20-018871
1961642,ZBRA,2020-04-28,edgar_8k,2020-04-28T07:35,before_open,0000877212-20-000020
1961649,DHI,2020-04-27,edgar_8k,2020-04-28T15:17,after_call_date,0000882184-20-000096
1961654,ROK,2020-04-28,edgar_8k,2020-04-28T07:18,before_open,0001024478-20-000015
1961657,GLW,2020-04-28,edgar_8k,2020-04-28T07:21,before_open,0000024741-20-000022
1961699,HOG,2020-04-27,edgar_8k,2020-04-28T07:20,after_call_date,0000793952-20-000049
1961708,IQV,2020-04-28,edgar_8k,2020-04-28T07:06,before_open,0001157523-20-000582
1961719,SPGI,2020-04-28,edgar_8k,2020-04-28T07:28,before_open,0000064040-20-000115
1961791,UPS,2020-04-28,edgar_8k,2020-04-28T07:20,before_open,0001090727-20-000019
1961804,CMI,2020-04-28,edgar_8k,2020-04-28T08:01,before_open,0000026172-20-000017
1961832,CAT,2020-04-28,edgar_8k,2020-04-28T06:34,before_open,0000018230-20-000147
1961850,RTX,2020-05-07,edgar_8k,2020-05-07T07:07,before_open,0000101829-20-000029
1961897,PFG,2020-04-27,edgar_8k,2020-04-27T16:15,after_close,0001104659-20-051609
1961960,MSCI,2020-04-28,edgar_8k,2020-04-28T07:16,before_open,0001157523-20-000583
1962063,MRK,2020-04-27,edgar_8k,2020-04-28T06:53,after_call_date,0001104659-20-051922
1962117,HII,2020-05-07,edgar_8k,2020-05-07T07:35,before_open,0001501585-20-000015
1962376,DXCM,2020-04-27,edgar_8k,2020-04-28T16:07,after_call_date,0001093557-20-000140
1962420,F,2020-04-28,edgar_8k,2020-04-28T12:12,intraday,0000037996-20-000039
1962459,MDLZ,2020-04-28,edgar_8k,2020-04-28T16:16,after_close,0001193125-20-123078
1962495,AMD,2020-04-28,edgar_8k,2020-04-28T16:29,after_close,0000002488-20-000048
1962934,MAS,2020-04-29,edgar_8k,2020-04-29T07:06,before_open,0000062996-20-000014
1962949,NOC,2020-04-29,edgar_8k,2020-04-29T06:31,before_open,0001133421-20-000018
1962967,HAS,2020-04-29,edgar_8k,2020-04-29T06:37,before_open,0000046080-20-000050
1962984,BSX,2020-04-29,edgar_8k,2020-04-29T06:37,before_open,0000885725-20-000019
1963085,LH,2020-04-28,edgar_8k,2020-04-29T07:02,after_call_date,0000920148-20-000021
1963141,MA,2020-04-28,edgar_8k,2020-04-29T08:01,after_call_date,0001141391-20-000089
1963313,MKTX,2020-04-29,edgar_8k,2020-04-29T06:31,before_open,0001193125-20-124288
1963501,OKE,2020-04-28,edgar_8k,2020-04-28T17:16,after_close,0001039684-20-000033
1963541,CHTR,2020-05-01,edgar_8k,2020-05-01T07:05,before_open,0001091667-20-000103
1963579,SHW,2020-04-28,edgar_8k,2020-04-29T07:16,after_call_date,0001193125-20-124429
1963584,BA,2020-04-29,edgar_8k,2020-04-29T07:38,before_open,0001193125-20-124475
1963761,BXP,2020-05-15,assumed_after_hours,,assumed_after_hours,
1963825,GE,2020-04-29,dec_flag,,before_open,GE_2020_Q1_20200429
1963942,TXT,2020-04-30,edgar_8k,2020-04-30T06:35,before_open,0001104659-20-053864
1964295,FMC,2020-05-06,edgar_8k,2020-05-05T16:54,before_open,0000037785-20-000072
1964425,HOLX,2020-05-15,assumed_after_hours,,assumed_after_hours,
1964433,QCOM,2020-04-29,edgar_8k,2020-04-29T16:12,after_close,0001728949-20-000030
1964461,ALGN,2020-04-29,edgar_8k,2020-04-29T16:14,after_close,0001171843-20-003018
1964495,VRTX,2020-04-29,edgar_8k,2020-04-29T16:14,after_close,0000875320-20-000014
1964517,FICO,2020-03-31,assumed_after_hours,,assumed_after_hours,
1964556,NOW,2020-04-29,edgar_8k,2020-04-29T16:11,after_close,0001373715-20-000098
1964693,TSLA,2020-04-29,edgar_8k,2020-04-29T16:56,after_close,0001564590-20-019776
1965129,EBAY,2020-04-29,edgar_8k,2020-04-29T16:23,after_close,0001065088-20-000015
1965934,GT,2020-04-30,edgar_8k,2020-04-30T07:26,before_open,0001193125-20-127648
1965967,BAX,2020-04-30,edgar_8k,2020-04-30T07:19,before_open,0001628280-20-005901
1965978,KHC,2020-04-29,edgar_8k,2020-04-30T07:07,after_call_date,0001637459-20-000058
1965980,SWK,2020-04-30,edgar_8k,2020-04-30T07:09,before_open,0000093556-20-000009
1965988,LKQ,2020-04-30,edgar_8k,2020-04-30T06:40,before_open,0001065696-20-000019
1965998,TFX,2020-04-29,edgar_8k,2020-04-30T07:00,after_call_date,0000096943-20-000051
1966033,TPR,2020-04-29,edgar_8k,2020-04-30T06:46,after_call_date,0001157523-20-000608
1966065,SCI,2020-04-30,edgar_8k,2020-04-29T20:10,before_open,0000089089-20-000026
1966069,CMCSA,2020-04-29,edgar_8k,2020-04-30T07:08,after_call_date,0001166691-20-000015
1966091,MRSH,2020-05-11,assumed_after_hours,,assumed_after_hours,
1966107,NRG,2020-07-24,assumed_after_hours,,assumed_after_hours,
1966150,AFL,2020-04-29,edgar_8k,2020-04-29T16:21,after_close,0000004977-20-000054
1966264,HUBB,2020-04-30,edgar_8k,2020-04-30T08:06,before_open,0001628280-20-005911
1966272,ICE,2020-04-30,edgar_8k,2020-04-30T07:30,before_open,0001104659-20-053886
1966291,IP,2020-04-30,edgar_8k,2020-04-30T07:08,before_open,0000051434-20-000015
1966341,CCI,2020-04-29,edgar_8k,2020-04-29T16:18,after_close,0001051470-20-000098
1966408,BC,2020-04-29,edgar_8k,2020-04-30T06:36,after_call_date,0000014930-20-000058
1966433,TAP,2020-04-30,edgar_8k,2020-04-30T07:12,before_open,0001157523-20-000611
1966453,ADM,2020-04-30,edgar_8k,2020-04-30T11:33,intraday,0000007084-20-000013
1966454,PH,2020-04-30,edgar_8k,2020-04-30T08:32,before_open,0000076334-20-000044
1966458,URI,2020-04-29,edgar_8k,2020-04-29T16:35,after_close,0001067701-20-000020
1966599,MO,2020-04-30,edgar_8k,2020-04-30T07:09,before_open,0000764180-20-000044
1966867,EOG,2020-05-07,edgar_8k,2020-05-07T16:24,after_close,0000821189-20-000027
1967200,GILD,2020-04-30,edgar_8k,2020-04-30T16:08,after_close,0000882095-20-000009
1967208,RMD,2020-04-30,edgar_8k,2020-04-30T16:05,after_close,0001193125-20-128755
1967246,AMZN,2020-04-29,edgar_8k,2020-04-30T16:42,after_call_date,0001018724-20-000008
1967294,V,2020-04-30,edgar_8k,2020-04-30T16:01,after_close,0001403161-20-000024
1967321,FTV,2020-04-30,edgar_8k,2020-04-30T16:14,after_close,0001659166-20-000077
1967434,SO,2020-04-30,edgar_8k,2020-04-30T08:26,before_open,0000092122-20-000044
1967718,MPC,2020-05-05,edgar_8k,2020-05-05T06:44,before_open,0001510295-20-000062
1967863,EMN,2020-05-01,edgar_8k,2020-04-30T16:40,before_open,0000915389-20-000025
1967929,CBOE,2020-05-01,edgar_8k,2020-05-01T07:30,before_open,0001558370-20-004872
1968093,WY,2020-05-01,edgar_8k,2020-04-30T21:27,before_open,0001564590-20-020338
1968343,PSX,2020-05-01,edgar_8k,2020-05-01T09:15,before_open,0001534701-20-000083
1968400,CLX,2020-05-01,edgar_8k,2020-05-01T06:45,before_open,0001206774-20-001439
1968519,CVX,2020-05-01,edgar_8k,2020-05-01T09:00,before_open,0000093410-20-000015
1969344,TSN,2020-05-04,edgar_8k,2020-05-04T07:42,before_open,0000100493-20-000073
1969413,WAB,2020-05-04,edgar_8k,2020-05-04T07:11,before_open,0001193125-20-131720
1970301,LEG,2020-05-04,edgar_8k,2020-05-04T16:36,after_close,0001193125-20-132449
1970419,XYL,2020-05-05,edgar_8k,2020-05-05T07:15,before_open,0001524472-20-000018
1970429,AIG,2020-05-04,edgar_8k,2020-05-04T16:26,after_close,0001104659-20-056215
1970490,CTLT,2020-05-05,assumed_after_hours,,assumed_after_hours,
1970504,SEE,2020-05-05,assumed_after_hours,,assumed_after_hours,
1970516,D,2020-05-05,edgar_8k,2020-05-05T08:01,before_open,0001564590-20-021004
1970540,BMY,2020-05-07,edgar_8k,2020-05-07T08:08,before_open,0000014272-20-000166
1970661,MHK,2020-05-19,assumed_after_hours,,assumed_after_hours,
1970703,MLM,2020-05-05,edgar_8k,2020-05-05T16:14,after_close,0001564590-20-021263
1970773,TDG,2020-05-05,edgar_8k,2020-05-05T07:21,before_open,0001260221-20-000044
1971027,DHR,2020-05-07,edgar_8k,2020-05-06T16:30,before_open,0000313616-20-000091
1971398,WU,2020-05-05,edgar_8k,2020-05-05T16:09,after_close,0001558370-20-005189
1971409,ANET,2020-05-06,edgar_8k,2020-05-05T16:26,before_open,0001628280-20-006442
1971892,ITW,2020-05-04,edgar_8k,2020-05-05T09:21,after_call_date,0000049826-20-000050
1973013,BG,2020-05-06,assumed_after_hours,,assumed_after_hours,
1973055,CVS,2020-05-06,edgar_8k,2020-05-06T06:34,before_open,0000064803-20-000014
1973077,AIZ,2020-05-18,assumed_after_hours,,assumed_after_hours,
1973155,VRSK,2020-05-05,edgar_8k,2020-05-05T16:16,after_close,0001442145-20-000021
1973160,ZTS,2020-05-06,edgar_8k,2020-05-06T07:16,before_open,0001555280-20-000196
1973177,CDW,2020-05-06,edgar_8k,2020-05-06T07:10,before_open,0001402057-20-000091
1973218,NI,2020-05-06,edgar_8k,2020-05-06T06:33,before_open,0001111711-20-000019
1973279,BWA,2020-05-06,edgar_8k,2020-05-06T06:35,before_open,0000908255-20-000044
1973367,DVN,2020-05-05,edgar_8k,2020-05-05T16:59,after_close,0001564590-20-021326
1973398,ALL,2020-05-06,edgar_8k,2020-05-05T16:16,before_open,0000899051-20-000028
1973449,GM,2020-05-06,edgar_8k,2020-05-06T08:50,before_open,0001467858-20-000067
1973587,PRU,2020-05-06,edgar_8k,2020-05-05T16:26,before_open,0001137774-20-000079
1973669,VMC,2020-05-06,edgar_8k,2020-05-06T08:03,before_open,0001104659-20-057193
1974074,IFF,2020-05-12,edgar_8k,2020-05-11T17:19,before_open,0001193125-20-139271
1974375,FTNT,2020-05-06,edgar_8k,2020-05-06T16:13,after_close,0001262039-20-000029
1974384,TRMB,2020-05-06,edgar_8k,2020-05-06T16:24,after_close,0000864749-20-000047
1974427,PYPL,2020-05-06,edgar_8k,2020-05-06T16:32,after_close,0001633917-20-000091
1974443,J,2020-05-06,edgar_8k,2020-05-06T16:13,after_close,0000052988-20-000031
1974458,EQIX,2020-05-06,edgar_8k,2020-05-06T16:06,after_close,0001564590-20-021918
1975245,IT,2020-05-07,edgar_8k,2020-05-07T06:08,before_open,0000749251-20-000013
1975265,IRM,2020-05-07,edgar_8k,2020-05-07T06:05,before_open,0001020569-20-000126
1975303,ANSS,2020-05-06,assumed_after_hours,,assumed_after_hours,
1975325,BDX,2020-05-07,edgar_8k,2020-05-07T06:11,before_open,0000010795-20-000016
1975362,MET,2020-05-06,edgar_8k,2020-05-06T16:33,after_close,0001099219-20-000200
1975414,ALB,2020-05-07,edgar_8k,2020-05-06T16:35,before_open,0000915913-20-000099
1975427,ATO,2020-05-07,edgar_8k,2020-05-06T16:49,before_open,0000731802-20-000016
1975455,PWR,2020-05-06,edgar_8k,2020-05-07T06:57,after_call_date,0001193125-20-135551
1975504,OTIS,2020-05-07,edgar_8k,2020-05-06T20:19,before_open,0001781335-20-000003
1975548,FIS,2020-05-07,edgar_8k,2020-05-07T07:02,before_open,0001136893-20-000105
1975623,TRGP,2020-05-07,edgar_8k,2020-05-07T06:15,before_open,0001564590-20-022319
1975690,CF,2017-11-01,edgar_8k,2017-11-01T16:35,after_close,0001324404-17-000023
1975893,CRL,2020-05-07,edgar_8k,2020-05-07T07:32,before_open,0001157523-20-000692
1975895,MUR,2020-05-06,edgar_8k,2020-05-06T19:18,after_close,0000717423-20-000029
1975946,APA,2020-05-06,assumed_after_hours,,assumed_after_hours,
1976040,AVB,2020-05-06,edgar_8k,2020-05-07T07:08,after_call_date,0000915912-20-000014
1976227,XEL,2020-05-06,edgar_8k,2020-05-06T17:41,after_close,0000072903-20-000020
1976694,MSI,2020-05-07,edgar_8k,2020-05-07T16:42,after_close,0000068505-20-000011
1977291,EPAM,2020-05-06,edgar_8k,2020-05-07T06:05,after_call_date,0001352010-20-000019
1977329,MTD,2020-05-07,edgar_8k,2020-05-07T16:14,after_close,0001037646-20-000012
1977723,BR,2020-05-07,edgar_8k,2020-05-08T08:01,after_call_date,0001383312-20-000029
1977732,TRIP,2020-05-07,edgar_8k,2020-05-07T16:15,after_close,0001564590-20-022868
1977741,CARR,2020-05-08,edgar_8k,2020-05-08T07:39,before_open,0001783180-20-000013
1977797,XRAY,2020-05-08,edgar_8k,2020-05-08T07:07,before_open,0000818479-20-000020
1978012,VTR,0001-01-01,assumed_after_hours,,invalid_date,
1978180,PNW,2020-05-08,edgar_8k,2020-05-08T08:32,before_open,0000764622-20-000037
1980429,COTY,2020-05-11,edgar_8k,2020-05-11T17:02,after_close,0001024305-20-000048
1980490,CAH,2020-05-09,assumed_after_hours,,assumed_after_hours,
1980580,DUK,2020-05-12,edgar_8k,2020-05-11T18:19,before_open,0001326160-20-000148
1984691,CSCO,2020-05-13,edgar_8k,2020-05-13T16:09,after_close,0001193125-20-141598
1984692,KSS,2020-05-19,edgar_8k,2020-05-19T07:08,before_open,0001193125-20-145553
1985829,NCLH,2020-05-13,edgar_8k,2020-05-14T08:45,after_call_date,0001171843-20-003707
1986747,AMAT,2020-05-15,edgar_8k,2020-05-14T16:12,before_open,0000006951-20-000020
1987602,VFC,2020-05-15,edgar_8k,2020-05-15T06:55,before_open,0001157523-20-000753
1990093,M,2020-07-01,edgar_8k,2020-07-01T07:04,before_open,0000794367-20-000084
1991552,WMT,2020-05-19,edgar_8k,2020-05-19T06:58,before_open,0000104169-20-000016
1993128,MCK,2020-05-20,edgar_8k,2020-05-20T07:04,before_open,0000927653-20-000028
1993348,RCL,2020-05-20,edgar_8k,2020-05-20T08:29,before_open,0000884887-20-000017
1993973,TTWO,2020-05-20,edgar_8k,2020-05-20T16:19,after_close,0001104659-20-064269
1995197,A,2020-05-20,edgar_8k,2020-05-21T16:06,after_call_date,0001090872-20-000008
1995214,PANW,2020-05-21,edgar_8k,2020-05-21T16:24,after_close,0001327567-20-000015
1995236,HPE,2020-05-21,edgar_8k,2020-05-21T16:14,after_close,0001645590-20-000019
1995762,DE,2020-05-21,edgar_8k,2020-05-22T06:08,after_call_date,0001558370-20-006900
1999755,KEYS,2020-05-25,edgar_8k,2020-05-26T16:06,after_call_date,0001601046-20-000031
2001028,HPQ,2020-05-27,edgar_8k,2020-05-27T16:07,after_close,0000047217-20-000012
2001066,ADSK,2020-05-27,edgar_8k,2020-05-27T16:01,after_close,0000769397-20-000019
2002384,DXC,2020-05-28,edgar_8k,2020-05-28T16:32,after_close,0001688568-20-000029
2002421,CRM,2020-05-28,edgar_8k,2020-05-28T16:13,after_close,0001108524-20-000026
2006097,CPB,2020-09-21,assumed_after_hours,,assumed_after_hours,
2007526,CIEN,2020-05-02,assumed_after_hours,,assumed_after_hours,
2007564,SJM,2020-06-04,edgar_8k,2020-06-04T07:42,before_open,0000091419-20-000045
2021462,JBL,2020-06-19,edgar_8k,2020-06-19T08:06,before_open,0001193125-20-173257
2025093,KBH,2020-06-24,edgar_8k,2020-06-24T16:26,after_close,0000795266-20-000064
2025737,DRI,2020-06-25,edgar_8k,2020-06-25T07:14,before_open,0000940944-20-000040
2028851,MU,2020-06-29,edgar_8k,2020-06-29T16:02,after_close,0000723125-20-000063
2029339,GIS,2019-07-09,assumed_after_hours,,assumed_after_hours,
2029448,CAG,2020-06-30,edgar_8k,2020-06-30T07:30,before_open,0001193125-20-183317
2030414,STZ,2020-07-10,assumed_after_hours,,assumed_after_hours,
2032187,D,2020-07-31,edgar_8k,2020-07-31T08:42,before_open,0001564590-20-035021
2032913,PAYX,2020-07-07,edgar_8k,2020-07-07T10:02,intraday,0000723531-20-000045
2034429,WBA,2020-07-09,assumed_after_hours,,assumed_after_hours,
2036725,JPM,2020-07-14,edgar_8k,2020-07-14T06:45,before_open,0000019617-20-000362
2036784,FAST,2020-07-14,edgar_8k,2020-07-14T08:27,before_open,0000815556-20-000051
2036829,C,2020-07-14,edgar_8k,2020-07-14T09:37,intraday,0001104659-20-083277
2037712,MRNA,2020-08-05,edgar_8k,2020-08-05T07:22,before_open,0001193125-20-209861
2037751,USB,2020-07-15,edgar_8k,2020-07-15T06:51,before_open,0001193125-20-192926
2037788,GS,2020-07-15,edgar_8k,2020-07-15T07:33,before_open,0001193125-20-192968
2037794,PNC,2020-07-15,edgar_8k,2020-07-15T07:05,before_open,0000713676-20-000096
2038172,AA,2020-07-15,edgar_8k,2020-07-15T16:50,after_close,0001157523-20-000978
2038694,JNJ,2020-07-15,edgar_8k,2020-07-16T07:31,after_call_date,0000200406-20-000047
2038698,TFC,2020-07-16,edgar_8k,2020-07-16T06:02,before_open,0000092230-20-000076
2038783,ABT,2020-07-15,edgar_8k,2020-07-16T07:41,after_call_date,0001104659-20-083929
2039099,JBHT,2020-07-16,edgar_8k,2020-07-17T15:31,after_call_date,0001437749-20-015340
2039529,PPG,2020-07-16,edgar_8k,2020-07-16T16:38,after_close,0000079879-20-000039
2039642,FHN,2020-07-17,edgar_8k,2020-07-17T06:30,before_open,0001171843-20-005014
2040523,CVX,2020-07-31,edgar_8k,2020-07-31T08:37,before_open,0000093410-20-000036
2041506,CMA,2020-07-20,assumed_after_hours,,assumed_after_hours,
2041602,KO,2020-07-20,edgar_8k,2020-07-21T06:59,after_call_date,0000021344-20-000037
2041656,PM,2020-07-21,edgar_8k,2020-07-21T09:02,before_open,0001413329-20-000049
2041668,STLD,2020-07-21,edgar_8k,2020-07-22T12:40,after_call_date,0001104659-20-085531
2041788,LMT,2020-07-21,edgar_8k,2020-07-21T07:41,before_open,0000936468-20-000113
2041832,PCAR,2020-07-21,edgar_8k,2020-07-21T08:05,before_open,0001564590-20-032841
2042151,COF,2020-07-21,edgar_8k,2020-07-21T16:05,after_close,0000927628-20-000231
2042639,NDAQ,2020-07-22,edgar_8k,2020-07-22T07:25,before_open,0001193125-20-196795
2042651,BIIB,2020-07-22,edgar_8k,2020-07-22T07:13,before_open,0000875045-20-000018
2042679,TER,2020-07-22,edgar_8k,2020-07-22T06:08,before_open,0001193125-20-196743
2042680,TMO,2020-07-22,edgar_8k,2020-07-22T06:14,before_open,0000097745-20-000035
2042687,MA,2020-07-30,edgar_8k,2020-07-30T08:01,before_open,0001141391-20-000163
2042703,KEY,2020-07-22,edgar_8k,2020-07-22T06:55,before_open,0000091576-20-000041
2042721,IQV,2020-07-22,edgar_8k,2020-07-22T07:05,before_open,0001157523-20-001010
2042728,DOV,2020-07-22,edgar_8k,2020-07-22T06:34,before_open,0000029905-20-000034
2042741,EG,2020-08-11,assumed_after_hours,,assumed_after_hours,
2042780,MKTX,2020-07-22,edgar_8k,2020-07-22T06:33,before_open,0001193125-20-196767
2042820,NTRS,2020-07-22,edgar_8k,2020-07-22T08:01,before_open,0000073124-20-000205
2043239,ALGN,2020-07-22,edgar_8k,2020-07-22T16:00,after_close,0001171843-20-005100
2043252,CSX,2020-07-22,edgar_8k,2020-07-22T16:01,after_close,0000277948-20-000030
2043282,MSFT,2020-07-23,edgar_8k,2020-07-22T16:03,before_open,0001193125-20-197109
2043283,TSLA,2020-07-22,edgar_8k,2020-07-22T16:54,after_close,0001564590-20-033069
2043890,DFS,2020-07-22,assumed_after_hours,,assumed_after_hours,
2043932,DOW,2020-07-23,edgar_8k,2020-07-23T07:12,before_open,0001751788-20-000021
2043944,WHR,2020-07-23,edgar_8k,2020-07-22T16:07,before_open,0000106640-20-000145
2043946,DHR,2020-07-23,edgar_8k,2020-07-23T06:24,before_open,0000313616-20-000123
2043957,EQT,2020-07-27,edgar_8k,2020-07-27T06:30,before_open,0000033213-20-000021
2043990,PHM,2020-07-23,edgar_8k,2020-07-23T07:48,before_open,0000822416-20-000030
2044027,WST,2020-07-23,edgar_8k,2020-07-23T08:25,before_open,0000105770-20-000041
2044052,HBAN,2020-07-23,edgar_8k,2020-07-23T07:35,before_open,0000049196-20-000041
2044071,UNP,2020-07-23,edgar_8k,2020-07-23T08:05,before_open,0000100885-20-000219
2044084,BX,2020-07-23,edgar_8k,2020-07-23T06:55,before_open,0001193125-20-197440
2044108,EFX,2020-07-22,edgar_8k,2020-07-22T17:01,after_close,0000033185-20-000038
2044121,FITB,2020-07-23,edgar_8k,2020-07-23T06:29,before_open,0000035527-20-000066
2044240,KMB,2020-07-23,edgar_8k,2020-07-23T08:29,before_open,0000055785-20-000052
2044356,GWW,2020-07-23,edgar_8k,2020-07-23T08:12,before_open,0000277135-20-000019
2044463,FCX,2020-07-23,edgar_8k,2020-07-23T07:56,before_open,0000831259-20-000030
2044825,VRSN,2020-07-23,edgar_8k,2020-07-23T16:09,after_close,0001014473-20-000028
2044948,MAT,2020-07-23,edgar_8k,2020-07-23T16:07,after_close,0001628280-20-010580
2045596,VZ,2020-07-24,edgar_8k,2020-07-24T07:44,before_open,0000732712-20-000048
2045626,HON,2020-07-23,edgar_8k,2020-07-24T06:36,after_call_date,0000773840-20-000037
2045766,IEX,2020-07-24,edgar_8k,2020-07-24T09:25,before_open,0000832101-20-000024
2046683,HAS,2020-07-24,assumed_after_hours,,assumed_after_hours,
2046895,AVY,2020-07-27,edgar_8k,2020-07-27T06:45,before_open,0001104659-20-086616
2047588,XRX,2020-07-27,edgar_8k,2020-07-28T06:45,after_call_date,0001770450-20-000027
2047631,BRO,2020-07-27,edgar_8k,2020-07-27T17:02,after_close,0001564590-20-033610
2047646,RTX,2020-07-28,edgar_8k,2020-07-28T06:58,before_open,0000101829-20-000051
2047659,ZBRA,2020-07-28,edgar_8k,2020-07-28T07:26,before_open,0000877212-20-000144
2047671,DHI,2020-07-27,edgar_8k,2020-07-28T12:07,after_call_date,0000882184-20-000108
2047680,WAB,2020-07-28,edgar_8k,2020-07-28T07:02,before_open,0001193125-20-200408
2047719,GLW,2020-07-28,edgar_8k,2020-07-28T07:32,before_open,0000024741-20-000050
2047723,OMC,2020-07-28,edgar_8k,2020-07-28T07:25,before_open,0000891092-20-008855
2047729,LH,2020-07-28,edgar_8k,2020-07-28T06:56,before_open,0000920148-20-000036
2047733,HOG,2020-07-28,edgar_8k,2020-07-28T06:50,before_open,0000793952-20-000089
2047737,MMM,2020-07-28,edgar_8k,2020-07-28T07:09,before_open,0001104659-20-087014
2047744,IVZ,2020-07-28,edgar_8k,2020-07-28T07:59,before_open,0000914208-20-000372
2047750,MO,2020-07-28,edgar_8k,2020-07-28T07:04,before_open,0000764180-20-000070
2047752,SPGI,2020-07-28,edgar_8k,2020-07-28T07:14,before_open,0000064040-20-000140
2047783,ROK,2020-07-28,edgar_8k,2020-07-28T07:14,before_open,0001024478-20-000023
2047852,CMI,2020-07-28,edgar_8k,2020-07-28T07:56,before_open,0000026172-20-000040
2047862,OTIS,2020-07-28,edgar_8k,2020-07-28T06:09,before_open,0001781335-20-000011
2047960,MSCI,2020-07-28,edgar_8k,2020-07-28T07:00,before_open,0001157523-20-001040
2048003,MLM,2020-07-28,edgar_8k,2020-07-28T07:10,before_open,0001564590-20-033685
2048019,SHW,2020-07-27,edgar_8k,2020-07-28T07:13,after_call_date,0001193125-20-200421
2048429,EIX,2020-07-28,edgar_8k,2020-07-28T16:09,after_close,0000827052-20-000110
2048443,DXCM,2020-07-27,edgar_8k,2020-07-28T16:08,after_call_date,0001093557-20-000215
2048505,AMGN,2020-07-28,edgar_8k,2020-07-28T16:05,after_close,0000318154-20-000046
2048508,AMD,2020-07-28,edgar_8k,2020-07-28T16:20,after_close,0000002488-20-000101
2048526,EBAY,2020-07-28,edgar_8k,2020-07-28T16:19,after_close,0001065088-20-000027
2048536,MDLZ,2020-07-28,edgar_8k,2020-07-28T16:21,after_close,0001193125-20-201004
2048567,FTV,2020-07-28,edgar_8k,2020-07-28T16:19,after_close,0001659166-20-000135
2048601,V,2020-07-28,edgar_8k,2020-07-28T16:05,after_close,0001403161-20-000043
2049220,BG,2020-07-29,assumed_after_hours,,assumed_after_hours,
2049258,GE,2020-07-29,edgar_8k,2020-07-29T06:23,before_open,0000040545-20-000045
2049275,IPG,2020-07-29,assumed_after_hours,,assumed_after_hours,
2049290,BSX,2020-07-29,edgar_8k,2020-07-29T06:41,before_open,0000885725-20-000031
2049349,ADP,2020-07-29,edgar_8k,2020-07-29T07:11,before_open,0000008670-20-000025
2049374,CAR,2020-07-29,edgar_8k,2020-07-28T17:13,before_open,0000723612-20-000080
2049390,NSC,2020-07-29,edgar_8k,2020-07-29T08:05,before_open,0001552781-20-000439
2049514,GM,2020-07-29,edgar_8k,2020-07-29T09:13,before_open,0001467858-20-000110
2049546,BXP,2020-08-11,assumed_after_hours,,assumed_after_hours,
2049587,BA,2020-07-29,edgar_8k,2020-07-29T07:44,before_open,0001193125-20-201808
2049623,ETR,2020-07-29,edgar_8k,2020-07-29T06:53,before_open,0000065984-20-000217
2049626,OKE,2020-07-28,edgar_8k,2020-07-28T17:10,after_close,0001039684-20-000054
2050224,QCOM,2020-07-29,edgar_8k,2020-07-29T16:05,after_close,0001728949-20-000056
2050241,FICO,2020-06-30,assumed_after_hours,,assumed_after_hours,
2050285,LRCX,2020-07-29,edgar_8k,2020-07-29T16:18,after_close,0000707549-20-000119
2050301,CTSH,2020-07-29,edgar_8k,2020-07-29T16:09,after_close,0001058290-20-000047
2050308,PYPL,2020-07-29,edgar_8k,2020-07-29T16:31,after_close,0001633917-20-000133
2050348,NOW,2020-07-28,edgar_8k,2020-07-29T16:56,after_call_date,0001373715-20-000189
2050363,EQIX,2020-07-29,edgar_8k,2020-07-29T16:12,after_close,0001564590-20-034287
2050943,LLY,2020-07-29,edgar_8k,2020-07-30T07:03,after_call_date,0000059478-20-000128
2051101,LKQ,2020-07-30,edgar_8k,2020-07-30T07:45,before_open,0001065696-20-000037
2051107,SWK,2020-07-30,edgar_8k,2020-07-30T07:27,before_open,0000093556-20-000022
2051110,FTI,2020-07-30,edgar_8k,2020-07-29T16:12,before_open,0001681459-20-000101
2051114,DD,2020-07-30,edgar_8k,2020-07-30T06:17,before_open,0001666700-20-000038
2051117,TXT,2020-07-30,edgar_8k,2020-07-30T06:45,before_open,0001104659-20-088089
2051135,ADM,2020-07-30,edgar_8k,2020-07-29T17:42,before_open,0000007084-20-000022
2051144,TFX,2020-07-29,edgar_8k,2020-07-30T07:09,after_call_date,0000096943-20-000094
2051161,ICE,2020-07-30,edgar_8k,2020-07-30T07:30,before_open,0001104659-20-088131
2051165,UPS,2020-07-30,edgar_8k,2020-07-30T06:15,before_open,0001090727-20-000034
2051174,BAX,2020-07-30,edgar_8k,2020-07-30T07:18,before_open,0001628280-20-010907
2051176,PG,2020-07-30,edgar_8k,2020-07-30T07:06,before_open,0000080424-20-000048
2051181,KHC,2020-07-30,edgar_8k,2020-07-30T07:09,before_open,0001637459-20-000126
2051197,CARR,2020-07-30,edgar_8k,2020-07-30T07:04,before_open,0001783180-20-000045
2051217,SCI,2020-07-28,edgar_8k,2020-07-29T17:28,after_call_date,0000089089-20-000045
2051233,CMCSA,2020-07-29,edgar_8k,2020-07-30T07:13,after_call_date,0001166691-20-000022
2051245,XYL,2020-07-30,edgar_8k,2020-07-30T07:04,before_open,0001524472-20-000043
2051246,MRSH,2020-08-06,assumed_after_hours,,assumed_after_hours,
2051253,AMP,2020-07-30,edgar_8k,2020-07-30T08:40,before_open,0000820027-20-000053
2051257,NOC,2020-07-30,edgar_8k,2020-07-30T06:30,before_open,0001133421-20-000041
2051277,RJF,2020-07-29,edgar_8k,2020-07-29T16:59,after_close,0000720005-20-000037
2051283,AMT,2020-07-30,edgar_8k,2020-07-30T07:06,before_open,0001053507-20-000126
2051299,K,2020-07-30,assumed_after_hours,,assumed_after_hours,
2051315,MAS,2020-07-30,edgar_8k,2020-07-30T07:08,before_open,0000062996-20-000030
2051319,XEL,2020-07-29,edgar_8k,2020-07-29T19:08,after_close,0000072903-20-000050
2051385,IP,2020-07-30,edgar_8k,2020-07-30T07:43,before_open,0000051434-20-000029
2051537,APA,2020-07-29,assumed_after_hours,,assumed_after_hours,
2051546,GPC,2020-07-30,edgar_8k,2020-07-30T09:17,before_open,0000040987-20-000034
2051550,CCI,2020-07-30,edgar_8k,2020-07-29T17:24,before_open,0001051470-20-000125
2051554,BC,2020-07-29,edgar_8k,2020-07-30T06:34,after_call_date,0000014930-20-000099
2051556,URI,2020-07-29,edgar_8k,2020-07-29T17:29,after_close,0001067701-20-000036
2051824,AVB,2020-07-29,edgar_8k,2020-07-30T07:32,after_call_date,0000915912-20-000020
2051918,MCO,2020-07-30,edgar_8k,2020-07-30T07:32,before_open,0001157523-20-001069
2052294,GILD,2020-07-30,edgar_8k,2020-07-30T18:57,after_close,0000882095-20-000016
2052317,AMZN,2020-07-29,edgar_8k,2020-07-30T19:05,after_call_date,0001018724-20-000019
2052339,TAP,2020-07-30,edgar_8k,2020-07-30T07:07,before_open,0001157523-20-001067
2052378,VRTX,2020-07-30,edgar_8k,2020-07-30T18:45,after_close,0000875320-20-000027
2052592,MTD,2020-07-30,edgar_8k,2020-07-30T18:48,after_close,0001037646-20-000023
2053244,MRK,2020-07-30,edgar_8k,2020-07-31T08:37,after_call_date,0001104659-20-088675
2053249,CBRE,2020-07-31,edgar_8k,2020-07-31T08:40,before_open,0001564590-20-035018
2053293,CAT,2020-07-31,edgar_8k,2020-07-31T08:34,before_open,0000018230-20-000210
2053310,VFC,2020-07-30,edgar_8k,2020-07-31T08:37,after_call_date,0001157523-20-001090
2053319,CHTR,2020-07-31,edgar_8k,2020-07-31T11:48,intraday,0001091667-20-000159
2053333,CBOE,2020-07-31,edgar_8k,2020-07-31T09:02,before_open,0001558370-20-008843
2053470,XOM,2020-07-31,edgar_8k,2020-07-31T08:39,before_open,0000034088-20-000066
2053488,ITW,2020-07-30,edgar_8k,2020-07-31T09:34,after_call_date,0000049826-20-000097
2053500,SNA,2020-07-30,edgar_8k,2020-07-31T08:36,after_call_date,0001157523-20-001088
2053567,WY,2020-07-31,edgar_8k,2020-07-30T20:13,before_open,0001564590-20-034879
2053602,LYB,2020-07-31,edgar_8k,2020-07-31T10:32,intraday,0001489393-20-000048
2053706,PSX,2020-07-31,edgar_8k,2020-07-31T09:13,before_open,0001534701-20-000118
2056629,MOR,2020-08-03,assumed_after_hours,,assumed_after_hours,
2056651,MCK,2020-08-03,edgar_8k,2020-08-03T07:25,before_open,0000927653-20-000058
2056707,TSN,2020-08-03,edgar_8k,2020-08-03T07:32,before_open,0000100493-20-000102
2056721,CMS,2020-08-03,edgar_8k,2020-08-03T08:12,before_open,0001104659-20-089335
2056806,MPC,2020-08-03,edgar_8k,2020-08-03T06:41,before_open,0001510295-20-000081
2056985,CLX,2020-07-31,assumed_after_hours,,assumed_after_hours,
2057269,SBAC,2020-07-31,assumed_after_hours,,assumed_after_hours,
2057281,KLAC,2020-08-03,edgar_8k,2020-08-03T16:16,after_close,0000319201-20-000039
2057287,TTWO,2020-08-02,edgar_8k,2020-08-03T16:18,after_call_date,0001104659-20-089634
2057979,IT,2020-08-04,edgar_8k,2020-08-04T06:53,before_open,0000749251-20-000025
2058004,AIG,2020-08-03,edgar_8k,2020-08-03T17:01,after_close,0001104659-20-089692
2058050,LEG,2020-08-03,edgar_8k,2020-08-03T16:51,after_close,0001193125-20-208159
2058378,HSIC,2020-08-03,edgar_8k,2020-08-04T07:15,after_call_date,0001000228-20-000053
2058441,WMB,2020-08-04,edgar_8k,2020-08-03T16:43,before_open,0000107263-20-000025
2058568,TDG,2020-08-04,edgar_8k,2020-08-04T07:20,before_open,0001260221-20-000085
2058575,VMC,2020-08-04,edgar_8k,2020-08-04T07:45,before_open,0001104659-20-089950
2058597,MOS,2020-08-03,edgar_8k,2020-08-03T16:11,after_close,0001243786-20-000108
2058807,EMN,2020-08-03,edgar_8k,2020-08-03T16:41,after_close,0000915389-20-000051
2058923,ESS,2020-08-02,edgar_8k,2020-08-03T17:06,after_call_date,0001140361-20-017326
2058974,EMR,2020-08-04,edgar_8k,2020-08-04T06:54,before_open,0000032604-20-000029
2059016,IR,2020-08-04,edgar_8k,2020-08-03T21:50,before_open,0001140361-20-017375
2059029,O,2020-08-03,edgar_8k,2020-08-03T16:08,after_close,0000726728-20-000075
2059209,ANET,2020-08-04,edgar_8k,2020-08-04T16:14,after_close,0001596532-20-000147
2059234,WU,2020-08-04,edgar_8k,2020-08-04T16:16,after_close,0001558370-20-009140
2060219,CVS,2020-08-05,edgar_8k,2020-08-05T06:34,before_open,0000064803-20-000029
2060267,CDW,2020-08-05,edgar_8k,2020-08-05T07:11,before_open,0001402057-20-000123
2060333,NI,2020-08-05,edgar_8k,2020-08-05T06:34,before_open,0001111711-20-000034
2060337,FMC,2020-08-05,edgar_8k,2020-08-04T17:03,before_open,0000037785-20-000101
2060407,VRSK,2020-08-04,edgar_8k,2020-08-04T16:07,after_close,0001437749-20-016473
2060438,CRL,2020-08-05,edgar_8k,2020-08-05T08:00,before_open,0001157523-20-001126
2060459,MTG,2020-08-03,edgar_8k,2020-08-04T16:54,after_call_date,0000876437-20-000030
2060582,BWA,2020-08-05,edgar_8k,2020-08-05T06:42,before_open,0000908255-20-000071
2060674,PRU,2020-08-05,edgar_8k,2020-08-04T17:02,before_open,0001137774-20-000101
2060682,AIZ,2020-08-10,assumed_after_hours,,assumed_after_hours,
2060750,DVN,2020-08-04,edgar_8k,2020-08-04T17:02,after_close,0001193125-20-209396
2061348,RMD,2020-08-05,edgar_8k,2020-08-05T16:05,after_close,0001193125-20-210635
2061395,TRMB,2020-08-05,edgar_8k,2020-08-05T16:20,after_close,0000864749-20-000112
2061417,LUMN,2020-05-06,edgar_8k,2020-05-06T16:23,after_close,0000018926-20-000011
2061427,ETSY,2020-08-05,edgar_8k,2020-08-05T16:07,after_close,0001370637-20-000207
2062350,EPAM,2020-08-06,edgar_8k,2020-08-05T20:47,before_open,0001352010-20-000028
2062364,XRAY,2020-08-06,edgar_8k,2020-08-06T06:44,before_open,0000818479-20-000035
2062396,CAH,2020-08-05,edgar_8k,2020-08-06T06:58,after_call_date,0000721371-20-000086
2062420,ANSS,2020-08-04,assumed_after_hours,,assumed_after_hours,
2062483,BDX,2020-08-06,edgar_8k,2020-08-06T06:12,before_open,0000010795-20-000024
2062498,ALB,2020-08-06,edgar_8k,2020-08-05T16:27,before_open,0000915913-20-000141
2062500,AWK,2020-08-06,edgar_8k,2020-08-05T16:40,before_open,0001410636-20-000120
2062511,PWR,2020-08-07,edgar_8k,2020-08-06T06:58,before_open,0001193125-20-211280
2062524,IRM,2020-08-06,edgar_8k,2020-08-06T06:08,before_open,0001020569-20-000182
2062538,BMY,2020-08-06,edgar_8k,2020-08-06T07:57,before_open,0000014272-20-000227
2062561,ZTS,2020-08-06,edgar_8k,2020-08-06T07:05,before_open,0001555280-20-000257
2062580,CTVA,2020-08-06,edgar_8k,2020-08-05T17:10,before_open,0001755672-20-000019
2062594,ATO,2020-08-06,edgar_8k,2020-08-05T16:43,before_open,0000731802-20-000029
2062668,LNC,2020-08-05,edgar_8k,2020-08-05T16:19,after_close,0000059558-20-000038
2062675,SEE,2020-08-06,assumed_after_hours,,assumed_after_hours,
2062677,HWM,2020-08-06,edgar_8k,2020-08-06T07:40,before_open,0001157523-20-001142
2062679,HII,2020-08-06,edgar_8k,2020-08-06T07:29,before_open,0001501585-20-000032
2062689,NCLH,2020-08-05,edgar_8k,2020-08-06T07:31,after_call_date,0001171843-20-005597
2062866,PH,2020-08-06,edgar_8k,2020-08-06T08:26,before_open,0000076334-20-000072
2062982,CF,2017-11-01,edgar_8k,2017-11-01T16:35,after_close,0001324404-17-000023
2063041,PNW,2020-08-06,edgar_8k,2020-08-06T08:31,before_open,0000764622-20-000059
2063130,MET,2020-08-05,edgar_8k,2020-08-05T16:29,after_close,0001099219-20-000285
2063675,DXC,2020-08-06,edgar_8k,2020-08-06T16:19,after_close,0001688568-20-000056
2063713,MSI,2020-08-06,edgar_8k,2020-08-06T16:16,after_close,0000068505-20-000018
2063842,FTNT,2020-08-06,edgar_8k,2020-08-06T16:10,after_close,0001262039-20-000051
2064893,TRIP,2020-08-06,edgar_8k,2020-08-06T16:18,after_close,0001564590-20-037769
2064936,KIM,2020-08-07,edgar_8k,2020-08-07T07:26,before_open,0001157523-20-001159
2065040,LNT,2020-08-07,edgar_8k,2020-08-06T20:01,before_open,0000352541-20-000086
2065137,EOG,2020-08-06,edgar_8k,2020-08-06T16:23,after_close,0000821189-20-000039
2065334,MHK,2020-08-11,assumed_after_hours,,assumed_after_hours,
2067188,DUK,2020-08-10,edgar_8k,2020-08-10T06:45,before_open,0001326160-20-000198
2068771,IFF,2020-08-11,edgar_8k,2020-08-10T16:19,before_open,0000051253-20-000044
2068776,SYY,2020-08-11,edgar_8k,2020-08-11T08:08,before_open,0001193125-20-215689
2068885,OXY,2020-08-11,edgar_8k,2020-08-10T16:05,before_open,0000797468-20-000026
2071129,CSCO,2020-08-12,edgar_8k,2020-08-12T16:10,after_close,0001193125-20-217658
2072046,TPR,2020-08-13,edgar_8k,2020-08-13T06:46,before_open,0001157523-20-001178
2076377,WMT,2020-08-17,edgar_8k,2020-08-18T06:58,after_call_date,0000104169-20-000037
2076479,KSS,2020-08-18,edgar_8k,2020-08-18T07:01,before_open,0001193125-20-222827
2078156,NVDA,2020-08-24,assumed_after_hours,,assumed_after_hours,
2079505,KEYS,2020-08-21,edgar_8k,2020-08-20T16:07,before_open,0001601046-20-000053
2082642,PANW,2020-08-24,edgar_8k,2020-08-24T16:15,after_close,0001327567-20-000025
2085031,COTY,2020-08-27,edgar_8k,2020-08-27T07:12,before_open,0001024305-20-000081
2085045,BLDR,2020-07-31,edgar_8k,2020-07-30T21:12,before_open,0001193125-20-204782
2086974,CTLT,2020-08-31,assumed_after_hours,,assumed_after_hours,
2088415,M,2020-09-02,edgar_8k,2020-09-02T07:02,before_open,0000794367-20-000120
2165235,XRAY,2021-03-01,edgar_8k,2021-03-01T06:53,before_open,0000818479-21-000004
2165532,AMT,2021-02-25,edgar_8k,2021-02-25T07:07,before_open,0001053507-21-000023
2165602,HUM,2019-12-31,assumed_after_hours,,assumed_after_hours,
2165804,WBA,2021-01-07,assumed_after_hours,,assumed_after_hours,
2166344,STZ,2021-01-13,assumed_after_hours,,assumed_after_hours,
2166478,MU,2021-01-07,edgar_8k,2021-01-07T16:00,after_close,0000723125-21-000009
2167894,CTLT,2021-02-02,assumed_after_hours,,assumed_after_hours,
2167920,EFX,2021-02-11,edgar_8k,2021-02-09T16:16,before_open,0001193125-21-034362
2168032,ZTS,2021-02-16,edgar_8k,2021-02-16T07:03,before_open,0001555280-21-000095
2168422,JNJ,2021-01-25,edgar_8k,2021-01-26T08:06,after_call_date,0000200406-21-000006
2168508,TMO,2021-02-01,edgar_8k,2021-02-01T06:34,before_open,0000097745-21-000006
2169254,BSX,2021-02-03,edgar_8k,2021-02-03T06:36,before_open,0000885725-21-000006
2169258,LLY,2021-01-28,edgar_8k,2021-01-29T06:32,after_call_date,0000059478-21-000010
2169398,PFE,2021-02-02,edgar_8k,2021-02-02T08:34,before_open,0000078003-21-000003
2169910,CI,2021-02-03,edgar_8k,2021-02-04T06:15,after_call_date,0000950159-21-000014
2170183,KBH,2021-01-12,edgar_8k,2021-01-12T16:23,after_close,0000795266-21-000008
2170317,V,2021-01-28,edgar_8k,2021-01-28T16:02,after_close,0001403161-21-000009
2170348,CVS,2021-02-16,edgar_8k,2021-02-16T06:36,before_open,0000064803-21-000010
2170814,HSIC,2021-02-16,edgar_8k,2021-02-17T06:04,after_call_date,0001000228-21-000016
2172976,JPM,2021-01-15,edgar_8k,2021-01-15T06:45,before_open,0000019617-21-000071
2173048,PNC,2021-01-15,edgar_8k,2021-01-15T06:53,before_open,0000713676-21-000011
2173049,WFC,2021-01-15,edgar_8k,2021-01-15T07:45,before_open,0000072971-21-000008
2173111,C,2021-01-15,edgar_8k,2021-01-15T08:13,before_open,0001104659-21-004454
2174008,COP,2021-02-02,edgar_8k,2021-02-02T07:55,before_open,0001157523-21-000121
2175199,CMA,2021-01-18,assumed_after_hours,,assumed_after_hours,
2176463,BNY,2021-01-19,edgar_8k,2021-01-20T06:36,after_call_date,0001390777-21-000004
2176507,PG,2021-01-20,edgar_8k,2021-01-20T07:09,before_open,0000080424-21-000021
2176512,USB,2021-01-20,edgar_8k,2021-01-20T06:51,before_open,0001193125-21-011887
2176582,FAST,2021-01-20,edgar_8k,2021-01-20T08:22,before_open,0000815556-21-000002
2176951,AA,2021-01-20,edgar_8k,2021-01-20T16:17,after_close,0001157523-21-000061
2177658,TFC,2021-01-21,edgar_8k,2021-01-21T06:07,before_open,0000092230-21-000003
2177753,FITB,2021-01-21,edgar_8k,2021-01-21T06:30,before_open,0000035527-21-000005
2177795,KEY,2021-01-21,edgar_8k,2021-01-21T07:10,before_open,0000091576-21-000009
2177828,TRV,2021-01-21,edgar_8k,2021-01-21T06:59,before_open,0000086312-21-000005
2177844,NTRS,2021-01-21,edgar_8k,2021-01-21T07:54,before_open,0000073124-21-000020
2177993,UNP,2021-01-21,edgar_8k,2021-01-21T08:06,before_open,0000100885-21-000038
2178168,CSX,2021-01-21,edgar_8k,2021-01-21T16:01,after_close,0000277948-21-000005
2178303,DUK,2021-02-11,edgar_8k,2021-02-11T06:40,before_open,0001326160-21-000022
2178837,PPG,2021-01-21,edgar_8k,2021-01-21T16:34,after_close,0000079879-21-000002
2178870,HBAN,2021-01-22,edgar_8k,2021-01-22T07:27,before_open,0000049196-21-000003
2178931,FHN,2021-01-22,edgar_8k,2021-01-22T06:36,before_open,0000036966-21-000003
2180857,KMB,2021-01-25,edgar_8k,2021-01-25T08:36,before_open,0000055785-21-000007
2181387,XRX,2021-01-25,edgar_8k,2021-01-26T06:46,after_call_date,0001770450-21-000004
2181393,GE,2021-01-26,edgar_8k,2021-01-26T06:23,before_open,0000040545-21-000002
2181395,BRO,2021-01-25,edgar_8k,2021-01-25T17:02,after_close,0001564590-21-002090
2181399,ROK,2021-01-26,edgar_8k,2021-01-26T07:12,before_open,0001024478-21-000003
2181406,RTX,2021-01-26,edgar_8k,2021-01-26T06:57,before_open,0000101829-21-000004
2181408,STLD,2021-01-25,assumed_after_hours,,assumed_after_hours,
2181422,AXP,2021-01-25,edgar_8k,2021-01-26T07:03,after_call_date,0000004962-21-000006
2181423,DHI,2021-01-25,edgar_8k,2021-01-26T11:26,after_call_date,0000882184-21-000018
2181451,IVZ,2021-01-26,edgar_8k,2021-01-26T08:20,before_open,0000914208-21-000025
2181452,ADM,2021-01-26,edgar_8k,2021-01-26T10:37,intraday,0000007084-21-000002
2181489,MMM,2021-01-26,edgar_8k,2021-01-26T07:10,before_open,0001104659-21-007403
2181591,PCAR,2021-01-26,edgar_8k,2021-01-26T08:06,before_open,0001564590-21-002162
2181611,LMT,2021-01-26,edgar_8k,2021-01-26T07:35,before_open,0000936468-21-000009
2181770,AMD,2021-01-26,edgar_8k,2021-01-26T16:14,after_close,0000002488-21-000009
2181773,COF,2021-01-26,edgar_8k,2021-01-26T16:05,after_close,0000927628-21-000015
2181789,MSFT,2021-01-27,edgar_8k,2021-01-26T16:04,before_open,0001193125-21-017683
2182010,TXT,2021-01-27,edgar_8k,2021-01-27T06:33,before_open,0000217346-21-000013
2182022,NDAQ,2021-01-27,edgar_8k,2021-01-27T07:14,before_open,0001193125-21-018398
2182044,CHRW,2021-01-27,edgar_8k,2021-01-26T16:35,before_open,0001043277-21-000004
2182053,GLW,2021-01-27,edgar_8k,2021-01-27T07:29,before_open,0000024741-21-000007
2182054,VFC,2021-01-26,edgar_8k,2021-01-27T06:55,after_call_date,0001157523-21-000086
2182078,EHC,2021-01-27,edgar_8k,2021-01-26T16:24,before_open,0000785161-21-000002
2182093,BX,2021-01-27,edgar_8k,2021-01-27T06:51,before_open,0001193125-21-018371
2182101,GD,2021-01-27,edgar_8k,2021-01-27T07:51,before_open,0000040533-21-000004
2182189,NSC,2021-01-27,edgar_8k,2021-01-27T08:05,before_open,0001552781-21-000017
2182900,LRCX,2021-01-27,edgar_8k,2021-01-27T16:09,after_close,0000707549-21-000010
2182933,PTC,2021-01-27,edgar_8k,2021-01-27T16:01,after_close,0001564590-21-002596
2183006,NOW,2021-01-27,edgar_8k,2021-01-27T16:13,after_close,0001373715-21-000008
2183117,TSLA,2021-01-28,edgar_8k,2021-01-27T17:11,before_open,0001564590-21-002645
2183672,DOW,2021-01-28,edgar_8k,2021-01-28T07:09,before_open,0001751788-21-000007
2183691,WHR,2021-01-26,edgar_8k,2021-01-27T16:07,after_call_date,0000106640-21-000003
2183707,SWK,2021-01-28,edgar_8k,2021-01-28T07:10,before_open,0000093556-21-000004
2183712,RJF,2021-01-27,edgar_8k,2021-01-27T16:36,after_close,0000720005-21-000009
2183722,MKC,2021-01-28,edgar_8k,2021-01-28T07:20,before_open,0000063754-21-000017
2183762,MRSH,2021-02-03,assumed_after_hours,,assumed_after_hours,
2183763,PHM,2021-01-28,edgar_8k,2021-01-28T08:07,before_open,0000822416-21-000003
2183822,CMCSA,2021-01-27,edgar_8k,2021-01-28T07:05,after_call_date,0001166691-21-000004
2183829,NOC,2021-01-28,edgar_8k,2021-01-28T06:30,before_open,0001133421-21-000005
2183833,MUR,2021-01-27,edgar_8k,2021-01-28T06:15,after_call_date,0000717423-21-000005
2183888,TER,2021-01-28,edgar_8k,2021-01-28T06:06,before_open,0001193125-21-019843
2183955,DOV,2021-01-28,edgar_8k,2021-01-28T06:32,before_open,0000029905-21-000004
2183975,TSCO,2021-01-28,edgar_8k,2021-01-28T06:17,before_open,0000916365-21-000014
2183993,XEL,2021-01-27,edgar_8k,2021-01-27T18:29,after_close,0000072903-21-000006
2184033,CNX,2021-01-28,edgar_8k,2021-01-28T06:48,before_open,0001070412-21-000006
2184074,URI,2021-01-27,edgar_8k,2021-01-27T16:36,after_close,0001067701-21-000010
2184078,BC,2021-01-27,edgar_8k,2021-01-28T06:31,after_call_date,0000014930-21-000004
2184135,MA,2021-01-28,edgar_8k,2021-01-28T08:02,before_open,0001141391-21-000012
2184214,MSCI,2021-01-28,edgar_8k,2021-01-28T06:55,before_open,0001157523-21-000094
2184255,MO,2021-01-28,edgar_8k,2021-01-28T07:07,before_open,0000764180-21-000014
2184382,AMP,2021-01-28,edgar_8k,2021-01-27T16:20,before_open,0000820027-21-000003
2184653,FICO,2020-12-31,assumed_after_hours,,assumed_after_hours,
2184723,MDLZ,2021-01-28,edgar_8k,2021-01-28T16:11,after_close,0001193125-21-020776
2185724,ROP,2021-01-28,edgar_8k,2021-01-29T07:17,after_call_date,0000882835-21-000009
2185747,SYF,2021-01-28,edgar_8k,2021-01-29T06:30,after_call_date,0001601712-21-000034
2185751,CAT,2021-01-29,edgar_8k,2021-01-29T06:30,before_open,0000018230-21-000026
2185757,EMN,2021-01-28,edgar_8k,2021-01-28T16:52,after_close,0000915389-21-000008
2185775,HON,2021-01-28,edgar_8k,2021-01-29T07:02,after_call_date,0000773840-21-000005
2185883,OLN,2021-01-29,edgar_8k,2021-01-28T16:27,before_open,0000074303-21-000005
2185986,PFG,2021-01-28,edgar_8k,2021-01-28T16:15,after_close,0001104659-21-008784
2187077,OTIS,2021-02-01,edgar_8k,2021-02-01T06:05,before_open,0001781335-21-000008
2188171,UPS,2021-02-02,edgar_8k,2021-02-02T06:14,before_open,0001090727-21-000010
2188181,BR,2021-02-01,edgar_8k,2021-02-02T08:01,after_call_date,0001383312-21-000007
2188242,HOG,2021-02-02,edgar_8k,2021-02-02T06:09,before_open,0000793952-21-000003
2188313,HUBB,2021-02-02,edgar_8k,2021-02-02T08:09,before_open,0001628280-21-001257
2188365,SNIRF,2021-02-02,assumed_after_hours,,assumed_after_hours,
2188410,XOM,2021-02-01,edgar_8k,2021-02-02T07:27,after_call_date,0000034088-21-000004
2188411,MPC,2021-02-02,edgar_8k,2021-02-02T06:42,before_open,0001510295-21-000019
2188833,AMZN,2021-02-02,edgar_8k,2021-02-02T16:30,after_close,0001018724-21-000002
2188876,EA,2021-02-02,edgar_8k,2021-02-02T16:05,after_close,0000712515-21-000002
2189692,ATO,2021-02-03,edgar_8k,2021-02-02T16:41,before_open,0000731802-21-000009
2189871,HWM,2021-02-03,edgar_8k,2021-02-03T07:15,before_open,0001157523-21-000132
2189924,GWW,2021-02-03,edgar_8k,2021-02-03T08:10,before_open,0000277135-21-000003
2190089,AVY,2021-02-03,edgar_8k,2021-02-03T06:46,before_open,0001193125-21-026382
2190292,ALGN,2021-02-03,edgar_8k,2021-02-03T16:00,after_close,0001171843-21-000713
2190333,CTSH,2021-02-03,edgar_8k,2021-02-03T16:06,after_close,0001058290-21-000022
2190336,EBAY,2021-02-03,edgar_8k,2021-02-03T16:08,after_close,0001065088-21-000004
2190391,PYPL,2021-02-03,edgar_8k,2021-02-03T16:36,after_close,0001633917-21-000016
2191557,TPR,2021-02-03,edgar_8k,2021-02-04T06:45,after_call_date,0001157523-21-000140
2191653,ICE,2021-02-04,edgar_8k,2021-02-04T07:30,before_open,0001104659-21-011938
2191722,CTVA,2021-02-04,edgar_8k,2021-02-03T17:08,before_open,0001755672-21-000005
2191730,XYL,2021-02-04,edgar_8k,2021-02-04T07:01,before_open,0001524472-21-000004
2191746,PENN,2021-02-04,edgar_8k,2021-02-04T16:30,after_close,0000921738-21-000005
2191867,CMI,2021-02-04,edgar_8k,2021-02-04T07:46,before_open,0000026172-21-000007
2191879,APD,2021-02-04,edgar_8k,2021-02-04T08:03,before_open,0000002969-21-000010
2191901,SNA,2021-02-03,edgar_8k,2021-02-04T06:35,after_call_date,0001157523-21-000139
2191941,IP,2021-02-04,edgar_8k,2021-02-04T07:15,before_open,0000051434-21-000005
2191979,IEX,2021-02-04,edgar_8k,2021-02-04T09:26,before_open,0000832101-21-000013
2191997,PM,2021-02-04,edgar_8k,2021-02-04T10:32,intraday,0001413329-21-000003
2192003,PH,2021-02-04,edgar_8k,2021-02-04T08:35,before_open,0000076334-21-000026
2192165,MET,2021-02-03,edgar_8k,2021-02-03T16:35,after_close,0001099219-21-000036
2192411,JWN,2021-03-02,assumed_after_hours,,assumed_after_hours,
2192537,FTNT,2021-02-04,edgar_8k,2021-02-04T16:11,after_close,0001262039-21-000005
2192611,DXC,2021-02-04,edgar_8k,2021-02-04T16:18,after_close,0001688568-21-000005
2192623,MSI,2021-02-04,edgar_8k,2021-02-04T16:17,after_close,0000068505-21-000005
2192680,FTV,2021-02-04,edgar_8k,2021-02-04T16:15,after_close,0001659166-21-000033
2194241,CBOE,2021-02-05,edgar_8k,2021-02-05T07:30,before_open,0001558370-21-000759
2194451,ITW,2021-02-04,edgar_8k,2021-02-05T09:14,after_call_date,0000049826-21-000004
2194476,PRU,2021-02-05,edgar_8k,2021-02-04T16:53,before_open,0001137774-21-000008
2198023,AMG,2021-02-07,edgar_8k,2021-02-08T07:41,after_call_date,0001004434-21-000010
2198039,HAS,2021-02-08,edgar_8k,2021-02-08T07:02,before_open,0000046080-21-000011
2198715,TTWO,2021-02-08,edgar_8k,2021-02-08T16:47,after_close,0001104659-21-014049
2200285,IT,2021-02-09,edgar_8k,2021-02-09T06:13,before_open,0000749251-21-000004
2200292,MAS,2021-02-09,edgar_8k,2021-02-09T07:04,before_open,0000062996-21-000004
2200391,LEG,2021-02-08,edgar_8k,2021-02-08T16:54,after_close,0001193125-21-032441
2200410,CARR,2021-02-09,edgar_8k,2021-02-09T06:56,before_open,0001783180-21-000009
2200434,GT,2021-02-08,edgar_8k,2021-02-09T08:07,after_call_date,0001193125-21-033397
2200441,SPGI,2021-02-09,edgar_8k,2021-02-09T07:15,before_open,0000064040-21-000059
2200493,FIS,2021-02-09,edgar_8k,2021-02-09T07:03,before_open,0001136893-21-000019
2200498,DD,2021-02-09,edgar_8k,2021-02-09T06:09,before_open,0001666700-21-000002
2200567,SEE,2021-02-09,assumed_after_hours,,assumed_after_hours,
2200653,MLM,2021-02-09,edgar_8k,2021-02-09T07:15,before_open,0001564590-21-004784
2200947,CSCO,2021-02-09,edgar_8k,2021-02-09T16:11,after_close,0001193125-21-034339
2201034,MAT,2021-02-09,edgar_8k,2021-02-09T16:07,after_close,0001628280-21-001679
2202126,BG,2021-02-10,assumed_after_hours,,assumed_after_hours,
2202260,IPG,2021-02-10,assumed_after_hours,,assumed_after_hours,
2202277,KO,2021-02-10,edgar_8k,2021-02-10T06:58,before_open,0000021344-21-000003
2202314,IQV,2021-02-10,edgar_8k,2021-02-10T07:05,before_open,0001157523-21-000159
2202336,FMC,2021-02-10,edgar_8k,2021-02-09T16:45,before_open,0000037785-21-000012
2202337,CDW,2021-02-10,edgar_8k,2021-02-10T07:08,before_open,0001402057-21-000007
2203181,TRMB,2021-02-10,edgar_8k,2021-02-10T16:16,after_close,0000864749-21-000011
2203187,UBER,2021-02-10,edgar_8k,2021-02-10T16:08,after_close,0001543151-21-000008
2203325,MGM,2021-02-10,edgar_8k,2021-02-10T16:31,after_close,0001564590-21-005288
2205429,VNT,2021-02-11,edgar_8k,2021-02-11T06:03,before_open,0001786842-21-000004
2205516,TSN,2021-02-11,edgar_8k,2021-02-11T06:27,before_open,0000100493-21-000012
2205543,KHC,2021-04-28,edgar_8k,2021-04-29T07:07,after_call_date,0001637459-21-000043
2205620,HII,2021-02-11,edgar_8k,2021-02-11T07:32,before_open,0001501585-21-000003
2205633,ZBRA,2021-02-11,edgar_8k,2021-02-11T07:54,before_open,0000877212-21-000006
2205714,K,2021-02-11,assumed_after_hours,,assumed_after_hours,
2205718,KIM,2021-02-10,edgar_8k,2021-02-11T07:02,after_call_date,0001157523-21-000167
2205917,TAP,2021-02-11,edgar_8k,2021-02-11T07:05,before_open,0001157523-21-000168
2205934,EQR,2021-02-11,edgar_8k,2021-02-10T16:27,before_open,0001564590-21-005280
2206284,BWA,2021-02-11,edgar_8k,2021-02-11T08:00,before_open,0000908255-21-000003
2206671,VRSN,2021-02-11,edgar_8k,2021-02-11T16:09,after_close,0001014473-21-000002
2208695,D,2020-02-12,edgar_8k,2020-02-11T08:01,before_open,0001564590-20-004125
2208743,MHK,2021-02-12,edgar_8k,2021-02-11T16:21,before_open,0000851968-21-000013
2208835,MCO,2021-02-12,edgar_8k,2021-02-12T07:30,before_open,0001157523-21-000173
2212213,SCI,2021-02-15,edgar_8k,2021-02-16T08:11,after_call_date,0000089089-21-000007
2212262,AN,2021-02-11,assumed_after_hours,,assumed_after_hours,
2212361,LPX,2021-02-16,edgar_8k,2021-02-16T06:59,before_open,0001628280-21-002175
2212390,VMC,2021-02-16,edgar_8k,2021-02-16T07:46,before_open,0001104659-21-022897
2212472,ECL,2021-02-15,edgar_8k,2021-02-16T08:42,after_call_date,0001558370-21-001022
2212724,A,2021-02-16,edgar_8k,2021-02-16T16:06,after_close,0001090872-21-000002
2213458,CAR,2021-02-17,edgar_8k,2021-02-16T16:28,before_open,0000723612-21-000003
2213479,AIG,2021-02-17,edgar_8k,2021-02-16T16:27,before_open,0001104659-21-024093
2213536,ES,2021-02-17,edgar_8k,2021-02-16T16:19,before_open,0001104659-21-024048
2213657,DVN,2021-02-16,edgar_8k,2021-02-16T18:21,after_close,0001193125-21-045354
2213766,EQT,2021-02-17,edgar_8k,2021-02-17T06:30,before_open,0000033213-21-000003
2213776,GPC,2021-02-17,edgar_8k,2021-02-17T09:05,before_open,0000040987-21-000006
2215209,EPAM,2021-02-17,edgar_8k,2021-02-17T21:35,after_close,0001352010-21-000005
2215216,LKQ,2021-02-18,edgar_8k,2021-02-18T06:50,before_open,0001065696-21-000004
2215244,OMC,2021-02-18,edgar_8k,2021-02-18T07:30,before_open,0000891092-21-001371
2215271,CF,2017-11-01,edgar_8k,2017-11-01T16:35,after_close,0001324404-17-000023
2215308,ALB,2021-02-18,edgar_8k,2021-02-17T16:35,before_open,0000915913-21-000015
2215448,VTR,2021-02-18,edgar_8k,2021-02-18T07:40,before_open,0001157523-21-000210
2215489,MOS,2021-02-18,edgar_8k,2021-02-17T16:04,before_open,0001243786-21-000007
2215633,WMT,2021-02-17,edgar_8k,2021-02-18T06:59,after_call_date,0000104169-21-000022
2215694,SO,2021-02-18,edgar_8k,2021-02-18T08:23,before_open,0000092122-21-000008
2215936,KEYS,2021-02-17,edgar_8k,2021-02-18T16:12,after_call_date,0001601046-21-000003
2216705,TRIP,2021-02-18,edgar_8k,2021-02-18T16:02,after_close,0001564590-21-006652
2216827,DE,2021-02-14,assumed_after_hours,,assumed_after_hours,
2218546,RCL,2021-02-21,edgar_8k,2021-02-22T08:44,after_call_date,0000884887-21-000002
2218833,PANW,2021-02-22,edgar_8k,2021-02-22T16:16,after_close,0001628280-21-002659
2219290,IR,2021-02-23,edgar_8k,2021-02-22T17:23,before_open,0001628280-21-002679
2219303,M,2021-02-22,edgar_8k,2021-02-23T07:00,after_call_date,0001564590-21-007289
2219347,NPIXY,2021-02-23,assumed_after_hours,,assumed_after_hours,
2219357,CBRE,2021-02-23,edgar_8k,2021-02-23T07:11,before_open,0001138118-21-000008
2219676,OXY,2021-02-23,edgar_8k,2021-02-22T16:19,before_open,0000797468-21-000005
2221498,IRM,2021-02-24,edgar_8k,2021-02-24T06:12,before_open,0001020569-21-000062
2221508,VRSK,2021-02-23,edgar_8k,2021-02-23T16:17,after_close,0001437749-21-003788
2221543,RRC,2021-02-23,edgar_8k,2021-02-24T11:52,after_call_date,0001564590-21-007895
2221660,MTG,2021-02-21,assumed_after_hours,,assumed_after_hours,
2221727,PNW,2021-02-24,edgar_8k,2021-02-24T08:30,before_open,0000764622-21-000012
2221781,ETR,2021-02-23,edgar_8k,2021-02-24T07:56,after_call_date,0000065984-21-000089
2222366,NVDA,2021-03-02,assumed_after_hours,,assumed_after_hours,
2222394,NTAP,2021-02-24,edgar_8k,2021-02-24T16:12,after_close,0001564590-21-008093
2223171,AES,2021-02-25,edgar_8k,2021-02-25T06:02,before_open,0000874761-21-000017
2223190,ANSS,2021-02-24,assumed_after_hours,,assumed_after_hours,
2223273,PWR,2021-02-24,edgar_8k,2021-02-25T06:58,after_call_date,0001193125-21-055667
2223291,AEP,2021-02-25,edgar_8k,2021-02-25T07:03,before_open,0000004904-21-000009
2223569,APA,2021-02-25,assumed_after_hours,,assumed_after_hours,
2224183,EIX,2021-02-25,edgar_8k,2021-02-25T16:08,after_close,0000827052-21-000018
2224274,ADSK,2021-02-25,edgar_8k,2021-02-25T16:07,after_close,0000769397-21-000009
2224281,ETSY,2021-02-25,edgar_8k,2021-02-25T16:06,after_close,0001370637-21-000009
2224286,CRM,2021-02-25,edgar_8k,2021-02-25T16:17,after_close,0001108524-21-000007
2225191,FLR,2021-02-26,edgar_8k,2021-02-26T06:57,before_open,0001104659-21-028599
2225279,BLDR,2021-02-26,edgar_8k,2021-02-26T07:00,before_open,0001193125-21-058342
2225377,EOG,2021-02-25,edgar_8k,2021-02-25T16:33,after_close,0000821189-21-000014
2227916,ANF,2021-03-01,assumed_after_hours,,assumed_after_hours,
2228171,KSS,2021-03-02,edgar_8k,2021-03-02T07:01,before_open,0001193125-21-064515
2228769,HPE,2021-03-01,edgar_8k,2021-03-02T17:08,after_call_date,0001645590-21-000013
2229470,MS,2021-03-31,assumed_after_hours,,assumed_after_hours,
2230325,CIEN,2021-03-03,edgar_8k,2021-03-04T07:08,after_call_date,0000936395-21-000006
2237786,JBL,2021-03-16,edgar_8k,2021-03-16T08:10,before_open,0001193125-21-082188
2241396,ADBE,2021-03-24,edgar_8k,2021-03-23T16:07,before_open,0000796343-21-000063
2241693,GIS,2021-06-30,edgar_8k,2021-06-30T07:07,before_open,0001564590-21-035223
2242022,KBH,2021-03-23,edgar_8k,2021-03-24T16:16,after_call_date,0000795266-21-000054
2242266,DRI,2021-03-24,edgar_8k,2021-03-25T07:07,after_call_date,0000940944-21-000016
2244621,MKC,2021-03-29,edgar_8k,2021-03-30T07:16,after_call_date,0000063754-21-000068
2245184,WBA,2021-03-31,assumed_after_hours,,assumed_after_hours,
2247395,PAYX,2021-04-06,edgar_8k,2021-04-06T08:53,before_open,0000723531-21-000011
2247440,GM,2021-05-05,edgar_8k,2021-05-05T09:14,before_open,0001467858-21-000115
2248053,AMD,2021-04-27,edgar_8k,2021-04-27T16:12,after_close,0000002488-21-000054
2248604,CAG,2021-04-08,edgar_8k,2021-04-08T07:30,before_open,0001564590-21-018079
2249753,INCY,2021-05-03,edgar_8k,2021-05-04T07:08,after_call_date,0001104659-21-060485
2250298,BNY,2021-04-15,edgar_8k,2021-04-16T06:31,after_call_date,0001390777-21-000045
2250347,FAST,2021-04-13,edgar_8k,2021-04-13T07:42,before_open,0000815556-21-000015
2250951,JPM,2021-04-14,edgar_8k,2021-04-14T06:45,before_open,0000019617-21-000281
2251011,GS,2021-04-14,edgar_8k,2021-04-14T07:33,before_open,0001193125-21-115509
2251026,WFC,2021-04-14,edgar_8k,2021-04-14T07:45,before_open,0000072971-21-000206
2251673,TFC,2021-04-15,edgar_8k,2021-04-15T06:06,before_open,0000092230-21-000038
2251682,BLK,2021-04-15,dec_flag,,before_open,BLK_2021_Q1_20210415
2251824,USB,2021-04-15,edgar_8k,2021-04-15T06:50,before_open,0001193125-21-117074
2252104,JBHT,2021-04-15,edgar_8k,2021-04-15T16:08,after_close,0001437749-21-009029
2252105,AA,2021-04-15,edgar_8k,2021-04-15T16:13,after_close,0001157523-21-000464
2252427,CFG,2021-04-16,edgar_8k,2021-04-16T06:38,before_open,0000759944-21-000049
2252432,URI,2021-04-28,edgar_8k,2021-04-28T16:41,after_close,0001067701-21-000020
2252496,PNC,2021-04-16,edgar_8k,2021-04-16T07:08,before_open,0000713676-21-000037
2252560,STT,2021-04-16,edgar_8k,2021-04-16T07:27,before_open,0000093751-21-000534
2253073,KO,2021-04-19,edgar_8k,2021-04-19T07:00,before_open,0000021344-21-000011
2253339,ZION,2021-04-19,edgar_8k,2021-04-19T16:58,after_close,0000109380-21-000161
2253623,CMA,2021-04-19,assumed_after_hours,,assumed_after_hours,
2253641,XRX,2021-04-20,edgar_8k,2021-04-20T06:45,before_open,0001770450-21-000018
2253649,AEP,2021-04-22,edgar_8k,2021-04-22T07:02,before_open,0000004904-21-000032
2253665,PG,2021-04-20,edgar_8k,2021-04-20T07:05,before_open,0000080424-21-000056
2253697,HOG,2021-04-20,edgar_8k,2021-04-19T06:04,before_open,0000793952-21-000023
2253699,SNV,2021-04-20,assumed_after_hours,,assumed_after_hours,
2253705,OMC,2021-04-20,edgar_8k,2021-04-20T08:28,before_open,0000891092-21-003592
2253708,JNJ,2021-04-20,edgar_8k,2021-04-20T08:02,before_open,0000200406-21-000024
2253714,TRV,2021-04-20,edgar_8k,2021-04-20T07:00,before_open,0000086312-21-000017
2253720,PM,2021-04-20,edgar_8k,2021-04-20T09:03,before_open,0001413329-21-000020
2253721,NTRS,2021-04-20,edgar_8k,2021-04-20T07:57,before_open,0000073124-21-000145
2253744,ABT,2021-04-20,edgar_8k,2021-04-20T07:38,before_open,0001104659-21-052205
2253768,KEY,2021-04-20,edgar_8k,2021-04-20T07:07,before_open,0000091576-21-000064
2253796,DOV,2021-04-20,edgar_8k,2021-04-20T06:33,before_open,0000029905-21-000019
2253854,LMT,2021-04-20,edgar_8k,2021-04-20T07:32,before_open,0000936468-21-000040
2253977,AN,2021-04-19,edgar_8k,2021-04-20T07:37,after_call_date,0000350698-21-000085
2254130,CSX,2021-04-20,edgar_8k,2021-04-20T16:01,after_close,0000277948-21-000023
2254353,NDAQ,2021-04-21,edgar_8k,2021-04-21T07:15,before_open,0001193125-21-123596
2254387,VZ,2021-04-21,edgar_8k,2021-04-21T07:33,before_open,0000732712-21-000019
2254442,HAL,2021-04-28,assumed_after_hours,,assumed_after_hours,
2254462,FHN,2021-04-21,edgar_8k,2021-04-21T06:45,before_open,0000036966-21-000017
2254508,THC,2021-04-20,edgar_8k,2021-04-20T16:11,after_close,0000070318-21-000012
2254740,BA,2021-04-28,edgar_8k,2021-04-28T07:34,before_open,0000012927-21-000035
2254802,LVS,2021-04-21,edgar_8k,2021-04-21T16:08,after_close,0001300514-21-000052
2254834,LRCX,2021-04-21,edgar_8k,2021-04-21T16:09,after_close,0000707549-21-000085
2255277,UNP,2021-04-22,edgar_8k,2021-04-22T08:04,before_open,0000100885-21-000157
2255278,IQV,2021-04-22,edgar_8k,2021-04-22T07:05,before_open,0001157523-21-000493
2255285,AAL,2021-04-21,edgar_8k,2021-04-22T07:00,after_call_date,0000006201-21-000053
2255320,DFS,2021-04-21,assumed_after_hours,,assumed_after_hours,
2255340,MKTX,2021-04-22,edgar_8k,2021-04-22T06:31,before_open,0001193125-21-125555
2255400,TSCO,2021-04-22,edgar_8k,2021-04-22T08:19,before_open,0000916365-21-000082
2255435,SNA,2021-04-21,edgar_8k,2021-04-22T06:35,after_call_date,0001157523-21-000491
2255459,CCI,2021-04-22,edgar_8k,2021-04-21T16:19,before_open,0001051470-21-000122
2255474,BIIB,2021-04-22,edgar_8k,2021-04-22T07:08,before_open,0000875045-21-000025
2255517,GPC,2021-04-22,edgar_8k,2021-04-22T08:45,before_open,0000040987-21-000016
2255520,DHR,2021-04-22,edgar_8k,2021-04-21T18:20,before_open,0000313616-21-000061
2255536,DHI,2021-04-21,edgar_8k,2021-04-22T12:27,after_call_date,0000882184-21-000118
2255570,BX,2021-04-22,edgar_8k,2021-04-22T06:55,before_open,0001193125-21-125573
2255631,EFX,2021-04-22,edgar_8k,2021-04-21T16:39,before_open,0000033185-21-000030
2255859,AVY,2021-04-28,edgar_8k,2021-04-28T06:46,before_open,0001193125-21-135300
2255881,VRSN,2021-04-22,edgar_8k,2021-04-22T16:08,after_close,0001014473-21-000014
2255953,MAT,2021-04-22,edgar_8k,2021-04-22T16:07,after_close,0001628280-21-007362
2256310,HON,2021-04-22,edgar_8k,2021-04-23T06:59,after_call_date,0000773840-21-000030
2256329,AXP,2021-04-22,edgar_8k,2021-04-23T07:02,after_call_date,0000004962-21-000026
2257932,RTX,2021-04-27,edgar_8k,2021-04-27T07:03,before_open,0000101829-21-000021
2258465,TSLA,2021-04-26,edgar_8k,2021-04-26T16:53,after_close,0001564590-21-020558
2258824,BRO,2021-04-26,edgar_8k,2021-04-26T17:02,after_close,0001564590-21-020567
2258860,GE,2021-04-27,edgar_8k,2021-04-27T06:22,before_open,0000040545-21-000025
2258862,UPS,2021-04-27,edgar_8k,2021-04-27T06:26,before_open,0001090727-21-000016
2258891,HAS,2021-04-27,edgar_8k,2021-04-27T06:44,before_open,0000046080-21-000049
2258902,GLW,2021-04-27,edgar_8k,2021-04-27T07:24,before_open,0001437749-21-009849
2258917,SYF,2021-04-26,edgar_8k,2021-04-27T06:31,after_call_date,0001601712-21-000177
2258961,AMP,2021-04-27,edgar_8k,2021-04-26T16:14,before_open,0000820027-21-000046
2258971,MMM,2021-04-27,edgar_8k,2021-04-27T07:40,before_open,0001104659-21-055169
2258979,IVZ,2021-04-27,edgar_8k,2021-04-27T08:29,before_open,0000914208-21-000367
2258999,ADM,2021-04-27,edgar_8k,2021-04-27T10:37,intraday,0000007084-21-000015
2259068,HUBB,2021-04-27,edgar_8k,2021-04-27T08:12,before_open,0001628280-21-007636
2259552,WMB,2021-05-04,edgar_8k,2021-05-03T16:22,before_open,0000107263-21-000011
2259744,EIX,2021-04-27,edgar_8k,2021-04-27T16:07,after_close,0001558370-21-004913
2259803,CHRW,2021-04-27,edgar_8k,2021-04-27T16:20,after_close,0001043277-21-000014
2259807,COF,2021-04-27,edgar_8k,2021-04-27T16:06,after_close,0000927628-21-000158
2259810,V,2021-04-27,edgar_8k,2021-04-27T16:06,after_close,0001403161-21-000023
2260324,MAS,2021-04-28,edgar_8k,2021-04-28T07:06,before_open,0000062996-21-000011
2260329,SWK,2021-04-28,edgar_8k,2021-04-28T06:59,before_open,0000093556-21-000013
2260339,FTI,2021-04-28,edgar_8k,2021-04-27T16:31,before_open,0001681459-21-000062
2260344,BSX,2021-04-28,edgar_8k,2021-04-28T06:34,before_open,0000885725-21-000012
2260401,CI,2021-05-06,edgar_8k,2021-05-07T06:15,after_call_date,0000950159-21-000142
2260417,ADP,2021-04-28,edgar_8k,2021-04-28T06:56,before_open,0000008670-21-000010
2260566,EHC,2021-04-28,edgar_8k,2021-04-27T16:22,before_open,0000785161-21-000020
2260576,PFG,2021-04-27,edgar_8k,2021-04-27T16:16,after_close,0001104659-21-055615
2260596,TXT,2021-04-29,edgar_8k,2021-04-29T06:32,before_open,0000217346-21-000034
2260618,OLN,2021-04-28,edgar_8k,2021-04-27T18:56,before_open,0000074303-21-000069
2260697,ETR,2021-04-27,edgar_8k,2021-04-28T07:18,after_call_date,0000065984-21-000172
2260755,GWW,2021-04-30,edgar_8k,2021-04-30T08:04,before_open,0000277135-21-000012
2260761,EQR,2021-04-28,edgar_8k,2021-04-27T16:25,before_open,0001564590-21-020912
2260868,MCO,2021-04-28,edgar_8k,2021-04-28T07:30,before_open,0001157523-21-000516
2261419,HOLX,2021-05-04,assumed_after_hours,,assumed_after_hours,
2261433,ALGN,2021-04-28,edgar_8k,2021-04-28T16:10,after_close,0001171843-21-002877
2261464,PTC,2021-04-28,edgar_8k,2021-04-28T16:01,after_close,0001564590-21-021324
2261507,F,2021-04-28,edgar_8k,2021-04-28T12:10,intraday,0000037996-21-000025
2261707,EBAY,2021-04-28,edgar_8k,2021-04-28T16:08,after_close,0001065088-21-000009
2262372,LKQ,2021-04-29,edgar_8k,2021-04-29T06:46,before_open,0001065696-21-000021
2262389,IR,2021-04-29,edgar_8k,2021-04-28T16:47,before_open,0001628280-21-007949
2262397,TFX,2021-04-28,edgar_8k,2021-04-29T07:00,after_call_date,0000096943-21-000045
2262398,RJF,2021-04-28,edgar_8k,2021-04-28T17:14,after_close,0000720005-21-000029
2262429,WAB,2021-04-29,edgar_8k,2021-04-29T06:42,before_open,0001193125-21-138204
2262454,WST,2021-04-29,edgar_8k,2021-04-29T07:20,before_open,0000105770-21-000019
2262457,BAX,2021-04-29,edgar_8k,2021-04-29T07:32,before_open,0001628280-21-008032
2262468,KHC,2021-08-03,edgar_8k,2021-08-04T07:01,after_call_date,0001637459-21-000098
2262499,AMT,2021-04-29,edgar_8k,2021-04-29T07:04,before_open,0001053507-21-000082
2262520,MO,2021-04-29,edgar_8k,2021-04-29T07:06,before_open,0000764180-21-000064
2262521,CARR,2021-04-29,edgar_8k,2021-04-29T07:42,before_open,0001783180-21-000029
2262531,MA,2021-04-29,edgar_8k,2021-04-29T08:05,before_open,0001141391-21-000088
2262549,NOC,2021-04-29,edgar_8k,2021-04-29T06:29,before_open,0001133421-21-000028
2262591,XEL,2021-04-28,edgar_8k,2021-04-28T17:41,after_close,0000072903-21-000026
2262615,CMS,2021-04-29,edgar_8k,2021-04-29T08:17,before_open,0001104659-21-056967
2262690,NEM,2021-04-27,assumed_after_hours,,assumed_after_hours,
2262722,HII,2021-05-06,edgar_8k,2021-05-06T07:21,before_open,0001501585-21-000014
2262829,TAP,2021-04-29,edgar_8k,2021-04-29T08:09,before_open,0001157523-21-000535
2262850,BC,2021-04-28,edgar_8k,2021-04-29T06:32,after_call_date,0000014930-21-000054
2262876,PH,2021-04-29,edgar_8k,2021-04-29T08:34,before_open,0000076334-21-000097
2263154,SO,2021-04-29,edgar_8k,2021-04-29T08:15,before_open,0000092122-21-000039
2263241,O,2021-05-03,edgar_8k,2021-05-03T16:06,after_close,0000726728-21-000047
2263607,DXCM,2021-04-28,edgar_8k,2021-04-29T16:03,after_call_date,0001093557-21-000125
2263610,FTNT,2021-04-29,edgar_8k,2021-04-29T16:09,after_close,0001262039-21-000011
2263613,RMD,2021-04-29,edgar_8k,2021-04-29T16:06,after_close,0001193125-21-140371
2263614,GILD,2021-04-30,edgar_8k,2021-04-29T16:06,before_open,0000882095-21-000010
2263618,WDC,2021-04-29,edgar_8k,2021-04-29T16:04,after_close,0000106040-21-000016
2263667,AMZN,2021-04-27,assumed_after_hours,,assumed_after_hours,
2263671,KLAC,2021-04-29,edgar_8k,2021-04-29T16:40,after_close,0000319201-21-000014
2263702,FTV,2021-04-29,edgar_8k,2021-04-29T16:15,after_close,0001659166-21-000149
2263715,DLR,2021-04-29,edgar_8k,2021-04-29T16:17,after_close,0001558370-21-005259
2263802,VRTX,2021-04-29,edgar_8k,2021-04-29T16:09,after_close,0000875320-21-000012
2264747,EMN,2021-04-30,edgar_8k,2021-04-29T16:49,before_open,0000915389-21-000022
2264796,CHTR,2021-04-30,edgar_8k,2021-04-30T07:01,before_open,0001091667-21-000082
2264956,XOM,2021-04-29,edgar_8k,2021-04-30T07:28,after_call_date,0000034088-21-000021
2264998,NWL,2021-04-29,edgar_8k,2021-04-30T07:23,after_call_date,0000814453-21-000068
2265105,CVX,2021-04-30,edgar_8k,2021-04-30T06:33,before_open,0000093410-21-000012
2265108,LPX,2021-05-04,edgar_8k,2021-05-03T17:37,before_open,0001628280-21-008654
2265132,LYB,2021-04-30,edgar_8k,2021-04-30T06:36,before_open,0001489393-21-000012
2265142,MHK,2021-05-04,assumed_after_hours,,assumed_after_hours,
2265187,MPC,2021-05-04,edgar_8k,2021-05-04T06:46,before_open,0001510295-21-000062
2265227,PSX,2021-04-30,edgar_8k,2021-04-30T09:24,before_open,0001534701-21-000103
2265499,CLX,2021-04-29,edgar_8k,2021-04-30T06:45,after_call_date,0001206774-21-001311
2266426,K,2021-05-06,assumed_after_hours,,assumed_after_hours,
2266994,AMG,2021-05-02,edgar_8k,2021-05-03T07:29,after_call_date,0001004434-21-000019
2267021,ON,2021-04-30,assumed_after_hours,,assumed_after_hours,
2268020,BG,2021-05-04,assumed_after_hours,,assumed_after_hours,
2268030,IT,2021-05-04,edgar_8k,2021-05-04T06:10,before_open,0000749251-21-000018
2268032,CVS,2021-05-04,edgar_8k,2021-05-04T06:33,before_open,0000064803-21-000016
2268066,CAR,2021-05-04,edgar_8k,2021-05-03T16:06,before_open,0000723612-21-000029
2268089,CTLT,2021-05-04,assumed_after_hours,,assumed_after_hours,
2268106,ZBRA,2021-05-04,edgar_8k,2021-05-04T07:56,before_open,0000877212-21-000046
2268120,AWK,2021-05-04,edgar_8k,2021-05-03T16:04,before_open,0001410636-21-000148
2268135,SCI,2021-05-03,edgar_8k,2021-05-03T17:12,after_close,0000089089-21-000032
2268204,CRL,2021-05-04,edgar_8k,2021-05-04T07:30,before_open,0001157523-21-000575
2268285,VMC,2021-05-03,edgar_8k,2021-05-04T07:16,after_call_date,0001104659-21-060488
2268286,D,2021-05-04,edgar_8k,2021-05-04T07:30,before_open,0001564590-21-022989
2268310,HSIC,2021-05-04,edgar_8k,2021-05-04T06:37,before_open,0001000228-21-000033
2268318,XYL,2021-05-04,edgar_8k,2021-05-04T07:06,before_open,0001524472-21-000010
2268332,SYY,2021-05-04,edgar_8k,2021-05-04T08:08,before_open,0001193125-21-149056
2268405,CF,2021-05-05,edgar_8k,2021-05-05T17:10,after_close,0001324404-21-000011
2268586,COP,2021-05-03,edgar_8k,2021-05-04T07:54,after_call_date,0001157523-21-000576
2269101,ANET,2021-05-04,edgar_8k,2021-05-04T16:10,after_close,0001596532-21-000138
2270235,CDW,2021-05-05,edgar_8k,2021-05-05T07:08,before_open,0001402057-21-000071
2270246,VRSK,2021-05-04,edgar_8k,2021-05-04T16:19,after_close,0001437749-21-010754
2270292,BWA,2021-05-05,edgar_8k,2021-05-05T08:20,before_open,0000908255-21-000017
2270298,CTVA,2021-05-05,edgar_8k,2021-05-04T17:07,before_open,0001755672-21-000010
2270543,PRU,2021-05-05,edgar_8k,2021-05-04T16:23,before_open,0001137774-21-000059
2270582,PNW,2021-05-05,edgar_8k,2021-05-05T08:30,before_open,0000764622-21-000030
2270887,DVN,2021-05-04,edgar_8k,2021-05-04T16:17,after_close,0001193125-21-150039
2271239,FICO,2021-03-31,assumed_after_hours,,assumed_after_hours,
2271299,CTSH,2021-05-05,edgar_8k,2021-05-05T16:05,after_close,0001058290-21-000102
2271302,ETSY,2021-05-05,edgar_8k,2021-05-05T16:07,after_close,0001370637-21-000020
2271322,PYPL,2021-05-05,edgar_8k,2021-05-05T16:29,after_close,0001633917-21-000098
2271419,FRT,2021-05-05,edgar_8k,2021-05-05T16:12,after_close,0000034903-21-000048
2272281,VNT,2021-05-06,edgar_8k,2021-05-06T06:03,before_open,0001786842-21-000034
2272300,EPAM,2021-05-05,edgar_8k,2021-05-05T21:44,after_close,0001352010-21-000017
2272306,TPR,2021-05-05,edgar_8k,2021-05-06T06:46,after_call_date,0001157523-21-000605
2272376,XRAY,2021-05-06,edgar_8k,2021-05-06T07:14,before_open,0000818479-21-000011
2272386,FIS,2021-05-06,edgar_8k,2021-05-06T07:05,before_open,0001136893-21-000091
2272411,ZTS,2021-05-06,edgar_8k,2021-05-06T07:05,before_open,0001555280-21-000224
2272428,REGN,2021-05-05,edgar_8k,2021-05-06T07:12,after_call_date,0001804220-21-000015
2272499,CAH,2021-05-05,edgar_8k,2021-05-06T07:00,after_call_date,0000721371-21-000038
2272528,FMC,2021-05-06,edgar_8k,2021-05-05T16:48,before_open,0000037785-21-000037
2272610,ATO,2021-05-06,edgar_8k,2021-05-05T16:39,before_open,0000731802-21-000021
2272762,IRM,2021-05-06,edgar_8k,2021-05-06T06:10,before_open,0001020569-21-000134
2272807,TRGP,2021-05-06,edgar_8k,2021-05-06T06:15,before_open,0001564590-21-024441
2272853,APA,2021-05-05,edgar_8k,2021-05-06T09:13,after_call_date,0001193125-21-152738
2273660,MSI,2021-05-06,edgar_8k,2021-05-06T16:17,after_close,0000068505-21-000013
2273757,MCK,2021-05-06,edgar_8k,2021-05-06T16:09,after_close,0000927653-21-000033
2275034,FLR,2021-05-07,edgar_8k,2021-05-07T06:55,before_open,0001104659-21-062732
2275424,AIG,2021-05-07,edgar_8k,2021-05-06T16:30,before_open,0001104659-21-062438
2275570,LNT,2021-05-07,edgar_8k,2021-05-06T18:06,before_open,0000352541-21-000054
2275717,VTR,2021-05-07,edgar_8k,2021-05-07T07:54,before_open,0001157523-21-000625
2275747,OXY,2021-05-11,edgar_8k,2021-05-10T16:17,before_open,0000797468-21-000016
2276260,BLDR,2021-05-06,edgar_8k,2021-05-06T06:58,before_open,0001193125-21-152438
2278037,APD,2021-05-10,edgar_8k,2021-05-10T07:39,before_open,0000002969-21-000023
2278086,TSN,2021-05-10,edgar_8k,2021-05-10T07:32,before_open,0000100493-21-000074
2278179,J,2021-05-10,edgar_8k,2021-05-10T06:45,before_open,0000052988-21-000029
2278185,VTRS,2021-05-10,edgar_8k,2021-05-10T07:59,before_open,0001792044-21-000015
2280113,TDG,2021-05-11,edgar_8k,2021-05-11T07:18,before_open,0001260221-21-000057
2280946,EA,2021-05-11,edgar_8k,2021-05-11T16:02,after_close,0000712515-21-000047
2290247,WMT,2021-05-20,edgar_8k,2021-05-18T06:57,before_open,0000104169-21-000037
2290291,M,2021-05-17,edgar_8k,2021-05-18T07:03,after_call_date,0001564590-21-028543
2292498,JWN,2021-05-25,assumed_after_hours,,assumed_after_hours,
2292920,KEYS,2021-05-19,edgar_8k,2021-05-19T16:08,after_close,0001601046-21-000032
2292973,CSCO,2021-05-19,edgar_8k,2021-05-19T16:14,after_close,0001193125-21-166614
2294453,PANW,2021-05-20,edgar_8k,2021-05-20T16:08,after_close,0001327567-21-000012
2295110,VFC,2021-05-20,edgar_8k,2021-05-21T06:55,after_call_date,0001157523-21-000698
2295237,DE,2021-05-17,assumed_after_hours,,assumed_after_hours,
2299459,A,2021-05-24,edgar_8k,2021-05-25T16:07,after_call_date,0001090872-21-000006
2299544,URBN,2021-05-25,assumed_after_hours,,assumed_after_hours,
2300345,ANF,2021-05-25,assumed_after_hours,,assumed_after_hours,
2301221,DXC,2021-05-26,edgar_8k,2021-05-26T16:17,after_close,0001688568-21-000025
2303033,HPQ,2021-05-27,edgar_8k,2021-05-27T16:09,after_close,0000047217-21-000024
2303096,ADSK,2021-05-27,edgar_8k,2021-05-27T16:26,after_close,0000769397-21-000031
2308196,NTAP,2021-06-02,edgar_8k,2021-06-02T16:11,after_close,0001564590-21-031393
2308715,CIEN,2021-06-02,edgar_8k,2021-06-03T07:04,after_call_date,0000936395-21-000027
2309569,COO,2021-06-03,edgar_8k,2021-06-03T16:18,after_close,0000711404-21-000014
2314184,CPB,2021-06-08,edgar_8k,2021-06-09T07:27,after_call_date,0000016732-21-000071
2314645,MKC,2021-07-01,edgar_8k,2021-07-01T07:21,before_open,0000063754-21-000117
2322488,JBL,2021-06-17,edgar_8k,2021-06-17T07:51,before_open,0001193125-21-192718
2326894,DRI,2021-06-23,edgar_8k,2021-06-24T07:09,after_call_date,0000940944-21-000031
2327819,PAYX,2021-06-25,edgar_8k,2021-06-25T09:31,intraday,0000723531-21-000027
2330095,FDS,2021-06-29,edgar_8k,2021-06-29T06:59,before_open,0001013237-21-000063
2330897,GIS,2021-09-22,edgar_8k,2021-09-22T07:11,before_open,0001193125-21-278865
2331096,STZ,2021-07-14,assumed_after_hours,,assumed_after_hours,
2331397,MU,2021-06-30,edgar_8k,2021-06-30T16:00,after_close,0000723125-21-000049
2332117,WBA,2021-07-01,assumed_after_hours,,assumed_after_hours,
2336199,HII,2021-08-05,edgar_8k,2021-08-05T07:27,before_open,0001501585-21-000027
2338551,NEM,2021-07-20,assumed_after_hours,,assumed_after_hours,
2343904,FTV,2021-07-29,edgar_8k,2021-07-29T16:15,after_close,0001659166-21-000198
2343913,JPM,2021-07-13,edgar_8k,2021-07-13T06:45,before_open,0000019617-21-000363
2343944,CAG,2021-07-13,edgar_8k,2021-07-13T07:30,before_open,0001564590-21-036361
2343979,FAST,2021-07-13,edgar_8k,2021-07-13T08:38,before_open,0000815556-21-000028
2343980,GS,2021-07-13,edgar_8k,2021-07-13T07:37,before_open,0001193125-21-213604
2344877,BLK,2021-07-14,dec_flag,,before_open,BLK_2021_Q2_20210714
2344909,RFL,2021-07-28,assumed_after_hours,,assumed_after_hours,
2344910,BAC,2021-07-14,edgar_8k,2021-07-14T06:48,before_open,0000070858-21-000079
2344969,C,2021-07-14,edgar_8k,2021-07-14T08:36,before_open,0001104659-21-091913
2345027,WFC,2021-07-14,edgar_8k,2021-07-14T07:45,before_open,0000072971-21-000254
2345446,MSFT,2021-07-29,edgar_8k,2021-07-27T16:41,before_open,0001193125-21-225746
2345958,BNY,2021-07-14,edgar_8k,2021-07-15T06:32,after_call_date,0001390777-21-000069
2345979,TFC,2021-07-15,edgar_8k,2021-07-15T06:11,before_open,0000092230-21-000059
2346012,USB,2021-07-15,edgar_8k,2021-07-15T06:49,before_open,0001193125-21-215777
2346358,AA,2021-07-15,edgar_8k,2021-07-15T16:12,after_close,0001157523-21-000879
2347071,EQT,2021-07-29,edgar_8k,2021-07-28T16:31,before_open,0000033213-21-000016
2347147,FHN,2021-07-16,edgar_8k,2021-07-16T06:41,before_open,0000036966-21-000030
2347180,STT,2021-07-16,edgar_8k,2021-07-16T07:28,before_open,0000093751-21-000631
2347546,TSCO,2021-07-19,edgar_8k,2021-07-19T08:14,before_open,0000916365-21-000114
2347568,AN,2021-07-16,assumed_after_hours,,assumed_after_hours,
2347738,JBHT,2021-07-19,edgar_8k,2021-07-19T16:16,after_close,0001437749-21-017146
2347742,ZION,2021-07-19,edgar_8k,2021-07-19T17:21,after_close,0000109380-21-000216
2347967,PPG,2021-07-19,edgar_8k,2021-07-19T16:34,after_close,0000079879-21-000041
2347998,SYF,2021-07-20,edgar_8k,2021-07-20T06:01,before_open,0001601712-21-000232
2348000,SNV,2021-07-20,assumed_after_hours,,assumed_after_hours,
2348037,TRV,2021-07-20,edgar_8k,2021-07-20T07:01,before_open,0000086312-21-000033
2348044,PM,2021-07-20,edgar_8k,2021-07-20T09:05,before_open,0001413329-21-000055
2348060,OMC,2021-07-20,edgar_8k,2021-07-20T07:42,before_open,0000891092-21-005577
2348075,KEY,2021-07-20,edgar_8k,2021-07-20T07:32,before_open,0000091576-21-000111
2348102,DOV,2021-07-20,edgar_8k,2021-07-20T06:33,before_open,0000029905-21-000035
2348119,STLD,2021-07-20,edgar_8k,2021-07-21T09:17,after_call_date,0001104659-21-094256
2348127,LNT,2021-08-06,edgar_8k,2021-08-05T18:13,before_open,0000352541-21-000073
2348543,CMA,2021-07-21,assumed_after_hours,,assumed_after_hours,
2348545,NDAQ,2021-07-21,edgar_8k,2021-07-21T07:32,before_open,0001193125-21-220127
2348568,VZ,2021-07-21,edgar_8k,2021-07-21T07:05,before_open,0000732712-21-000042
2348571,IPG,2021-07-21,assumed_after_hours,,assumed_after_hours,
2348580,KO,2021-07-21,edgar_8k,2021-07-21T07:00,before_open,0000021344-21-000021
2348599,HOG,2021-07-21,edgar_8k,2021-07-21T06:07,before_open,0000793952-21-000047
2348604,GWLIF,2021-08-04,assumed_after_hours,,assumed_after_hours,
2348617,JNJ,2021-07-21,edgar_8k,2021-07-21T08:00,before_open,0000200406-21-000053
2348679,NTRS,2021-07-21,edgar_8k,2021-07-21T08:09,before_open,0000073124-21-000234
2348850,LVS,2021-07-21,edgar_8k,2021-07-21T16:07,after_close,0001300514-21-000111
2348879,CSX,2021-07-21,edgar_8k,2021-07-21T16:01,after_close,0000277948-21-000039
2349200,DHR,2021-07-22,edgar_8k,2021-07-21T18:11,before_open,0000313616-21-000102
2349218,DOW,2021-07-22,edgar_8k,2021-07-22T07:03,before_open,0001751788-21-000120
2349243,BIIB,2021-07-22,edgar_8k,2021-07-22T07:08,before_open,0000875045-21-000041
2349250,MRSH,2021-08-13,assumed_after_hours,,assumed_after_hours,
2349256,T,2021-07-22,edgar_8k,2021-07-21T17:01,before_open,0000732717-21-000054
2349268,DHI,2021-07-21,edgar_8k,2021-07-22T13:06,after_call_date,0000882184-21-000149
2349300,UNP,2021-07-22,edgar_8k,2021-07-22T08:05,before_open,0000100885-21-000247
2349318,BX,2021-07-22,edgar_8k,2021-07-22T06:56,before_open,0001193125-21-221349
2349331,AEP,2021-07-22,edgar_8k,2021-07-22T07:01,before_open,0000004904-21-000051
2349349,EFX,2021-07-22,edgar_8k,2021-07-21T16:19,before_open,0000033185-21-000039
2349395,THC,2021-07-21,edgar_8k,2021-07-21T16:12,after_close,0000070318-21-000027
2349410,SNA,2021-07-20,assumed_after_hours,,assumed_after_hours,
2349419,FITB,2021-07-22,edgar_8k,2021-07-22T06:30,before_open,0000035527-21-000211
2349428,DPZ,2021-07-30,assumed_after_hours,,assumed_after_hours,
2349441,FCX,2021-07-22,edgar_8k,2021-07-22T08:06,before_open,0000831259-21-000023
2349468,GPC,2021-07-22,edgar_8k,2021-07-22T08:35,before_open,0000040987-21-000029
2349538,CCI,2021-07-22,edgar_8k,2021-07-21T16:17,before_open,0001051470-21-000155
2349793,MRK,2021-07-29,edgar_8k,2021-07-29T07:01,before_open,0001104659-21-097239
2349876,VRSN,2021-07-22,edgar_8k,2021-07-22T16:08,after_close,0001014473-21-000022
2349997,COF,2021-07-22,edgar_8k,2021-07-22T16:06,after_close,0000927628-21-000244
2350376,AXP,2021-07-22,edgar_8k,2021-07-23T07:03,after_call_date,0000004962-21-000040
2350813,HAS,2021-07-26,edgar_8k,2021-07-26T06:46,before_open,0000046080-21-000090
2350828,OTIS,2021-07-26,edgar_8k,2021-07-26T06:04,before_open,0001781335-21-000046
2350894,LMT,2021-07-26,edgar_8k,2021-07-26T07:33,before_open,0000936468-21-000069
2351062,TSLA,2021-07-26,edgar_8k,2021-07-26T16:25,after_close,0001564590-21-037953
2351365,XRX,2021-07-27,edgar_8k,2021-07-27T06:45,before_open,0001770450-21-000030
2351379,SWK,2021-07-27,edgar_8k,2021-07-27T07:04,before_open,0000093556-21-000031
2351384,BRO,2021-07-26,edgar_8k,2021-07-26T17:00,after_close,0001564590-21-037976
2351411,GE,2021-07-27,edgar_8k,2021-07-27T06:27,before_open,0000040545-21-000051
2351438,ROK,2021-07-27,edgar_8k,2021-07-27T07:16,before_open,0001024478-21-000033
2351444,UPS,2021-07-27,edgar_8k,2021-07-27T06:23,before_open,0001090727-21-000033
2351452,RTX,2021-07-27,edgar_8k,2021-07-27T06:57,before_open,0000101829-21-000045
2351455,GLW,2021-07-27,edgar_8k,2021-07-27T07:34,before_open,0001437749-21-017620
2351490,AMP,2021-07-27,edgar_8k,2021-07-26T16:12,before_open,0000820027-21-000067
2351493,BSX,2021-07-27,edgar_8k,2021-07-27T06:40,before_open,0000885725-21-000028
2351514,IQV,2021-07-27,edgar_8k,2021-07-27T07:05,before_open,0001157523-21-000922
2351516,MMM,2021-07-27,edgar_8k,2021-07-27T07:37,before_open,0001104659-21-096084
2351520,IVZ,2021-07-27,edgar_8k,2021-07-27T07:57,before_open,0000914208-21-000455
2351522,ADM,2021-07-27,edgar_8k,2021-07-27T10:14,intraday,0000007084-21-000028
2351608,HUBB,2021-07-27,edgar_8k,2021-07-27T08:10,before_open,0001628280-21-014491
2351721,MSCI,2021-07-27,edgar_8k,2021-07-27T07:01,before_open,0001157523-21-000921
2351784,PCAR,2021-07-27,edgar_8k,2021-07-27T08:06,before_open,0001564590-21-038068
2352078,AMD,2021-07-27,edgar_8k,2021-07-27T16:39,after_close,0000002488-21-000114
2352095,CHRW,2021-07-27,edgar_8k,2021-07-27T16:50,after_close,0001043277-21-000022
2352096,MDLZ,2021-07-27,edgar_8k,2021-07-27T16:43,after_close,0001193125-21-225765
2352099,MAT,2021-07-27,edgar_8k,2021-07-27T16:41,after_close,0001628280-21-014515
2352168,V,2021-07-27,edgar_8k,2021-07-27T16:40,after_close,0001403161-21-000038
2352518,BG,2021-07-28,assumed_after_hours,,assumed_after_hours,
2352592,TMO,2021-07-28,edgar_8k,2021-07-28T06:21,before_open,0000097745-21-000042
2352597,TER,2021-07-28,edgar_8k,2021-07-28T06:10,before_open,0001193125-21-226461
2352618,GD,2021-07-28,edgar_8k,2021-07-28T07:52,before_open,0000040533-21-000041
2352655,NSC,2021-07-28,edgar_8k,2021-07-28T08:06,before_open,0001552781-21-000609
2352760,PFG,2021-07-28,edgar_8k,2021-07-27T16:47,before_open,0001104659-21-096325
2352761,OLN,2021-07-28,edgar_8k,2021-07-27T16:56,before_open,0000074303-21-000137
2352767,EHC,2021-07-28,edgar_8k,2021-07-27T17:04,before_open,0000785161-21-000032
2352794,IEX,2021-07-28,edgar_8k,2021-07-28T09:32,intraday,0000832101-21-000050
2352893,EQR,2021-07-28,edgar_8k,2021-07-27T16:46,before_open,0001564590-21-038304
2352920,BA,2021-07-28,edgar_8k,2021-07-28T07:33,before_open,0000012927-21-000068
2352986,MCO,2021-07-28,edgar_8k,2021-07-28T07:15,before_open,0001157523-21-000934
2353021,AVY,2021-07-28,edgar_8k,2021-07-28T06:48,before_open,0001193125-21-226494
2353311,ALGN,2021-07-28,edgar_8k,2021-07-28T16:02,after_close,0001097149-21-000046
2353320,QCOM,2021-07-28,edgar_8k,2021-07-28T16:01,after_close,0001728949-21-000065
2353354,CTSH,2021-07-28,edgar_8k,2021-07-28T16:08,after_close,0001058290-21-000211
2353364,LRCX,2021-07-28,edgar_8k,2021-07-28T16:08,after_close,0000707549-21-000124
2353372,PYPL,2021-07-28,edgar_8k,2021-07-28T16:26,after_close,0001633917-21-000146
2353391,F,2021-07-28,edgar_8k,2021-07-28T12:08,intraday,0000037996-21-000057
2353394,PTC,2021-07-28,edgar_8k,2021-07-28T16:01,after_close,0001564590-21-038615
2353423,EQIX,2021-07-28,edgar_8k,2021-07-28T16:05,after_close,0001564590-21-038619
2353962,TXT,2021-07-29,assumed_after_hours,,assumed_after_hours,
2353999,LKQ,2021-07-29,edgar_8k,2021-07-29T06:36,before_open,0001065696-21-000038
2354000,MAS,2021-07-28,edgar_8k,2021-07-29T07:04,after_call_date,0000062996-21-000023
2354010,RJF,2021-07-28,assumed_after_hours,,assumed_after_hours,
2354017,CBRE,2021-07-29,edgar_8k,2021-07-29T07:00,before_open,0001138118-21-000030
2354033,ICE,2021-07-29,edgar_8k,2021-07-29T07:31,before_open,0001104659-21-097258
2354059,WAB,2021-07-29,edgar_8k,2021-07-29T07:30,before_open,0001140361-21-025983
2354060,HBAN,2021-07-29,edgar_8k,2021-07-29T07:37,before_open,0000049196-21-000068
2354069,WST,2021-07-28,edgar_8k,2021-07-29T08:07,after_call_date,0000105770-21-000050
2354077,KIM,2021-07-29,edgar_8k,2021-07-29T07:07,before_open,0001157523-21-000946
2354114,MO,2021-07-29,edgar_8k,2021-07-29T07:10,before_open,0000764180-21-000106
2354119,LH,2021-07-29,edgar_8k,2021-07-29T08:36,before_open,0000920148-21-000048
2354122,SCI,2021-07-28,edgar_8k,2021-07-28T19:39,after_close,0000089089-21-000052
2354136,SPGI,2021-07-29,edgar_8k,2021-07-29T07:14,before_open,0000064040-21-000151
2354140,IR,2021-07-29,edgar_8k,2021-07-28T16:55,before_open,0001628280-21-014751
2354144,NOC,2021-07-29,edgar_8k,2021-07-29T06:29,before_open,0001133421-21-000047
2354145,BAX,2021-07-29,edgar_8k,2021-07-29T07:23,before_open,0001628280-21-014820
2354156,MA,2021-07-29,edgar_8k,2021-07-29T08:03,before_open,0001141391-21-000154
2354187,AMT,2021-07-29,edgar_8k,2021-07-29T07:05,before_open,0001053507-21-000127
2354274,IP,2021-07-29,edgar_8k,2021-07-29T07:16,before_open,0000051434-21-000031
2354307,CMCSA,2021-07-28,edgar_8k,2021-07-29T07:07,after_call_date,0001166691-21-000027
2354389,TAP,2021-07-29,edgar_8k,2021-07-29T07:04,before_open,0001157523-21-000945
2354390,BC,2021-07-28,edgar_8k,2021-07-29T06:22,after_call_date,0000014930-21-000099
2354405,URI,2021-07-30,edgar_8k,2021-07-28T16:31,before_open,0001067701-21-000030
2354555,XEL,2021-07-28,edgar_8k,2021-07-28T17:49,after_close,0000072903-21-000059
2354572,SO,2021-07-29,edgar_8k,2021-07-29T08:13,before_open,0000092122-21-000066
2354835,AVB,2021-07-28,edgar_8k,2021-07-29T06:55,after_call_date,0000915912-21-000017
2355318,DXCM,2021-07-28,edgar_8k,2021-07-29T16:05,after_call_date,0001093557-21-000190
2355327,EIX,2021-07-29,edgar_8k,2021-07-29T16:07,after_close,0001558370-21-009596
2355334,FSLR,2021-07-29,edgar_8k,2021-07-29T16:16,after_close,0001274494-21-000022
2355344,FTNT,2021-07-29,edgar_8k,2021-07-29T16:07,after_close,0001262039-21-000019
2355377,GILD,2021-07-29,edgar_8k,2021-07-29T16:05,after_close,0000882095-21-000018
2355391,KLAC,2021-06-30,assumed_after_hours,,assumed_after_hours,
2355392,MTD,2021-07-29,edgar_8k,2021-07-29T16:33,after_close,0001037646-21-000036
2355418,AMZN,2021-07-26,assumed_after_hours,,assumed_after_hours,
2355465,DLR,2021-07-29,edgar_8k,2021-07-29T16:13,after_close,0001558370-21-009602
2355466,VRTX,2021-07-29,edgar_8k,2021-07-29T16:05,after_close,0000875320-21-000024
2356415,X,2021-07-29,assumed_after_hours,,assumed_after_hours,
2356424,CBOE,2021-07-30,edgar_8k,2021-07-30T07:30,before_open,0001558370-21-009657
2356434,CAT,2021-07-30,edgar_8k,2021-07-30T06:30,before_open,0000018230-21-000218
2356473,CHTR,2021-07-30,edgar_8k,2021-07-30T07:01,before_open,0001091667-21-000132
2356474,ES,2021-07-30,edgar_8k,2021-07-29T16:19,before_open,0001104659-21-097588
2356549,PG,2021-07-30,edgar_8k,2021-07-30T07:07,before_open,0000080424-21-000083
2356711,ITW,2021-07-29,edgar_8k,2021-07-30T09:45,after_call_date,0000049826-21-000056
2356713,WY,2021-07-30,edgar_8k,2021-07-29T20:33,before_open,0001564590-21-039290
2356871,LYB,2021-07-30,edgar_8k,2021-07-30T06:45,before_open,0001489393-21-000037
2356897,NWL,2021-07-30,edgar_8k,2021-07-30T07:28,before_open,0000814453-21-000117
2356908,GWW,2021-07-30,edgar_8k,2021-07-30T08:04,before_open,0000277135-21-000016
2356910,CPT,2021-07-31,edgar_8k,2021-07-29T16:25,before_open,0000906345-21-000031
2356915,CVX,2021-07-30,edgar_8k,2021-07-30T06:02,before_open,0000093410-21-000028
2356950,MHK,2021-07-30,assumed_after_hours,,assumed_after_hours,
2359413,ON,2021-08-02,edgar_8k,2021-08-02T08:06,before_open,0001193125-21-232323
2359788,ANET,2021-08-02,edgar_8k,2021-08-02T16:11,after_close,0001596532-21-000253
2359798,TTWO,2021-08-02,edgar_8k,2021-08-02T16:18,after_close,0001104659-21-098880
2360350,IT,2021-08-03,edgar_8k,2021-08-03T06:04,before_open,0000749251-21-000028
2360361,INCY,2021-08-02,edgar_8k,2021-08-03T07:15,after_call_date,0001558370-21-009865
2360371,DD,2021-08-03,edgar_8k,2021-08-03T06:08,before_open,0001666700-21-000054
2360411,LHX,2021-08-03,edgar_8k,2021-08-03T06:46,before_open,0000202058-21-000042
2360413,ZBRA,2021-08-03,assumed_after_hours,,assumed_after_hours,
2360422,FIS,2021-08-03,edgar_8k,2021-08-03T07:15,before_open,0001136893-21-000162
2360613,SEE,2021-08-03,assumed_after_hours,,assumed_after_hours,
2360652,HSIC,2021-08-05,edgar_8k,2021-08-03T06:42,before_open,0001000228-21-000058
2360706,CMI,2021-08-03,edgar_8k,2021-08-03T07:45,before_open,0000026172-21-000040
2360718,LPX,2021-08-03,edgar_8k,2021-08-02T17:55,before_open,0001628280-21-015196
2360743,PEG,2021-08-03,edgar_8k,2021-08-03T09:02,before_open,0001193125-21-234118
2360755,XYL,2021-08-03,edgar_8k,2021-08-03T07:00,before_open,0001524472-21-000024
2360770,LLY,2021-08-03,edgar_8k,2021-08-03T07:37,before_open,0000059478-21-000168
2360926,PSX,2021-08-03,edgar_8k,2021-08-03T09:20,before_open,0001534701-21-000148
2360995,CLX,2021-08-02,edgar_8k,2021-08-03T06:45,after_call_date,0001206774-21-001938
2361097,O,2021-08-02,edgar_8k,2021-08-02T16:23,after_close,0000726728-21-000089
2361302,FICO,2021-06-30,assumed_after_hours,,assumed_after_hours,
2361738,LUMN,2021-08-03,edgar_8k,2021-08-03T16:38,after_close,0000018926-21-000034
2362176,CVS,2021-08-04,edgar_8k,2021-08-04T06:34,before_open,0000064803-21-000027
2362223,AIZ,2021-08-09,assumed_after_hours,,assumed_after_hours,
2362233,CAR,2021-08-04,edgar_8k,2021-08-03T16:09,before_open,0000723612-21-000046
2362246,CDW,2021-08-04,edgar_8k,2021-08-04T07:07,before_open,0001402057-21-000108
2362307,KHC,2021-08-03,edgar_8k,2021-08-04T07:01,after_call_date,0001637459-21-000098
2362316,BWA,2021-08-04,edgar_8k,2021-08-04T08:30,before_open,0000908255-21-000045
2362321,VRSK,2021-08-03,edgar_8k,2021-08-03T16:19,after_close,0001437749-21-018338
2362330,FMC,2021-08-04,edgar_8k,2021-08-03T16:59,before_open,0000037785-21-000061
2362405,CRL,2021-08-04,edgar_8k,2021-08-04T07:30,before_open,0001157523-21-000990
2362465,EMR,2021-08-04,edgar_8k,2021-08-04T06:56,before_open,0000032604-21-000025
2362466,HWM,2021-08-04,edgar_8k,2021-08-04T07:15,before_open,0001157523-21-000988
2362491,GM,2021-08-04,edgar_8k,2021-08-04T09:22,before_open,0001467858-21-000141
2362569,VMC,2021-08-03,edgar_8k,2021-08-04T07:45,after_call_date,0001104659-21-099792
2362621,DVN,2021-08-03,edgar_8k,2021-08-03T16:24,after_close,0001193125-21-234972
2362662,OKE,2021-08-03,edgar_8k,2021-08-03T16:55,after_close,0001039684-21-000054
2362698,NI,2021-08-04,edgar_8k,2021-08-04T06:40,before_open,0001111711-21-000028
2362806,OXY,2021-08-04,edgar_8k,2021-08-03T16:16,before_open,0000797468-21-000027
2363294,MCK,2021-08-04,edgar_8k,2021-08-04T16:13,after_close,0000927653-21-000063
2363319,WU,2021-08-04,edgar_8k,2021-08-04T16:06,after_close,0001558370-21-010205
2363325,DXC,2021-08-04,edgar_8k,2021-08-04T16:24,after_close,0001688568-21-000054
2363330,TRMB,2021-08-04,edgar_8k,2021-08-04T16:33,after_close,0000864749-21-000106
2363358,ETSY,2021-08-04,edgar_8k,2021-08-04T16:08,after_close,0001370637-21-000047
2363396,FRT,2021-08-04,edgar_8k,2021-08-04T16:08,after_close,0000034903-21-000059
2363671,EA,2021-08-04,edgar_8k,2021-08-04T16:04,after_close,0000712515-21-000115
2364346,EPAM,2021-08-04,edgar_8k,2021-08-04T19:34,after_close,0001352010-21-000032
2364370,CAH,2021-08-04,edgar_8k,2021-08-05T07:00,after_call_date,0000721371-21-000059
2364382,XRAY,2021-08-05,edgar_8k,2021-08-05T07:09,before_open,0000818479-21-000031
2364404,MRNA,2021-08-05,edgar_8k,2021-08-05T06:42,before_open,0001193125-21-236922
2364406,AES,2021-08-05,edgar_8k,2021-08-04T18:55,before_open,0000874761-21-000067
2364421,REGN,2021-08-04,edgar_8k,2021-08-05T06:59,after_call_date,0001804220-21-000023
2364423,CI,2021-08-05,edgar_8k,2021-08-05T06:15,before_open,0000950159-21-000207
2364429,BDX,2021-08-05,edgar_8k,2021-08-05T06:04,before_open,0000010795-21-000054
2364447,ZTS,2021-08-05,edgar_8k,2021-08-05T07:07,before_open,0001555280-21-000284
2364452,MUR,2021-08-04,edgar_8k,2021-08-05T06:09,after_call_date,0000717423-21-000037
2364501,NRG,2021-08-05,edgar_8k,2021-08-05T06:51,before_open,0001013871-21-000014
2364515,MET,2021-08-04,edgar_8k,2021-08-04T16:33,after_close,0001099219-21-000268
2364516,PENN,2021-08-05,edgar_8k,2021-08-05T16:21,after_close,0000921738-21-000044
2364530,ATO,2021-08-05,edgar_8k,2021-08-04T16:44,before_open,0000731802-21-000034
2364543,PWR,2021-08-05,edgar_8k,2021-08-05T06:58,before_open,0001193125-21-236940
2364545,ALB,2021-08-05,edgar_8k,2021-08-04T16:25,before_open,0000915913-21-000147
2364575,K,2021-08-04,assumed_after_hours,,assumed_after_hours,
2364576,BLDR,2021-08-05,edgar_8k,2021-08-05T07:01,before_open,0001193125-21-236942
2364593,ALL,2021-08-04,edgar_8k,2021-08-04T16:20,after_close,0000899051-21-000070
2364610,DUK,2021-08-05,edgar_8k,2021-08-05T06:44,before_open,0001326160-21-000213
2364670,EOG,2021-08-04,edgar_8k,2021-08-04T16:27,after_close,0000821189-21-000074
2364760,TRGP,2021-08-05,edgar_8k,2021-08-05T06:17,before_open,0001564590-21-041137
2364825,APA,2021-08-04,edgar_8k,2021-08-05T09:59,after_call_date,0001193125-21-237229
2364908,PNW,2021-08-05,edgar_8k,2021-08-05T08:31,before_open,0000764622-21-000053
2365680,RMD,2021-08-05,edgar_8k,2021-08-05T16:08,after_close,0001193125-21-237704
2365719,MSI,2021-08-05,edgar_8k,2021-08-05T16:13,after_close,0000068505-21-000019
2366918,TRIP,2021-08-05,edgar_8k,2021-08-05T16:03,after_close,0001564590-21-041565
2366981,FLR,2021-08-06,edgar_8k,2021-08-06T06:57,before_open,0001104659-21-101080
2366999,AIG,2021-08-05,edgar_8k,2021-08-05T16:39,after_close,0001104659-21-100804
2367104,CTVA,2021-08-06,edgar_8k,2021-08-05T17:09,before_open,0001755672-21-000019
2367158,GT,2021-08-05,edgar_8k,2021-08-06T08:03,after_call_date,0001193125-21-238684
2367196,D,2021-08-06,edgar_8k,2021-08-06T07:31,before_open,0001564590-21-041910
2367260,IFF,2021-08-06,edgar_8k,2021-08-05T16:37,before_open,0000051253-21-000036
2367492,VTR,2021-08-06,edgar_8k,2021-08-06T07:29,before_open,0001157523-21-001021
2369754,TSN,2021-08-09,edgar_8k,2021-08-09T07:33,before_open,0000100493-21-000102
2369842,VTRS,2021-08-09,edgar_8k,2021-08-09T08:31,before_open,0001792044-21-000023
2371255,CF,2021-08-09,edgar_8k,2021-08-09T16:33,after_close,0001324404-21-000020
2371491,TDG,2021-08-10,edgar_8k,2021-08-10T07:17,before_open,0001260221-21-000103
2374081,EBAY,2021-08-11,edgar_8k,2021-08-11T16:07,after_close,0001065088-21-000027
2374769,BR,2021-08-11,edgar_8k,2021-08-12T09:16,after_call_date,0001383312-21-000044
2375404,OGN,2021-08-12,edgar_8k,2021-08-12T08:10,before_open,0001104659-21-103773
2379854,WMT,2021-08-16,edgar_8k,2021-08-17T06:58,after_call_date,0000104169-21-000054
2380468,A,2021-08-16,edgar_8k,2021-08-17T16:07,after_call_date,0001090872-21-000012
2381706,KEYS,2021-08-18,edgar_8k,2021-08-18T16:09,after_close,0001601046-21-000059
2381712,CSCO,2021-08-18,edgar_8k,2021-08-18T16:10,after_close,0001193125-21-250360
2381793,NVDA,2021-08-23,assumed_after_hours,,assumed_after_hours,
2382246,M,2021-08-19,edgar_8k,2021-08-19T07:03,before_open,0001564590-21-045073
2382274,BBWI,2021-08-18,edgar_8k,2021-08-18T16:24,after_close,0000701985-21-000026
2382284,TPR,2021-08-18,edgar_8k,2021-08-19T06:46,after_call_date,0001157523-21-001078
2382335,KSS,2021-08-19,edgar_8k,2021-08-19T07:01,before_open,0001193125-21-250990
2383116,DE,2021-08-16,assumed_after_hours,,assumed_after_hours,
2384149,PANW,2021-08-23,edgar_8k,2021-08-23T16:08,after_close,0001327567-21-000020
2385204,JWN,2021-08-25,assumed_after_hours,,assumed_after_hours,
2385226,URBN,2021-08-24,assumed_after_hours,,assumed_after_hours,
2386039,ADSK,2021-08-25,edgar_8k,2021-08-25T16:07,after_close,0000769397-21-000067
2386067,NTAP,2021-08-25,edgar_8k,2021-08-25T16:08,after_close,0001564590-21-045712
2386101,CRM,2021-08-25,edgar_8k,2021-08-25T16:08,after_close,0001108524-21-000044
2386629,ANF,2021-08-25,assumed_after_hours,,assumed_after_hours,
2386634,COTY,2021-08-25,edgar_8k,2021-08-26T06:34,after_call_date,0001024305-21-000058
2386663,SJM,2021-11-23,edgar_8k,2021-11-23T07:15,before_open,0000091419-21-000105
2387045,HPQ,2021-08-26,edgar_8k,2021-08-26T16:09,after_close,0000047217-21-000043
2388950,CTLT,2021-08-30,assumed_after_hours,,assumed_after_hours,
2390328,CPB,2021-08-31,edgar_8k,2021-09-01T07:23,after_call_date,0000016732-21-000100
2391221,COO,2021-09-02,edgar_8k,2021-09-02T16:22,after_close,0000711404-21-000021
2391227,HPE,2021-09-01,edgar_8k,2021-09-02T16:50,after_call_date,0001645590-21-000053
2392309,GIS,2021-12-21,edgar_8k,2021-12-21T07:05,before_open,0001193125-21-363009
2392536,MKC,2021-09-30,edgar_8k,2021-09-30T07:30,before_open,0000063754-21-000145
2394467,KR,2021-09-10,edgar_8k,2021-09-10T08:10,before_open,0001104659-21-114420
2399639,AZO,2021-09-21,edgar_8k,2021-09-21T06:55,before_open,0001171843-21-006577
2400290,KBH,2021-09-22,edgar_8k,2021-09-22T16:16,after_close,0000795266-21-000112
2400486,DRI,2021-09-23,edgar_8k,2021-09-23T07:04,before_open,0000940944-21-000053
2402245,FDS,2021-09-28,edgar_8k,2021-09-28T06:53,before_open,0001013237-21-000121
2402497,MU,2021-09-28,edgar_8k,2021-09-28T16:01,after_close,0000723125-21-000060
2402753,JBL,2021-09-29,edgar_8k,2021-09-29T07:51,before_open,0001193125-21-286091
2403246,PAYX,2021-09-30,edgar_8k,2021-09-30T08:45,before_open,0000723531-21-000046
2404477,AYI,2021-10-06,edgar_8k,2021-10-06T07:41,before_open,0001144215-21-000083
2404670,GM,2021-10-27,edgar_8k,2021-10-27T09:14,before_open,0001467858-21-000151
2405229,EMR,2021-11-03,edgar_8k,2021-11-03T06:51,before_open,0000032604-21-000033
2405553,FAST,2021-10-12,edgar_8k,2021-10-12T07:36,before_open,0000815556-21-000037
2405869,BLK,2021-10-13,dec_flag,,before_open,BLK_2021_Q3_20211013
2405878,JPM,2021-10-13,edgar_8k,2021-10-13T06:45,before_open,0000019617-21-000446
2406228,USB,2021-10-14,edgar_8k,2021-10-14T06:39,before_open,0001193125-21-298251
2406276,BAC,2021-10-14,edgar_8k,2021-10-14T06:46,before_open,0000070858-21-000098
2406285,KOS,2021-11-05,assumed_after_hours,,assumed_after_hours,
2406309,C,2021-10-14,edgar_8k,2021-10-14T09:34,intraday,0001104659-21-126046
2406358,WFC,2021-10-14,edgar_8k,2021-10-14T06:46,before_open,0000072971-21-000294
2406372,APD,2021-11-04,edgar_8k,2021-11-04T07:03,before_open,0000002969-21-000047
2406408,WBA,2021-10-15,assumed_after_hours,,assumed_after_hours,
2406524,AA,2021-10-14,edgar_8k,2021-10-14T16:16,after_close,0001157523-21-001202
2406671,TFC,2021-10-15,edgar_8k,2021-10-15T06:07,before_open,0000092230-21-000071
2406690,PNC,2021-10-15,edgar_8k,2021-10-15T06:47,before_open,0000713676-21-000109
2407023,CDW,2021-11-03,edgar_8k,2021-11-03T07:09,before_open,0001402057-21-000152
2407350,BNY,2021-10-19,edgar_8k,2021-10-19T06:31,before_open,0001390777-21-000094
2407354,SNV,2021-10-19,assumed_after_hours,,assumed_after_hours,
2407379,HAL,2021-10-29,assumed_after_hours,,assumed_after_hours,
2407389,PM,2021-10-19,edgar_8k,2021-10-19T09:03,before_open,0001413329-21-000086
2407390,TRV,2021-10-19,edgar_8k,2021-10-19T06:59,before_open,0000086312-21-000041
2407430,DOV,2021-10-19,edgar_8k,2021-10-19T06:32,before_open,0000029905-21-000044
2407601,BA,2021-10-27,edgar_8k,2021-10-27T07:33,before_open,0000012927-21-000087
2407648,OMC,2021-10-19,edgar_8k,2021-10-19T16:21,after_close,0000891092-21-006879
2407970,CMA,2021-10-20,assumed_after_hours,,assumed_after_hours,
2407974,NDAQ,2021-10-20,edgar_8k,2021-10-20T07:22,before_open,0001193125-21-302540
2407996,VZ,2021-10-20,edgar_8k,2021-10-20T07:32,before_open,0000732712-21-000050
2408018,CFG,2021-10-20,edgar_8k,2021-10-20T06:35,before_open,0000759944-21-000141
2408059,FHN,2021-10-20,edgar_8k,2021-10-20T06:38,before_open,0000036966-21-000041
2408064,MKTX,2021-10-20,edgar_8k,2021-10-20T06:32,before_open,0001193125-21-302508
2408111,NTRS,2021-10-20,edgar_8k,2021-10-20T07:50,before_open,0000073124-21-000268
2408741,PPG,2021-10-20,edgar_8k,2021-10-20T16:59,after_close,0000079879-21-000073
2408806,T,2021-10-21,edgar_8k,2021-10-21T06:33,before_open,0000732717-21-000077
2408843,UNP,2021-10-21,edgar_8k,2021-10-21T08:06,before_open,0000100885-21-000350
2408848,IQV,2021-10-21,edgar_8k,2021-10-21T07:05,before_open,0001157523-21-001229
2408868,BX,2021-10-24,edgar_8k,2021-10-21T06:55,before_open,0001193125-21-303506
2408891,EFX,2021-10-21,edgar_8k,2021-10-20T16:23,before_open,0000033185-21-000051
2408916,AN,2021-10-20,edgar_8k,2021-10-21T07:09,after_call_date,0000350698-21-000145
2408974,TSCO,2021-10-21,edgar_8k,2021-10-21T07:22,before_open,0000916365-21-000142
2408975,SNA,2021-10-19,assumed_after_hours,,assumed_after_hours,
2409017,CCI,2021-10-21,edgar_8k,2021-10-20T16:21,before_open,0001051470-21-000181
2409052,GPC,2021-10-21,edgar_8k,2021-10-21T08:51,before_open,0000040987-21-000037
2409339,RJF,2021-10-27,assumed_after_hours,,assumed_after_hours,
2411728,OTIS,2021-10-25,edgar_8k,2021-10-25T06:03,before_open,0001781335-21-000057
2412468,XRX,2021-10-26,edgar_8k,2021-10-26T06:43,before_open,0001770450-21-000042
2412489,BRO,2021-10-25,edgar_8k,2021-10-25T17:03,after_close,0000950170-21-002280
2412511,GE,2021-10-26,edgar_8k,2021-10-26T06:21,before_open,0000040545-21-000063
2412524,HAS,2021-10-25,edgar_8k,2021-10-26T06:40,after_call_date,0000046080-21-000105
2412532,RTX,2021-10-26,edgar_8k,2021-10-26T06:56,before_open,0000101829-21-000054
2412536,PHM,2021-10-26,edgar_8k,2021-10-26T07:52,before_open,0000822416-21-000038
2412546,GLW,2021-10-26,edgar_8k,2021-10-26T07:17,before_open,0001437749-21-024260
2412808,LMT,2021-10-26,edgar_8k,2021-10-26T07:31,before_open,0000936468-21-000098
2412864,PCAR,2021-10-25,edgar_8k,2021-10-26T08:06,after_call_date,0001564590-21-051843
2413166,FFIV,2021-10-26,edgar_8k,2021-10-26T16:08,after_close,0001048695-21-000035
2413182,AMD,2021-10-27,edgar_8k,2021-10-26T16:17,before_open,0000002488-21-000176
2413200,CHRW,2021-10-26,edgar_8k,2021-10-26T16:26,after_close,0001043277-21-000027
2413238,V,2021-10-26,edgar_8k,2021-10-26T16:06,after_close,0001403161-21-000056
2413240,MSFT,2021-12-07,assumed_after_hours,,assumed_after_hours,
2413253,DLR,2021-10-26,edgar_8k,2021-10-26T16:18,after_close,0001558370-21-013506
2413875,NAVI,2021-10-27,edgar_8k,2021-10-26T16:42,before_open,0001193125-21-308035
2413894,BG,2021-10-27,assumed_after_hours,,assumed_after_hours,
2413904,BSX,2021-10-27,edgar_8k,2021-10-27T06:44,before_open,0000885725-21-000049
2413906,MAS,2021-10-26,edgar_8k,2021-10-27T07:09,after_call_date,0000062996-21-000029
2413945,ADP,2021-10-27,edgar_8k,2021-10-27T06:55,before_open,0000008670-21-000030
2413946,KHC,2021-10-26,edgar_8k,2021-10-27T07:01,after_call_date,0001637459-21-000124
2414129,PFG,2021-10-27,edgar_8k,2021-10-26T16:15,before_open,0001104659-21-129968
2414152,BMY,2021-10-27,edgar_8k,2021-10-27T09:46,intraday,0000014272-21-000223
2414153,IP,2021-10-27,edgar_8k,2021-10-27T07:15,before_open,0000051434-21-000038
2414173,IEX,2021-10-27,edgar_8k,2021-10-27T09:13,before_open,0000832101-21-000058
2414420,EQR,2021-10-27,edgar_8k,2021-10-26T16:27,before_open,0001564590-21-052009
2414663,ALGN,2021-10-27,edgar_8k,2021-10-27T16:03,after_close,0001097149-21-000064
2414697,CTSH,2021-10-27,edgar_8k,2021-10-27T16:05,after_close,0001058290-21-000278
2415435,LKQ,2021-10-28,edgar_8k,2021-10-28T07:08,before_open,0001065696-21-000047
2415436,TFX,2021-10-27,edgar_8k,2021-10-28T07:02,after_call_date,0000096943-21-000111
2415442,SWK,2021-10-28,edgar_8k,2021-10-28T07:07,before_open,0000093556-21-000044
2415500,ICE,2021-10-28,edgar_8k,2021-10-28T07:30,before_open,0001104659-21-130720
2415515,MRK,2021-10-28,edgar_8k,2021-10-28T06:40,before_open,0001104659-21-130675
2415516,CARR,2021-10-28,edgar_8k,2021-10-28T07:45,before_open,0001783180-21-000062
2415524,CMCSA,2021-10-27,edgar_8k,2021-10-28T07:07,after_call_date,0001166691-21-000034
2415529,WST,2021-10-28,edgar_8k,2021-10-28T08:17,before_open,0000105770-21-000080
2415530,CAT,2021-10-28,edgar_8k,2021-10-28T06:32,before_open,0000018230-21-000251
2415551,SCI,2021-10-27,edgar_8k,2021-10-27T17:28,after_close,0000089089-21-000066
2415578,AMT,2021-10-28,edgar_8k,2021-10-28T07:09,before_open,0001053507-21-000156
2415583,LH,2021-10-28,edgar_8k,2021-10-28T08:59,before_open,0000920148-21-000066
2415609,AEP,2021-10-28,edgar_8k,2021-10-28T07:00,before_open,0000004904-21-000066
2415626,MA,2021-10-28,edgar_8k,2021-10-28T08:02,before_open,0001141391-21-000180
2415717,HBAN,2021-10-28,edgar_8k,2021-10-28T08:17,before_open,0000049196-21-000091
2415721,ITW,2021-10-27,edgar_8k,2021-10-28T09:33,after_call_date,0000049826-21-000076
2415787,EHC,2021-10-28,edgar_8k,2021-10-27T16:25,before_open,0000785161-21-000048
2415789,EQT,2021-10-28,edgar_8k,2021-10-27T16:30,before_open,0000033213-21-000023
2415978,BC,2021-10-27,edgar_8k,2021-10-28T06:31,after_call_date,0000014930-21-000133
2416352,CNX,2021-10-28,edgar_8k,2021-10-28T06:59,before_open,0001070412-21-000062
2416560,VRSN,2021-10-28,edgar_8k,2021-10-28T16:11,after_close,0001014473-21-000026
2416616,WDC,2021-10-28,edgar_8k,2021-10-28T16:07,after_close,0000106040-21-000046
2416632,DXCM,2021-10-27,edgar_8k,2021-10-28T16:06,after_call_date,0001093557-21-000246
2416659,RMD,2021-10-28,edgar_8k,2021-10-28T16:07,after_close,0001193125-21-311286
2416679,MPWR,2021-10-28,edgar_8k,2021-10-28T16:20,after_close,0001437749-21-024533
2416743,AMZN,2021-10-26,assumed_after_hours,,assumed_after_hours,
2416760,FTV,2021-10-28,edgar_8k,2021-10-28T16:12,after_close,0001659166-21-000233
2417756,EMN,2021-10-28,edgar_8k,2021-10-28T16:10,after_close,0000915389-21-000071
2417832,CBOE,2021-10-29,edgar_8k,2021-10-29T07:30,before_open,0001558370-21-013790
2417834,CHTR,2021-10-29,edgar_8k,2021-10-29T07:01,before_open,0001091667-21-000161
2418013,XOM,2021-10-28,edgar_8k,2021-10-29T07:30,after_call_date,0000034088-21-000061
2418104,RCL,2021-10-28,edgar_8k,2021-10-29T08:16,after_call_date,0000884887-21-000024
2418231,MHK,2021-10-29,edgar_8k,2021-10-28T16:30,before_open,0000851968-21-000076
2418243,CPT,2021-10-27,edgar_8k,2021-10-28T16:20,after_call_date,0000906345-21-000038
2418258,NWL,2021-10-28,edgar_8k,2021-10-29T07:28,after_call_date,0000814453-21-000148
2418262,GWW,2021-10-29,edgar_8k,2021-10-29T08:13,before_open,0000277135-21-000022
2418264,CVX,2021-10-29,edgar_8k,2021-10-29T06:02,before_open,0000093410-21-000043
2418272,LYB,2021-10-29,edgar_8k,2021-10-29T06:36,before_open,0001489393-21-000044
2418365,PSX,2021-10-29,edgar_8k,2021-10-29T09:19,before_open,0001534701-21-000206
2420219,ON,2021-10-29,assumed_after_hours,,assumed_after_hours,
2420570,ANET,2021-11-01,edgar_8k,2021-11-01T16:08,after_close,0001596532-21-000351
2420600,MCK,2021-11-01,edgar_8k,2021-11-01T16:10,after_close,0000927653-21-000095
2421025,WAT,2021-11-02,edgar_8k,2021-11-02T07:00,before_open,0001193125-21-316153
2421057,CTLT,2021-11-02,assumed_after_hours,,assumed_after_hours,
2421060,CAR,2021-11-02,edgar_8k,2021-11-01T16:07,before_open,0000723612-21-000062
2421070,ROK,2021-11-02,edgar_8k,2021-11-02T07:05,before_open,0001024478-21-000075
2421082,ZBRA,2021-11-02,edgar_8k,2021-11-02T07:59,before_open,0000877212-21-000188
2421241,WMB,2021-11-02,edgar_8k,2021-11-01T16:27,before_open,0000107263-21-000026
2421320,CMI,2021-11-02,edgar_8k,2021-11-02T07:46,before_open,0000026172-21-000054
2421340,HSIC,2021-11-05,edgar_8k,2021-11-02T06:39,before_open,0001000228-21-000078
2421380,GNRC,2021-11-05,edgar_8k,2021-11-02T06:02,before_open,0001437749-21-024804
2421450,MPC,2021-11-02,edgar_8k,2021-11-02T06:05,before_open,0001510295-21-000125
2421452,MLM,2021-11-02,edgar_8k,2021-11-02T07:22,before_open,0001564590-21-053305
2421458,LPX,2021-11-02,edgar_8k,2021-11-01T17:52,before_open,0001628280-21-021035
2421539,COP,2021-11-01,edgar_8k,2021-11-02T07:56,after_call_date,0001157523-21-001302
2421761,O,2021-11-01,edgar_8k,2021-11-01T16:06,after_close,0000726728-21-000102
2421895,EIX,2021-11-02,edgar_8k,2021-11-02T16:07,after_close,0001558370-21-014092
2421913,WU,2021-10-29,assumed_after_hours,,assumed_after_hours,
2422750,VRSK,2021-11-02,edgar_8k,2021-11-02T16:16,after_close,0001437749-21-024930
2422806,FMC,2021-11-03,edgar_8k,2021-11-02T16:51,before_open,0000037785-21-000075
2422844,CRL,2021-11-03,edgar_8k,2021-11-03T07:30,before_open,0001157523-21-001314
2422860,ES,2021-11-03,edgar_8k,2021-11-02T16:40,before_open,0001104659-21-133069
2422898,CTRA,2021-11-03,assumed_after_hours,,assumed_after_hours,
2422905,BWA,2021-11-03,edgar_8k,2021-11-03T08:46,before_open,0000908255-21-000051
2423104,OKE,2021-11-02,edgar_8k,2021-11-02T16:59,after_close,0001039684-21-000069
2423119,ETR,2021-11-03,edgar_8k,2021-11-03T07:28,before_open,0000065984-21-000289
2423120,NI,2021-11-03,edgar_8k,2021-11-03T06:44,before_open,0001111711-21-000034
2423142,PRU,2021-11-03,edgar_8k,2021-11-02T16:26,before_open,0001137774-21-000134
2423163,DVN,2021-11-02,edgar_8k,2021-11-02T16:13,after_close,0001193125-21-316952
2423258,TPR,2021-11-10,assumed_after_hours,,assumed_after_hours,
2423734,QCOM,2021-11-03,edgar_8k,2021-11-03T16:05,after_close,0001728949-21-000075
2423782,MGM,2021-11-02,edgar_8k,2021-11-03T16:30,after_call_date,0000789570-21-000008
2423796,LUMN,2021-11-03,edgar_8k,2021-11-03T16:17,after_close,0000018926-21-000047
2423870,PTC,2021-11-03,edgar_8k,2021-11-03T16:02,after_close,0001564590-21-053935
2424741,EPAM,2021-11-03,edgar_8k,2021-11-03T21:48,after_close,0001352010-21-000042
2424753,IRM,2021-11-04,edgar_8k,2021-11-04T06:11,before_open,0001020569-21-000244
2424804,BDX,2021-11-03,edgar_8k,2021-11-04T06:05,after_call_date,0000010795-21-000083
2424864,REGN,2021-11-03,edgar_8k,2021-11-04T07:12,after_call_date,0001804220-21-000031
2424874,MUR,2021-11-03,edgar_8k,2021-11-04T06:12,after_call_date,0000717423-21-000044
2424923,AES,2021-11-04,edgar_8k,2021-11-03T17:28,before_open,0000874761-21-000075
2424944,PENN,2021-11-04,edgar_8k,2021-11-04T08:00,before_open,0000921738-21-000054
2424945,NRG,2021-11-04,edgar_8k,2021-11-04T06:52,before_open,0001013871-21-000020
2424970,PWR,2021-11-04,edgar_8k,2021-11-04T06:58,before_open,0001193125-21-319272
2425014,COTY,2021-11-08,edgar_8k,2021-11-08T06:36,before_open,0001024305-21-000089
2425021,MET,2021-11-03,edgar_8k,2021-11-03T16:32,after_close,0001099219-21-000330
2425024,K,2021-11-03,assumed_after_hours,,assumed_after_hours,
2425030,BLDR,2021-11-04,edgar_8k,2021-11-04T06:59,before_open,0001193125-21-319274
2425070,VMC,2021-11-03,edgar_8k,2021-11-04T07:45,after_call_date,0001104659-21-134041
2425145,CF,2021-11-03,edgar_8k,2021-11-03T19:12,after_close,0001324404-21-000030
2425261,TRGP,2021-11-04,edgar_8k,2021-11-04T06:15,before_open,0001564590-21-054197
2425373,APA,2021-11-03,edgar_8k,2021-11-04T10:13,after_call_date,0001193125-21-319571
2425388,ZTS,2021-11-04,edgar_8k,2021-11-04T07:04,before_open,0001555280-21-000332
2425661,SO,2021-11-04,edgar_8k,2021-11-04T08:21,before_open,0000092122-21-000094
2426175,FTNT,2021-11-04,edgar_8k,2021-11-04T16:11,after_close,0001262039-21-000027
2426198,FSLR,2021-11-04,edgar_8k,2021-11-04T16:15,after_close,0001274494-21-000030
2426479,FRT,2021-11-04,edgar_8k,2021-11-04T16:12,after_close,0000034903-21-000075
2427147,IR,2021-11-04,edgar_8k,2021-11-03T16:32,before_open,0001628280-21-021491
2427294,FLR,2021-11-05,edgar_8k,2021-11-05T06:59,before_open,0001104659-21-134720
2427310,AIG,2021-11-05,edgar_8k,2021-11-04T17:01,before_open,0001104659-21-134483
2427319,KIM,2021-11-08,edgar_8k,2021-11-05T06:52,before_open,0001157523-21-001352
2427492,GT,2021-11-04,edgar_8k,2021-11-05T08:20,after_call_date,0001193125-21-321019
2427628,VTR,2021-11-05,edgar_8k,2021-11-05T07:05,before_open,0001157523-21-001353
2427841,PNW,2021-11-05,edgar_8k,2021-11-05T08:30,before_open,0000764622-21-000070
2428171,CAH,2021-11-08,edgar_8k,2021-11-09T07:00,after_call_date,0000721371-21-000114
2430104,PYPL,2021-11-08,edgar_8k,2021-11-08T16:28,after_close,0001633917-21-000167
2430817,DHI,2021-11-08,edgar_8k,2021-11-09T11:16,after_call_date,0000882184-21-000180
2431058,SYY,2021-11-09,edgar_8k,2021-11-09T08:08,before_open,0001193125-21-323841
2431096,IFF,2021-11-09,edgar_8k,2021-11-08T16:35,before_open,0000051253-21-000043
2434124,FICO,2021-11-10,edgar_8k,2021-11-10T16:15,after_close,0001564590-21-056201
2435207,OGN,2021-11-10,assumed_after_hours,,assumed_after_hours,
2439343,TSN,2021-11-15,edgar_8k,2021-11-15T07:32,before_open,0000100493-21-000121
2440881,WMT,2021-11-15,edgar_8k,2021-11-16T07:01,after_call_date,0000104169-21-000063
2441395,TDG,2021-11-16,edgar_8k,2021-11-16T07:19,before_open,0001260221-21-000129
2443958,M,2021-11-17,edgar_8k,2021-11-18T06:59,after_call_date,0001564590-21-057534
2444000,BBWI,2021-11-17,edgar_8k,2021-11-17T17:23,after_close,0000701985-21-000033
2444013,KSS,2021-11-18,edgar_8k,2021-11-18T07:00,before_open,0001193125-21-333156
2447208,KEYS,2021-11-22,edgar_8k,2021-11-22T16:07,after_close,0001601046-21-000138
2447228,A,2021-11-19,assumed_after_hours,,assumed_after_hours,
2447241,URBN,2021-11-22,assumed_after_hours,,assumed_after_hours,
2447489,ANF,2021-11-22,assumed_after_hours,,assumed_after_hours,
2447510,SJM,2021-11-23,edgar_8k,2021-11-23T07:15,before_open,0000091419-21-000105
2452930,HPE,2021-11-30,edgar_8k,2021-11-30T16:19,after_close,0001645590-21-000063
2452962,CRM,2021-11-30,edgar_8k,2021-11-30T16:08,after_close,0001108524-21-000051
2452978,NTAP,2021-11-30,edgar_8k,2021-11-30T16:06,after_close,0000950170-21-004947
2454328,KR,2021-12-02,edgar_8k,2021-12-02T08:11,before_open,0001104659-21-145690
2456232,AZO,2021-12-01,assumed_after_hours,,assumed_after_hours,
2462246,NDSN,2021-12-16,edgar_8k,2021-12-15T16:31,before_open,0000072331-21-000075
2462760,DRI,2021-12-17,edgar_8k,2021-12-17T07:08,before_open,0000940944-21-000089
2463373,GIS,2021-12-21,edgar_8k,2021-12-21T07:05,before_open,0001193125-21-363009
2463707,PAYX,2021-12-22,edgar_8k,2021-12-22T08:37,before_open,0000723531-21-000061
