call_id,ticker,call_date,tier,anchor_et,session_rule,source_ref
20150225_LMAT,LMAT,2015-02-25,edgar_8k,2015-02-25T16:14,after_close,0001193125-15-062553
20150226_ACIW,ACIW,2015-02-26,edgar_8k,2015-02-26T06:38,before_open,0001193125-15-063918
20150226_ADSK,ADSK,2015-02-26,edgar_8k,2015-02-26T16:00,after_close,0000769397-15-000004
20150226_AMWD,AMWD,2015-02-26,assumed_after_hours,,assumed_after_hours,
20150226_ANSS,ANSS,2015-02-26,assumed_after_hours,,assumed_after_hours,
20150226_CRI,CRI,2015-02-26,edgar_8k,2015-02-26T06:37,before_open,0001060822-15-000004
20150226_ECPG,ECPG,2015-02-26,edgar_8k,2015-02-26T16:07,after_close,0001084961-15-000009
20150226_GPS,GPS,2015-02-26,assumed_after_hours,,assumed_after_hours,
20150226_IRDM,IRDM,2015-02-26,edgar_8k,2015-02-26T07:00,before_open,0001193125-15-063973
20150226_JCP,JCP,2015-02-26,assumed_after_hours,,assumed_after_hours,
20150226_LYV,LYV,2015-02-26,edgar_8k,2015-02-26T16:12,after_close,0001335258-15-000025
20150226_ORN,ORN,2015-02-26,assumed_after_hours,,assumed_after_hours,
20150227_NWN,NWN,2015-02-27,assumed_after_hours,,assumed_after_hours,
20150227_RDC,RDC,2015-02-27,assumed_after_hours,,assumed_after_hours,
20150227_SJI,SJI,2015-02-27,assumed_after_hours,,assumed_after_hours,
20150302_BID,BID,2015-03-02,assumed_after_hours,,assumed_after_hours,
20150302_MDR,MDR,2015-03-02,assumed_after_hours,,assumed_after_hours,
20150302_TG,TG,2015-03-02,edgar_8k,2015-03-03T11:01,after_call_date,0000850429-15-000018
20150303_AZO,AZO,2015-03-03,edgar_8k,2015-03-03T07:15,before_open,0001171843-15-001197
20150303_NX,NX,2015-03-03,edgar_8k,2015-03-03T07:13,before_open,0001193125-15-074263
20150304_AMED,AMED,2015-03-04,assumed_after_hours,,assumed_after_hours,
20150304_ANF,ANF,2015-03-04,edgar_8k,2015-03-05T17:19,after_call_date,0001018840-15-000013
20150305_ESL,ESL,2015-03-05,assumed_after_hours,,assumed_after_hours,
20150306_FL,FL,2015-03-06,assumed_after_hours,,assumed_after_hours,
20150310_KOPN,KOPN,2015-03-10,edgar_8k,2015-03-10T16:13,after_close,0001157523-15-000889
20150311_RAVN,RAVN,2015-03-11,assumed_after_hours,,assumed_after_hours,
20150312_PLCE,PLCE,2015-03-12,edgar_8k,2015-03-12T07:01,before_open,0001144204-15-015502
20150312_ULTA,ULTA,2015-03-12,edgar_8k,2015-03-12T16:13,after_close,0001193125-15-089243
20150313_BKE,BKE,2015-03-13,edgar_8k,2015-03-13T16:50,after_close,0000885245-15-000002
20150313_RGEN,RGEN,2015-03-13,edgar_8k,2015-03-13T07:21,before_open,0001193125-15-090097
20150317_DSW,DSW,2015-03-17,assumed_after_hours,,assumed_after_hours,
20150317_FDS,FDS,2015-03-17,edgar_8k,2015-03-17T14:35,intraday,0001437749-15-005265
20150324_GIII,GIII,2015-03-24,edgar_8k,2015-03-24T07:30,before_open,0001571049-15-002242
20150325_PAYX,PAYX,2015-03-25,edgar_8k,2015-03-25T16:00,after_close,0000723531-15-000002
20150325_REX,REX,2015-03-25,edgar_8k,2015-03-25T10:05,intraday,0000930413-15-001410
20150326_SCHL,SCHL,2015-03-26,edgar_8k,2015-03-26T07:01,before_open,0001144204-15-018488
20150327_CCL,CCL,2015-03-27,edgar_8k,2015-03-27T09:23,before_open,0001193125-15-108187
20150331_MOV,MOV,2015-03-31,edgar_8k,2015-03-31T08:08,before_open,0000950142-15-000651
20150401_MU,MU,2015-04-01,edgar_8k,2015-04-01T16:00,after_close,0000723125-15-000034
20150402_PERY,PERY,2015-04-02,assumed_after_hours,,assumed_after_hours,
20150414_WFC,WFC,2015-04-14,edgar_8k,2015-04-14T07:59,before_open,0000072971-15-000488
20150415_WSO,WSO,2015-04-15,edgar_8k,2015-04-15T07:32,before_open,0001193125-15-130267
20150420_CBU,CBU,2015-04-20,edgar_8k,2015-04-20T10:11,intraday,0000723188-15-000020
20150420_LII,LII,2015-04-20,edgar_8k,2015-04-20T08:00,before_open,0001193125-15-137041
20150420_LRCX,LRCX,2015-04-20,edgar_8k,2015-04-20T16:02,after_close,0001193125-15-138138
20150420_RMBS,RMBS,2015-04-20,edgar_8k,2015-04-20T16:25,after_close,0000917273-15-000008
20150420_SANM,SANM,2015-04-20,edgar_8k,2015-04-20T16:11,after_close,0001104659-15-028718
20150421_ABG,ABG,2015-04-21,edgar_8k,2015-04-21T06:36,before_open,0001144980-15-000080
20150421_AMGN,AMGN,2015-04-21,edgar_8k,2015-04-21T16:15,after_close,0001193125-15-140118
20150421_BMI,BMI,2015-04-21,edgar_8k,2015-04-20T16:21,before_open,0001157523-15-001203
20150421_CMG,CMG,2015-04-21,edgar_8k,2015-04-21T16:22,after_close,0001058090-15-000010
20150421_IBKR,IBKR,2015-04-21,edgar_8k,2015-04-21T16:01,after_close,0001381197-15-000011
20150421_KMB,KMB,2015-04-21,edgar_8k,2015-04-21T08:07,before_open,0000055785-15-000041
20150421_MAN,MAN,2015-04-21,edgar_8k,2015-04-21T07:47,before_open,0000871763-15-000011
20150421_NTRS,NTRS,2015-04-21,edgar_8k,2015-04-21T08:56,before_open,0001193125-15-139221
20150421_OMC,OMC,2015-04-21,edgar_8k,2015-04-21T08:01,before_open,0000891092-15-003370
20150421_RF,RF,2015-04-21,edgar_8k,2015-04-20T17:55,before_open,0001281761-15-000035
20150421_SBNY,SBNY,2015-04-21,assumed_after_hours,,assumed_after_hours,
20150421_STBA,STBA,2015-04-21,edgar_8k,2015-04-21T11:35,intraday,0001193125-15-139493
20150421_SYK,SYK,2015-04-21,edgar_8k,2015-04-21T16:07,after_close,0000310764-15-000070
20150422_AN,AN,2015-04-22,edgar_8k,2015-04-22T07:03,before_open,0000350698-15-000083
20150422_AZZ,AZZ,2015-04-22,edgar_8k,2015-04-22T08:00,before_open,0000008947-15-000034
20150422_BA,BA,2015-04-22,edgar_8k,2015-04-22T07:46,before_open,0000950123-15-004560
20150422_CATY,CATY,2015-04-22,edgar_8k,2015-04-22T16:47,after_close,0001144204-15-024342
20150422_CLW,CLW,2015-04-22,edgar_8k,2015-04-22T16:11,after_close,0001157523-15-001245
20150422_EXPO,EXPO,2015-04-22,edgar_8k,2015-04-22T16:10,after_close,0001171843-15-002112
20150422_LAD,LAD,2015-04-22,edgar_8k,2015-04-22T07:29,before_open,0001102624-15-000600
20150422_MPWR,MPWR,2015-04-22,edgar_8k,2015-04-22T16:12,after_close,0001437749-15-007864
20150422_PCH,PCH,2015-04-22,assumed_after_hours,,assumed_after_hours,
20150422_R,R,2015-04-22,edgar_8k,2015-04-22T10:04,intraday,0000085961-15-000029
20150422_SEIC,SEIC,2015-04-22,assumed_after_hours,,assumed_after_hours,
20150422_SNBR,SNBR,2015-04-22,edgar_8k,2015-04-22T16:32,after_close,0000827187-15-000020
20150422_TMO,TMO,2015-04-22,edgar_8k,2015-04-22T07:18,before_open,0000097745-15-000011
20150422_TUP,TUP,2015-04-22,assumed_after_hours,,assumed_after_hours,
20150422_XLNX,XLNX,2015-04-22,assumed_after_hours,,assumed_after_hours,
20150423_ATGE,ATGE,2015-04-23,assumed_after_hours,,assumed_after_hours,
20150423_AVT,AVT,2015-04-23,edgar_8k,2015-04-23T08:14,before_open,0001558370-15-000517
20150423_BBT,BBT,2015-04-23,assumed_after_hours,,assumed_after_hours,
20150423_CMS,CMS,2015-04-23,edgar_8k,2015-04-23T07:10,before_open,0001104659-15-029512
20150423_COL,COL,2015-04-23,assumed_after_hours,,assumed_after_hours,
20150423_DAN,DAN,2015-04-23,edgar_8k,2015-04-23T07:00,before_open,0001193125-15-142852
20150423_EFII,EFII,2015-04-23,assumed_after_hours,,assumed_after_hours,
20150423_FAF,FAF,2015-04-23,edgar_8k,2015-04-23T07:16,before_open,0001193125-15-142950
20150423_GHL,GHL,2015-04-23,assumed_after_hours,,assumed_after_hours,
20150423_HAFC,HAFC,2015-04-23,edgar_8k,2015-04-23T09:00,before_open,0001171843-15-002127
20150423_HSY,HSY,2015-04-23,edgar_8k,2015-04-23T07:14,before_open,0000047111-15-000022
20150423_HZO,HZO,2015-04-23,edgar_8k,2015-04-23T08:44,before_open,0001299933-15-000619
20150423_JNPR,JNPR,2015-04-23,assumed_after_hours,,assumed_after_hours,
20150423_LSTR,LSTR,2015-04-23,edgar_8k,2015-04-23T17:08,after_close,0001193125-15-144423
20150423_MDP,MDP,2015-04-23,assumed_after_hours,,assumed_after_hours,
20150423_MSFT,MSFT,2015-04-23,edgar_8k,2015-04-23T16:05,after_close,0001193125-15-144132
20150423_MTH,MTH,2015-04-23,edgar_8k,2015-04-23T08:06,before_open,0000833079-15-000062
20150423_NTGR,NTGR,2015-04-23,edgar_8k,2015-04-23T16:06,after_close,0001122904-15-000029
20150423_NUE,NUE,2015-04-23,edgar_8k,2015-04-23T11:24,intraday,0001144204-15-024480
20150423_PII,PII,2015-04-23,edgar_8k,2015-04-23T06:02,before_open,0001157523-15-001258
20150423_POOL,POOL,2015-04-23,edgar_8k,2015-04-23T09:51,intraday,0000945841-15-000074
20150423_PTEN,PTEN,2015-04-23,edgar_8k,2015-04-23T06:08,before_open,0001299933-15-000618
20150423_RMD,RMD,2015-04-23,edgar_8k,2015-04-23T16:05,after_close,0001193125-15-144133
20150423_SFNC,SFNC,2015-04-23,edgar_8k,2015-04-23T12:51,intraday,0001171843-15-002132
20150423_SRCL,SRCL,2015-04-23,assumed_after_hours,,assumed_after_hours,
20150423_TBI,TBI,2015-04-23,edgar_8k,2015-04-23T16:06,after_close,0000768899-15-000017
20150423_UAL,UAL,2015-04-23,edgar_8k,2015-04-23T07:31,before_open,0001193125-15-142976
20150423_UFI,UFI,2015-04-23,edgar_8k,2015-04-23T07:32,before_open,0001437749-15-007908
20150424_PFS,PFS,2015-04-24,edgar_8k,2015-04-24T14:46,intraday,0001628280-15-002919
20150424_SPG,SPG,2015-04-24,edgar_8k,2015-04-24T07:06,before_open,0001047469-15-003864
20150424_XRX,XRX,2015-04-24,assumed_after_hours,,assumed_after_hours,
20150427_OSIS,OSIS,2015-04-27,edgar_8k,2015-04-27T09:00,before_open,0001157523-15-001319
20150427_ROP,ROP,2015-04-27,edgar_8k,2015-04-27T07:50,before_open,0000882835-15-000012
20150427_WRB,WRB,2015-04-27,edgar_8k,2015-04-27T16:07,after_close,0000011544-15-000027
20150428_AET,AET,2015-04-28,assumed_after_hours,,assumed_after_hours,
20150428_AKAM,AKAM,2015-04-28,edgar_8k,2015-04-28T16:02,after_close,0001086222-15-000092
20150428_BGFV,BGFV,2015-04-28,assumed_after_hours,,assumed_after_hours,
20150428_CIR,CIR,2015-04-28,assumed_after_hours,,assumed_after_hours,
20150428_CNC,CNC,2015-04-28,edgar_8k,2015-04-27T19:22,before_open,0001071739-15-000053
20150428_CRUS,CRUS,2015-04-28,edgar_8k,2015-04-28T16:17,after_close,0001157523-15-001375
20150428_EPR,EPR,2015-04-28,edgar_8k,2015-04-28T16:00,after_close,0001045450-15-000042
20150428_HELE,HELE,2015-04-28,assumed_after_hours,,assumed_after_hours,
20150428_HLIT,HLIT,2015-04-28,edgar_8k,2015-04-28T16:26,after_close,0000851310-15-000019
20150428_IDXX,IDXX,2015-04-28,edgar_8k,2015-04-28T07:01,before_open,0001144204-15-025398
20150428_IIVI,IIVI,2015-04-28,assumed_after_hours,,assumed_after_hours,
20150428_LOGM,LOGM,2015-04-28,assumed_after_hours,,assumed_after_hours,
20150428_MAS,MAS,2015-04-28,edgar_8k,2015-04-28T07:07,before_open,0001104659-15-030745
20150428_MRCY,MRCY,2015-04-28,edgar_8k,2015-04-28T16:04,after_close,0001049521-15-000013
20150428_MSTR,MSTR,2015-04-28,edgar_8k,2015-04-28T16:34,after_close,0001193125-15-153034
20150428_NATI,NATI,2015-04-28,assumed_after_hours,,assumed_after_hours,
20150428_NOV,NOV,2015-04-28,edgar_8k,2015-04-28T07:53,before_open,0001193125-15-150956
20150428_OMI,OMI,2015-04-28,assumed_after_hours,,assumed_after_hours,
20150428_WDC,WDC,2015-04-28,edgar_8k,2015-04-28T16:28,after_close,0001193125-15-152989
20150428_WWW,WWW,2015-04-28,edgar_8k,2015-04-28T07:30,before_open,0000110471-15-000017
20150428_WYND,WYND,2015-04-28,assumed_after_hours,,assumed_after_hours,
20150429_AMED,AMED,2015-04-29,assumed_after_hours,,assumed_after_hours,
20150429_ASGN,ASGN,2015-04-29,assumed_after_hours,,assumed_after_hours,
20150429_BEN,BEN,2015-04-29,edgar_8k,2015-04-29T08:34,before_open,0000038777-15-000182
20150429_CFR,CFR,2015-04-29,edgar_8k,2015-04-29T09:28,before_open,0000039263-15-000020
20150429_EQIX,EQIX,2015-04-29,edgar_8k,2015-04-29T16:05,after_close,0001144204-15-025927
20150429_GPRE,GPRE,2015-04-29,edgar_8k,2015-04-28T17:25,before_open,0001193125-15-153305
20150429_HF,HF,2015-04-29,assumed_after_hours,,assumed_after_hours,
20150429_LL,LL,2015-04-29,assumed_after_hours,,assumed_after_hours,
20150429_NOC,NOC,2015-04-29,edgar_8k,2015-04-29T07:06,before_open,0001133421-15-000025
20150429_PKE,PKE,2015-04-29,edgar_8k,2015-04-29T11:12,intraday,0001437749-15-008253
20150429_PX,PX,2015-04-29,assumed_after_hours,,assumed_after_hours,
20150430_ABC,ABC,2015-04-30,assumed_after_hours,,assumed_after_hours,
20150430_APD,APD,2015-04-30,edgar_8k,2015-04-30T08:31,before_open,0001193125-15-159175
20150430_ARW,ARW,2015-04-30,edgar_8k,2015-04-30T08:01,before_open,0001157523-15-001463
20150430_CHSP,CHSP,2015-04-30,assumed_after_hours,,assumed_after_hours,
20150430_COP,COP,2015-04-30,edgar_8k,2015-04-30T07:58,before_open,0001157523-15-001461
20150430_CRR,CRR,2015-04-30,assumed_after_hours,,assumed_after_hours,
20150430_CYTK,CYTK,2015-04-30,edgar_8k,2015-04-30T16:05,after_close,0001299933-15-000683
20150430_FSS,FSS,2015-04-30,assumed_after_hours,,assumed_after_hours,
20150430_GEO,GEO,2015-04-30,assumed_after_hours,,assumed_after_hours,
20150430_HST,HST,2015-04-30,edgar_8k,2015-04-30T08:32,before_open,0001564590-15-003040
20150430_INCY,INCY,2015-04-30,edgar_8k,2015-04-30T07:14,before_open,0001104659-15-031942
20150430_LLL,LLL,2015-04-30,assumed_after_hours,,assumed_after_hours,
20150430_LYV,LYV,2015-04-30,edgar_8k,2015-04-30T16:13,after_close,0001335258-15-000046
20150430_NI,NI,2015-04-30,edgar_8k,2015-04-30T06:30,before_open,0001111711-15-000019
20150430_NTRI,NTRI,2015-04-30,assumed_after_hours,,assumed_after_hours,
20150430_ODFL,ODFL,2015-04-30,edgar_8k,2015-04-30T08:56,before_open,0000878927-15-000014
20150430_OIS,OIS,2015-04-30,edgar_8k,2015-04-29T20:00,before_open,0001171843-15-002335
20150430_PBI,PBI,2015-04-30,edgar_8k,2015-04-30T07:00,before_open,0001157523-15-001454
20150430_PKI,PKI,2015-04-30,assumed_after_hours,,assumed_after_hours,
20150430_RGS,RGS,2015-04-30,edgar_8k,2015-04-30T06:07,before_open,0000716643-15-000016
20150430_SKYW,SKYW,2015-04-30,edgar_8k,2015-04-30T16:10,after_close,0001104659-15-032525
20150430_SWKS,SWKS,2015-04-30,edgar_8k,2015-04-30T16:20,after_close,0000004127-15-000010
20150430_TFX,TFX,2015-04-30,edgar_8k,2015-04-30T07:27,before_open,0000096943-15-000084
20150430_WRLD,WRLD,2015-04-30,edgar_8k,2015-04-30T07:02,before_open,0001157523-15-001456
20150430_WU,WU,2015-04-30,edgar_8k,2015-04-30T16:03,after_close,0001365135-15-000017
20150430_XOM,XOM,2015-04-30,edgar_8k,2015-04-30T08:00,before_open,0000034088-15-000017
20150430_XYL,XYL,2015-04-30,edgar_8k,2015-04-30T07:34,before_open,0001193125-15-158894
20150501_AXL,AXL,2015-05-01,assumed_after_hours,,assumed_after_hours,
20150501_CBOE,CBOE,2015-05-01,edgar_8k,2015-05-01T08:13,before_open,0001374310-15-000013
20150501_CTB,CTB,2015-05-01,assumed_after_hours,,assumed_after_hours,
20150501_FE,FE,2015-05-01,edgar_8k,2015-05-01T07:13,before_open,0001031296-15-000022
20150501_GWR,GWR,2015-05-01,assumed_after_hours,,assumed_after_hours,
20150501_LM,LM,2015-05-01,assumed_after_hours,,assumed_after_hours,
20150501_LPNT,LPNT,2015-05-01,assumed_after_hours,,assumed_after_hours,
20150501_MCO,MCO,2015-05-01,edgar_8k,2015-05-01T08:00,before_open,0001157523-15-001511
20150501_NSP,NSP,2015-05-01,edgar_8k,2015-05-01T09:36,intraday,0001000753-15-000042
20150501_PEG,PEG,2015-05-01,edgar_8k,2015-05-01T11:31,intraday,0001193125-15-165206
20150501_TDS,TDS,2015-05-01,edgar_8k,2015-05-01T08:26,before_open,0001051512-15-000028
20150501_VFC,VFC,2015-05-01,edgar_8k,2015-05-01T07:05,before_open,0001157523-15-001506
20150504_CEVA,CEVA,2015-05-04,edgar_8k,2015-05-04T08:01,before_open,0001193125-15-167473
20150504_CHUY,CHUY,2015-05-04,assumed_after_hours,,assumed_after_hours,
20150504_CMCSA,CMCSA,2015-05-04,edgar_8k,2015-05-04T06:05,before_open,0001104659-15-033352
20150504_DO,DO,2015-05-04,assumed_after_hours,,assumed_after_hours,
20150504_FN,FN,2015-05-04,edgar_8k,2015-05-04T16:21,after_close,0001193125-15-169069
20150504_L,L,2015-05-04,edgar_8k,2015-05-04T12:18,intraday,0000060086-15-000010
20150504_NUVA,NUVA,2015-05-04,assumed_after_hours,,assumed_after_hours,
20150504_TXRH,TXRH,2015-05-04,edgar_8k,2015-05-04T16:29,after_close,0001104659-15-033748
20150505_ABMD,ABMD,2015-05-05,assumed_after_hours,,assumed_after_hours,
20150505_ACLS,ACLS,2015-05-05,edgar_8k,2015-05-05T16:07,after_close,0001104659-15-034274
20150505_CRAY,CRAY,2015-05-05,assumed_after_hours,,assumed_after_hours,
20150505_CTL,CTL,2015-05-05,assumed_after_hours,,assumed_after_hours,
20150505_CVLT,CVLT,2015-05-05,edgar_8k,2015-05-05T07:50,before_open,0001628280-15-003603
20150505_DIS,DIS,2015-05-05,assumed_after_hours,,assumed_after_hours,
20150505_ESE,ESE,2015-05-05,edgar_8k,2015-05-05T16:05,after_close,0000866706-15-000005
20150505_HCA,HCA,2015-05-05,edgar_8k,2015-05-05T05:11,before_open,0001193125-15-170555
20150505_ICUI,ICUI,2015-05-05,edgar_8k,2015-05-05T16:07,after_close,0000883984-15-000017
20150505_K,K,2015-05-05,assumed_after_hours,,assumed_after_hours,
20150505_KLIC,KLIC,2015-05-05,edgar_8k,2015-05-05T06:58,before_open,0000056978-15-000058
20150505_KMT,KMT,2015-05-05,edgar_8k,2015-05-05T08:08,before_open,0000055242-15-000010
20150505_MDC,MDC,2015-05-05,assumed_after_hours,,assumed_after_hours,
20150505_MDCO,MDCO,2015-05-05,assumed_after_hours,,assumed_after_hours,
20150505_MYGN,MYGN,2015-05-05,edgar_8k,2015-05-05T16:15,after_close,0001193125-15-172097
20150505_NWN,NWN,2015-05-05,assumed_after_hours,,assumed_after_hours,
20150505_SMG,SMG,2015-05-05,edgar_8k,2015-05-05T07:57,before_open,0001546380-15-000012
20150506_ANDE,ANDE,2015-05-06,edgar_8k,2015-05-05T16:27,before_open,0000821026-15-000029
20150506_CLH,CLH,2015-05-06,edgar_8k,2015-05-06T08:30,before_open,0001104659-15-034529
20150506_CRZO,CRZO,2015-05-06,assumed_after_hours,,assumed_after_hours,
20150506_DDD,DDD,2015-05-06,edgar_8k,2015-05-06T08:23,before_open,0001171843-15-002532
20150506_HFC,HFC,2015-05-06,assumed_after_hours,,assumed_after_hours,
20150506_HSC,HSC,2015-05-06,assumed_after_hours,,assumed_after_hours,
20150506_LAMR,LAMR,2015-05-06,edgar_8k,2015-05-06T07:37,before_open,0001193125-15-173252
20150506_MSI,MSI,2015-05-06,edgar_8k,2015-05-06T07:10,before_open,0001193125-15-173187
20150506_NSIT,NSIT,2015-05-06,edgar_8k,2015-05-06T16:17,after_close,0001193125-15-174560
20150506_RDC,RDC,2015-05-06,assumed_after_hours,,assumed_after_hours,
20150506_SNH,SNH,2015-05-06,assumed_after_hours,,assumed_after_hours,
20150506_VECO,VECO,2015-05-06,edgar_8k,2015-05-06T16:15,after_close,0001104659-15-034881
20150506_VSI,VSI,2015-05-06,assumed_after_hours,,assumed_after_hours,
20150506_WD,WD,2015-05-06,edgar_8k,2015-05-06T06:05,before_open,0001193125-15-173089
20150507_ALEX,ALEX,2015-05-07,assumed_after_hours,,assumed_after_hours,
20150507_BKNG,BKNG,2015-05-07,edgar_8k,2015-05-07T07:12,before_open,0001075531-15-000033
20150507_CBB,CBB,2015-05-07,assumed_after_hours,,assumed_after_hours,
20150507_CNK,CNK,2015-05-07,edgar_8k,2015-05-07T07:01,before_open,0001104659-15-035146
20150507_CNSL,CNSL,2015-05-07,assumed_after_hours,,assumed_after_hours,
20150507_CUTR,CUTR,2015-05-07,assumed_after_hours,,assumed_after_hours,
20150507_EBS,EBS,2015-05-07,edgar_8k,2015-05-07T16:32,after_close,0001367644-15-000025
20150507_GDOT,GDOT,2015-05-07,edgar_8k,2015-05-07T16:35,after_close,0001386278-15-000041
20150507_ILG,ILG,2015-05-07,assumed_after_hours,,assumed_after_hours,
20150507_JCOM,JCOM,2015-05-07,assumed_after_hours,,assumed_after_hours,
20150507_MTD,MTD,2015-05-07,edgar_8k,2015-05-07T16:02,after_close,0001037646-15-000015
20150507_NVDA,NVDA,2015-05-07,edgar_8k,2015-05-07T16:29,after_close,0001045810-15-000087
20150507_ROCK,ROCK,2015-05-07,assumed_after_hours,,assumed_after_hours,
20150507_SPPI,SPPI,2015-05-07,assumed_after_hours,,assumed_after_hours,
20150507_TAP,TAP,2015-05-07,edgar_8k,2015-05-07T07:30,before_open,0001157523-15-001648
20150508_CROX,CROX,2015-05-08,edgar_8k,2015-05-08T08:15,before_open,0001104659-15-035908
20150508_EBIX,EBIX,2015-05-08,assumed_after_hours,,assumed_after_hours,
20150508_SSP,SSP,2015-05-08,edgar_8k,2015-05-08T08:12,before_open,0000832428-15-000048
20150508_TREX,TREX,2015-05-08,edgar_8k,2015-05-08T08:44,before_open,0001157523-15-001694
20150508_WELL,WELL,2015-05-08,edgar_8k,2015-05-08T07:38,before_open,0000766704-15-000018
20150511_BID,BID,2015-05-11,assumed_after_hours,,assumed_after_hours,
20150511_ENDP,ENDP,2015-05-11,assumed_after_hours,,assumed_after_hours,
20150511_GTY,GTY,2015-05-11,edgar_8k,2015-05-11T16:06,after_close,0001193125-15-181899
20150511_RBC,RBC,2015-05-11,assumed_after_hours,,assumed_after_hours,
20150512_IFF,IFF,2015-05-12,edgar_8k,2015-05-12T07:08,before_open,0001157523-15-001751
20150512_MCK,MCK,2015-05-12,edgar_8k,2015-05-12T16:34,after_close,0001193125-15-184053
20150513_JCP,JCP,2015-05-13,assumed_after_hours,,assumed_after_hours,
20150514_JACK,JACK,2015-05-14,edgar_8k,2015-05-13T16:05,before_open,0001157523-15-001776
20150514_JWN,JWN,2015-05-14,assumed_after_hours,,assumed_after_hours,
20150514_PERY,PERY,2015-05-14,assumed_after_hours,,assumed_after_hours,
20150519_HD,HD,2015-05-19,edgar_8k,2015-05-19T06:10,before_open,0000354950-15-000013
20150519_RRGB,RRGB,2015-05-19,edgar_8k,2015-05-19T08:50,before_open,0001628280-15-004313
20150519_VSAT,VSAT,2015-05-19,edgar_8k,2015-05-19T16:11,after_close,0001193125-15-193420
20150521_GPS,GPS,2015-05-21,assumed_after_hours,,assumed_after_hours,
20150521_HPQ,HPQ,2015-05-21,edgar_8k,2015-05-21T16:30,after_close,0000047217-15-000026
20150521_MNRO,MNRO,2015-05-21,assumed_after_hours,,assumed_after_hours,
20150521_ROST,ROST,2015-05-21,edgar_8k,2015-05-21T16:02,after_close,0000745732-15-000011
20150521_TTC,TTC,2015-05-21,edgar_8k,2015-05-21T08:30,before_open,0001104659-15-039812
20150527_CHS,CHS,2015-05-27,assumed_after_hours,,assumed_after_hours,
20150527_MOV,MOV,2015-05-27,edgar_8k,2015-05-27T08:00,before_open,0000950142-15-001176
20150529_BIG,BIG,2015-05-29,assumed_after_hours,,assumed_after_hours,
20150602_ASNA,ASNA,2015-06-02,assumed_after_hours,,assumed_after_hours,
20150602_CBRL,CBRL,2015-06-02,edgar_8k,2015-06-02T08:42,before_open,0001193125-15-209917
20150602_CRVL,CRVL,2015-06-02,edgar_8k,2015-06-02T06:06,before_open,0001193125-15-209755
20150602_DAKT,DAKT,2015-06-02,edgar_8k,2015-06-02T15:23,intraday,0000915779-15-000026
20150602_GES,GES,2015-06-02,assumed_after_hours,,assumed_after_hours,
20150602_MDT,MDT,2015-06-02,edgar_8k,2015-06-02T07:21,before_open,0001613103-15-000025
20150604_COO,COO,2015-06-04,edgar_8k,2015-06-04T16:16,after_close,0001193125-15-213369
20150605_LABL,LABL,2015-06-05,assumed_after_hours,,assumed_after_hours,
20150608_HRB,HRB,2015-06-08,edgar_8k,2015-06-08T16:22,after_close,0001605297-15-000014
20150608_UNFI,UNFI,2015-06-08,edgar_8k,2015-06-08T16:09,after_close,0001020859-15-000059
20150619_KMX,KMX,2015-06-19,edgar_8k,2015-06-19T07:56,before_open,0001170010-15-000011
20150622_SONC,SONC,2015-06-22,assumed_after_hours,,assumed_after_hours,
20150623_CCL,CCL,2015-06-23,edgar_8k,2015-06-23T09:24,before_open,0001193125-15-231388
20150624_BBBY,BBBY,2015-06-24,assumed_after_hours,,assumed_after_hours,
20150624_MON,MON,2015-06-24,assumed_after_hours,,assumed_after_hours,
20150625_BKS,BKS,2015-06-25,assumed_after_hours,,assumed_after_hours,
20150701_AYI,AYI,2015-07-01,edgar_8k,2015-07-01T08:52,before_open,0001144215-15-000079
20150701_GIS,GIS,2015-07-01,edgar_8k,2015-07-01T07:41,before_open,0001193125-15-242072
20150701_STZ,STZ,2015-07-01,edgar_8k,2015-07-01T09:33,intraday,0000016918-15-000025
20150707_MSM,MSM,2015-07-07,edgar_8k,2015-07-07T07:17,before_open,0001003078-15-000033
20150709_HELE,HELE,2015-07-09,assumed_after_hours,,assumed_after_hours,
20150714_AIR,AIR,2015-07-14,edgar_8k,2015-07-13T21:26,before_open,0001104659-15-050910
20150714_FAST,FAST,2015-07-14,edgar_8k,2015-07-14T07:19,before_open,0000815556-15-000052
20150714_WFC,WFC,2015-07-14,edgar_8k,2015-07-14T08:00,before_open,0000072971-15-000596
20150715_PNC,PNC,2015-07-15,edgar_8k,2015-07-15T06:48,before_open,0001193125-15-252913
20150716_AMD,AMD,2015-07-16,edgar_8k,2015-07-16T16:18,after_close,0000002488-15-000040
20150716_ANGO,ANGO,2015-07-16,edgar_8k,2015-07-17T09:21,after_call_date,0000914121-15-000378
20150716_BBT,BBT,2015-07-16,assumed_after_hours,,assumed_after_hours,
20150716_GS,GS,2015-07-16,edgar_8k,2015-07-16T07:38,before_open,0001193125-15-254329
20150716_IIIN,IIIN,2015-07-16,edgar_8k,2015-07-16T06:31,before_open,0001437749-15-013632
20150716_PM,PM,2015-07-16,edgar_8k,2015-07-16T09:01,before_open,0001413329-15-000045
20150716_SHW,SHW,2015-07-16,edgar_8k,2015-07-16T07:29,before_open,0001193125-15-254320
20150716_UFPI,UFPI,2015-07-16,edgar_8k,2015-07-15T16:38,before_open,0000912767-15-000011
20150716_WBS,WBS,2015-07-16,edgar_8k,2015-07-16T08:02,before_open,0000801337-15-000093
20150717_GWW,GWW,2015-07-17,edgar_8k,2015-07-17T08:07,before_open,0000277135-15-000017
20150717_KSU,KSU,2015-07-17,assumed_after_hours,,assumed_after_hours,
20150720_EFII,EFII,2015-07-20,assumed_after_hours,,assumed_after_hours,
20150720_RMBS,RMBS,2015-07-20,edgar_8k,2015-07-20T16:43,after_close,0000917273-15-000013
20150721_AAPL,AAPL,2015-07-21,edgar_8k,2015-07-21T16:30,after_close,0001193125-15-258464
20150721_ABG,ABG,2015-07-21,edgar_8k,2015-07-21T06:46,before_open,0001144980-15-000099
20150721_ASTE,ASTE,2015-07-21,edgar_8k,2015-07-21T08:52,before_open,0000792987-15-000032
20150721_ATI,ATI,2015-07-21,edgar_8k,2015-07-21T07:29,before_open,0001157523-15-002411
20150721_CATY,CATY,2015-07-21,edgar_8k,2015-07-21T16:41,after_close,0001144204-15-043449
20150721_CMG,CMG,2015-07-21,edgar_8k,2015-07-21T16:24,after_close,0001058090-15-000028
20150721_EXPO,EXPO,2015-07-21,edgar_8k,2015-07-21T16:15,after_close,0001171843-15-003928
20150721_IBKR,IBKR,2015-07-21,edgar_8k,2015-07-21T16:01,after_close,0001381197-15-000023
20150721_MANH,MANH,2015-07-21,edgar_8k,2015-07-21T16:05,after_close,0001564590-15-005537
20150721_MSFT,MSFT,2015-07-21,edgar_8k,2015-07-21T16:06,after_close,0001193125-15-258359
20150721_SBNY,SBNY,2015-07-21,assumed_after_hours,,assumed_after_hours,
20150721_SNV,SNV,2015-07-21,assumed_after_hours,,assumed_after_hours,
20150721_STBA,STBA,2015-07-21,edgar_8k,2015-07-21T09:00,before_open,0001193125-15-257650
20150721_TRV,TRV,2015-07-21,edgar_8k,2015-07-21T07:01,before_open,0001104659-15-051989
20150721_VZ,VZ,2015-07-21,edgar_8k,2015-07-21T07:40,before_open,0001193125-15-257586
20150721_WSO,WSO,2015-07-21,edgar_8k,2015-07-21T07:31,before_open,0001193125-15-257577
20150722_AXP,AXP,2015-07-22,edgar_8k,2015-07-22T16:06,after_close,0000004962-15-000066
20150722_CAKE,CAKE,2015-07-22,edgar_8k,2015-07-22T16:19,after_close,0001104659-15-052518
20150722_EGHT,EGHT,2015-07-22,edgar_8k,2015-07-22T16:08,after_close,0001136261-15-000212
20150722_FTNT,FTNT,2015-07-22,edgar_8k,2015-07-22T16:17,after_close,0001262039-15-000019
20150722_TSCO,TSCO,2015-07-22,edgar_8k,2015-07-22T16:56,after_close,0000916365-15-000087
20150722_TUP,TUP,2015-07-22,assumed_after_hours,,assumed_after_hours,
20150723_ABC,ABC,2015-07-23,assumed_after_hours,,assumed_after_hours,
20150723_ALK,ALK,2015-07-23,edgar_8k,2015-07-22T20:46,before_open,0001628280-15-005387
20150723_AMZN,AMZN,2015-07-23,edgar_8k,2015-07-23T16:26,after_close,0001018724-15-000085
20150723_AOS,AOS,2015-07-23,edgar_8k,2015-07-23T08:01,before_open,0001193125-15-260581
20150723_CMCSA,CMCSA,2015-07-23,edgar_8k,2015-07-23T07:06,before_open,0001104659-15-052716
20150723_COF,COF,2015-07-23,edgar_8k,2015-07-23T16:25,after_close,0000927628-15-000078
20150723_CSL,CSL,2015-07-23,edgar_8k,2015-07-23T06:15,before_open,0001104659-15-052708
20150723_DGII,DGII,2015-07-23,edgar_8k,2015-07-23T16:08,after_close,0000854775-15-000013
20150723_DGX,DGX,2015-07-23,edgar_8k,2015-07-23T07:03,before_open,0001022079-15-000123
20150723_DHR,DHR,2015-07-23,edgar_8k,2015-07-22T18:39,before_open,0000313616-15-000082
20150723_FIS,FIS,2015-07-23,edgar_8k,2015-07-23T07:18,before_open,0001136893-15-000034
20150723_FNB,FNB,2015-07-23,edgar_8k,2015-07-23T12:29,intraday,0001144204-15-043830
20150723_IVC,IVC,2015-07-23,assumed_after_hours,,assumed_after_hours,
20150723_JNPR,JNPR,2015-07-23,assumed_after_hours,,assumed_after_hours,
20150723_KMB,KMB,2015-07-23,edgar_8k,2015-07-23T08:24,before_open,0000055785-15-000092
20150723_MMM,MMM,2015-07-23,edgar_8k,2015-07-23T07:41,before_open,0001104659-15-052731
20150723_MSCC,MSCC,2015-07-23,assumed_after_hours,,assumed_after_hours,
20150723_NDAQ,NDAQ,2015-07-23,edgar_8k,2015-07-23T07:06,before_open,0001193125-15-260510
20150723_ORI,ORI,2015-07-23,edgar_8k,2015-07-24T10:50,after_call_date,0000074260-15-000053
20150723_PHM,PHM,2015-07-23,edgar_8k,2015-07-23T07:17,before_open,0000822416-15-000022
20150723_RSG,RSG,2015-07-23,edgar_8k,2015-07-23T16:04,after_close,0001060391-15-000034
20150723_SCHL,SCHL,2015-07-23,edgar_8k,2015-07-23T07:01,before_open,0001144204-15-043778
20150723_TYL,TYL,2015-07-23,edgar_8k,2015-07-23T09:57,intraday,0001193125-15-260710
20150723_UAL,UAL,2015-07-23,edgar_8k,2015-07-23T07:31,before_open,0001193125-15-260541
20150723_WRLD,WRLD,2015-07-23,edgar_8k,2015-07-23T06:35,before_open,0001157523-15-002464
20150724_B,B,2015-07-24,assumed_after_hours,,assumed_after_hours,
20150724_CPF,CPF,2015-07-24,edgar_8k,2015-07-23T21:11,before_open,0000701347-15-000020
20150724_FLIR,FLIR,2015-07-24,assumed_after_hours,,assumed_after_hours,
20150724_OFG,OFG,2015-07-24,edgar_8k,2015-07-24T09:56,intraday,0001030469-15-000032
20150724_RGA,RGA,2015-07-24,edgar_8k,2015-07-23T16:08,before_open,0000898174-15-000025
20150724_SPG,SPG,2015-07-24,edgar_8k,2015-07-24T07:05,before_open,0001047469-15-006289
20150724_VFC,VFC,2015-07-24,edgar_8k,2015-07-24T07:05,before_open,0001157523-15-002494
20150727_HAE,HAE,2015-07-27,edgar_8k,2015-07-27T06:04,before_open,0000313143-15-000067
20150727_HLIT,HLIT,2015-07-27,edgar_8k,2015-07-27T16:16,after_close,0000851310-15-000038
20150727_POL,POL,2015-07-27,assumed_after_hours,,assumed_after_hours,
20150727_ROP,ROP,2015-07-27,edgar_8k,2015-07-27T07:57,before_open,0000882835-15-000017
20150727_WRB,WRB,2015-07-27,edgar_8k,2015-07-27T16:37,after_close,0000011544-15-000062
20150728_AGCO,AGCO,2015-07-28,edgar_8k,2015-07-28T09:02,before_open,0000880266-15-000026
20150728_AKAM,AKAM,2015-07-28,edgar_8k,2015-07-28T16:09,after_close,0001086222-15-000150
20150728_BGFV,BGFV,2015-07-28,assumed_after_hours,,assumed_after_hours,
20150728_CNC,CNC,2015-07-28,edgar_8k,2015-07-27T18:35,before_open,0001071739-15-000094
20150728_CTXS,CTXS,2015-07-28,assumed_after_hours,,assumed_after_hours,
20150728_GILD,GILD,2015-07-28,edgar_8k,2015-07-28T16:03,after_close,0000882095-15-000022
20150728_HSII,HSII,2015-07-28,assumed_after_hours,,assumed_after_hours,
20150728_LMAT,LMAT,2015-07-28,edgar_8k,2015-07-28T16:18,after_close,0001193125-15-266052
20150728_NATI,NATI,2015-07-28,assumed_after_hours,,assumed_after_hours,
20150728_OSPN,OSPN,2015-07-28,assumed_after_hours,,assumed_after_hours,
20150728_PCAR,PCAR,2015-07-28,edgar_8k,2015-07-28T08:19,before_open,0001193125-15-264967
20150728_VICR,VICR,2015-07-28,edgar_8k,2015-07-28T16:13,after_close,0001102624-15-001168
20150729_ALGT,ALGT,2015-07-29,edgar_8k,2015-07-29T16:01,after_close,0001362468-15-000029
20150729_BEN,BEN,2015-07-29,edgar_8k,2015-07-29T08:32,before_open,0000038777-15-000222
20150729_CFR,CFR,2015-07-29,edgar_8k,2015-07-29T09:47,intraday,0000039263-15-000041
20150729_CYTK,CYTK,2015-07-29,edgar_8k,2015-07-29T16:05,after_close,0001299933-15-001165
20150729_FCF,FCF,2015-07-29,edgar_8k,2015-07-29T08:50,before_open,0000712537-15-000024
20150729_NOC,NOC,2015-07-29,edgar_8k,2015-07-29T07:03,before_open,0001133421-15-000047
20150729_PX,PX,2015-07-29,assumed_after_hours,,assumed_after_hours,
20150729_SLAB,SLAB,2015-07-29,edgar_8k,2015-07-29T08:02,before_open,0001104659-15-054042
20150729_TGI,TGI,2015-07-29,assumed_after_hours,,assumed_after_hours,
20150730_ACIW,ACIW,2015-07-30,edgar_8k,2015-07-30T07:01,before_open,0001193125-15-269249
20150730_ADP,ADP,2015-07-30,edgar_8k,2015-07-30T07:00,before_open,0001171843-15-004196
20150730_BCOR,BCOR,2015-07-30,assumed_after_hours,,assumed_after_hours,
20150730_CBB,CBB,2015-07-30,assumed_after_hours,,assumed_after_hours,
20150730_CEVA,CEVA,2015-07-30,edgar_8k,2015-07-30T08:00,before_open,0001193125-15-269393
20150730_CRL,CRL,2015-07-30,edgar_8k,2015-07-30T07:11,before_open,0001157523-15-002623
20150730_CROX,CROX,2015-07-30,edgar_8k,2015-07-29T20:04,before_open,0001104659-15-054499
20150730_CRS,CRS,2015-07-30,edgar_8k,2015-07-31T09:59,after_call_date,0001104659-15-055074
20150730_FLR,FLR,2015-07-30,edgar_8k,2015-07-30T16:15,after_close,0001104659-15-054866
20150730_HF,HF,2015-07-30,assumed_after_hours,,assumed_after_hours,
20150730_HST,HST,2015-07-30,edgar_8k,2015-07-30T08:56,before_open,0001564590-15-005834
20150730_IART,IART,2015-07-30,edgar_8k,2015-07-29T18:41,before_open,0000917520-15-000030
20150730_IDXX,IDXX,2015-07-30,edgar_8k,2015-07-30T07:02,before_open,0001144204-15-044990
20150730_INT,INT,2015-07-30,assumed_after_hours,,assumed_after_hours,
20150730_IT,IT,2015-07-30,edgar_8k,2015-07-30T06:06,before_open,0000749251-15-000020
20150730_MD,MD,2015-07-30,edgar_8k,2015-07-30T08:02,before_open,0001193125-15-269398
20150730_MDLZ,MDLZ,2015-07-30,edgar_8k,2015-07-30T08:09,before_open,0001193125-15-269412
20150730_MTD,MTD,2015-07-30,edgar_8k,2015-07-30T16:03,after_close,0001037646-15-000027
20150730_PRFT,PRFT,2015-07-30,assumed_after_hours,,assumed_after_hours,
20150730_SAM,SAM,2015-07-30,edgar_8k,2015-07-30T16:20,after_close,0001193125-15-270839
20150730_SWK,SWK,2015-07-30,edgar_8k,2015-07-30T07:39,before_open,0000093556-15-000021
20150730_SYNA,SYNA,2015-07-30,edgar_8k,2015-07-30T16:23,after_close,0001193125-15-270846
20150730_TPX,TPX,2015-07-30,assumed_after_hours,,assumed_after_hours,
20150730_VG,VG,2015-07-30,assumed_after_hours,,assumed_after_hours,
20150730_WST,WST,2015-07-30,edgar_8k,2015-07-30T09:01,before_open,0000105770-15-000034
20150730_WU,WU,2015-07-30,edgar_8k,2015-07-30T16:03,after_close,0001365135-15-000041
20150730_XRAY,XRAY,2015-07-30,edgar_8k,2015-07-30T07:53,before_open,0000818479-15-000031
20150731_FE,FE,2015-07-31,edgar_8k,2015-07-30T16:23,before_open,0001031296-15-000040
20150731_LPNT,LPNT,2015-07-31,assumed_after_hours,,assumed_after_hours,
20150731_PFS,PFS,2015-07-31,edgar_8k,2015-07-31T11:14,intraday,0001628280-15-005705
20150731_VRTS,VRTS,2015-07-31,edgar_8k,2015-07-31T07:50,before_open,0001144204-15-045348
20150731_WY,WY,2015-07-31,edgar_8k,2015-07-30T20:17,before_open,0000106535-15-000028
20150731_XOM,XOM,2015-07-31,edgar_8k,2015-07-31T08:00,before_open,0000034088-15-000033
20150803_MCY,MCY,2015-08-03,edgar_8k,2015-08-03T08:30,before_open,0001144204-15-045610
20150803_NI,NI,2015-08-03,edgar_8k,2015-08-03T06:30,before_open,0001111711-15-000028
20150803_NSP,NSP,2015-08-03,edgar_8k,2015-08-03T09:31,intraday,0001000753-15-000055
20150803_QNST,QNST,2015-08-03,edgar_8k,2015-08-03T16:18,after_close,0001193125-15-274862
20150803_TXRH,TXRH,2015-08-03,edgar_8k,2015-08-03T17:56,after_close,0001410578-15-000443
20150803_VECO,VECO,2015-08-03,edgar_8k,2015-08-03T16:48,after_close,0001410578-15-000398
20150804_ALE,ALE,2015-08-04,assumed_after_hours,,assumed_after_hours,
20150804_CBT,CBT,2015-08-04,edgar_8k,2015-08-04T09:03,before_open,0001157523-15-002701
20150804_CHD,CHD,2015-08-04,edgar_8k,2015-08-04T07:24,before_open,0001140361-15-029593
20150804_CHUY,CHUY,2015-08-04,assumed_after_hours,,assumed_after_hours,
20150804_DIS,DIS,2015-08-04,assumed_after_hours,,assumed_after_hours,
20150804_INCY,INCY,2015-08-04,edgar_8k,2015-08-04T07:27,before_open,0001104659-15-055552
20150804_KLIC,KLIC,2015-08-04,edgar_8k,2015-08-04T07:04,before_open,0000056978-15-000082
20150804_MRCY,MRCY,2015-08-04,edgar_8k,2015-08-04T16:06,after_close,0001049521-15-000033
20150804_UFCS,UFCS,2015-08-04,edgar_8k,2015-08-04T07:16,before_open,0000101199-15-000265
20150805_ACXM,ACXM,2015-08-05,assumed_after_hours,,assumed_after_hours,
20150805_ANSS,ANSS,2015-08-05,assumed_after_hours,,assumed_after_hours,
20150805_CTL,CTL,2015-08-05,assumed_after_hours,,assumed_after_hours,
20150805_CTSH,CTSH,2015-08-05,edgar_8k,2015-08-05T06:14,before_open,0001058290-15-000018
20150805_CUTR,CUTR,2015-08-05,assumed_after_hours,,assumed_after_hours,
20150805_ECHO,ECHO,2015-08-05,assumed_after_hours,,assumed_after_hours,
20150805_EE,EE,2015-08-05,assumed_after_hours,,assumed_after_hours,
20150805_ITRI,ITRI,2015-08-05,edgar_8k,2015-08-05T16:05,after_close,0001157523-15-002774
20150805_MED,MED,2015-08-05,edgar_8k,2015-08-05T16:11,after_close,0001144204-15-046509
20150805_MSI,MSI,2015-08-05,edgar_8k,2015-08-05T07:18,before_open,0001193125-15-277673
20150805_PLUS,PLUS,2015-08-05,assumed_after_hours,,assumed_after_hours,
20150805_WCG,WCG,2015-08-05,assumed_after_hours,,assumed_after_hours,
20150806_AGN,AGN,2015-08-06,assumed_after_hours,,assumed_after_hours,
20150806_ALEX,ALEX,2015-08-06,assumed_after_hours,,assumed_after_hours,
20150806_ANDV,ANDV,2015-08-06,assumed_after_hours,,assumed_after_hours,
20150806_CNK,CNK,2015-08-06,edgar_8k,2015-08-06T07:01,before_open,0001193125-15-279830
20150806_CUB,CUB,2015-08-06,assumed_after_hours,,assumed_after_hours,
20150806_DDD,DDD,2015-08-06,edgar_8k,2015-08-06T08:04,before_open,0001171843-15-004406
20150806_PGNX,PGNX,2015-08-06,assumed_after_hours,,assumed_after_hours,
20150806_RGEN,RGEN,2015-08-06,edgar_8k,2015-08-06T07:50,before_open,0001193125-15-279962
20150806_SPPI,SPPI,2015-08-06,assumed_after_hours,,assumed_after_hours,
20150806_STMP,STMP,2015-08-06,assumed_after_hours,,assumed_after_hours,
20150806_TAP,TAP,2015-08-06,edgar_8k,2015-08-06T07:31,before_open,0001157523-15-002796
20150806_VIAB,VIAB,2015-08-06,assumed_after_hours,,assumed_after_hours,
20150807_EBIX,EBIX,2015-08-07,assumed_after_hours,,assumed_after_hours,
20150807_SJI,SJI,2015-08-07,assumed_after_hours,,assumed_after_hours,
20150807_TTI,TTI,2015-08-07,edgar_8k,2015-08-07T09:04,before_open,0000844965-15-000068
20150810_ESE,ESE,2015-08-10,edgar_8k,2015-08-10T16:05,after_close,0000866706-15-000008
20150810_LYV,LYV,2015-08-10,edgar_8k,2015-08-10T16:18,after_close,0001335258-15-000113
20150810_PRAA,PRAA,2015-08-10,edgar_8k,2015-08-10T16:15,after_close,0001171843-15-004524
20150810_TTWO,TTWO,2015-08-10,edgar_8k,2015-08-10T16:15,after_close,0001193125-15-284886
20150811_ZBRA,ZBRA,2015-08-11,edgar_8k,2015-08-11T07:02,before_open,0001193125-15-285720
20150813_JWN,JWN,2015-08-13,assumed_after_hours,,assumed_after_hours,
20150813_KSS,KSS,2015-08-13,edgar_8k,2015-08-13T07:57,before_open,0000885639-15-000018
20150814_JCP,JCP,2015-08-14,assumed_after_hours,,assumed_after_hours,
20150818_ADI,ADI,2015-08-18,edgar_8k,2015-08-18T16:12,after_close,0001157523-15-002948
20150818_ATGE,ATGE,2015-08-18,assumed_after_hours,,assumed_after_hours,
20150819_LZB,LZB,2015-08-19,edgar_8k,2015-08-18T16:18,before_open,0001104659-15-060653
20150819_NTAP,NTAP,2015-08-19,edgar_8k,2015-08-19T16:05,after_close,0001102624-15-001340
20150819_TGT,TGT,2015-08-19,edgar_8k,2015-08-19T08:02,before_open,0000027419-15-000025
20150820_GPS,GPS,2015-08-20,assumed_after_hours,,assumed_after_hours,
20150820_HPQ,HPQ,2015-08-20,edgar_8k,2015-08-20T16:24,after_close,0000047217-15-000042
20150820_PERY,PERY,2015-08-20,assumed_after_hours,,assumed_after_hours,
20150821_FL,FL,2015-08-21,assumed_after_hours,,assumed_after_hours,
20150826_GES,GES,2015-08-26,assumed_after_hours,,assumed_after_hours,
20150826_WSM,WSM,2015-08-26,edgar_8k,2015-08-26T16:12,after_close,0001193125-15-303272
20150827_FRED,FRED,2015-08-27,assumed_after_hours,,assumed_after_hours,
20150827_GME,GME,2015-08-27,edgar_8k,2015-08-27T16:10,after_close,0001326380-15-000174
20150827_MOV,MOV,2015-08-27,edgar_8k,2015-08-27T08:20,before_open,0000950142-15-002000
20150827_ULTA,ULTA,2015-08-27,edgar_8k,2015-08-27T16:17,after_close,0001193125-15-304943
20150828_BIG,BIG,2015-08-28,assumed_after_hours,,assumed_after_hours,
20150828_RGS,RGS,2015-08-28,edgar_8k,2015-08-28T06:05,before_open,0000716643-15-000023
20150901_HRB,HRB,2015-09-01,edgar_8k,2015-09-01T16:13,after_close,0001193125-15-309327
20150901_SCVL,SCVL,2015-09-01,edgar_8k,2015-09-01T16:08,after_close,0000895447-15-000040
20150908_KFY,KFY,2015-09-08,edgar_8k,2015-09-08T16:10,after_close,0001193125-15-314427
20150909_BKS,BKS,2015-09-09,assumed_after_hours,,assumed_after_hours,
20150911_BRC,BRC,2015-09-11,edgar_8k,2015-09-11T08:30,before_open,0000746598-15-000130
20150921_RHT,RHT,2015-09-21,assumed_after_hours,,assumed_after_hours,
20150922_CCL,CCL,2015-09-22,edgar_8k,2015-09-22T09:30,intraday,0001193125-15-325062
20150922_GIS,GIS,2015-09-22,edgar_8k,2015-09-22T07:40,before_open,0001193125-15-324962
20150924_ACN,ACN,2015-09-24,edgar_8k,2015-09-24T07:07,before_open,0001467373-15-000403
20150924_AIR,AIR,2015-09-24,edgar_8k,2015-09-24T16:16,after_close,0001104659-15-066987
20150924_BBBY,BBBY,2015-09-24,assumed_after_hours,,assumed_after_hours,
20150924_SCHL,SCHL,2015-09-24,edgar_8k,2015-09-24T07:03,before_open,0001144204-15-056220
20150929_AZZ,AZZ,2015-09-29,edgar_8k,2015-09-29T07:56,before_open,0000008947-15-000122
20151001_CAMP,CAMP,2015-10-01,assumed_after_hours,,assumed_after_hours,
20151001_MU,MU,2015-10-01,edgar_8k,2015-10-01T16:01,after_close,0000723125-15-000077
20151001_PRGS,PRGS,2015-10-01,edgar_8k,2015-10-01T16:20,after_close,0000876167-15-000047
20151007_PKE,PKE,2015-10-07,edgar_8k,2015-10-07T10:14,intraday,0001437749-15-018149
20151007_STZ,STZ,2015-10-07,edgar_8k,2015-10-07T09:21,before_open,0000016918-15-000042
20151014_CSX,CSX,2015-10-14,edgar_8k,2015-10-13T16:01,before_open,0000277948-15-000037
20151014_WFC,WFC,2015-10-14,edgar_8k,2015-10-14T08:00,before_open,0000072971-15-000648
20151014_XLNX,XLNX,2015-10-14,assumed_after_hours,,assumed_after_hours,
20151015_KEY,KEY,2015-10-15,edgar_8k,2015-10-15T06:43,before_open,0001193125-15-344189
20151015_LNN,LNN,2015-10-15,edgar_8k,2015-10-15T09:02,before_open,0001193125-15-344294
20151015_PPG,PPG,2015-10-15,edgar_8k,2015-10-15T10:56,intraday,0000079879-15-000046
20151015_UFPI,UFPI,2015-10-15,edgar_8k,2015-10-14T16:23,before_open,0000912767-15-000024
20151015_USB,USB,2015-10-15,edgar_8k,2015-10-15T06:55,before_open,0001193125-15-344201
20151015_WYNN,WYNN,2015-10-15,edgar_8k,2015-10-15T16:12,after_close,0001174922-15-000084
20151020_DOV,DOV,2015-10-20,edgar_8k,2015-10-20T07:00,before_open,0000029905-15-000045
20151020_FITB,FITB,2015-10-20,edgar_8k,2015-10-20T06:30,before_open,0001193125-15-347473
20151020_IBKR,IBKR,2015-10-20,edgar_8k,2015-10-20T16:01,after_close,0001381197-15-000037
20151020_PNR,PNR,2015-10-20,edgar_8k,2015-10-20T08:01,before_open,0000077360-15-000036
20151020_RLI,RLI,2015-10-20,edgar_8k,2015-10-19T20:42,before_open,0001104659-15-071453
20151020_STBA,STBA,2015-10-20,edgar_8k,2015-10-20T11:10,intraday,0001193125-15-347795
20151020_UTX,UTX,2015-10-20,assumed_after_hours,,assumed_after_hours,
20151020_VZ,VZ,2015-10-20,edgar_8k,2015-10-20T07:48,before_open,0001193125-15-347574
20151020_WWW,WWW,2015-10-20,edgar_8k,2015-10-20T07:34,before_open,0000110471-15-000035
20151021_AXP,AXP,2015-10-21,edgar_8k,2015-10-21T16:08,after_close,0000004962-15-000094
20151021_CA,CA,2015-10-21,assumed_after_hours,,assumed_after_hours,
20151021_ELY,ELY,2015-10-21,assumed_after_hours,,assumed_after_hours,
20151021_EXPO,EXPO,2015-10-21,edgar_8k,2015-10-21T16:06,after_close,0001171843-15-005630
20151021_SEIC,SEIC,2015-10-21,assumed_after_hours,,assumed_after_hours,
20151021_SVU,SVU,2015-10-21,assumed_after_hours,,assumed_after_hours,
20151022_ALK,ALK,2015-10-22,edgar_8k,2015-10-21T20:48,before_open,0000766421-15-000043
20151022_AMZN,AMZN,2015-10-22,edgar_8k,2015-10-22T16:24,after_close,0001018724-15-000124
20151022_BEN,BEN,2015-10-22,edgar_8k,2015-10-22T08:34,before_open,0000038777-15-000261
20151022_BJRI,BJRI,2015-10-22,edgar_8k,2015-10-22T16:02,after_close,0001171843-15-005665
20151022_BMS,BMS,2015-10-22,assumed_after_hours,,assumed_after_hours,
20151022_CBU,CBU,2015-10-22,edgar_8k,2015-10-22T09:25,before_open,0000723188-15-000046
20151022_CRS,CRS,2015-10-22,edgar_8k,2015-10-23T11:37,after_call_date,0001104659-15-072376
20151022_CY,CY,2015-10-22,assumed_after_hours,,assumed_after_hours,
20151022_DGX,DGX,2015-10-22,edgar_8k,2015-10-22T06:59,before_open,0001022079-15-000148
20151022_DHR,DHR,2015-10-22,edgar_8k,2015-10-21T17:55,before_open,0000313616-15-000099
20151022_EGHT,EGHT,2015-10-22,edgar_8k,2015-10-22T16:07,after_close,0001136261-15-000287
20151022_FAF,FAF,2015-10-22,edgar_8k,2015-10-22T06:46,before_open,0001193125-15-349955
20151022_HBAN,HBAN,2015-10-22,edgar_8k,2015-10-22T07:31,before_open,0000049196-15-000011
20151022_IVC,IVC,2015-10-22,assumed_after_hours,,assumed_after_hours,
20151022_LLY,LLY,2015-10-22,edgar_8k,2015-10-22T06:25,before_open,0000059478-15-000173
20151022_LOGM,LOGM,2015-10-22,assumed_after_hours,,assumed_after_hours,
20151022_MHO,MHO,2015-10-22,edgar_8k,2015-10-22T08:38,before_open,0000799292-15-000033
20151022_MMM,MMM,2015-10-22,edgar_8k,2015-10-22T07:47,before_open,0001104659-15-072044
20151022_MSFT,MSFT,2015-10-22,edgar_8k,2015-10-22T16:06,after_close,0001193125-15-350712
20151022_NDAQ,NDAQ,2015-10-22,edgar_8k,2015-10-22T07:11,before_open,0001193125-15-349982
20151022_NTGR,NTGR,2015-10-22,edgar_8k,2015-10-22T16:09,after_close,0001122904-15-000061
20151022_NUE,NUE,2015-10-22,edgar_8k,2015-10-22T10:46,intraday,0001144204-15-060350
20151022_ORI,ORI,2015-10-22,edgar_8k,2015-10-23T17:07,after_call_date,0000074260-15-000062
20151022_POOL,POOL,2015-10-22,edgar_8k,2015-10-22T10:06,intraday,0000945841-15-000123
20151022_PRLB,PRLB,2015-10-22,edgar_8k,2015-10-22T06:03,before_open,0001437749-15-018698
20151022_QSII,QSII,2015-10-22,assumed_after_hours,,assumed_after_hours,
20151022_R,R,2015-10-22,edgar_8k,2015-10-22T08:18,before_open,0000085961-15-000069
20151022_RMD,RMD,2015-10-22,edgar_8k,2015-10-22T16:05,after_close,0001193125-15-350704
20151022_SFNC,SFNC,2015-10-22,edgar_8k,2015-10-22T11:48,intraday,0001171843-15-005655
20151022_SKX,SKX,2015-10-22,assumed_after_hours,,assumed_after_hours,
20151022_SPSC,SPSC,2015-10-22,edgar_8k,2015-10-22T16:10,after_close,0001171843-15-005666
20151022_SXT,SXT,2015-10-22,edgar_8k,2015-10-21T18:55,before_open,0001140361-15-038179
20151022_SYK,SYK,2015-10-22,edgar_8k,2015-10-22T16:03,after_close,0000310764-15-000150
20151022_SYNA,SYNA,2015-10-22,edgar_8k,2015-10-22T16:23,after_close,0001193125-15-350756
20151022_UMPQ,UMPQ,2015-10-22,assumed_after_hours,,assumed_after_hours,
20151022_UNP,UNP,2015-10-22,edgar_8k,2015-10-22T08:03,before_open,0000100885-15-000186
20151022_VRSN,VRSN,2015-10-22,edgar_8k,2015-10-22T16:21,after_close,0001014473-15-000072
20151023_B,B,2015-10-23,assumed_after_hours,,assumed_after_hours,
20151023_COG,COG,2015-10-23,assumed_after_hours,,assumed_after_hours,
20151023_OFG,OFG,2015-10-23,edgar_8k,2015-10-23T09:19,before_open,0001030469-15-000040
20151023_RCL,RCL,2015-10-23,edgar_8k,2015-10-23T08:03,before_open,0000884887-15-000088
20151023_SSD,SSD,2015-10-23,edgar_8k,2015-10-22T17:04,before_open,0000920371-15-000140
20151023_STT,STT,2015-10-23,edgar_8k,2015-10-23T07:59,before_open,0000093751-15-000217
20151026_BOH,BOH,2015-10-26,edgar_8k,2015-10-26T13:31,intraday,0000046195-15-000079
20151026_MPWR,MPWR,2015-10-26,edgar_8k,2015-10-26T16:11,after_close,0001437749-15-018866
20151026_MSTR,MSTR,2015-10-26,edgar_8k,2015-10-26T16:38,after_close,0001193125-15-353352
20151026_ROP,ROP,2015-10-26,edgar_8k,2015-10-26T08:20,before_open,0000882835-15-000021
20151026_WRB,WRB,2015-10-26,edgar_8k,2015-10-26T16:11,after_close,0000011544-15-000071
20151027_ABAX,ABAX,2015-10-27,assumed_after_hours,,assumed_after_hours,
20151027_AKAM,AKAM,2015-10-27,edgar_8k,2015-10-27T16:06,after_close,0001086222-15-000173
20151027_BGFV,BGFV,2015-10-27,assumed_after_hours,,assumed_after_hours,
20151027_CLD,CLD,2015-10-27,assumed_after_hours,,assumed_after_hours,
20151027_CMCSA,CMCSA,2015-10-27,edgar_8k,2015-10-27T07:05,before_open,0001104659-15-072898
20151027_CRY,CRY,2015-10-27,assumed_after_hours,,assumed_after_hours,
20151027_FELE,FELE,2015-10-27,edgar_8k,2015-10-27T08:13,before_open,0000038725-15-000190
20151027_FISV,FISV,2015-10-27,edgar_8k,2015-10-27T16:18,after_close,0001193125-15-354711
20151027_GILD,GILD,2015-10-27,edgar_8k,2015-10-27T16:10,after_close,0000882095-15-000031
20151027_HCA,HCA,2015-10-27,edgar_8k,2015-10-27T05:00,before_open,0001193125-15-354117
20151027_HLIT,HLIT,2015-10-27,edgar_8k,2015-10-27T16:06,after_close,0000851310-15-000055
20151027_HSII,HSII,2015-10-27,assumed_after_hours,,assumed_after_hours,
20151027_IIVI,IIVI,2015-10-27,assumed_after_hours,,assumed_after_hours,
20151027_MAS,MAS,2015-10-27,edgar_8k,2015-10-27T07:09,before_open,0001104659-15-072900
20151027_MDC,MDC,2015-10-27,assumed_after_hours,,assumed_after_hours,
20151027_MDSO,MDSO,2015-10-27,assumed_after_hours,,assumed_after_hours,
20151027_NUVA,NUVA,2015-10-27,assumed_after_hours,,assumed_after_hours,
20151027_PCH,PCH,2015-10-27,assumed_after_hours,,assumed_after_hours,
20151027_SKYW,SKYW,2015-10-27,edgar_8k,2015-10-27T16:00,after_close,0001104659-15-073097
20151027_SPG,SPG,2015-10-27,edgar_8k,2015-10-27T07:06,before_open,0001047469-15-008063
20151027_TPR,TPR,2015-10-27,edgar_8k,2015-10-27T06:45,before_open,0001157523-15-003443
20151027_TREX,TREX,2015-10-27,edgar_8k,2015-10-27T08:00,before_open,0001157523-15-003445
20151027_ULTI,ULTI,2015-10-27,assumed_after_hours,,assumed_after_hours,
20151027_VICR,VICR,2015-10-27,edgar_8k,2015-10-27T16:14,after_close,0001102624-15-001600
20151028_ADP,ADP,2015-10-28,edgar_8k,2015-10-28T07:01,before_open,0001171843-15-005745
20151028_AIT,AIT,2015-10-28,edgar_8k,2015-10-28T08:46,before_open,0000109563-15-000151
20151028_APC,APC,2015-10-28,assumed_after_hours,,assumed_after_hours,
20151028_ASGN,ASGN,2015-10-28,assumed_after_hours,,assumed_after_hours,
20151028_CMC,CMC,2015-10-28,edgar_8k,2015-10-28T09:04,before_open,0000022444-15-000021
20151028_CRUS,CRUS,2015-10-28,edgar_8k,2015-10-28T16:06,after_close,0001157523-15-003498
20151028_DHX,DHX,2015-10-28,edgar_8k,2015-10-28T07:04,before_open,0001393883-15-000036
20151028_DSPG,DSPG,2015-10-28,assumed_after_hours,,assumed_after_hours,
20151028_ECHO,ECHO,2015-10-28,assumed_after_hours,,assumed_after_hours,
20151028_GRMN,GRMN,2015-10-28,edgar_8k,2015-10-28T09:32,intraday,0001615774-15-003040
20151028_HSY,HSY,2015-10-28,edgar_8k,2015-10-28T07:04,before_open,0000047111-15-000066
20151028_NSIT,NSIT,2015-10-28,edgar_8k,2015-10-28T16:31,after_close,0001193125-15-356355
20151028_NTRI,NTRI,2015-10-28,assumed_after_hours,,assumed_after_hours,
20151028_SAH,SAH,2015-10-28,edgar_8k,2015-10-28T08:11,before_open,0001193125-15-355480
20151028_SLAB,SLAB,2015-10-28,edgar_8k,2015-10-28T08:03,before_open,0001104659-15-073289
20151028_VAR,VAR,2015-10-28,assumed_after_hours,,assumed_after_hours,
20151028_VLO,VLO,2015-10-28,edgar_8k,2015-10-28T09:00,before_open,0001035002-15-000060
20151028_VRTX,VRTX,2015-10-28,edgar_8k,2015-10-28T16:33,after_close,0000875320-15-000053
20151028_WDC,WDC,2015-10-28,edgar_8k,2015-10-28T16:23,after_close,0001193125-15-356330
20151028_XRAY,XRAY,2015-10-28,edgar_8k,2015-10-28T07:35,before_open,0000818479-15-000037
20151029_ALXN,ALXN,2015-10-29,assumed_after_hours,,assumed_after_hours,
20151029_AVY,AVY,2015-10-29,edgar_8k,2015-10-29T07:01,before_open,0001104659-15-073850
20151029_BC,BC,2015-10-29,edgar_8k,2015-10-29T07:44,before_open,0000014930-15-000108
20151029_BCOR,BCOR,2015-10-29,assumed_after_hours,,assumed_after_hours,
20151029_CENX,CENX,2015-10-29,edgar_8k,2015-10-29T16:06,after_close,0000949157-15-000108
20151029_CMS,CMS,2015-10-29,edgar_8k,2015-10-29T07:39,before_open,0001104659-15-073867
20151029_COLB,COLB,2015-10-29,edgar_8k,2015-10-30T17:09,after_call_date,0000887343-15-000029
20151029_CRI,CRI,2015-10-29,edgar_8k,2015-10-29T06:50,before_open,0001060822-15-000026
20151029_DIN,DIN,2015-10-29,edgar_8k,2015-10-29T08:31,before_open,0001104659-15-073901
20151029_DLR,DLR,2015-10-29,edgar_8k,2015-10-29T16:09,after_close,0001297996-15-000084
20151029_EHTH,EHTH,2015-10-29,edgar_8k,2015-10-29T16:11,after_close,0001333493-15-000064
20151029_FLR,FLR,2015-10-29,edgar_8k,2015-10-29T16:22,after_close,0001104659-15-074111
20151029_GT,GT,2015-10-29,edgar_8k,2015-10-29T08:22,before_open,0001193125-15-357161
20151029_GTLS,GTLS,2015-10-29,edgar_8k,2015-10-29T09:16,before_open,0000892553-15-000040
20151029_HST,HST,2015-10-29,edgar_8k,2015-10-29T08:30,before_open,0001564590-15-008816
20151029_LANC,LANC,2015-10-29,assumed_after_hours,,assumed_after_hours,
20151029_LKQ,LKQ,2015-10-29,edgar_8k,2015-10-29T07:08,before_open,0001065696-15-000057
20151029_LLL,LLL,2015-10-29,assumed_after_hours,,assumed_after_hours,
20151029_LYV,LYV,2015-10-29,edgar_8k,2015-10-29T16:14,after_close,0001335258-15-000126
20151029_MGM,MGM,2015-10-29,edgar_8k,2015-10-29T07:18,before_open,0001193125-15-357041
20151029_MOH,MOH,2015-10-29,edgar_8k,2015-10-29T16:31,after_close,0001157523-15-003560
20151029_OMCL,OMCL,2015-10-29,edgar_8k,2015-10-29T16:40,after_close,0000926326-15-000031
20151029_PBI,PBI,2015-10-29,edgar_8k,2015-10-29T07:00,before_open,0001157523-15-003537
20151029_PDFS,PDFS,2015-10-29,edgar_8k,2015-10-29T16:14,after_close,0001437749-15-019099
20151029_PES,PES,2015-10-29,assumed_after_hours,,assumed_after_hours,
20151029_PX,PX,2015-10-29,assumed_after_hours,,assumed_after_hours,
20151029_SCSC,SCSC,2015-10-29,edgar_8k,2015-10-29T16:12,after_close,0000918965-15-000023
20151029_SHW,SHW,2015-10-29,edgar_8k,2015-10-29T09:03,before_open,0001193125-15-357228
20151029_TFX,TFX,2015-10-29,edgar_8k,2015-10-29T07:01,before_open,0000096943-15-000133
20151029_TPX,TPX,2015-10-29,assumed_after_hours,,assumed_after_hours,
20151029_UVE,UVE,2015-10-29,edgar_8k,2015-10-29T16:39,after_close,0001193125-15-358087
20151029_WMB,WMB,2015-10-29,edgar_8k,2015-10-28T17:20,before_open,0001193125-15-356461
20151030_AON,AON,2015-10-30,edgar_8k,2015-10-30T06:32,before_open,0001628280-15-008058
20151030_BCO,BCO,2015-10-30,edgar_8k,2015-10-30T08:41,before_open,0000078890-15-000037
20151030_BGG,BGG,2015-10-30,assumed_after_hours,,assumed_after_hours,
20151030_CL,CL,2015-10-30,edgar_8k,2015-10-30T08:00,before_open,0001157523-15-003580
20151030_COL,COL,2015-10-30,assumed_after_hours,,assumed_after_hours,
20151030_EXC,EXC,2015-10-30,edgar_8k,2015-10-30T08:07,before_open,0001193125-15-359142
20151030_GWR,GWR,2015-10-30,assumed_after_hours,,assumed_after_hours,
20151030_IDCC,IDCC,2015-10-30,edgar_8k,2015-10-30T08:39,before_open,0001405495-15-000037
20151030_IRM,IRM,2015-10-30,edgar_8k,2015-10-30T06:00,before_open,0001104659-15-074282
20151030_LPNT,LPNT,2015-10-30,assumed_after_hours,,assumed_after_hours,
20151030_NWL,NWL,2015-10-30,edgar_8k,2015-10-30T07:08,before_open,0000814453-15-000125
20151030_PFS,PFS,2015-10-30,edgar_8k,2015-10-30T14:19,intraday,0001628280-15-008076
20151030_SBSI,SBSI,2015-10-30,edgar_8k,2015-10-29T18:03,before_open,0000705432-15-000110
20151030_STX,STX,2015-10-30,edgar_8k,2015-10-30T08:06,before_open,0001104659-15-074350
20151030_TDS,TDS,2015-10-30,edgar_8k,2015-10-30T08:26,before_open,0001051512-15-000065
20151030_UFS,UFS,2015-10-30,assumed_after_hours,,assumed_after_hours,
20151030_WY,WY,2015-10-30,edgar_8k,2015-10-29T19:37,before_open,0000106535-15-000035
20151102_CEVA,CEVA,2015-11-02,edgar_8k,2015-11-02T08:00,before_open,0001193125-15-361398
20151102_EDR,EDR,2015-11-02,assumed_after_hours,,assumed_after_hours,
20151102_ETR,ETR,2015-11-02,edgar_8k,2015-11-02T07:55,before_open,0000065984-15-000306
20151102_EVR,EVR,2015-11-02,edgar_8k,2015-11-02T06:12,before_open,0001193125-15-361226
20151103_CHUY,CHUY,2015-11-03,assumed_after_hours,,assumed_after_hours,
20151103_CRVL,CRVL,2015-11-03,edgar_8k,2015-11-03T06:09,before_open,0001193125-15-363220
20151103_DISCA,DISCA,2015-11-03,assumed_after_hours,,assumed_after_hours,
20151103_FIS,FIS,2015-11-03,edgar_8k,2015-11-03T07:07,before_open,0001136893-15-000045
20151103_FSS,FSS,2015-11-03,assumed_after_hours,,assumed_after_hours,
20151103_IART,IART,2015-11-03,edgar_8k,2015-11-02T18:15,before_open,0000917520-15-000048
20151103_INCY,INCY,2015-11-03,edgar_8k,2015-11-03T07:30,before_open,0001104659-15-075098
20151103_MDCO,MDCO,2015-11-03,assumed_after_hours,,assumed_after_hours,
20151103_NI,NI,2015-11-03,edgar_8k,2015-11-03T06:30,before_open,0001111711-15-000035
20151103_NWN,NWN,2015-11-03,assumed_after_hours,,assumed_after_hours,
20151103_OCLR,OCLR,2015-11-03,assumed_after_hours,,assumed_after_hours,
20151103_SRE,SRE,2015-11-03,edgar_8k,2015-11-03T12:06,intraday,0000086521-15-000063
20151103_VMC,VMC,2015-11-03,edgar_8k,2015-11-03T09:00,before_open,0001144204-15-062361
20151103_VSH,VSH,2015-11-03,edgar_8k,2015-11-03T08:16,before_open,0000103730-15-000044
20151104_AGYS,AGYS,2015-11-04,edgar_8k,2015-11-04T07:30,before_open,0000078749-15-000054
20151104_AVA,AVA,2015-11-04,edgar_8k,2015-11-03T19:57,before_open,0000104918-15-000127
20151104_CTL,CTL,2015-11-04,assumed_after_hours,,assumed_after_hours,
20151104_DVN,DVN,2015-11-04,edgar_8k,2015-11-03T16:24,before_open,0001193125-15-364346
20151104_OSUR,OSUR,2015-11-04,edgar_8k,2015-11-04T17:07,after_close,0001193125-15-366282
20151104_PLUS,PLUS,2015-11-04,assumed_after_hours,,assumed_after_hours,
20151104_PZZA,PZZA,2015-11-04,edgar_8k,2015-11-03T17:05,before_open,0001157523-15-003664
20151104_SPPI,SPPI,2015-11-04,assumed_after_hours,,assumed_after_hours,
20151105_AAWW,AAWW,2015-11-05,assumed_after_hours,,assumed_after_hours,
20151105_ACIW,ACIW,2015-11-05,edgar_8k,2015-11-04T20:01,before_open,0001193125-15-366569
20151105_AES,AES,2015-11-05,edgar_8k,2015-11-05T06:09,before_open,0000874761-15-000065
20151105_ALEX,ALEX,2015-11-05,assumed_after_hours,,assumed_after_hours,
20151105_CLDT,CLDT,2015-11-05,edgar_8k,2015-11-05T07:24,before_open,0001476045-15-000045
20151105_CNK,CNK,2015-11-05,edgar_8k,2015-11-05T07:00,before_open,0001193125-15-367160
20151105_CNP,CNP,2015-11-05,edgar_8k,2015-11-05T06:32,before_open,0001193125-15-367125
20151105_CNSL,CNSL,2015-11-05,assumed_after_hours,,assumed_after_hours,
20151105_CORT,CORT,2015-11-05,edgar_8k,2015-11-05T16:10,after_close,0001102624-15-001640
20151105_DIS,DIS,2015-11-05,assumed_after_hours,,assumed_after_hours,
20151105_EBS,EBS,2015-11-05,edgar_8k,2015-11-05T16:23,after_close,0001367644-15-000040
20151105_ENDP,ENDP,2015-11-05,assumed_after_hours,,assumed_after_hours,
20151105_HE,HE,2015-11-05,edgar_8k,2015-11-05T16:20,after_close,0000354707-15-000074
20151105_HII,HII,2015-11-05,edgar_8k,2015-11-05T07:25,before_open,0001501585-15-000031
20151105_HRC,HRC,2015-11-05,assumed_after_hours,,assumed_after_hours,
20151105_ICUI,ICUI,2015-11-05,assumed_after_hours,,assumed_after_hours,
20151105_IPCC,IPCC,2015-11-05,assumed_after_hours,,assumed_after_hours,
20151105_LAMR,LAMR,2015-11-05,edgar_8k,2015-11-05T06:23,before_open,0001193125-15-367106
20151105_MASI,MASI,2015-11-05,edgar_8k,2015-11-05T16:13,after_close,0000937556-15-000148
20151105_MTD,MTD,2015-11-05,edgar_8k,2015-11-05T16:08,after_close,0001037646-15-000031
20151105_OGE,OGE,2015-11-05,edgar_8k,2015-11-05T08:17,before_open,0001021635-15-000118
20151105_PLT,PLT,2015-11-05,assumed_after_hours,,assumed_after_hours,
20151105_SJI,SJI,2015-11-05,assumed_after_hours,,assumed_after_hours,
20151105_SSTK,SSTK,2015-11-05,edgar_8k,2015-11-05T07:45,before_open,0001549346-15-000011
20151105_TRIP,TRIP,2015-11-05,edgar_8k,2015-11-05T16:01,after_close,0001564590-15-009645
20151105_TTWO,TTWO,2015-11-05,edgar_8k,2015-11-05T16:15,after_close,0001104659-15-076249
20151105_UEIC,UEIC,2015-11-05,edgar_8k,2015-11-05T16:05,after_close,0000101984-15-000050
20151105_ZEUS,ZEUS,2015-11-05,assumed_after_hours,,assumed_after_hours,
20151106_LXU,LXU,2015-11-06,edgar_8k,2015-11-06T16:32,after_close,0001193125-15-370209
20151106_MHK,MHK,2015-11-06,edgar_8k,2015-11-05T16:26,before_open,0000851968-15-000095
20151106_TTI,TTI,2015-11-06,edgar_8k,2015-11-06T09:25,before_open,0000844965-15-000088
20151109_AMG,AMG,2015-11-09,edgar_8k,2015-11-09T07:39,before_open,0001104659-15-076915
20151109_APEI,APEI,2015-11-09,edgar_8k,2015-11-09T16:07,after_close,0001144204-15-063734
20151109_CIR,CIR,2015-11-09,assumed_after_hours,,assumed_after_hours,
20151109_DISH,DISH,2015-11-09,assumed_after_hours,,assumed_after_hours,
20151109_ILG,ILG,2015-11-09,assumed_after_hours,,assumed_after_hours,
20151109_LABL,LABL,2015-11-09,assumed_after_hours,,assumed_after_hours,
20151109_LGND,LGND,2015-11-09,edgar_8k,2015-11-09T16:04,after_close,0000886163-15-000108
20151109_MDR,MDR,2015-11-09,assumed_after_hours,,assumed_after_hours,
20151109_QNST,QNST,2015-11-09,edgar_8k,2015-11-09T16:11,after_close,0001193125-15-371938
20151110_SRDX,SRDX,2015-11-10,assumed_after_hours,,assumed_after_hours,
20151110_ZBRA,ZBRA,2015-11-10,edgar_8k,2015-11-10T07:01,before_open,0001193125-15-372718
20151112_JWN,JWN,2015-11-12,assumed_after_hours,,assumed_after_hours,
20151117_HD,HD,2015-11-17,edgar_8k,2015-11-17T06:10,before_open,0000354950-15-000045
20151118_LOW,LOW,2015-11-18,edgar_8k,2015-11-18T07:42,before_open,0000060667-15-000180
20151119_BKE,BKE,2015-11-19,edgar_8k,2015-11-19T14:24,intraday,0000885245-15-000036
20151119_BRC,BRC,2015-11-19,edgar_8k,2015-11-19T07:28,before_open,0000746598-15-000197
20151119_ESL,ESL,2015-11-19,assumed_after_hours,,assumed_after_hours,
20151119_GPS,GPS,2015-11-19,assumed_after_hours,,assumed_after_hours,
20151119_KIRK,KIRK,2015-11-19,assumed_after_hours,,assumed_after_hours,
20151119_WSM,WSM,2015-11-19,edgar_8k,2015-11-19T16:19,after_close,0001193125-15-382166
20151120_ANF,ANF,2015-11-20,assumed_after_hours,,assumed_after_hours,
20151120_FL,FL,2015-11-20,assumed_after_hours,,assumed_after_hours,
20151120_HIBB,HIBB,2015-11-20,assumed_after_hours,,assumed_after_hours,
20151123_GME,GME,2015-11-23,edgar_8k,2015-11-23T08:33,before_open,0001326380-15-000223
20151123_TSN,TSN,2015-11-23,edgar_8k,2015-11-23T07:32,before_open,0000100493-15-000108
20151124_CPB,CPB,2015-11-24,edgar_8k,2015-11-24T07:17,before_open,0000016732-15-000044
20151124_DLTR,DLTR,2015-11-24,edgar_8k,2015-11-24T08:06,before_open,0000935703-15-000108
20151124_DSW,DSW,2015-11-24,assumed_after_hours,,assumed_after_hours,
20151124_MOV,MOV,2015-11-24,edgar_8k,2015-11-24T07:58,before_open,0000950142-15-002485
20151124_TECD,TECD,2015-11-24,assumed_after_hours,,assumed_after_hours,
20151124_TIF,TIF,2015-11-24,assumed_after_hours,,assumed_after_hours,
20151125_DCI,DCI,2015-11-25,edgar_8k,2015-11-25T11:34,intraday,0000897101-15-001586
20151125_DE,DE,2015-11-25,edgar_8k,2015-11-25T09:00,before_open,0001104659-15-081285
20151203_EXPR,EXPR,2015-12-03,assumed_after_hours,,assumed_after_hours,
20151203_MDT,MDT,2015-12-03,edgar_8k,2015-12-03T06:48,before_open,0001613103-15-000050
20151208_ALOG,ALOG,2015-12-08,assumed_after_hours,,assumed_after_hours,
20151208_AZO,AZO,2015-12-08,edgar_8k,2015-12-08T07:15,before_open,0001171843-15-006677
20151208_TOL,TOL,2015-12-08,edgar_8k,2015-12-08T10:24,intraday,0000794170-15-000052
20151209_FRAN,FRAN,2015-12-09,assumed_after_hours,,assumed_after_hours,
20151209_VRA,VRA,2015-12-09,edgar_8k,2015-12-09T08:38,before_open,0001495320-15-000039
20151210_ADBE,ADBE,2015-12-10,edgar_8k,2015-12-10T16:06,after_close,0000796343-15-000215
20151214_NX,NX,2015-12-14,edgar_8k,2015-12-14T08:00,before_open,0001171843-15-006787
20151216_JBL,JBL,2015-12-16,edgar_8k,2015-12-16T16:10,after_close,0001193125-15-404838
20151216_ORCL,ORCL,2015-12-16,edgar_8k,2015-12-16T16:37,after_close,0001193125-15-404914
20151217_ACN,ACN,2015-12-17,edgar_8k,2015-12-17T07:08,before_open,0001467373-15-000589
20151217_APOG,APOG,2015-12-17,edgar_8k,2015-12-17T08:22,before_open,0000006845-15-000030
20151217_GIS,GIS,2015-12-17,edgar_8k,2015-12-17T07:54,before_open,0001193125-15-405462
20160105_CMC,CMC,2016-01-05,edgar_8k,2016-01-05T10:19,intraday,0000022444-16-000031
20160105_SONC,SONC,2016-01-05,assumed_after_hours,,assumed_after_hours,
20160106_MSM,MSM,2016-01-06,edgar_8k,2016-01-06T06:54,before_open,0001003078-16-000121
20160106_RECN,RECN,2016-01-06,assumed_after_hours,,assumed_after_hours,
20160107_BBBY,BBBY,2016-01-07,assumed_after_hours,,assumed_after_hours,
20160107_FINL,FINL,2016-01-07,assumed_after_hours,,assumed_after_hours,
20160107_PKE,PKE,2016-01-07,edgar_8k,2016-01-07T08:45,before_open,0001437749-16-023258
20160107_SNX,SNX,2016-01-07,edgar_8k,2016-01-07T16:17,after_close,0001177394-16-000038
20160114_INTC,INTC,2016-01-14,edgar_8k,2016-01-14T16:46,after_close,0000050863-16-000100
20160115_PNC,PNC,2016-01-15,edgar_8k,2016-01-15T06:40,before_open,0001193125-16-430398
20160115_RF,RF,2016-01-15,edgar_8k,2016-01-14T18:15,before_open,0001281761-16-000094
20160115_WFC,WFC,2016-01-15,edgar_8k,2016-01-15T08:00,before_open,0000072971-16-000779
20160119_FHN,FHN,2016-01-19,edgar_8k,2016-01-19T06:35,before_open,0000930413-16-004957
20160119_MS,MS,2016-01-19,edgar_8k,2016-01-19T06:58,before_open,0001157523-16-004228
20160119_WWD,WWD,2016-01-19,edgar_8k,2016-01-19T16:05,after_close,0001171843-16-007241
20160120_CATY,CATY,2016-01-20,edgar_8k,2016-01-20T17:29,after_close,0001144204-16-076355
20160120_EAT,EAT,2016-01-20,edgar_8k,2016-01-20T07:58,before_open,0000703351-16-000060
20160120_KMI,KMI,2016-01-20,edgar_8k,2016-01-20T16:09,after_close,0001506307-16-000067
20160120_TEL,TEL,2016-01-20,edgar_8k,2016-01-20T06:18,before_open,0001104659-16-090512
20160121_AXP,AXP,2016-01-21,edgar_8k,2016-01-21T16:12,after_close,0000004962-16-000116
20160121_EGHT,EGHT,2016-01-21,edgar_8k,2016-01-21T16:07,after_close,0001136261-16-000374
20160121_ETFC,ETFC,2016-01-21,assumed_after_hours,,assumed_after_hours,
20160121_HBAN,HBAN,2016-01-21,edgar_8k,2016-01-21T07:20,before_open,0000049196-16-000027
20160121_IIIN,IIIN,2016-01-21,edgar_8k,2016-01-21T06:30,before_open,0001437749-16-023867
20160121_ISRG,ISRG,2016-01-21,edgar_8k,2016-01-21T16:07,after_close,0001035267-16-000121
20160121_SIVB,SIVB,2016-01-21,assumed_after_hours,,assumed_after_hours,
20160121_SLM,SLM,2016-01-21,edgar_8k,2016-01-20T16:30,before_open,0001628280-16-010304
20160121_VZ,VZ,2016-01-21,edgar_8k,2016-01-21T07:10,before_open,0001193125-16-433999
20160121_WBS,WBS,2016-01-21,edgar_8k,2016-01-21T07:56,before_open,0000801337-16-000124
20160122_ABCB,ABCB,2016-01-22,edgar_8k,2016-01-22T07:15,before_open,0001144204-16-076545
20160122_BID,BID,2016-01-22,assumed_after_hours,,assumed_after_hours,
20160122_COL,COL,2016-01-22,assumed_after_hours,,assumed_after_hours,
20160122_STI,STI,2016-01-22,assumed_after_hours,,assumed_after_hours,
20160125_DHI,DHI,2016-01-25,edgar_8k,2016-01-25T14:08,intraday,0000882184-16-000110
20160125_KMB,KMB,2016-01-25,edgar_8k,2016-01-25T08:50,before_open,0000055785-16-000126
20160126_AKS,AKS,2016-01-26,assumed_after_hours,,assumed_after_hours,
20160126_DHR,DHR,2016-01-26,edgar_8k,2016-01-25T18:10,before_open,0000313616-16-000132
20160126_DOV,DOV,2016-01-26,edgar_8k,2016-01-26T07:00,before_open,0000029905-16-000057
20160126_GWW,GWW,2016-01-26,edgar_8k,2016-01-26T08:08,before_open,0000277135-16-000032
20160126_HAFC,HAFC,2016-01-26,edgar_8k,2016-01-26T08:45,before_open,0001171843-16-007373
20160126_IIVI,IIVI,2016-01-26,assumed_after_hours,,assumed_after_hours,
20160126_ISCA,ISCA,2016-01-26,assumed_after_hours,,assumed_after_hours,
20160126_MMM,MMM,2016-01-26,edgar_8k,2016-01-26T07:45,before_open,0001104659-16-091334
20160126_MRCY,MRCY,2016-01-26,edgar_8k,2016-01-26T16:03,after_close,0001049521-16-000059
20160126_PG,PG,2016-01-26,edgar_8k,2016-01-26T07:02,before_open,0000080424-16-000161
20160126_PII,PII,2016-01-26,edgar_8k,2016-01-26T06:01,before_open,0001157523-16-004277
20160126_TSS,TSS,2016-01-26,assumed_after_hours,,assumed_after_hours,
20160127_ALGT,ALGT,2016-01-27,edgar_8k,2016-01-27T16:11,after_close,0001362468-16-000048
20160127_CNMD,CNMD,2016-01-27,edgar_8k,2016-01-27T16:59,after_close,0001174947-16-001962
20160127_CRUS,CRUS,2016-01-27,edgar_8k,2016-01-27T16:04,after_close,0001157523-16-004307
20160127_CTXS,CTXS,2016-01-27,assumed_after_hours,,assumed_after_hours,
20160127_DFS,DFS,2016-01-27,assumed_after_hours,,assumed_after_hours,
20160127_EFII,EFII,2016-01-27,assumed_after_hours,,assumed_after_hours,
20160127_GD,GD,2016-01-27,edgar_8k,2016-01-27T10:16,intraday,0000040533-16-000052
20160127_HOLX,HOLX,2016-01-27,assumed_after_hours,,assumed_after_hours,
20160127_MCK,MCK,2016-01-27,edgar_8k,2016-01-27T16:16,after_close,0001193125-16-439841
20160127_MDP,MDP,2016-01-27,assumed_after_hours,,assumed_after_hours,
20160127_PYPL,PYPL,2016-01-27,edgar_8k,2016-01-27T16:17,after_close,0001633917-16-000095
20160127_SEIC,SEIC,2016-01-27,edgar_8k,2016-01-27T16:07,after_close,0000350894-16-000093
20160127_TXN,TXN,2016-01-27,edgar_8k,2016-01-27T16:48,after_close,0001564590-16-012036
20160127_TXT,TXT,2016-01-27,edgar_8k,2016-01-27T06:39,before_open,0001104659-16-091539
20160127_VLY,VLY,2016-01-27,edgar_8k,2016-01-27T09:17,before_open,0000714310-16-000174
20160128_ADS,ADS,2016-01-28,assumed_after_hours,,assumed_after_hours,
20160128_AN,AN,2016-01-28,edgar_8k,2016-01-28T07:36,before_open,0000350698-16-000272
20160128_AVT,AVT,2016-01-28,edgar_8k,2016-01-28T06:47,before_open,0001558370-16-002987
20160128_CPF,CPF,2016-01-28,edgar_8k,2016-01-28T11:24,intraday,0000701347-16-000030
20160128_CPSI,CPSI,2016-01-28,assumed_after_hours,,assumed_after_hours,
20160128_DGX,DGX,2016-01-28,edgar_8k,2016-01-28T06:50,before_open,0001022079-16-000176
20160128_EA,EA,2016-01-28,edgar_8k,2016-01-28T16:05,after_close,0000712515-16-000080
20160128_FICO,FICO,2016-01-28,edgar_8k,2016-01-28T16:18,after_close,0001144204-16-077582
20160128_FTNT,FTNT,2016-01-28,edgar_8k,2016-01-28T16:19,after_close,0001262039-16-000051
20160128_GNTX,GNTX,2016-01-28,edgar_8k,2016-01-28T08:00,before_open,0000355811-16-000060
20160128_HCA,HCA,2016-01-28,edgar_8k,2016-01-28T04:09,before_open,0001193125-16-440844
20160128_HSY,HSY,2016-01-28,edgar_8k,2016-01-28T07:02,before_open,0000047111-16-000078
20160128_IVZ,IVZ,2016-01-28,edgar_8k,2016-01-28T08:06,before_open,0000914208-16-000541
20160128_KEM,KEM,2016-01-28,assumed_after_hours,,assumed_after_hours,
20160128_LLL,LLL,2016-01-28,assumed_after_hours,,assumed_after_hours,
20160128_MTH,MTH,2016-01-28,edgar_8k,2016-01-28T08:33,before_open,0000833079-16-000104
20160128_NDAQ,NDAQ,2016-01-28,edgar_8k,2016-01-28T07:16,before_open,0001193125-16-440622
20160128_NEE,NEE,2016-01-28,edgar_8k,2016-01-28T07:36,before_open,0000753308-16-000277
20160128_NOC,NOC,2016-01-28,edgar_8k,2016-01-28T06:04,before_open,0001133421-16-000062
20160128_QSII,QSII,2016-01-28,assumed_after_hours,,assumed_after_hours,
20160128_SWKS,SWKS,2016-01-28,edgar_8k,2016-01-28T16:18,after_close,0000004127-16-000039
20160128_SYNA,SYNA,2016-01-28,edgar_8k,2016-01-28T16:24,after_close,0001193125-16-441876
20160128_TGI,TGI,2016-01-28,assumed_after_hours,,assumed_after_hours,
20160128_WDC,WDC,2016-01-28,edgar_8k,2016-01-28T16:21,after_close,0001193125-16-441861
20160129_CVX,CVX,2016-01-29,edgar_8k,2016-01-29T09:01,before_open,0000093410-16-000040
20160129_HON,HON,2016-01-29,edgar_8k,2016-01-29T06:48,before_open,0000930413-16-005153
20160129_NWL,NWL,2016-01-29,edgar_8k,2016-01-29T07:12,before_open,0000814453-16-000152
20160129_SBSI,SBSI,2016-01-29,edgar_8k,2016-01-28T17:58,before_open,0000705432-16-000147
20160129_STX,STX,2016-01-29,edgar_8k,2016-01-29T08:03,before_open,0001104659-16-092323
20160201_AET,AET,2016-02-01,assumed_after_hours,,assumed_after_hours,
20160201_HRC,HRC,2016-02-01,assumed_after_hours,,assumed_after_hours,
20160201_MAT,MAT,2016-02-01,edgar_8k,2016-02-01T16:05,after_close,0001628280-16-010609
20160201_ONB,ONB,2016-02-01,edgar_8k,2016-02-01T08:02,before_open,0001193125-16-445220
20160201_PLT,PLT,2016-02-01,assumed_after_hours,,assumed_after_hours,
20160201_ROP,ROP,2016-02-01,edgar_8k,2016-02-01T08:10,before_open,0000882835-16-000030
20160202_ACLS,ACLS,2016-02-02,edgar_8k,2016-02-02T16:05,after_close,0001104659-16-093252
20160202_AGCO,AGCO,2016-02-02,edgar_8k,2016-02-02T08:38,before_open,0000880266-16-000041
20160202_FISV,FISV,2016-02-02,edgar_8k,2016-02-02T16:14,after_close,0001193125-16-447656
20160202_PFE,PFE,2016-02-02,edgar_8k,2016-02-02T08:52,before_open,0000078003-16-000056
20160202_PNR,PNR,2016-02-02,edgar_8k,2016-02-02T08:15,before_open,0000077360-16-000043
20160202_RHI,RHI,2016-02-02,edgar_8k,2016-02-02T16:19,after_close,0001628280-16-010659
20160202_SXI,SXI,2016-02-02,edgar_8k,2016-02-02T08:21,before_open,0000310354-16-000058
20160202_WRB,WRB,2016-02-02,edgar_8k,2016-02-02T16:19,after_close,0000011544-16-000084
20160203_ALXN,ALXN,2016-02-03,assumed_after_hours,,assumed_after_hours,
20160203_AVY,AVY,2016-02-03,edgar_8k,2016-02-03T07:00,before_open,0001104659-16-093381
20160203_ENR,ENR,2016-02-03,edgar_8k,2016-02-03T07:17,before_open,0001632790-16-000065
20160203_ETN,ETN,2016-02-03,edgar_8k,2016-02-03T07:16,before_open,0001157523-16-004411
20160203_EXPO,EXPO,2016-02-03,edgar_8k,2016-02-03T16:05,after_close,0001171843-16-007624
20160203_FBHS,FBHS,2016-02-03,assumed_after_hours,,assumed_after_hours,
20160203_JLL,JLL,2016-02-03,edgar_8k,2016-02-03T07:44,before_open,0001037976-16-000077
20160203_KLIC,KLIC,2016-02-03,edgar_8k,2016-02-03T06:58,before_open,0000056978-16-000145
20160203_MDC,MDC,2016-02-03,assumed_after_hours,,assumed_after_hours,
20160203_OSUR,OSUR,2016-02-03,edgar_8k,2016-02-03T17:02,after_close,0001193125-16-449402
20160203_POL,POL,2016-02-03,assumed_after_hours,,assumed_after_hours,
20160203_POWL,POWL,2016-02-03,edgar_8k,2016-02-03T14:41,intraday,0001193125-16-449052
20160203_TTWO,TTWO,2016-02-03,edgar_8k,2016-02-03T16:15,after_close,0001104659-16-093571
20160204_ABG,ABG,2016-02-04,edgar_8k,2016-02-04T06:34,before_open,0001144980-16-000126
20160204_ATGE,ATGE,2016-02-04,assumed_after_hours,,assumed_after_hours,
20160204_CSL,CSL,2016-02-04,edgar_8k,2016-02-04T06:15,before_open,0001104659-16-093765
20160204_ELY,ELY,2016-02-04,assumed_after_hours,,assumed_after_hours,
20160204_HZO,HZO,2016-02-04,edgar_8k,2016-02-04T09:11,before_open,0001299933-16-001997
20160204_LQDT,LQDT,2016-02-04,edgar_8k,2016-02-04T07:01,before_open,0001104659-16-093773
20160204_MD,MD,2016-02-04,edgar_8k,2016-02-04T06:50,before_open,0001193125-16-449916
20160204_MHO,MHO,2016-02-04,edgar_8k,2016-02-04T08:44,before_open,0000799292-16-000045
20160204_MPWR,MPWR,2016-02-04,edgar_8k,2016-02-04T16:09,after_close,0001437749-16-024761
20160204_MTD,MTD,2016-02-04,edgar_8k,2016-02-04T16:10,after_close,0001037646-16-000041
20160204_ODFL,ODFL,2016-02-04,edgar_8k,2016-02-04T09:10,before_open,0000878927-16-000053
20160204_OMCL,OMCL,2016-02-04,edgar_8k,2016-02-04T16:09,after_close,0000926326-16-000041
20160204_PJC,PJC,2016-02-04,assumed_after_hours,,assumed_after_hours,
20160204_PLUS,PLUS,2016-02-04,assumed_after_hours,,assumed_after_hours,
20160204_POWI,POWI,2016-02-04,edgar_8k,2016-02-04T16:05,after_close,0001157523-16-004468
20160204_PTEN,PTEN,2016-02-04,edgar_8k,2016-02-04T06:15,before_open,0001564590-16-012285
20160204_RL,RL,2016-02-04,edgar_8k,2016-02-04T08:12,before_open,0000950142-16-002947
20160204_TDC,TDC,2016-02-04,edgar_8k,2016-02-04T08:49,before_open,0000816761-16-000036
20160204_TPX,TPX,2016-02-04,assumed_after_hours,,assumed_after_hours,
20160204_XYL,XYL,2016-02-04,edgar_8k,2016-02-04T07:16,before_open,0001193125-16-449948
20160205_CME,CME,2016-02-05,edgar_8k,2016-02-05T07:01,before_open,0001193125-16-451401
20160205_TSN,TSN,2016-02-05,edgar_8k,2016-02-05T07:34,before_open,0000100493-16-000174
20160205_UFS,UFS,2016-02-05,assumed_after_hours,,assumed_after_hours,
20160205_WY,WY,2016-02-05,edgar_8k,2016-02-04T20:14,before_open,0000106535-16-000042
20160208_DO,DO,2016-02-08,assumed_after_hours,,assumed_after_hours,
20160208_HAS,HAS,2016-02-08,edgar_8k,2016-02-08T08:18,before_open,0000046080-16-000110
20160208_MOH,MOH,2016-02-08,edgar_8k,2016-02-08T16:19,after_close,0001179929-16-000219
20160209_AKAM,AKAM,2016-02-09,edgar_8k,2016-02-09T16:08,after_close,0001086222-16-000201
20160209_BHE,BHE,2016-02-09,edgar_8k,2016-02-10T14:58,after_call_date,0000863436-16-000037
20160209_CNC,CNC,2016-02-09,edgar_8k,2016-02-08T21:10,before_open,0001071739-16-000175
20160209_CVS,CVS,2016-02-09,edgar_8k,2016-02-09T06:57,before_open,0000064803-16-000072
20160209_DIS,DIS,2016-02-09,assumed_after_hours,,assumed_after_hours,
20160209_ESE,ESE,2016-02-09,edgar_8k,2016-02-09T16:15,after_close,0000866706-16-000017
20160209_GLT,GLT,2016-02-09,assumed_after_hours,,assumed_after_hours,
20160209_LABL,LABL,2016-02-09,assumed_after_hours,,assumed_after_hours,
20160209_MPAA,MPAA,2016-02-09,edgar_8k,2016-02-09T07:58,before_open,0001140361-16-050718
20160209_QNST,QNST,2016-02-09,edgar_8k,2016-02-09T16:15,after_close,0001193125-16-455337
20160209_SCSC,SCSC,2016-02-09,edgar_8k,2016-02-09T16:07,after_close,0000918965-16-000033
20160209_STE,STE,2016-02-09,assumed_after_hours,,assumed_after_hours,
20160209_TDG,TDG,2016-02-09,edgar_8k,2016-02-09T07:24,before_open,0001260221-16-000041
20160209_WCG,WCG,2016-02-09,assumed_after_hours,,assumed_after_hours,
20160209_WYND,WYND,2016-02-09,assumed_after_hours,,assumed_after_hours,
20160210_CTL,CTL,2016-02-10,assumed_after_hours,,assumed_after_hours,
20160210_DTE,DTE,2016-02-10,edgar_8k,2016-02-10T06:47,before_open,0000936340-16-000240
20160210_INTL,INTL,2016-02-10,assumed_after_hours,,assumed_after_hours,
20160210_LGND,LGND,2016-02-10,edgar_8k,2016-02-10T16:04,after_close,0000886163-16-000136
20160210_LPSN,LPSN,2016-02-10,edgar_8k,2016-02-10T16:36,after_close,0001102993-16-000009
20160210_MDSO,MDSO,2016-02-10,assumed_after_hours,,assumed_after_hours,
20160210_NSIT,NSIT,2016-02-10,edgar_8k,2016-02-10T16:12,after_close,0001193125-16-457587
20160211_AAP,AAP,2016-02-11,edgar_8k,2016-02-11T06:35,before_open,0001158449-16-000275
20160211_ATVI,ATVI,2016-02-11,assumed_after_hours,,assumed_after_hours,
20160211_BWA,BWA,2016-02-11,edgar_8k,2016-02-11T08:22,before_open,0000908255-16-000074
20160211_CRAY,CRAY,2016-02-11,assumed_after_hours,,assumed_after_hours,
20160211_FAF,FAF,2016-02-11,edgar_8k,2016-02-11T06:46,before_open,0001193125-16-458524
20160211_FLO,FLO,2016-02-11,edgar_8k,2016-02-10T18:14,before_open,0001193125-16-457847
20160211_IVC,IVC,2016-02-11,assumed_after_hours,,assumed_after_hours,
20160211_LOGM,LOGM,2016-02-11,assumed_after_hours,,assumed_after_hours,
20160211_LPX,LPX,2016-02-11,edgar_8k,2016-02-11T07:08,before_open,0001504337-16-000041
20160211_NNN,NNN,2016-02-11,edgar_8k,2016-02-11T08:36,before_open,0000751364-16-000099
20160211_NUS,NUS,2016-02-11,edgar_8k,2016-02-11T16:35,after_close,0001021561-16-000092
20160211_NUVA,NUVA,2016-02-11,assumed_after_hours,,assumed_after_hours,
20160211_PDFS,PDFS,2016-02-11,edgar_8k,2016-02-11T16:08,after_close,0001437749-16-025179
20160211_SON,SON,2016-02-11,edgar_8k,2016-02-11T08:27,before_open,0000091767-16-000085
20160211_TRIP,TRIP,2016-02-11,edgar_8k,2016-02-11T06:02,before_open,0001564590-16-012619
20160211_TYPE,TYPE,2016-02-11,assumed_after_hours,,assumed_after_hours,
20160211_VG,VG,2016-02-11,assumed_after_hours,,assumed_after_hours,
20160211_VRSN,VRSN,2016-02-11,edgar_8k,2016-02-11T16:11,after_close,0001014473-16-000083
20160211_WWE,WWE,2016-02-11,assumed_after_hours,,assumed_after_hours,
20160212_AXL,AXL,2016-02-12,assumed_after_hours,,assumed_after_hours,
20160212_IPG,IPG,2016-02-12,assumed_after_hours,,assumed_after_hours,
20160212_NSP,NSP,2016-02-12,edgar_8k,2016-02-12T09:04,before_open,0001000753-16-000071
20160216_BYD,BYD,2016-02-16,edgar_8k,2016-02-16T16:12,after_close,0000906553-16-000049
20160216_CYTK,CYTK,2016-02-16,edgar_8k,2016-02-16T16:07,after_close,0001299933-16-002058
20160217_CLD,CLD,2016-02-17,assumed_after_hours,,assumed_after_hours,
20160217_EIG,EIG,2016-02-17,edgar_8k,2016-02-17T08:33,before_open,0001379041-16-000227
20160217_GEO,GEO,2016-02-17,assumed_after_hours,,assumed_after_hours,
20160217_GRMN,GRMN,2016-02-17,edgar_8k,2016-02-17T09:43,intraday,0001615774-16-004235
20160217_HST,HST,2016-02-17,edgar_8k,2016-02-17T08:57,before_open,0001564590-16-012796
20160217_MANT,MANT,2016-02-17,assumed_after_hours,,assumed_after_hours,
20160217_SNPS,SNPS,2016-02-17,edgar_8k,2016-02-17T16:23,after_close,0001193125-16-467149
20160218_AAN,AAN,2016-02-18,assumed_after_hours,,assumed_after_hours,
20160218_CBB,CBB,2016-02-18,assumed_after_hours,,assumed_after_hours,
20160218_DAN,DAN,2016-02-18,edgar_8k,2016-02-18T07:01,before_open,0001193125-16-467682
20160218_DISH,DISH,2016-02-18,assumed_after_hours,,assumed_after_hours,
20160218_IDCC,IDCC,2016-02-18,edgar_8k,2016-02-18T08:44,before_open,0001405495-16-000045
20160218_LH,LH,2016-02-18,edgar_8k,2016-02-18T06:53,before_open,0000920148-16-000157
20160218_NI,NI,2016-02-18,edgar_8k,2016-02-18T06:30,before_open,0001111711-16-000047
20160218_PCG,PCG,2016-02-18,edgar_8k,2016-02-18T09:00,before_open,0001140361-16-053830
20160218_POOL,POOL,2016-02-18,edgar_8k,2016-02-18T09:42,intraday,0000945841-16-000186
20160218_SAM,SAM,2016-02-18,edgar_8k,2016-02-18T16:25,after_close,0001193125-16-468356
20160218_UFCS,UFCS,2016-02-18,edgar_8k,2016-02-18T08:04,before_open,0000101199-16-000454
20160219_CIR,CIR,2016-02-19,assumed_after_hours,,assumed_after_hours,
20160219_COG,COG,2016-02-19,assumed_after_hours,,assumed_after_hours,
20160219_DE,DE,2016-02-19,edgar_8k,2016-02-19T09:09,before_open,0001104659-16-098292
20160219_PNW,PNW,2016-02-19,edgar_8k,2016-02-19T08:30,before_open,0000764622-16-000086
20160219_VFC,VFC,2016-02-19,edgar_8k,2016-02-19T06:55,before_open,0001157523-16-004643
20160222_AGN,AGN,2016-02-22,assumed_after_hours,,assumed_after_hours,
20160222_EDR,EDR,2016-02-22,assumed_after_hours,,assumed_after_hours,
20160222_MSI,MSI,2016-02-22,edgar_8k,2016-02-22T16:20,after_close,0001193125-16-471662
20160223_DAKT,DAKT,2016-02-23,edgar_8k,2016-02-23T12:10,intraday,0000915779-16-000144
20160223_DRH,DRH,2016-02-23,edgar_8k,2016-02-23T12:12,intraday,0001298946-16-000098
20160223_FSLR,FSLR,2016-02-23,edgar_8k,2016-02-23T16:10,after_close,0001274494-16-000064
20160223_LAMR,LAMR,2016-02-23,edgar_8k,2016-02-23T08:04,before_open,0001193125-16-472623
20160223_LXP,LXP,2016-02-23,edgar_8k,2016-02-24T02:10,after_call_date,0001144204-16-083947
20160223_M,M,2016-02-23,edgar_8k,2016-02-23T08:40,before_open,0000794367-16-000168
20160223_SF,SF,2016-02-23,edgar_8k,2016-02-23T16:05,after_close,0001564590-16-013079
20160223_TOL,TOL,2016-02-23,edgar_8k,2016-02-23T11:01,intraday,0000794170-16-000081
20160223_TREX,TREX,2016-02-23,edgar_8k,2016-02-23T08:47,before_open,0001157523-16-004697
20160224_CHK,CHK,2016-02-24,assumed_after_hours,,assumed_after_hours,
20160224_CLDT,CLDT,2016-02-24,edgar_8k,2016-02-24T10:08,intraday,0001476045-16-000089
20160224_CNK,CNK,2016-02-24,edgar_8k,2016-02-24T07:00,before_open,0001193125-16-474542
20160224_CRM,CRM,2016-02-24,edgar_8k,2016-02-24T16:30,after_close,0001108524-16-000047
20160224_DIN,DIN,2016-02-24,edgar_8k,2016-02-24T08:15,before_open,0001104659-16-099428
20160224_EV,EV,2016-02-24,assumed_after_hours,,assumed_after_hours,
20160224_FARO,FARO,2016-02-24,assumed_after_hours,,assumed_after_hours,
20160224_HFC,HFC,2016-02-24,assumed_after_hours,,assumed_after_hours,
20160224_SSTK,SSTK,2016-02-24,edgar_8k,2016-02-24T07:46,before_open,0001549346-16-000022
20160224_UVE,UVE,2016-02-24,edgar_8k,2016-02-24T17:04,after_close,0001193125-16-475952
20160225_AMWD,AMWD,2016-02-25,assumed_after_hours,,assumed_after_hours,
20160225_ANSS,ANSS,2016-02-25,assumed_after_hours,,assumed_after_hours,
20160225_AWK,AWK,2016-02-25,edgar_8k,2016-02-25T07:05,before_open,0001564590-16-013286
20160225_BGS,BGS,2016-02-25,edgar_8k,2016-02-25T16:09,after_close,0001104659-16-099995
20160225_CHS,CHS,2016-02-25,assumed_after_hours,,assumed_after_hours,
20160225_CNSL,CNSL,2016-02-25,assumed_after_hours,,assumed_after_hours,
20160225_CRI,CRI,2016-02-25,edgar_8k,2016-02-25T06:35,before_open,0001060822-16-000036
20160225_DPZ,DPZ,2016-02-25,edgar_8k,2016-02-25T07:32,before_open,0001193125-16-476929
20160225_EBS,EBS,2016-02-25,edgar_8k,2016-02-25T16:27,after_close,0001367644-16-000057
20160225_EME,EME,2016-02-25,edgar_8k,2016-02-25T14:01,intraday,0000105634-16-000299
20160225_FCN,FCN,2016-02-25,edgar_8k,2016-02-26T17:03,after_call_date,0001193125-16-482335
20160225_GVA,GVA,2016-02-25,edgar_8k,2016-02-25T08:16,before_open,0001157523-16-004734
20160225_ILG,ILG,2016-02-25,assumed_after_hours,,assumed_after_hours,
20160225_KSS,KSS,2016-02-25,edgar_8k,2016-02-25T08:32,before_open,0000885639-16-000030
20160225_LYV,LYV,2016-02-25,edgar_8k,2016-02-25T16:22,after_close,0001335258-16-000166
20160225_NPO,NPO,2016-02-25,edgar_8k,2016-02-25T09:48,intraday,0001164863-16-000037
20160225_PRAA,PRAA,2016-02-25,edgar_8k,2016-02-25T16:12,after_close,0001171843-16-008148
20160225_PWR,PWR,2016-02-25,edgar_8k,2016-02-25T06:18,before_open,0001193125-16-476790
20160225_RGEN,RGEN,2016-02-25,edgar_8k,2016-02-25T08:00,before_open,0001193125-16-476995
20160225_STMP,STMP,2016-02-25,assumed_after_hours,,assumed_after_hours,
20160225_TWI,TWI,2016-02-25,edgar_8k,2016-02-25T06:39,before_open,0000899751-16-000100
20160225_UTHR,UTHR,2016-02-25,edgar_8k,2016-02-25T06:12,before_open,0001104659-16-099734
20160225_ZBRA,ZBRA,2016-02-25,edgar_8k,2016-02-25T07:02,before_open,0001193125-16-476870
20160226_HMSY,HMSY,2016-02-26,assumed_after_hours,,assumed_after_hours,
20160226_HSC,HSC,2016-02-26,assumed_after_hours,,assumed_after_hours,
20160226_NWN,NWN,2016-02-26,assumed_after_hours,,assumed_after_hours,
20160226_SSP,SSP,2016-02-26,edgar_8k,2016-02-26T08:04,before_open,0000832428-16-000076
20160229_EBIX,EBIX,2016-02-29,assumed_after_hours,,assumed_after_hours,
20160229_FSS,FSS,2016-02-29,assumed_after_hours,,assumed_after_hours,
20160229_MGLN,MGLN,2016-02-29,assumed_after_hours,,assumed_after_hours,
20160229_OFIX,OFIX,2016-02-29,edgar_8k,2016-02-29T16:05,after_close,0001564590-16-013712
20160229_SJI,SJI,2016-02-29,assumed_after_hours,,assumed_after_hours,
20160301_ASNA,ASNA,2016-03-01,assumed_after_hours,,assumed_after_hours,
20160301_BGFV,BGFV,2016-03-01,assumed_after_hours,,assumed_after_hours,
20160301_NKTR,NKTR,2016-03-01,edgar_8k,2016-03-01T16:44,after_close,0001615774-16-004370
20160301_ROST,ROST,2016-03-01,edgar_8k,2016-03-01T16:02,after_close,0000745732-16-000032
20160302_AEO,AEO,2016-03-02,assumed_after_hours,,assumed_after_hours,
20160302_ALOG,ALOG,2016-03-02,assumed_after_hours,,assumed_after_hours,
20160302_ANF,ANF,2016-03-02,edgar_8k,2016-03-03T16:23,after_call_date,0001018840-16-000074
20160303_CIEN,CIEN,2016-03-03,edgar_8k,2016-03-03T07:12,before_open,0000936395-16-000076
20160307_SUP,SUP,2016-03-07,assumed_after_hours,,assumed_after_hours,
20160307_UNFI,UNFI,2016-03-07,edgar_8k,2016-03-07T16:11,after_close,0001020859-16-000215
20160308_DKS,DKS,2016-03-08,edgar_8k,2016-03-08T08:39,before_open,0001089063-16-000096
20160309_ABM,ABM,2016-03-09,edgar_8k,2016-03-08T19:44,before_open,0001571049-16-012752
20160309_EXPR,EXPR,2016-03-09,assumed_after_hours,,assumed_after_hours,
20160309_SPPI,SPPI,2016-03-09,assumed_after_hours,,assumed_after_hours,
20160310_ULTA,ULTA,2016-03-10,edgar_8k,2016-03-10T16:11,after_close,0001193125-16-500119
20160311_BKE,BKE,2016-03-11,edgar_8k,2016-03-11T15:21,intraday,0000885245-16-000045
20160311_HIBB,HIBB,2016-03-11,assumed_after_hours,,assumed_after_hours,
20160311_PGNX,PGNX,2016-03-11,assumed_after_hours,,assumed_after_hours,
20160315_DSW,DSW,2016-03-15,assumed_after_hours,,assumed_after_hours,
20160316_JBL,JBL,2016-03-16,edgar_8k,2016-03-16T16:08,after_close,0001193125-16-506655
20160322_GIII,GIII,2016-03-22,edgar_8k,2016-03-22T08:04,before_open,0001571049-16-013265
20160323_GIS,GIS,2016-03-23,edgar_8k,2016-03-23T07:34,before_open,0001193125-16-514126
20160323_KBH,KBH,2016-03-23,edgar_8k,2016-03-23T16:22,after_close,0000795266-16-000114
20160323_OXM,OXM,2016-03-23,edgar_8k,2016-03-23T16:10,after_close,0001171843-16-008751
20160323_REX,REX,2016-03-23,edgar_8k,2016-03-23T08:26,before_open,0000930413-16-006117
20160324_CMC,CMC,2016-03-24,edgar_8k,2016-03-24T09:42,intraday,0000022444-16-000040
20160328_SNX,SNX,2016-03-28,edgar_8k,2016-03-28T16:20,after_close,0001177394-16-000059
20160329_SONC,SONC,2016-03-29,assumed_after_hours,,assumed_after_hours,
20160405_GBX,GBX,2016-04-05,edgar_8k,2016-04-05T06:09,before_open,0001193125-16-529974
20160406_BBBY,BBBY,2016-04-06,assumed_after_hours,,assumed_after_hours,
20160406_GPN,GPN,2016-04-06,edgar_8k,2016-04-06T07:23,before_open,0001123360-16-000073
20160406_MON,MON,2016-04-06,assumed_after_hours,,assumed_after_hours,
20160407_APOG,APOG,2016-04-07,edgar_8k,2016-04-07T08:37,before_open,0000006845-16-000036
20160412_FAST,FAST,2016-04-12,edgar_8k,2016-04-12T07:25,before_open,0000815556-16-000095
20160413_HCSG,HCSG,2016-04-13,edgar_8k,2016-04-12T16:19,before_open,0000731012-16-000131
20160413_JPM,JPM,2016-04-13,edgar_8k,2016-04-13T06:40,before_open,0000019617-16-000950
20160414_BAC,BAC,2016-04-14,edgar_8k,2016-04-14T06:47,before_open,0000070858-16-000153
20160414_CUBI,CUBI,2016-04-14,edgar_8k,2016-04-14T16:19,after_close,0000950159-16-000538
20160418_CHFC,CHFC,2016-04-18,assumed_after_hours,,assumed_after_hours,
20160418_GWW,GWW,2016-04-18,edgar_8k,2016-04-18T07:40,before_open,0000277135-16-000040
20160418_SFBS,SFBS,2016-04-18,assumed_after_hours,,assumed_after_hours,
20160419_BRO,BRO,2016-04-19,edgar_8k,2016-04-18T17:54,before_open,0000079282-16-000038
20160419_GPC,GPC,2016-04-19,edgar_8k,2016-04-19T09:00,before_open,0001299933-16-002301
20160419_GS,GS,2016-04-19,edgar_8k,2016-04-19T07:41,before_open,0001193125-16-545608
20160419_HAFC,HAFC,2016-04-19,edgar_8k,2016-04-19T09:01,before_open,0001171843-16-009239
20160419_MBFI,MBFI,2016-04-19,assumed_after_hours,,assumed_after_hours,
20160419_OMC,OMC,2016-04-19,edgar_8k,2016-04-19T07:19,before_open,0000891092-16-014225
20160420_ABT,ABT,2016-04-20,edgar_8k,2016-04-20T07:51,before_open,0001104659-16-112689
20160420_AXP,AXP,2016-04-20,edgar_8k,2016-04-20T16:15,after_close,0000004962-16-000143
20160420_CATY,CATY,2016-04-20,edgar_8k,2016-04-20T16:52,after_close,0001144204-16-095309
20160420_FMBI,FMBI,2016-04-20,assumed_after_hours,,assumed_after_hours,
20160420_HBAN,HBAN,2016-04-20,edgar_8k,2016-04-20T07:24,before_open,0000049196-16-000035
20160420_ITW,ITW,2016-04-20,edgar_8k,2016-04-20T09:04,before_open,0000049826-16-000180
20160420_KO,KO,2016-04-20,edgar_8k,2016-04-20T07:05,before_open,0000021344-16-000056
20160420_NWE,NWE,2016-04-20,assumed_after_hours,,assumed_after_hours,
20160420_PPBI,PPBI,2016-04-20,assumed_after_hours,,assumed_after_hours,
20160420_SXT,SXT,2016-04-20,edgar_8k,2016-04-19T17:43,before_open,0001140361-16-061561
20160420_TEL,TEL,2016-04-20,edgar_8k,2016-04-20T06:19,before_open,0001104659-16-112658
20160421_BANC,BANC,2016-04-21,edgar_8k,2016-04-21T06:05,before_open,0001193125-16-549001
20160421_BBT,BBT,2016-04-21,assumed_after_hours,,assumed_after_hours,
20160421_BJRI,BJRI,2016-04-21,edgar_8k,2016-04-21T16:03,after_close,0001171843-16-009314
20160421_BPFH,BPFH,2016-04-21,assumed_after_hours,,assumed_after_hours,
20160421_COL,COL,2016-04-21,assumed_after_hours,,assumed_after_hours,
20160421_DAN,DAN,2016-04-21,edgar_8k,2016-04-21T07:00,before_open,0001193125-16-549114
20160421_ETFC,ETFC,2016-04-21,assumed_after_hours,,assumed_after_hours,
20160421_GM,GM,2016-04-21,edgar_8k,2016-04-21T09:39,intraday,0001467858-16-000314
20160421_HBI,HBI,2016-04-21,assumed_after_hours,,assumed_after_hours,
20160421_IIIN,IIIN,2016-04-21,edgar_8k,2016-04-21T06:32,before_open,0001437749-16-029744
20160421_KALU,KALU,2016-04-21,edgar_8k,2016-04-20T16:18,before_open,0000811596-16-000092
20160421_KEY,KEY,2016-04-21,edgar_8k,2016-04-21T06:54,before_open,0001193125-16-549108
20160421_LAD,LAD,2016-04-21,edgar_8k,2016-04-21T06:59,before_open,0001102624-16-002581
20160421_MDSO,MDSO,2016-04-21,assumed_after_hours,,assumed_after_hours,
20160421_NEM,NEM,2016-04-21,edgar_8k,2016-04-20T16:10,before_open,0001157523-16-005152
20160421_PBCT,PBCT,2016-04-21,assumed_after_hours,,assumed_after_hours,
20160421_PKG,PKG,2016-04-21,edgar_8k,2016-04-20T18:12,before_open,0000075677-16-000032
20160421_PLXS,PLXS,2016-04-21,edgar_8k,2016-04-20T16:43,before_open,0000785786-16-000063
20160421_RJF,RJF,2016-04-21,edgar_8k,2016-04-20T17:07,before_open,0000720005-16-000118
20160421_RLI,RLI,2016-04-21,edgar_8k,2016-04-20T17:09,before_open,0001104659-16-112934
20160421_SAM,SAM,2016-04-21,edgar_8k,2016-04-21T16:21,after_close,0001193125-16-550283
20160421_SBUX,SBUX,2016-04-21,edgar_8k,2016-04-21T16:06,after_close,0000829224-16-000059
20160421_SKX,SKX,2016-04-21,assumed_after_hours,,assumed_after_hours,
20160421_SLM,SLM,2016-04-21,edgar_8k,2016-04-20T16:42,before_open,0001628280-16-014494
20160421_SON,SON,2016-04-21,edgar_8k,2016-04-21T08:50,before_open,0000091767-16-000102
20160421_TRV,TRV,2016-04-21,edgar_8k,2016-04-21T07:02,before_open,0001104659-16-113035
20160421_UFI,UFI,2016-04-21,edgar_8k,2016-04-21T06:46,before_open,0001437749-16-029746
20160421_UMPQ,UMPQ,2016-04-21,assumed_after_hours,,assumed_after_hours,
20160421_UNP,UNP,2016-04-21,edgar_8k,2016-04-21T08:08,before_open,0000100885-16-000336
20160421_VZ,VZ,2016-04-21,edgar_8k,2016-04-21T07:36,before_open,0001193125-16-549165
20160422_ABCB,ABCB,2016-04-22,edgar_8k,2016-04-22T07:10,before_open,0001144204-16-095651
20160422_AHL,AHL,2016-04-22,assumed_after_hours,,assumed_after_hours,
20160422_AN,AN,2016-04-22,edgar_8k,2016-04-22T07:22,before_open,0000350698-16-000314
20160422_FFBC,FFBC,2016-04-22,edgar_8k,2016-04-21T16:21,before_open,0000708955-16-000113
20160422_HNI,HNI,2016-04-22,edgar_8k,2016-04-21T16:48,before_open,0000048287-16-000061
20160422_INDB,INDB,2016-04-22,assumed_after_hours,,assumed_after_hours,
20160422_NBHC,NBHC,2016-04-22,edgar_8k,2016-04-21T16:33,before_open,0001475841-16-000089
20160422_STI,STI,2016-04-22,assumed_after_hours,,assumed_after_hours,
20160422_SYF,SYF,2016-04-22,edgar_8k,2016-04-22T06:29,before_open,0001601712-16-000107
20160422_TRST,TRST,2016-04-22,edgar_8k,2016-04-21T16:08,before_open,0001140361-16-061760
20160425_ETH,ETH,2016-04-25,assumed_after_hours,,assumed_after_hours,
20160425_HSII,HSII,2016-04-25,assumed_after_hours,,assumed_after_hours,
20160425_KN,KN,2016-04-25,edgar_8k,2016-04-25T16:02,after_close,0001587523-16-000031
20160425_OPB,OPB,2016-04-25,assumed_after_hours,,assumed_after_hours,
20160425_XRX,XRX,2016-04-25,assumed_after_hours,,assumed_after_hours,
20160426_ADC,ADC,2016-04-26,edgar_8k,2016-04-26T21:36,after_close,0001144204-16-096449
20160426_AKAM,AKAM,2016-04-26,edgar_8k,2016-04-26T16:06,after_close,0001086222-16-000282
20160426_BAX,BAX,2016-04-26,edgar_8k,2016-04-26T07:10,before_open,0001193125-16-555071
20160426_CMG,CMG,2016-04-26,edgar_8k,2016-04-26T16:44,after_close,0001058090-16-000067
20160426_CMP,CMP,2016-04-26,edgar_8k,2016-04-25T16:15,before_open,0001227654-16-000148
20160426_CPLA,CPLA,2016-04-26,assumed_after_hours,,assumed_after_hours,
20160426_CRS,CRS,2016-04-26,edgar_8k,2016-04-27T10:29,after_call_date,0001104659-16-114515
20160426_CRUS,CRUS,2016-04-26,edgar_8k,2016-04-26T16:32,after_close,0001157523-16-005227
20160426_ESRX,ESRX,2016-04-26,assumed_after_hours,,assumed_after_hours,
20160426_ETR,ETR,2016-04-26,edgar_8k,2016-04-26T09:05,before_open,0000065984-16-000533
20160426_FLIR,FLIR,2016-04-26,assumed_after_hours,,assumed_after_hours,
20160426_FTNT,FTNT,2016-04-26,edgar_8k,2016-04-26T16:18,after_close,0001262039-16-000061
20160426_HMST,HMST,2016-04-26,assumed_after_hours,,assumed_after_hours,
20160426_HZO,HZO,2016-04-26,edgar_8k,2016-04-26T08:53,before_open,0001299933-16-002342
20160426_IIVI,IIVI,2016-04-26,assumed_after_hours,,assumed_after_hours,
20160426_MKSI,MKSI,2016-04-26,edgar_8k,2016-04-25T16:34,before_open,0001299933-16-002338
20160426_NBR,NBR,2016-04-26,edgar_8k,2016-04-25T17:43,before_open,0001104659-16-113851
20160426_NUVA,NUVA,2016-04-26,assumed_after_hours,,assumed_after_hours,
20160426_PCAR,PCAR,2016-04-26,edgar_8k,2016-04-26T08:04,before_open,0001193125-16-555166
20160426_RHI,RHI,2016-04-26,edgar_8k,2016-04-26T16:18,after_close,0001628280-16-014780
20160426_RMD,RMD,2016-04-26,edgar_8k,2016-04-26T16:05,after_close,0001193125-16-556414
20160426_SVU,SVU,2016-04-26,assumed_after_hours,,assumed_after_hours,
20160426_TPR,TPR,2016-04-26,edgar_8k,2016-04-26T06:45,before_open,0001157523-16-005214
20160426_ULTI,ULTI,2016-04-26,assumed_after_hours,,assumed_after_hours,
20160426_WAB,WAB,2016-04-26,edgar_8k,2016-04-26T07:57,before_open,0001193125-16-555148
20160427_ALGT,ALGT,2016-04-27,edgar_8k,2016-04-27T16:11,after_close,0001362468-16-000056
20160427_AVY,AVY,2016-04-27,edgar_8k,2016-04-27T06:45,before_open,0001104659-16-114391
20160427_BA,BA,2016-04-27,edgar_8k,2016-04-27T07:46,before_open,0000950123-16-016033
20160427_CINF,CINF,2016-04-27,edgar_8k,2016-04-26T16:07,before_open,0000020286-16-000064
20160427_DSPG,DSPG,2016-04-27,assumed_after_hours,,assumed_after_hours,
20160427_ELY,ELY,2016-04-27,assumed_after_hours,,assumed_after_hours,
20160427_EVR,EVR,2016-04-27,edgar_8k,2016-04-27T06:10,before_open,0001193125-16-557484
20160427_FCF,FCF,2016-04-27,edgar_8k,2016-04-26T09:17,before_open,0000712537-16-000063
20160427_GPI,GPI,2016-04-27,edgar_8k,2016-04-27T08:27,before_open,0001031203-16-000048
20160427_GRMN,GRMN,2016-04-27,edgar_8k,2016-04-27T08:26,before_open,0001615774-16-005091
20160427_HIW,HIW,2016-04-27,assumed_after_hours,,assumed_after_hours,
20160427_HLT,HLT,2016-04-27,edgar_8k,2016-04-27T06:14,before_open,0001585689-16-000174
20160427_IP,IP,2016-04-27,edgar_8k,2016-04-27T07:31,before_open,0000051434-16-000045
20160427_LDOS,LDOS,2016-04-27,edgar_8k,2016-04-27T06:10,before_open,0001336920-16-000085
20160427_NTGR,NTGR,2016-04-27,edgar_8k,2016-04-27T16:16,after_close,0001122904-16-000180
20160427_O,O,2016-04-27,edgar_8k,2016-04-26T16:22,before_open,0001104659-16-114228
20160427_PSA,PSA,2016-04-27,edgar_8k,2016-04-26T18:41,before_open,0001393311-16-000043
20160427_SIX,SIX,2016-04-27,assumed_after_hours,,assumed_after_hours,
20160427_SLCA,SLCA,2016-04-27,assumed_after_hours,,assumed_after_hours,
20160427_SXC,SXC,2016-04-27,edgar_8k,2016-04-27T06:31,before_open,0001193125-16-557551
20160427_TEX,TEX,2016-04-27,edgar_8k,2016-04-26T16:58,before_open,0000097216-16-000320
20160427_TKR,TKR,2016-04-27,edgar_8k,2016-04-27T07:59,before_open,0000098362-16-000105
20160427_WEX,WEX,2016-04-27,edgar_8k,2016-04-27T06:55,before_open,0001157523-16-005235
20160427_X,X,2016-04-27,assumed_after_hours,,assumed_after_hours,
20160428_ABBV,ABBV,2016-04-28,edgar_8k,2016-04-28T07:26,before_open,0001104659-16-114898
20160428_ATNI,ATNI,2016-04-28,edgar_8k,2016-04-27T20:44,before_open,0001104659-16-114810
20160428_ENVA,ENVA,2016-04-28,edgar_8k,2016-04-28T16:16,after_close,0001144204-16-097114
20160428_GEO,GEO,2016-04-28,assumed_after_hours,,assumed_after_hours,
20160428_GILD,GILD,2016-04-28,edgar_8k,2016-04-28T16:05,after_close,0000882095-16-000043
20160428_GTLS,GTLS,2016-04-28,assumed_after_hours,,assumed_after_hours,
20160428_IDCC,IDCC,2016-04-28,edgar_8k,2016-04-28T09:02,before_open,0001405495-16-000059
20160428_INGR,INGR,2016-04-28,edgar_8k,2016-04-28T07:33,before_open,0001104659-16-114901
20160428_INVA,INVA,2016-04-28,edgar_8k,2016-04-28T16:11,after_close,0001104659-16-115299
20160428_KS,KS,2016-04-28,assumed_after_hours,,assumed_after_hours,
20160428_MO,MO,2016-04-28,edgar_8k,2016-04-28T07:05,before_open,0000764180-16-000141
20160428_ORLY,ORLY,2016-04-28,edgar_8k,2016-04-27T16:33,before_open,0000898173-16-000296
20160428_RTN,RTN,2016-04-28,assumed_after_hours,,assumed_after_hours,
20160428_SPOK,SPOK,2016-04-28,edgar_8k,2016-04-27T16:21,before_open,0001289945-16-000067
20160428_TFX,TFX,2016-04-28,edgar_8k,2016-04-28T07:10,before_open,0000096943-16-000196
20160428_TYL,TYL,2016-04-28,edgar_8k,2016-04-28T10:00,intraday,0001193125-16-561529
20160428_UIHC,UIHC,2016-04-28,assumed_after_hours,,assumed_after_hours,
20160428_ZBH,ZBH,2016-04-28,edgar_8k,2016-04-28T07:40,before_open,0001193125-16-561097
20160429_AAN,AAN,2016-04-29,assumed_after_hours,,assumed_after_hours,
20160429_ACHC,ACHC,2016-04-29,edgar_8k,2016-04-28T16:36,before_open,0001157523-16-005318
20160429_AJG,AJG,2016-04-29,edgar_8k,2016-04-28T17:14,before_open,0001193125-16-564198
20160429_CHE,CHE,2016-04-29,edgar_8k,2016-04-28T16:32,before_open,0001157523-16-005317
20160429_CIR,CIR,2016-04-29,assumed_after_hours,,assumed_after_hours,
20160429_COG,COG,2016-04-29,assumed_after_hours,,assumed_after_hours,
20160429_CTB,CTB,2016-04-29,assumed_after_hours,,assumed_after_hours,
20160429_CVX,CVX,2016-04-29,edgar_8k,2016-04-29T09:02,before_open,0000093410-16-000053
20160429_ECOL,ECOL,2016-04-29,assumed_after_hours,,assumed_after_hours,
20160429_FII,FII,2016-04-29,assumed_after_hours,,assumed_after_hours,
20160429_FLS,FLS,2016-04-29,assumed_after_hours,,assumed_after_hours,
20160429_HIG,HIG,2016-04-29,edgar_8k,2016-04-28T16:25,before_open,0000874766-16-000054
20160429_HST,HST,2016-04-29,edgar_8k,2016-04-29T09:31,intraday,0001564590-16-017073
20160429_IDXX,IDXX,2016-04-29,edgar_8k,2016-04-29T07:01,before_open,0001144204-16-097372
20160429_LEG,LEG,2016-04-29,edgar_8k,2016-04-28T16:47,before_open,0001193125-16-564007
20160429_MATW,MATW,2016-04-29,edgar_8k,2016-04-28T16:35,before_open,0000063296-16-000132
20160429_NFG,NFG,2016-04-29,edgar_8k,2016-04-29T09:24,before_open,0000070145-16-000121
20160429_NR,NR,2016-04-29,assumed_after_hours,,assumed_after_hours,
20160429_NWL,NWL,2016-04-29,edgar_8k,2016-04-29T07:37,before_open,0000814453-16-000197
20160429_OFC,OFC,2016-04-29,assumed_after_hours,,assumed_after_hours,
20160429_PEG,PEG,2016-04-29,edgar_8k,2016-04-29T08:26,before_open,0001193125-16-566280
20160429_PFG,PFG,2016-04-29,edgar_8k,2016-04-29T09:24,before_open,0001126328-16-000455
20160429_PFS,PFS,2016-04-29,edgar_8k,2016-04-29T12:23,intraday,0001628280-16-015006
20160429_PX,PX,2016-04-29,assumed_after_hours,,assumed_after_hours,
20160429_RGA,RGA,2016-04-29,edgar_8k,2016-04-28T16:19,before_open,0000898174-16-000052
20160429_SBSI,SBSI,2016-04-29,edgar_8k,2016-04-28T18:24,before_open,0000705432-16-000177
20160429_STX,STX,2016-04-29,edgar_8k,2016-04-29T08:06,before_open,0001104659-16-115593
20160429_TMST,TMST,2016-04-29,assumed_after_hours,,assumed_after_hours,
20160429_VFC,VFC,2016-04-29,edgar_8k,2016-04-29T06:55,before_open,0001157523-16-005332
20160429_VTR,VTR,2016-04-29,edgar_8k,2016-04-29T06:56,before_open,0001157523-16-005333
20160429_WRK,WRK,2016-04-29,assumed_after_hours,,assumed_after_hours,
20160429_ZEUS,ZEUS,2016-04-29,assumed_after_hours,,assumed_after_hours,
20160502_ACLS,ACLS,2016-05-02,edgar_8k,2016-05-02T16:11,after_close,0001104659-16-116666
20160502_CUB,CUB,2016-05-02,assumed_after_hours,,assumed_after_hours,
20160502_CUTR,CUTR,2016-05-02,assumed_after_hours,,assumed_after_hours,
20160502_EDR,EDR,2016-05-02,assumed_after_hours,,assumed_after_hours,
20160502_EGOV,EGOV,2016-05-02,assumed_after_hours,,assumed_after_hours,
20160502_FN,FN,2016-05-02,edgar_8k,2016-05-02T16:27,after_close,0001193125-16-572657
20160502_LMNX,LMNX,2016-05-02,assumed_after_hours,,assumed_after_hours,
20160502_NSP,NSP,2016-05-02,edgar_8k,2016-05-02T09:42,intraday,0001000753-16-000097
20160502_QLYS,QLYS,2016-05-02,edgar_8k,2016-05-02T16:24,after_close,0001193125-16-572647
20160502_RTEC,RTEC,2016-05-02,assumed_after_hours,,assumed_after_hours,
20160502_TXRH,TXRH,2016-05-02,edgar_8k,2016-05-02T16:50,after_close,0001104659-16-116710
20160503_AEIS,AEIS,2016-05-03,edgar_8k,2016-05-02T16:28,before_open,0000927003-16-000107
20160503_AIN,AIN,2016-05-03,edgar_8k,2016-05-02T17:29,before_open,0001157523-16-005389
20160503_ALE,ALE,2016-05-03,assumed_after_hours,,assumed_after_hours,
20160503_ARE,ARE,2016-05-03,edgar_8k,2016-05-02T16:53,before_open,0001035443-16-000161
20160503_AROC,AROC,2016-05-03,edgar_8k,2016-05-02T21:23,before_open,0001389050-16-000070
20160503_ARW,ARW,2016-05-03,edgar_8k,2016-05-03T08:00,before_open,0001157523-16-005407
20160503_CC,CC,2016-05-03,edgar_8k,2016-05-02T16:36,before_open,0001627223-16-000096
20160503_COTY,COTY,2016-05-03,edgar_8k,2016-05-03T07:06,before_open,0001157523-16-005406
20160503_CRAY,CRAY,2016-05-03,assumed_after_hours,,assumed_after_hours,
20160503_CVS,CVS,2016-05-03,edgar_8k,2016-05-03T06:59,before_open,0000064803-16-000076
20160503_CYH,CYH,2016-05-03,edgar_8k,2016-05-02T16:28,before_open,0001193125-16-572658
20160503_DUK,DUK,2016-05-03,edgar_8k,2016-05-03T07:12,before_open,0001193125-16-573694
20160503_ESE,ESE,2016-05-03,edgar_8k,2016-05-03T16:15,after_close,0000866706-16-000020
20160503_FMC,FMC,2016-05-03,edgar_8k,2016-05-02T16:51,before_open,0000037785-16-000085
20160503_GMED,GMED,2016-05-03,edgar_8k,2016-05-03T16:20,after_close,0001237831-16-000083
20160503_HCI,HCI,2016-05-03,edgar_8k,2016-05-03T16:31,after_close,0001193125-16-575055
20160503_ILMN,ILMN,2016-05-03,edgar_8k,2016-05-03T16:07,after_close,0001110803-16-000185
20160503_KMT,KMT,2016-05-03,edgar_8k,2016-05-02T17:21,before_open,0000055242-16-000045
20160503_LNTH,LNTH,2016-05-03,edgar_8k,2016-05-03T16:02,after_close,0001193125-16-574904
20160503_LTC,LTC,2016-05-03,edgar_8k,2016-05-02T17:00,before_open,0001104659-16-116723
20160503_LYV,LYV,2016-05-03,edgar_8k,2016-05-03T16:14,after_close,0001335258-16-000186
20160503_MNTA,MNTA,2016-05-03,assumed_after_hours,,assumed_after_hours,
20160503_MYGN,MYGN,2016-05-03,edgar_8k,2016-05-03T16:19,after_close,0001193125-16-575001
20160503_NTRI,NTRI,2016-05-03,assumed_after_hours,,assumed_after_hours,
20160503_OGS,OGS,2016-05-03,edgar_8k,2016-05-02T16:08,before_open,0001587732-16-000104
20160503_OLN,OLN,2016-05-03,edgar_8k,2016-05-02T17:46,before_open,0000074303-16-000107
20160503_PFE,PFE,2016-05-03,edgar_8k,2016-05-03T08:51,before_open,0000078003-16-000091
20160503_SMG,SMG,2016-05-03,edgar_8k,2016-05-03T08:04,before_open,0001546380-16-000049
20160503_SXI,SXI,2016-05-03,edgar_8k,2016-05-03T09:01,before_open,0000310354-16-000067
20160503_TCO,TCO,2016-05-03,assumed_after_hours,,assumed_after_hours,
20160503_VLO,VLO,2016-05-03,edgar_8k,2016-05-03T09:00,before_open,0001035002-16-000084
20160503_VMC,VMC,2016-05-03,edgar_8k,2016-05-03T14:20,intraday,0001144204-16-098571
20160503_WCG,WCG,2016-05-03,assumed_after_hours,,assumed_after_hours,
20160504_ARRS,ARRS,2016-05-04,assumed_after_hours,,assumed_after_hours,
20160504_AVA,AVA,2016-05-04,edgar_8k,2016-05-03T20:29,before_open,0000104918-16-000214
20160504_BKNG,BKNG,2016-05-04,edgar_8k,2016-05-04T07:04,before_open,0001075531-16-000097
20160504_CLH,CLH,2016-05-04,edgar_8k,2016-05-04T08:00,before_open,0001104659-16-117418
20160504_CSGS,CSGS,2016-05-04,assumed_after_hours,,assumed_after_hours,
20160504_CTL,CTL,2016-05-04,assumed_after_hours,,assumed_after_hours,
20160504_CTLT,CTLT,2016-05-04,assumed_after_hours,,assumed_after_hours,
20160504_D,D,2016-05-04,edgar_8k,2016-05-04T08:15,before_open,0000715957-16-000040
20160504_DVN,DVN,2016-05-04,edgar_8k,2016-05-03T16:37,before_open,0001193125-16-575083
20160504_FARO,FARO,2016-05-04,assumed_after_hours,,assumed_after_hours,
20160504_FTK,FTK,2016-05-04,edgar_8k,2016-05-03T21:42,before_open,0001193125-16-575706
20160504_HFC,HFC,2016-05-04,assumed_after_hours,,assumed_after_hours,
20160504_HSC,HSC,2016-05-04,assumed_after_hours,,assumed_after_hours,
20160504_ICE,ICE,2016-05-04,edgar_8k,2016-05-04T07:30,before_open,0001571049-16-014747
20160504_INN,INN,2016-05-04,edgar_8k,2016-05-03T16:40,before_open,0001144204-16-098644
20160504_IOSP,IOSP,2016-05-04,edgar_8k,2016-05-04T07:26,before_open,0001299933-16-002389
20160504_JKHY,JKHY,2016-05-04,edgar_8k,2016-05-03T17:26,before_open,0000779152-16-000112
20160504_LITE,LITE,2016-05-04,edgar_8k,2016-05-04T16:16,after_close,0001628280-16-015501
20160504_LPSN,LPSN,2016-05-04,edgar_8k,2016-05-04T16:24,after_close,0001102993-16-000028
20160504_MASI,MASI,2016-05-04,edgar_8k,2016-05-04T16:08,after_close,0000937556-16-000278
20160504_MATX,MATX,2016-05-04,edgar_8k,2016-05-04T16:10,after_close,0001104659-16-117687
20160504_MDU,MDU,2016-05-04,edgar_8k,2016-05-03T17:38,before_open,0000067716-16-000144
20160504_MPW,MPW,2016-05-04,assumed_after_hours,,assumed_after_hours,
20160504_MTDR,MTDR,2016-05-04,edgar_8k,2016-05-04T08:06,before_open,0001520006-16-000293
20160504_OMI,OMI,2016-05-04,assumed_after_hours,,assumed_after_hours,
20160504_POWL,POWL,2016-05-04,edgar_8k,2016-05-04T10:05,intraday,0001193125-16-576528
20160504_PZZA,PZZA,2016-05-04,edgar_8k,2016-05-03T17:05,before_open,0001157523-16-005433
20160504_RDC,RDC,2016-05-04,assumed_after_hours,,assumed_after_hours,
20160504_REG,REG,2016-05-04,edgar_8k,2016-05-04T13:03,intraday,0000910606-16-000059
20160504_SSTK,SSTK,2016-05-04,edgar_8k,2016-05-04T07:36,before_open,0001549346-16-000032
20160504_STRA,STRA,2016-05-04,edgar_8k,2016-05-04T02:30,before_open,0001157523-16-005449
20160504_SUPN,SUPN,2016-05-04,edgar_8k,2016-05-03T18:19,before_open,0001104659-16-117275
20160504_UFCS,UFCS,2016-05-04,edgar_8k,2016-05-04T07:38,before_open,0000101199-16-000520
20160504_VECO,VECO,2016-05-04,edgar_8k,2016-05-04T16:15,after_close,0001104659-16-117692
20160504_VRSK,VRSK,2016-05-04,edgar_8k,2016-05-03T16:14,before_open,0001442145-16-000068
20160504_VSI,VSI,2016-05-04,assumed_after_hours,,assumed_after_hours,
20160504_WTR,WTR,2016-05-04,assumed_after_hours,,assumed_after_hours,
20160504_XOXO,XOXO,2016-05-04,assumed_after_hours,,assumed_after_hours,
20160504_ZTS,ZTS,2016-05-04,edgar_8k,2016-05-04T07:01,before_open,0001555280-16-000385
20160505_AAWW,AAWW,2016-05-05,assumed_after_hours,,assumed_after_hours,
20160505_ALEX,ALEX,2016-05-05,assumed_after_hours,,assumed_after_hours,
20160505_ANDE,ANDE,2016-05-05,edgar_8k,2016-05-04T16:39,before_open,0000821026-16-000076
20160505_ANDV,ANDV,2016-05-05,assumed_after_hours,,assumed_after_hours,
20160505_ANSS,ANSS,2016-05-05,assumed_after_hours,,assumed_after_hours,
20160505_ATGE,ATGE,2016-05-05,assumed_after_hours,,assumed_after_hours,
20160505_AWR,AWR,2016-05-05,edgar_8k,2016-05-04T16:45,before_open,0001157523-16-005477
20160505_BDX,BDX,2016-05-05,edgar_8k,2016-05-05T06:16,before_open,0001193125-16-578574
20160505_BEL,BEL,2016-05-05,assumed_after_hours,,assumed_after_hours,
20160505_CB,CB,2016-05-05,edgar_8k,2016-05-04T17:32,before_open,0001193125-16-577986
20160505_CHK,CHK,2016-05-05,assumed_after_hours,,assumed_after_hours,
20160505_CLDT,CLDT,2016-05-05,edgar_8k,2016-05-05T08:38,before_open,0001476045-16-000116
20160505_CNSL,CNSL,2016-05-05,assumed_after_hours,,assumed_after_hours,
20160505_CONE,CONE,2016-05-05,assumed_after_hours,,assumed_after_hours,
20160505_CTRL,CTRL,2016-05-05,assumed_after_hours,,assumed_after_hours,
20160505_CUZ,CUZ,2016-05-05,edgar_8k,2016-05-04T16:41,before_open,0000025232-16-000058
20160505_CXO,CXO,2016-05-05,assumed_after_hours,,assumed_after_hours,
20160505_DIN,DIN,2016-05-05,edgar_8k,2016-05-05T08:11,before_open,0001104659-16-117998
20160505_EGL,EGL,2016-05-05,assumed_after_hours,,assumed_after_hours,
20160505_ENDP,ENDP,2016-05-05,assumed_after_hours,,assumed_after_hours,
20160505_ES,ES,2016-05-05,edgar_8k,2016-05-04T16:17,before_open,0000072741-16-000069
20160505_FLR,FLR,2016-05-05,edgar_8k,2016-05-05T16:19,after_close,0001104659-16-118307
20160505_FTD,FTD,2016-05-05,assumed_after_hours,,assumed_after_hours,
20160505_GPOR,GPOR,2016-05-05,edgar_8k,2016-05-04T20:15,before_open,0001193125-16-578219
20160505_GTY,GTY,2016-05-05,edgar_8k,2016-05-04T16:16,before_open,0001193125-16-577615
20160505_INTL,INTL,2016-05-05,assumed_after_hours,,assumed_after_hours,
20160505_IPCC,IPCC,2016-05-05,assumed_after_hours,,assumed_after_hours,
20160505_JCOM,JCOM,2016-05-05,assumed_after_hours,,assumed_after_hours,
20160505_K,K,2016-05-05,assumed_after_hours,,assumed_after_hours,
20160505_LAMR,LAMR,2016-05-05,edgar_8k,2016-05-05T07:34,before_open,0001193125-16-578705
20160505_LFUS,LFUS,2016-05-05,edgar_8k,2016-05-05T07:30,before_open,0001437749-16-030854
20160505_LHCG,LHCG,2016-05-05,assumed_after_hours,,assumed_after_hours,
20160505_LNC,LNC,2016-05-05,edgar_8k,2016-05-04T16:15,before_open,0000059558-16-000085
20160505_MDR,MDR,2016-05-05,assumed_after_hours,,assumed_after_hours,
20160505_MHLD,MHLD,2016-05-05,assumed_after_hours,,assumed_after_hours,
20160505_MMS,MMS,2016-05-05,assumed_after_hours,,assumed_after_hours,
20160505_MRO,MRO,2016-05-05,assumed_after_hours,,assumed_after_hours,
20160505_MSI,MSI,2016-05-05,edgar_8k,2016-05-05T16:16,after_close,0001193125-16-579931
20160505_MTRX,MTRX,2016-05-05,edgar_8k,2016-05-04T16:44,before_open,0000866273-16-000157
20160505_NPO,NPO,2016-05-05,edgar_8k,2016-05-05T09:26,before_open,0001164863-16-000044
20160505_NRG,NRG,2016-05-05,edgar_8k,2016-05-05T06:45,before_open,0001104659-16-117949
20160505_OA,OA,2016-05-05,assumed_after_hours,,assumed_after_hours,
20160505_OHI,OHI,2016-05-05,edgar_8k,2016-05-04T16:42,before_open,0000888491-16-000036
20160505_OXY,OXY,2016-05-05,edgar_8k,2016-05-05T06:57,before_open,0001104659-16-117954
20160505_PRI,PRI,2016-05-05,edgar_8k,2016-05-04T16:13,before_open,0001157523-16-005468
20160505_RGEN,RGEN,2016-05-05,edgar_8k,2016-05-05T07:49,before_open,0001193125-16-578736
20160505_RIG,RIG,2016-05-05,edgar_8k,2016-05-04T16:34,before_open,0001451505-16-000202
20160505_SBH,SBH,2016-05-05,edgar_8k,2016-05-05T06:30,before_open,0001104659-16-117934
20160505_SFM,SFM,2016-05-05,edgar_8k,2016-05-05T09:05,before_open,0001564590-16-017819
20160505_SPPI,SPPI,2016-05-05,assumed_after_hours,,assumed_after_hours,
20160505_SPXC,SPXC,2016-05-05,edgar_8k,2016-05-05T16:20,after_close,0001104659-16-118311
20160505_SWM,SWM,2016-05-05,assumed_after_hours,,assumed_after_hours,
20160505_THG,THG,2016-05-05,edgar_8k,2016-05-04T17:04,before_open,0001193125-16-577879
20160505_TRIP,TRIP,2016-05-05,edgar_8k,2016-05-04T16:01,before_open,0001564590-16-017640
20160505_UEIC,UEIC,2016-05-05,edgar_8k,2016-05-05T16:09,after_close,0000101984-16-000068
20160505_UNT,UNT,2016-05-05,assumed_after_hours,,assumed_after_hours,
20160505_VG,VG,2016-05-05,assumed_after_hours,,assumed_after_hours,
20160505_WAGE,WAGE,2016-05-05,assumed_after_hours,,assumed_after_hours,
20160505_WGL,WGL,2016-05-05,assumed_after_hours,,assumed_after_hours,
20160505_WING,WING,2016-05-05,edgar_8k,2016-05-05T16:04,after_close,0001636222-16-000037
20160505_WMB,WMB,2016-05-05,edgar_8k,2016-05-04T17:26,before_open,0001193125-16-577973
20160505_WPG,WPG,2016-05-05,assumed_after_hours,,assumed_after_hours,
20160505_WPX,WPX,2016-05-05,assumed_after_hours,,assumed_after_hours,
20160505_WYNN,WYNN,2016-05-05,edgar_8k,2016-05-05T16:13,after_close,0001174922-16-000178
20160506_AXL,AXL,2016-05-06,assumed_after_hours,,assumed_after_hours,
20160506_DRH,DRH,2016-05-06,edgar_8k,2016-05-06T14:01,intraday,0001104659-16-118695
20160506_EOG,EOG,2016-05-06,edgar_8k,2016-05-05T16:51,before_open,0000821189-16-000066
20160506_MHK,MHK,2016-05-06,edgar_8k,2016-05-05T16:16,before_open,0000851968-16-000159
20160506_NAVG,NAVG,2016-05-06,assumed_after_hours,,assumed_after_hours,
20160506_PGR,PGR,2016-05-06,assumed_after_hours,,assumed_after_hours,
20160506_POST,POST,2016-05-06,edgar_8k,2016-05-05T17:07,before_open,0001530950-16-000381
20160506_PRSC,PRSC,2016-05-06,assumed_after_hours,,assumed_after_hours,
20160506_ROCK,ROCK,2016-05-06,assumed_after_hours,,assumed_after_hours,
20160506_SEM,SEM,2016-05-06,edgar_8k,2016-05-05T16:51,before_open,0001104659-16-118340
20160506_TDS,TDS,2016-05-06,edgar_8k,2016-05-06T08:19,before_open,0001051512-16-000088
20160506_TPRE,TPRE,2016-05-06,assumed_after_hours,,assumed_after_hours,
20160506_WLTW,WLTW,2016-05-06,assumed_after_hours,,assumed_after_hours,
20160506_XRAY,XRAY,2016-05-06,edgar_8k,2016-05-06T07:46,before_open,0000818479-16-000061
20160509_AMPH,AMPH,2016-05-09,edgar_8k,2016-05-09T16:18,after_close,0001297184-16-000007
20160509_BID,BID,2016-05-09,assumed_after_hours,,assumed_after_hours,
20160509_DEA,DEA,2016-05-09,edgar_8k,2016-05-09T07:01,before_open,0001193125-16-582717
20160509_DPLO,DPLO,2016-05-09,assumed_after_hours,,assumed_after_hours,
20160509_EBIX,EBIX,2016-05-09,assumed_after_hours,,assumed_after_hours,
20160509_EGRX,EGRX,2016-05-09,assumed_after_hours,,assumed_after_hours,
20160509_ENTA,ENTA,2016-05-09,edgar_8k,2016-05-09T16:11,after_close,0001193125-16-583825
20160509_FCPT,FCPT,2016-05-09,edgar_8k,2016-05-09T07:06,before_open,0001193125-16-582726
20160509_ILG,ILG,2016-05-09,assumed_after_hours,,assumed_after_hours,
20160509_INCY,INCY,2016-05-09,edgar_8k,2016-05-09T10:08,intraday,0001104659-16-119040
20160509_LPX,LPX,2016-05-09,edgar_8k,2016-05-09T07:05,before_open,0001504337-16-000053
20160509_MDCO,MDCO,2016-05-09,assumed_after_hours,,assumed_after_hours,
20160509_MXL,MXL,2016-05-09,edgar_8k,2016-05-09T16:21,after_close,0001193125-16-583872
20160509_SEDG,SEDG,2016-05-09,edgar_8k,2016-05-09T16:52,after_close,0001178913-16-005344
20160509_STMP,STMP,2016-05-09,assumed_after_hours,,assumed_after_hours,
20160509_TSN,TSN,2016-05-09,edgar_8k,2016-05-09T07:32,before_open,0000100493-16-000221
20160510_ACM,ACM,2016-05-10,edgar_8k,2016-05-10T12:32,intraday,0001104659-16-119621
20160510_AGN,AGN,2016-05-10,assumed_after_hours,,assumed_after_hours,
20160510_CNK,CNK,2016-05-10,edgar_8k,2016-05-10T07:00,before_open,0001193125-16-584662
20160510_CNP,CNP,2016-05-10,edgar_8k,2016-05-10T06:38,before_open,0001193125-16-584633
20160510_CORE,CORE,2016-05-10,assumed_after_hours,,assumed_after_hours,
20160510_CVG,CVG,2016-05-10,assumed_after_hours,,assumed_after_hours,
20160510_EA,EA,2016-05-10,edgar_8k,2016-05-10T16:05,after_close,0000712515-16-000097
20160510_EZPW,EZPW,2016-05-10,edgar_8k,2016-05-09T16:51,before_open,0000876523-16-000173
20160510_IVR,IVR,2016-05-10,edgar_8k,2016-05-09T16:29,before_open,0001437071-16-000064
20160510_LGIH,LGIH,2016-05-10,edgar_8k,2016-05-10T10:05,intraday,0001580670-16-000202
20160510_LL,LL,2016-05-10,assumed_after_hours,,assumed_after_hours,
20160510_NCLH,NCLH,2016-05-10,edgar_8k,2016-05-10T08:04,before_open,0001171843-16-009853
20160510_NSA,NSA,2016-05-10,edgar_8k,2016-05-09T16:46,before_open,0001618563-16-000070
20160510_PAHC,PAHC,2016-05-10,edgar_8k,2016-05-09T16:55,before_open,0001571049-16-015018
20160510_QNST,QNST,2016-05-10,edgar_8k,2016-05-10T16:17,after_close,0001193125-16-585611
20160510_RBC,RBC,2016-05-10,assumed_after_hours,,assumed_after_hours,
20160510_SCSC,SCSC,2016-05-10,edgar_8k,2016-05-10T16:07,after_close,0000918965-16-000043
20160510_TDG,TDG,2016-05-10,edgar_8k,2016-05-10T08:13,before_open,0001260221-16-000051
20160510_TREX,TREX,2016-05-10,edgar_8k,2016-05-10T07:15,before_open,0001157523-16-005557
20160510_VRTV,VRTV,2016-05-10,assumed_after_hours,,assumed_after_hours,
20160511_AEE,AEE,2016-05-11,edgar_8k,2016-05-10T16:26,before_open,0001002910-16-000259
20160511_ALB,ALB,2016-05-11,edgar_8k,2016-05-10T16:44,before_open,0000915913-16-000051
20160511_BLD,BLD,2016-05-11,edgar_8k,2016-05-11T06:45,before_open,0001558370-16-005851
20160511_CA,CA,2016-05-11,assumed_after_hours,,assumed_after_hours,
20160511_IPAR,IPAR,2016-05-11,edgar_8k,2016-05-10T16:30,before_open,0001144204-16-100474
20160511_KELYA,KELYA,2016-05-11,edgar_8k,2016-05-11T07:59,before_open,0000055135-16-000098
20160511_M,M,2016-05-11,edgar_8k,2016-05-11T08:53,before_open,0000794367-16-000234
20160511_MCF,MCF,2016-05-11,assumed_after_hours,,assumed_after_hours,
20160511_MTSC,MTSC,2016-05-11,assumed_after_hours,,assumed_after_hours,
20160512_CTRE,CTRE,2016-05-12,edgar_8k,2016-05-11T16:17,before_open,0001193125-16-587142
20160513_JCP,JCP,2016-05-13,assumed_after_hours,,assumed_after_hours,
20160516_A,A,2016-05-16,edgar_8k,2016-05-16T16:07,after_close,0001090872-16-000060
20160517_AKRX,AKRX,2016-05-17,assumed_after_hours,,assumed_after_hours,
20160517_RRGB,RRGB,2016-05-17,edgar_8k,2016-05-17T08:33,before_open,0001171759-16-000026
20160517_TJX,TJX,2016-05-17,edgar_8k,2016-05-17T09:44,intraday,0001157523-16-005636
20160518_ADI,ADI,2016-05-18,edgar_8k,2016-05-18T08:07,before_open,0001157523-16-005657
20160518_AEO,AEO,2016-05-18,assumed_after_hours,,assumed_after_hours,
20160518_LOW,LOW,2016-05-18,edgar_8k,2016-05-18T09:09,before_open,0000060667-16-000304
20160518_PLAB,PLAB,2016-05-18,edgar_8k,2016-05-18T16:04,after_close,0001140361-16-066142
20160518_STE,STE,2016-05-18,assumed_after_hours,,assumed_after_hours,
20160518_TGT,TGT,2016-05-18,edgar_8k,2016-05-18T08:03,before_open,0000027419-16-000048
20160518_TTWO,TTWO,2016-05-18,edgar_8k,2016-05-18T16:13,after_close,0001104659-16-121872
20160519_AAP,AAP,2016-05-19,edgar_8k,2016-05-19T06:42,before_open,0001158449-16-000388
20160519_DKS,DKS,2016-05-19,edgar_8k,2016-05-19T08:14,before_open,0001089063-16-000147
20160519_EGHT,EGHT,2016-05-19,edgar_8k,2016-05-19T16:05,after_close,0001136261-16-000488
20160519_EXP,EXP,2016-05-19,edgar_8k,2016-05-18T16:31,before_open,0001193125-16-594518
20160519_FLO,FLO,2016-05-19,edgar_8k,2016-05-19T07:56,before_open,0001193125-16-595242
20160519_GPS,GPS,2016-05-19,assumed_after_hours,,assumed_after_hours,
20160519_KEYS,KEYS,2016-05-19,edgar_8k,2016-05-19T16:11,after_close,0001601046-16-000060
20160519_MNRO,MNRO,2016-05-19,edgar_8k,2016-05-20T11:19,after_call_date,0001193125-16-597072
20160519_QSII,QSII,2016-05-19,assumed_after_hours,,assumed_after_hours,
20160519_RAVN,RAVN,2016-05-19,assumed_after_hours,,assumed_after_hours,
20160519_ROST,ROST,2016-05-19,edgar_8k,2016-05-19T16:02,after_close,0000745732-16-000045
20160519_TTC,TTC,2016-05-19,edgar_8k,2016-05-19T08:30,before_open,0001104659-16-121981
20160519_WMT,WMT,2016-05-19,edgar_8k,2016-05-19T07:00,before_open,0000104169-16-000083
20160520_HIBB,HIBB,2016-05-20,assumed_after_hours,,assumed_after_hours,
20160524_AZO,AZO,2016-05-24,edgar_8k,2016-05-24T07:15,before_open,0001171843-16-010269
20160524_BBY,BBY,2016-05-24,edgar_8k,2016-05-24T07:00,before_open,0000764478-16-000069
20160524_DSW,DSW,2016-05-24,assumed_after_hours,,assumed_after_hours,
20160524_HPE,HPE,2016-05-24,edgar_8k,2016-05-24T16:06,after_close,0001104659-16-122953
20160524_KIRK,KIRK,2016-05-24,assumed_after_hours,,assumed_after_hours,
20160524_TOL,TOL,2016-05-24,edgar_8k,2016-05-24T10:26,intraday,0000794170-16-000101
20160525_DY,DY,2016-05-25,edgar_8k,2016-05-25T07:26,before_open,0000067215-16-000074
20160525_EV,EV,2016-05-25,assumed_after_hours,,assumed_after_hours,
20160525_EXPR,EXPR,2016-05-25,assumed_after_hours,,assumed_after_hours,
20160525_GES,GES,2016-05-25,assumed_after_hours,,assumed_after_hours,
20160525_HPQ,HPQ,2016-05-25,edgar_8k,2016-05-25T16:41,after_close,0000047217-16-000071
20160525_TIF,TIF,2016-05-25,assumed_after_hours,,assumed_after_hours,
20160526_ANF,ANF,2016-05-26,assumed_after_hours,,assumed_after_hours,
20160526_CAL,CAL,2016-05-26,edgar_8k,2016-05-26T16:21,after_close,0000014707-16-000098
20160526_CHS,CHS,2016-05-26,assumed_after_hours,,assumed_after_hours,
20160526_COST,COST,2016-05-26,edgar_8k,2016-05-26T12:25,intraday,0001193125-16-603698
20160526_CPRT,CPRT,2016-05-26,edgar_8k,2016-05-25T18:01,before_open,0000900075-16-000035
20160526_DECK,DECK,2016-05-26,edgar_8k,2016-05-26T16:07,after_close,0001157523-16-005749
20160526_MOV,MOV,2016-05-26,edgar_8k,2016-05-26T08:30,before_open,0000950142-16-003785
20160526_PDCO,PDCO,2016-05-26,assumed_after_hours,,assumed_after_hours,
20160526_PVH,PVH,2016-05-26,edgar_8k,2016-05-25T16:25,before_open,0000078239-16-000072
20160526_SAFM,SAFM,2016-05-26,assumed_after_hours,,assumed_after_hours,
20160526_SPTN,SPTN,2016-05-26,assumed_after_hours,,assumed_after_hours,
20160526_ULTA,ULTA,2016-05-26,edgar_8k,2016-05-26T16:12,after_close,0001193125-16-604238
20160527_BIG,BIG,2016-05-27,assumed_after_hours,,assumed_after_hours,
20160527_LABL,LABL,2016-05-27,assumed_after_hours,,assumed_after_hours,
20160531_ASNA,ASNA,2016-05-31,assumed_after_hours,,assumed_after_hours,
20160531_MDT,MDT,2016-05-31,edgar_8k,2016-05-31T06:47,before_open,0001613103-16-000087
20160601_ALOG,ALOG,2016-06-01,assumed_after_hours,,assumed_after_hours,
20160601_DAKT,DAKT,2016-06-01,edgar_8k,2016-06-01T11:46,intraday,0000915779-16-000155
20160601_NX,NX,2016-06-01,edgar_8k,2016-05-31T16:15,before_open,0001171843-16-010394
20160601_OLLI,OLLI,2016-06-01,edgar_8k,2016-06-01T16:16,after_close,0001193125-16-609933
20160601_VRA,VRA,2016-06-01,edgar_8k,2016-06-01T08:49,before_open,0001495320-16-000071
20160602_AMWD,AMWD,2016-06-02,assumed_after_hours,,assumed_after_hours,
20160602_AVGO,AVGO,2016-06-02,assumed_after_hours,,assumed_after_hours,
20160602_CIEN,CIEN,2016-06-02,edgar_8k,2016-06-02T07:09,before_open,0000936395-16-000098
20160602_DCI,DCI,2016-06-02,edgar_8k,2016-06-02T12:16,intraday,0000897101-16-002480
20160602_FIVE,FIVE,2016-06-02,edgar_8k,2016-06-02T16:19,after_close,0001628280-16-016895
20160602_ZUMZ,ZUMZ,2016-06-02,edgar_8k,2016-06-02T16:15,after_close,0001102624-16-002930
20160606_UNFI,UNFI,2016-06-06,edgar_8k,2016-06-06T16:10,after_close,0001020859-16-000243
20160607_CASY,CASY,2016-06-07,edgar_8k,2016-06-06T16:02,before_open,0000726958-16-000196
20160607_HQY,HQY,2016-06-07,edgar_8k,2016-06-07T16:34,after_close,0001428336-16-000046
20160607_MIK,MIK,2016-06-07,assumed_after_hours,,assumed_after_hours,
20160607_OXM,OXM,2016-06-07,edgar_8k,2016-06-07T16:10,after_close,0001171843-16-010549
20160607_PLAY,PLAY,2016-06-07,edgar_8k,2016-06-08T09:58,after_call_date,0001144204-16-107411
20160721_BBT,BBT,2016-07-21,assumed_after_hours,,assumed_after_hours,
20160721_BHE,BHE,2016-07-21,edgar_8k,2016-07-21T16:57,after_close,0000863436-16-000056
20160721_CBU,CBU,2016-07-21,edgar_8k,2016-07-21T09:41,intraday,0000723188-16-000089
20160721_GM,GM,2016-07-21,edgar_8k,2016-07-21T10:13,intraday,0001467858-16-000340
20160721_HBAN,HBAN,2016-07-21,assumed_after_hours,,assumed_after_hours,
20160721_IPG,IPG,2016-07-21,assumed_after_hours,,assumed_after_hours,
20160721_PLXS,PLXS,2016-07-21,edgar_8k,2016-07-20T17:07,before_open,0000785786-16-000090
20160721_POOL,POOL,2016-07-21,edgar_8k,2016-07-21T09:45,intraday,0000945841-16-000263
20160721_PPG,PPG,2016-07-21,edgar_8k,2016-07-21T12:20,intraday,0000079879-16-000090
20160721_RJF,RJF,2016-07-21,edgar_8k,2016-07-20T17:17,before_open,0000720005-16-000140
20160721_SCHL,SCHL,2016-07-21,edgar_8k,2016-07-21T07:01,before_open,0001144204-16-113800
20160721_UFPI,UFPI,2016-07-21,edgar_8k,2016-07-20T16:22,before_open,0000912767-16-000056
20160721_VMI,VMI,2016-07-21,edgar_8k,2016-07-20T17:48,before_open,0000900440-16-000208
20160722_FFBC,FFBC,2016-07-22,edgar_8k,2016-07-21T16:20,before_open,0000708955-16-000130
20160722_FWRD,FWRD,2016-07-22,edgar_8k,2016-07-21T16:07,before_open,0000912728-16-000260
20160722_HNI,HNI,2016-07-22,edgar_8k,2016-07-21T16:33,before_open,0000048287-16-000079
20160722_INDB,INDB,2016-07-22,edgar_8k,2016-07-21T16:17,before_open,0000776901-16-000469
20160722_OFG,OFG,2016-07-22,edgar_8k,2016-07-22T09:46,intraday,0001030469-16-000079
20160722_SLB,SLB,2016-07-22,edgar_8k,2016-07-21T16:25,before_open,0001193125-16-653714
20160722_STI,STI,2016-07-22,assumed_after_hours,,assumed_after_hours,
20160722_TRST,TRST,2016-07-22,edgar_8k,2016-07-21T16:00,before_open,0001140361-16-072991
20160722_VFC,VFC,2016-07-22,edgar_8k,2016-07-22T06:55,before_open,0001157523-16-006150
20160726_AKAM,AKAM,2016-07-26,edgar_8k,2016-07-26T16:09,after_close,0001086222-16-000338
20160726_AKS,AKS,2016-07-26,assumed_after_hours,,assumed_after_hours,
20160726_AVB,AVB,2016-07-26,edgar_8k,2016-07-26T09:00,before_open,0000915912-16-000032
20160726_AXE,AXE,2016-07-26,assumed_after_hours,,assumed_after_hours,
20160726_BJRI,BJRI,2016-07-26,edgar_8k,2016-07-26T16:03,after_close,0001171843-16-011243
20160726_CAT,CAT,2016-07-26,edgar_8k,2016-07-26T07:47,before_open,0000018230-16-000611
20160726_CLGX,CLGX,2016-07-26,assumed_after_hours,,assumed_after_hours,
20160726_CMP,CMP,2016-07-26,edgar_8k,2016-07-25T16:28,before_open,0001227654-16-000202
20160726_CNC,CNC,2016-07-26,edgar_8k,2016-07-25T20:20,before_open,0001071739-16-000262
20160726_GHL,GHL,2016-07-26,assumed_after_hours,,assumed_after_hours,
20160726_GMED,GMED,2016-07-26,edgar_8k,2016-07-26T16:35,after_close,0001237831-16-000092
20160726_HSTM,HSTM,2016-07-26,edgar_8k,2016-07-25T16:59,before_open,0001299933-16-002774
20160726_HZO,HZO,2016-07-26,edgar_8k,2016-07-26T09:07,before_open,0001299933-16-002777
20160726_ILMN,ILMN,2016-07-26,edgar_8k,2016-07-26T16:10,after_close,0001110803-16-000194
20160726_KN,KN,2016-07-26,edgar_8k,2016-07-26T16:02,after_close,0001587523-16-000042
20160726_MDR,MDR,2016-07-26,assumed_after_hours,,assumed_after_hours,
20160726_MDXG,MDXG,2016-07-26,edgar_8k,2016-07-26T08:54,before_open,0001376339-16-000196
20160726_MMM,MMM,2016-07-26,edgar_8k,2016-07-26T07:41,before_open,0001104659-16-134253
20160726_NUVA,NUVA,2016-07-26,assumed_after_hours,,assumed_after_hours,
20160726_PCAR,PCAR,2016-07-26,edgar_8k,2016-07-26T08:04,before_open,0001193125-16-657327
20160726_PCH,PCH,2016-07-26,assumed_after_hours,,assumed_after_hours,
20160726_SAH,SAH,2016-07-26,edgar_8k,2016-07-26T08:09,before_open,0001193125-16-657335
20160726_ULTI,ULTI,2016-07-26,assumed_after_hours,,assumed_after_hours,
20160726_ZION,ZION,2016-07-26,edgar_8k,2016-07-26T16:23,after_close,0000109380-16-000484
20160727_BA,BA,2016-07-27,edgar_8k,2016-07-27T07:59,before_open,0000950123-16-018547
20160727_BANR,BANR,2016-07-27,edgar_8k,2016-07-27T11:21,intraday,0000939057-16-000928
20160727_BXP,BXP,2016-07-27,edgar_8k,2016-07-26T17:45,before_open,0001193125-16-658441
20160727_CINF,CINF,2016-07-27,edgar_8k,2016-07-26T16:06,before_open,0000020286-16-000083
20160727_CMCSA,CMCSA,2016-07-27,edgar_8k,2016-07-27T07:05,before_open,0001104659-16-134470
20160727_CUZ,CUZ,2016-07-27,edgar_8k,2016-07-26T16:30,before_open,0000025232-16-000065
20160727_EVR,EVR,2016-07-27,edgar_8k,2016-07-27T06:06,before_open,0001193125-16-659007
20160727_FLIR,FLIR,2016-07-27,assumed_after_hours,,assumed_after_hours,
20160727_GRMN,GRMN,2016-07-27,edgar_8k,2016-07-27T08:52,before_open,0001615774-16-006452
20160727_NOC,NOC,2016-07-27,edgar_8k,2016-07-27T06:03,before_open,0001133421-16-000102
20160727_PSB,PSB,2016-07-27,assumed_after_hours,,assumed_after_hours,
20160727_RNR,RNR,2016-07-27,edgar_8k,2016-07-26T16:15,before_open,0001628280-16-017759
20160727_VLY,VLY,2016-07-27,edgar_8k,2016-07-27T09:41,intraday,0000714310-16-000263
20160728_AEP,AEP,2016-07-28,edgar_8k,2016-07-28T07:36,before_open,0000004904-16-000082
20160728_AHL,AHL,2016-07-28,assumed_after_hours,,assumed_after_hours,
20160728_AMT,AMT,2016-07-28,edgar_8k,2016-07-28T07:07,before_open,0001053507-16-000045
20160728_AMZN,AMZN,2016-07-28,edgar_8k,2016-07-28T16:09,after_close,0001018724-16-000282
20160728_ANIK,ANIK,2016-07-28,edgar_8k,2016-07-27T16:07,before_open,0001157523-16-006245
20160728_BCC,BCC,2016-07-28,edgar_8k,2016-07-27T18:01,before_open,0001328581-16-000255
20160728_BCO,BCO,2016-07-28,edgar_8k,2016-07-28T08:33,before_open,0000078890-16-000096
20160728_BCOR,BCOR,2016-07-28,assumed_after_hours,,assumed_after_hours,
20160728_BGS,BGS,2016-07-28,edgar_8k,2016-07-28T16:23,after_close,0001558370-16-006897
20160728_BWA,BWA,2016-07-28,edgar_8k,2016-07-28T08:11,before_open,0000908255-16-000123
20160728_CATM,CATM,2016-07-28,assumed_after_hours,,assumed_after_hours,
20160728_CCMP,CCMP,2016-07-28,assumed_after_hours,,assumed_after_hours,
20160728_CELG,CELG,2016-07-28,assumed_after_hours,,assumed_after_hours,
20160728_CL,CL,2016-07-28,edgar_8k,2016-07-28T07:00,before_open,0001157523-16-006271
20160728_CME,CME,2016-07-28,edgar_8k,2016-07-28T07:17,before_open,0001156375-16-000187
20160728_CMO,CMO,2016-07-28,assumed_after_hours,,assumed_after_hours,
20160728_COLB,COLB,2016-07-28,edgar_8k,2016-07-28T19:26,after_close,0000887343-16-000087
20160728_CPF,CPF,2016-07-28,edgar_8k,2016-07-28T06:01,before_open,0001104659-16-134705
20160728_CWT,CWT,2016-07-28,edgar_8k,2016-07-28T09:01,before_open,0001104659-16-134798
20160728_CY,CY,2016-07-28,assumed_after_hours,,assumed_after_hours,
20160728_CYTK,CYTK,2016-07-28,edgar_8k,2016-07-28T16:10,after_close,0001299933-16-002804
20160728_DBD,DBD,2016-07-28,edgar_8k,2016-07-28T07:27,before_open,0000028823-16-000213
20160728_DLR,DLR,2016-07-28,edgar_8k,2016-07-28T16:37,after_close,0001297996-16-000201
20160728_DRE,DRE,2016-07-28,assumed_after_hours,,assumed_after_hours,
20160728_EHTH,EHTH,2016-07-28,edgar_8k,2016-07-28T16:18,after_close,0001333493-16-000124
20160728_EIG,EIG,2016-07-28,edgar_8k,2016-07-27T16:50,before_open,0001379041-16-000367
20160728_EXPE,EXPE,2016-07-28,edgar_8k,2016-07-28T16:06,after_close,0001193125-16-662199
20160728_EXR,EXR,2016-07-28,edgar_8k,2016-07-27T16:26,before_open,0001628280-16-017808
20160728_FSS,FSS,2016-07-28,assumed_after_hours,,assumed_after_hours,
20160728_FTNT,FTNT,2016-07-28,edgar_8k,2016-07-28T16:18,after_close,0001262039-16-000076
20160728_GOV,GOV,2016-07-28,assumed_after_hours,,assumed_after_hours,
20160728_GPN,GPN,2016-07-28,edgar_8k,2016-07-28T07:15,before_open,0001123360-16-000090
20160728_HOG,HOG,2016-07-28,edgar_8k,2016-07-28T08:03,before_open,0000793952-16-000081
20160728_IDA,IDA,2016-07-28,edgar_8k,2016-07-28T08:31,before_open,0001057877-16-000304
20160728_INVA,INVA,2016-07-28,edgar_8k,2016-07-28T16:13,after_close,0001104659-16-135008
20160728_ITGR,ITGR,2016-07-28,edgar_8k,2016-07-28T16:06,after_close,0001171843-16-011310
20160728_IVC,IVC,2016-07-28,assumed_after_hours,,assumed_after_hours,
20160728_KRA,KRA,2016-07-28,assumed_after_hours,,assumed_after_hours,
20160728_LKQ,LKQ,2016-07-28,edgar_8k,2016-07-28T07:20,before_open,0001065696-16-000127
20160728_LLL,LLL,2016-07-28,assumed_after_hours,,assumed_after_hours,
20160728_LYV,LYV,2016-07-28,edgar_8k,2016-07-28T16:20,after_close,0001335258-16-000234
20160728_MA,MA,2016-07-28,edgar_8k,2016-07-28T08:04,before_open,0001141391-16-000204
20160728_MAR,MAR,2016-07-28,edgar_8k,2016-07-27T17:05,before_open,0001628280-16-017817
20160728_MD,MD,2016-07-28,edgar_8k,2016-07-28T06:51,before_open,0001193125-16-661022
20160728_MMC,MMC,2016-07-28,assumed_after_hours,,assumed_after_hours,
20160728_MSTR,MSTR,2016-07-28,edgar_8k,2016-07-28T16:24,after_close,0001193125-16-662258
20160728_MTD,MTD,2016-07-28,edgar_8k,2016-07-28T16:16,after_close,0001037646-16-000060
20160728_NEU,NEU,2016-07-28,edgar_8k,2016-07-27T17:12,before_open,0001282637-16-000041
20160728_ODFL,ODFL,2016-07-28,edgar_8k,2016-07-28T09:21,before_open,0000878927-16-000077
20160728_ORI,ORI,2016-07-28,edgar_8k,2016-07-28T17:17,after_close,0000074260-16-000124
20160728_PDFS,PDFS,2016-07-28,edgar_8k,2016-07-28T18:28,after_close,0001437749-16-035897
20160728_PJC,PJC,2016-07-28,assumed_after_hours,,assumed_after_hours,
20160728_PNR,PNR,2016-07-28,edgar_8k,2016-07-28T07:55,before_open,0000077360-16-000079
20160728_POWI,POWI,2016-07-28,edgar_8k,2016-07-28T16:03,after_close,0001157523-16-006293
20160728_PSA,PSA,2016-07-28,edgar_8k,2016-07-27T20:53,before_open,0001393311-16-000056
20160728_PTEN,PTEN,2016-07-28,edgar_8k,2016-07-28T06:11,before_open,0001193125-16-660950
20160728_RMD,RMD,2016-07-28,edgar_8k,2016-07-28T16:05,after_close,0001193125-16-662189
20160728_ROCK,ROCK,2016-07-28,edgar_8k,2016-07-28T13:46,intraday,0000912562-16-000099
20160728_RTN,RTN,2016-07-28,assumed_after_hours,,assumed_after_hours,
20160728_SBAC,SBAC,2016-07-28,edgar_8k,2016-07-28T16:48,after_close,0001193125-16-662346
20160728_SKYW,SKYW,2016-07-28,edgar_8k,2016-07-28T16:00,after_close,0001104659-16-134994
20160728_SPGI,SPGI,2016-07-28,edgar_8k,2016-07-28T07:31,before_open,0000064040-16-000088
20160728_SPOK,SPOK,2016-07-28,edgar_8k,2016-07-27T16:26,before_open,0001289945-16-000080
20160728_TFX,TFX,2016-07-28,edgar_8k,2016-07-28T06:47,before_open,0000096943-16-000237
20160728_THRM,THRM,2016-07-28,edgar_8k,2016-07-28T06:16,before_open,0001193125-16-660959
20160728_TILE,TILE,2016-07-28,edgar_8k,2016-07-27T16:17,before_open,0000715787-16-000027
20160728_UNM,UNM,2016-07-28,edgar_8k,2016-07-27T16:19,before_open,0000005513-16-000056
20160728_UTHR,UTHR,2016-07-28,edgar_8k,2016-07-28T06:03,before_open,0001104659-16-134721
20160728_UVE,UVE,2016-07-28,edgar_8k,2016-07-28T16:26,after_close,0001193125-16-662268
20160728_VRSN,VRSN,2016-07-28,edgar_8k,2016-07-28T16:08,after_close,0001014473-16-000110
20160729_AAN,AAN,2016-07-29,assumed_after_hours,,assumed_after_hours,
20160729_ABBV,ABBV,2016-07-29,edgar_8k,2016-07-29T07:43,before_open,0001104659-16-135186
20160729_ACHC,ACHC,2016-07-29,edgar_8k,2016-07-29T07:00,before_open,0001157523-16-006314
20160729_AJG,AJG,2016-07-29,edgar_8k,2016-07-28T17:02,before_open,0001193125-16-662409
20160729_AMSF,AMSF,2016-07-29,edgar_8k,2016-07-28T16:35,before_open,0001193125-16-662298
20160729_ATR,ATR,2016-07-29,edgar_8k,2016-07-28T17:16,before_open,0001157523-16-006299
20160729_AXL,AXL,2016-07-29,assumed_after_hours,,assumed_after_hours,
20160729_B,B,2016-07-29,assumed_after_hours,,assumed_after_hours,
20160729_CBL,CBL,2016-07-29,edgar_8k,2016-07-29T17:04,after_close,0000910612-16-000131
20160729_CI,CI,2016-07-29,assumed_after_hours,,assumed_after_hours,
20160729_CIR,CIR,2016-07-29,assumed_after_hours,,assumed_after_hours,
20160729_COG,COG,2016-07-29,assumed_after_hours,,assumed_after_hours,
20160729_CTS,CTS,2016-07-29,edgar_8k,2016-07-29T08:10,before_open,0000026058-16-000096
20160729_CVX,CVX,2016-07-29,edgar_8k,2016-07-29T09:00,before_open,0000093410-16-000064
20160729_FE,FE,2016-07-29,edgar_8k,2016-07-28T16:53,before_open,0001031296-16-000101
20160729_FII,FII,2016-07-29,assumed_after_hours,,assumed_after_hours,
20160729_FLS,FLS,2016-07-29,assumed_after_hours,,assumed_after_hours,
20160729_FR,FR,2016-07-29,edgar_8k,2016-07-29T09:43,intraday,0001193125-16-663556
20160729_HST,HST,2016-07-29,edgar_8k,2016-07-29T08:54,before_open,0001564590-16-021729
20160729_JCI,JCI,2016-07-29,edgar_8k,2016-07-29T07:10,before_open,0000833444-16-000194
20160729_KBR,KBR,2016-07-29,edgar_8k,2016-07-28T21:50,before_open,0001193125-16-662986
20160729_KRG,KRG,2016-07-29,edgar_8k,2016-07-28T16:17,before_open,0001286043-16-000186
20160729_LEG,LEG,2016-07-29,edgar_8k,2016-07-28T17:07,before_open,0001193125-16-662435
20160729_LMNX,LMNX,2016-07-29,assumed_after_hours,,assumed_after_hours,
20160729_LPNT,LPNT,2016-07-29,assumed_after_hours,,assumed_after_hours,
20160729_LYB,LYB,2016-07-29,edgar_8k,2016-07-29T07:01,before_open,0001193125-16-663276
20160729_MATW,MATW,2016-07-29,edgar_8k,2016-07-28T17:01,before_open,0000063296-16-000150
20160729_NR,NR,2016-07-29,assumed_after_hours,,assumed_after_hours,
20160729_OFC,OFC,2016-07-29,assumed_after_hours,,assumed_after_hours,
20160729_PBF,PBF,2016-07-29,edgar_8k,2016-07-29T08:13,before_open,0001534504-16-000140
20160729_PFG,PFG,2016-07-29,edgar_8k,2016-07-28T16:19,before_open,0001126328-16-000533
20160729_PFS,PFS,2016-07-29,edgar_8k,2016-07-29T12:13,intraday,0001628280-16-017934
20160729_PSX,PSX,2016-07-29,edgar_8k,2016-07-29T09:39,intraday,0001534701-16-000151
20160729_RUTH,RUTH,2016-07-29,assumed_after_hours,,assumed_after_hours,
20160729_SBSI,SBSI,2016-07-29,edgar_8k,2016-07-29T09:30,intraday,0000705432-16-000210
20160729_SSD,SSD,2016-07-29,edgar_8k,2016-07-28T17:03,before_open,0000920371-16-000266
20160729_VRTS,VRTS,2016-07-29,edgar_8k,2016-07-29T07:34,before_open,0000883237-16-000004
20160729_WRI,WRI,2016-07-29,assumed_after_hours,,assumed_after_hours,
20160801_AMG,AMG,2016-08-01,edgar_8k,2016-08-01T07:49,before_open,0001193125-16-665689
20160801_CUTR,CUTR,2016-08-01,assumed_after_hours,,assumed_after_hours,
20160801_EDR,EDR,2016-08-01,assumed_after_hours,,assumed_after_hours,
20160801_HAE,HAE,2016-08-01,edgar_8k,2016-08-01T06:03,before_open,0000313143-16-000140
20160801_MCY,MCY,2016-08-01,edgar_8k,2016-08-01T12:05,intraday,0001144204-16-115527
20160801_NSP,NSP,2016-08-01,edgar_8k,2016-08-01T09:38,intraday,0001000753-16-000123
20160801_ONB,ONB,2016-08-01,edgar_8k,2016-08-01T08:00,before_open,0001193125-16-665706
20160801_TXRH,TXRH,2016-08-01,edgar_8k,2016-08-01T17:14,after_close,0001104659-16-135793
20160801_VMC,VMC,2016-08-01,edgar_8k,2016-08-01T16:30,after_close,0001144204-16-115638
20160801_XOXO,XOXO,2016-08-01,assumed_after_hours,,assumed_after_hours,
20160802_ACLS,ACLS,2016-08-02,edgar_8k,2016-08-02T16:14,after_close,0001104659-16-136099
20160802_ADM,ADM,2016-08-02,edgar_8k,2016-08-02T09:35,intraday,0000007084-16-000062
20160802_AEGN,AEGN,2016-08-02,assumed_after_hours,,assumed_after_hours,
20160802_AHH,AHH,2016-08-02,assumed_after_hours,,assumed_after_hours,
20160802_ARE,ARE,2016-08-02,edgar_8k,2016-08-01T16:03,before_open,0001035443-16-000209
20160802_ARW,ARW,2016-08-02,edgar_8k,2016-08-02T08:00,before_open,0001157523-16-006362
20160802_BGFV,BGFV,2016-08-02,assumed_after_hours,,assumed_after_hours,
20160802_CENTA,CENTA,2016-08-02,edgar_8k,2016-08-02T16:15,after_close,0001157523-16-006380
20160802_CMI,CMI,2016-08-02,edgar_8k,2016-08-02T07:41,before_open,0000026172-16-000047
20160802_CONE,CONE,2016-08-02,assumed_after_hours,,assumed_after_hours,
20160802_CORT,CORT,2016-08-02,edgar_8k,2016-08-02T16:24,after_close,0001193125-16-668382
20160802_CRVL,CRVL,2016-08-02,edgar_8k,2016-08-02T06:01,before_open,0001193125-16-667186
20160802_CVS,CVS,2016-08-02,edgar_8k,2016-08-02T07:04,before_open,0000064803-16-000088
20160802_ESE,ESE,2016-08-02,edgar_8k,2016-08-02T16:16,after_close,0000866706-16-000023
20160802_ETN,ETN,2016-08-02,edgar_8k,2016-08-02T07:01,before_open,0001157523-16-006360
20160802_ETR,ETR,2016-08-02,edgar_8k,2016-08-02T08:57,before_open,0000065984-16-000618
20160802_FISV,FISV,2016-08-02,edgar_8k,2016-08-02T16:14,after_close,0000798354-16-000015
20160802_GEO,GEO,2016-08-02,assumed_after_hours,,assumed_after_hours,
20160802_GLT,GLT,2016-08-02,assumed_after_hours,,assumed_after_hours,
20160802_HCI,HCI,2016-08-02,edgar_8k,2016-08-02T16:31,after_close,0001193125-16-668419
20160802_HVT,HVT,2016-08-02,edgar_8k,2016-08-02T10:52,intraday,0000216085-16-000057
20160802_IIVI,IIVI,2016-08-02,assumed_after_hours,,assumed_after_hours,
20160802_KMT,KMT,2016-08-02,edgar_8k,2016-08-01T16:54,before_open,0000055242-16-000057
20160802_NI,NI,2016-08-02,edgar_8k,2016-08-02T06:32,before_open,0001111711-16-000076
20160802_NJR,NJR,2016-08-02,edgar_8k,2016-08-02T07:47,before_open,0000356309-16-000203
20160802_NWN,NWN,2016-08-02,assumed_after_hours,,assumed_after_hours,
20160802_OGS,OGS,2016-08-02,edgar_8k,2016-08-01T17:01,before_open,0001587732-16-000125
20160802_PG,PG,2016-08-02,edgar_8k,2016-08-02T07:02,before_open,0000080424-16-000202
20160802_PLT,PLT,2016-08-02,assumed_after_hours,,assumed_after_hours,
20160802_PRSC,PRSC,2016-08-02,assumed_after_hours,,assumed_after_hours,
20160802_RCL,RCL,2016-08-02,edgar_8k,2016-08-02T08:05,before_open,0000884887-16-000182
20160802_RDC,RDC,2016-08-02,assumed_after_hours,,assumed_after_hours,
20160802_RYAM,RYAM,2016-08-02,edgar_8k,2016-08-01T17:04,before_open,0001597672-16-000167
20160802_SABR,SABR,2016-08-02,edgar_8k,2016-08-02T07:39,before_open,0001597033-16-000248
20160802_SHOO,SHOO,2016-08-02,assumed_after_hours,,assumed_after_hours,
20160802_TEX,TEX,2016-08-02,edgar_8k,2016-08-01T17:25,before_open,0000097216-16-000375
20160802_TREX,TREX,2016-08-02,edgar_8k,2016-08-01T16:11,before_open,0001157523-16-006346
20160802_VSH,VSH,2016-08-02,edgar_8k,2016-08-02T07:55,before_open,0000103730-16-000093
20160802_WMB,WMB,2016-08-02,edgar_8k,2016-08-01T17:21,before_open,0001193125-16-666833
20160802_ZEUS,ZEUS,2016-08-02,assumed_after_hours,,assumed_after_hours,
20160803_AAWW,AAWW,2016-08-03,assumed_after_hours,,assumed_after_hours,
20160803_ARR,ARR,2016-08-03,edgar_8k,2016-08-02T16:44,before_open,0001428205-16-000404
20160803_AVA,AVA,2016-08-03,edgar_8k,2016-08-02T20:07,before_open,0000104918-16-000253
20160803_CLDT,CLDT,2016-08-03,edgar_8k,2016-08-03T07:22,before_open,0001476045-16-000126
20160803_CRL,CRL,2016-08-03,edgar_8k,2016-08-03T07:30,before_open,0001157523-16-006394
20160803_CTL,CTL,2016-08-03,assumed_after_hours,,assumed_after_hours,
20160803_CUB,CUB,2016-08-03,assumed_after_hours,,assumed_after_hours,
20160803_DEI,DEI,2016-08-03,edgar_8k,2016-08-02T16:54,before_open,0001364250-16-000085
20160803_DIN,DIN,2016-08-03,edgar_8k,2016-08-03T08:15,before_open,0001104659-16-136360
20160803_DNOW,DNOW,2016-08-03,edgar_8k,2016-08-03T07:04,before_open,0001193125-16-669109
20160803_FCPT,FCPT,2016-08-03,edgar_8k,2016-08-03T07:15,before_open,0001193125-16-669124
20160803_FLOW,FLOW,2016-08-03,assumed_after_hours,,assumed_after_hours,
20160803_FMC,FMC,2016-08-03,edgar_8k,2016-08-02T17:14,before_open,0000037785-16-000096
20160803_HFC,HFC,2016-08-03,assumed_after_hours,,assumed_after_hours,
20160803_IOSP,IOSP,2016-08-03,edgar_8k,2016-08-03T06:06,before_open,0001193125-16-669043
20160803_JCOM,JCOM,2016-08-03,assumed_after_hours,,assumed_after_hours,
20160803_KLIC,KLIC,2016-08-03,edgar_8k,2016-08-03T07:01,before_open,0000056978-16-000194
20160803_LIVN,LIVN,2016-08-03,edgar_8k,2016-08-03T07:01,before_open,0001639691-16-000057
20160803_MASI,MASI,2016-08-03,edgar_8k,2016-08-03T16:11,after_close,0000937556-16-000335
20160803_MDC,MDC,2016-08-03,assumed_after_hours,,assumed_after_hours,
20160803_MDU,MDU,2016-08-03,edgar_8k,2016-08-02T18:13,before_open,0000067716-16-000174
20160803_MED,MED,2016-08-03,edgar_8k,2016-08-03T16:12,after_close,0001144204-16-116222
20160803_NBL,NBL,2016-08-03,assumed_after_hours,,assumed_after_hours,
20160803_NSIT,NSIT,2016-08-03,edgar_8k,2016-08-03T16:13,after_close,0001193125-16-670091
20160803_OHI,OHI,2016-08-03,edgar_8k,2016-08-02T16:36,before_open,0000888491-16-000045
20160803_OXY,OXY,2016-08-03,edgar_8k,2016-08-03T07:01,before_open,0001104659-16-136332
20160803_POWL,POWL,2016-08-03,edgar_8k,2016-08-03T09:52,intraday,0001193125-16-669308
20160803_REG,REG,2016-08-03,edgar_8k,2016-08-02T18:20,before_open,0000910606-16-000071
20160803_SM,SM,2016-08-03,edgar_8k,2016-08-02T17:25,before_open,0000893538-16-000178
20160803_UFCS,UFCS,2016-08-03,edgar_8k,2016-08-03T08:27,before_open,0000101199-16-000579
20160803_VSI,VSI,2016-08-03,assumed_after_hours,,assumed_after_hours,
20160803_WTR,WTR,2016-08-03,assumed_after_hours,,assumed_after_hours,
20160804_AAOI,AAOI,2016-08-04,edgar_8k,2016-08-04T16:23,after_close,0001019687-16-007076
20160804_AEL,AEL,2016-08-04,assumed_after_hours,,assumed_after_hours,
20160804_AGCO,AGCO,2016-08-04,edgar_8k,2016-08-04T08:43,before_open,0000880266-16-000065
20160804_AKRX,AKRX,2016-08-04,assumed_after_hours,,assumed_after_hours,
20160804_ALB,ALB,2016-08-04,edgar_8k,2016-08-03T17:14,before_open,0000915913-16-000061
20160804_AME,AME,2016-08-04,edgar_8k,2016-08-04T11:37,intraday,0001299933-16-002837
20160804_ANDV,ANDV,2016-08-04,assumed_after_hours,,assumed_after_hours,
20160804_ANSS,ANSS,2016-08-04,assumed_after_hours,,assumed_after_hours,
20160804_ATO,ATO,2016-08-04,edgar_8k,2016-08-03T17:05,before_open,0000731802-16-000054
20160804_AWK,AWK,2016-08-04,edgar_8k,2016-08-03T16:45,before_open,0001564590-16-022389
20160804_BDX,BDX,2016-08-04,edgar_8k,2016-08-04T06:24,before_open,0001193125-16-670875
20160804_BEL,BEL,2016-08-04,assumed_after_hours,,assumed_after_hours,
20160804_BGC,BGC,2016-08-04,assumed_after_hours,,assumed_after_hours,
20160804_BKNG,BKNG,2016-08-04,edgar_8k,2016-08-04T16:05,after_close,0001075531-16-000108
20160804_BLL,BLL,2016-08-04,assumed_after_hours,,assumed_after_hours,
20160804_CABO,CABO,2016-08-04,edgar_8k,2016-08-03T16:30,before_open,0001437749-16-036308
20160804_CCRN,CCRN,2016-08-04,edgar_8k,2016-08-03T16:30,before_open,0001157523-16-006414
20160804_CDR,CDR,2016-08-04,assumed_after_hours,,assumed_after_hours,
20160804_CF,CF,2016-08-04,edgar_8k,2016-08-03T17:14,before_open,0001324404-16-000033
20160804_CHD,CHD,2016-08-04,edgar_8k,2016-08-04T09:57,intraday,0001564590-16-022532
20160804_CNSL,CNSL,2016-08-04,assumed_after_hours,,assumed_after_hours,
20160804_CTB,CTB,2016-08-04,assumed_after_hours,,assumed_after_hours,
20160804_CTRL,CTRL,2016-08-04,assumed_after_hours,,assumed_after_hours,
20160804_DUK,DUK,2016-08-04,edgar_8k,2016-08-04T07:04,before_open,0001326160-16-000351
20160804_EBS,EBS,2016-08-04,edgar_8k,2016-08-04T16:55,after_close,0001367644-16-000070
20160804_ESL,ESL,2016-08-04,assumed_after_hours,,assumed_after_hours,
20160804_FLR,FLR,2016-08-04,edgar_8k,2016-08-04T16:18,after_close,0001104659-16-137037
20160804_GDOT,GDOT,2016-08-04,edgar_8k,2016-08-04T16:35,after_close,0001386278-16-000181
20160804_GPOR,GPOR,2016-08-04,edgar_8k,2016-08-03T21:56,before_open,0001193125-16-670607
20160804_HE,HE,2016-08-04,edgar_8k,2016-08-04T16:32,after_close,0000354707-16-000162
20160804_HI,HI,2016-08-04,assumed_after_hours,,assumed_after_hours,
20160804_HR,HR,2016-08-04,edgar_8k,2016-08-01T16:11,before_open,0001360604-16-000138
20160804_HSC,HSC,2016-08-04,assumed_after_hours,,assumed_after_hours,
20160804_HSIC,HSIC,2016-08-04,edgar_8k,2016-08-04T07:59,before_open,0001000228-16-000087
20160804_ILG,ILG,2016-08-04,assumed_after_hours,,assumed_after_hours,
20160804_INGN,INGN,2016-08-04,edgar_8k,2016-08-04T16:06,after_close,0001564590-16-022681
20160804_INTL,INTL,2016-08-04,assumed_after_hours,,assumed_after_hours,
20160804_IPCC,IPCC,2016-08-04,assumed_after_hours,,assumed_after_hours,
20160804_IT,IT,2016-08-04,edgar_8k,2016-08-04T06:03,before_open,0000749251-16-000041
20160804_ITT,ITT,2016-08-04,edgar_8k,2016-08-04T06:45,before_open,0001157523-16-006432
20160804_K,K,2016-08-04,assumed_after_hours,,assumed_after_hours,
20160804_KOP,KOP,2016-08-04,edgar_8k,2016-08-04T09:58,intraday,0001564590-16-022533
20160804_LNC,LNC,2016-08-04,edgar_8k,2016-08-03T16:15,before_open,0000059558-16-000105
20160804_LNTH,LNTH,2016-08-04,edgar_8k,2016-08-04T16:04,after_close,0001193125-16-671766
20160804_LOCO,LOCO,2016-08-04,edgar_8k,2016-08-05T06:06,after_call_date,0001193125-16-672494
20160804_LQDT,LQDT,2016-08-04,edgar_8k,2016-08-04T07:01,before_open,0001104659-16-136780
20160804_MCF,MCF,2016-08-04,assumed_after_hours,,assumed_after_hours,
20160804_MDRX,MDRX,2016-08-04,assumed_after_hours,,assumed_after_hours,
20160804_MET,MET,2016-08-04,edgar_8k,2016-08-03T17:17,before_open,0001193125-16-670266
20160804_MNST,MNST,2016-08-04,edgar_8k,2016-08-04T16:20,after_close,0001104659-16-137041
20160804_MNTA,MNTA,2016-08-04,assumed_after_hours,,assumed_after_hours,
20160804_MRO,MRO,2016-08-04,assumed_after_hours,,assumed_after_hours,
20160804_MSI,MSI,2016-08-04,edgar_8k,2016-08-04T16:17,after_close,0001193125-16-671842
20160804_MUSA,MUSA,2016-08-04,edgar_8k,2016-08-03T16:32,before_open,0001573516-16-000064
20160804_NGVT,NGVT,2016-08-04,edgar_8k,2016-08-03T18:25,before_open,0001653477-16-000076
20160804_NP,NP,2016-08-04,assumed_after_hours,,assumed_after_hours,
20160804_OGE,OGE,2016-08-04,edgar_8k,2016-08-04T08:23,before_open,0001021635-16-000237
20160804_ORN,ORN,2016-08-04,assumed_after_hours,,assumed_after_hours,
20160804_PBH,PBH,2016-08-04,edgar_8k,2016-08-04T06:06,before_open,0001295947-16-000061
20160804_PRU,PRU,2016-08-04,edgar_8k,2016-08-03T16:32,before_open,0001193125-16-670153
20160804_PWR,PWR,2016-08-04,edgar_8k,2016-08-04T06:10,before_open,0001193125-16-670853
20160804_RGEN,RGEN,2016-08-04,edgar_8k,2016-08-04T07:51,before_open,0001193125-16-670984
20160804_RIG,RIG,2016-08-04,edgar_8k,2016-08-03T16:29,before_open,0001451505-16-000224
20160804_SBH,SBH,2016-08-04,edgar_8k,2016-08-04T06:30,before_open,0001104659-16-136766
20160804_SSTK,SSTK,2016-08-04,edgar_8k,2016-08-04T07:32,before_open,0001549346-16-000053
20160804_SWM,SWM,2016-08-04,assumed_after_hours,,assumed_after_hours,
20160804_TDY,TDY,2016-08-04,edgar_8k,2016-08-04T08:06,before_open,0001094285-16-000240
20160804_TRIP,TRIP,2016-08-04,edgar_8k,2016-08-03T16:24,before_open,0001564590-16-022369
20160804_TWI,TWI,2016-08-04,edgar_8k,2016-08-04T08:41,before_open,0000899751-16-000140
20160804_UEIC,UEIC,2016-08-04,edgar_8k,2016-08-04T16:09,after_close,0000101984-16-000079
20160804_WING,WING,2016-08-04,edgar_8k,2016-08-04T16:05,after_close,0001636222-16-000047
20160804_WRK,WRK,2016-08-04,assumed_after_hours,,assumed_after_hours,
20160805_BRS,BRS,2016-08-05,assumed_after_hours,,assumed_after_hours,
20160805_EOG,EOG,2016-08-05,edgar_8k,2016-08-04T16:18,before_open,0000821189-16-000076
20160805_GTY,GTY,2016-08-05,edgar_8k,2016-08-04T16:09,before_open,0001193125-16-671797
20160805_KND,KND,2016-08-05,assumed_after_hours,,assumed_after_hours,
20160805_MTX,MTX,2016-08-05,edgar_8k,2016-08-04T17:19,before_open,0000891014-16-000036
20160805_NAVG,NAVG,2016-08-05,assumed_after_hours,,assumed_after_hours,
20160805_POST,POST,2016-08-05,edgar_8k,2016-08-04T17:11,before_open,0001530950-16-000435
20160805_RMAX,RMAX,2016-08-05,edgar_8k,2016-08-04T16:02,before_open,0001144204-16-116595
20160805_SJI,SJI,2016-08-05,assumed_after_hours,,assumed_after_hours,
20160805_SSP,SSP,2016-08-05,edgar_8k,2016-08-05T08:30,before_open,0000832428-16-000092
20160805_WTS,WTS,2016-08-05,edgar_8k,2016-08-04T17:15,before_open,0001104659-16-137093
20160805_WY,WY,2016-08-05,edgar_8k,2016-08-04T21:44,before_open,0000106535-16-000078
20160805_XRAY,XRAY,2016-08-05,edgar_8k,2016-08-05T06:58,before_open,0000818479-16-000079
20160808_AMPH,AMPH,2016-08-08,edgar_8k,2016-08-08T16:24,after_close,0001297184-16-000018
20160808_DEA,DEA,2016-08-08,edgar_8k,2016-08-08T07:00,before_open,0001193125-16-674223
20160808_DF,DF,2016-08-08,assumed_after_hours,,assumed_after_hours,
20160808_ENTA,ENTA,2016-08-08,edgar_8k,2016-08-08T16:13,after_close,0001193125-16-675116
20160808_TSN,TSN,2016-08-08,edgar_8k,2016-08-08T07:33,before_open,0000100493-16-000234
20160808_TTI,TTI,2016-08-08,edgar_8k,2016-08-08T07:31,before_open,0000844965-16-000189
20160809_CPE,CPE,2016-08-09,assumed_after_hours,,assumed_after_hours,
20160809_DIOD,DIOD,2016-08-09,edgar_8k,2016-08-09T16:15,after_close,0001193125-16-676780
20160809_DIS,DIS,2016-08-09,assumed_after_hours,,assumed_after_hours,
20160809_HLIT,HLIT,2016-08-09,edgar_8k,2016-08-09T16:25,after_close,0000851310-16-000097
20160809_IFF,IFF,2016-08-09,edgar_8k,2016-08-08T16:32,before_open,0001157523-16-006480
20160809_INCY,INCY,2016-08-09,edgar_8k,2016-08-09T07:12,before_open,0001104659-16-138106
20160809_LAMR,LAMR,2016-08-09,edgar_8k,2016-08-09T07:09,before_open,0001193125-16-675978
20160809_LGIH,LGIH,2016-08-09,edgar_8k,2016-08-09T10:26,intraday,0001580670-16-000220
20160809_LXP,LXP,2016-08-09,edgar_8k,2016-08-10T05:33,after_call_date,0001144204-16-117907
20160809_MPAA,MPAA,2016-08-09,edgar_8k,2016-08-09T07:58,before_open,0001140361-16-075306
20160809_MTSC,MTSC,2016-08-09,assumed_after_hours,,assumed_after_hours,
20160809_MYL,MYL,2016-08-09,assumed_after_hours,,assumed_after_hours,
20160809_PRI,PRI,2016-08-09,edgar_8k,2016-08-08T17:06,before_open,0001157523-16-006483
20160809_QNST,QNST,2016-08-09,edgar_8k,2016-08-09T16:25,after_close,0001193125-16-676809
20160809_RRGB,RRGB,2016-08-09,edgar_8k,2016-08-08T16:31,before_open,0000950142-16-004243
20160809_SPPI,SPPI,2016-08-09,assumed_after_hours,,assumed_after_hours,
20160809_STE,STE,2016-08-09,assumed_after_hours,,assumed_after_hours,
20160809_VRTU,VRTU,2016-08-09,assumed_after_hours,,assumed_after_hours,
20160809_ZBRA,ZBRA,2016-08-09,edgar_8k,2016-08-09T06:30,before_open,0001193125-16-675940
20160810_AVT,AVT,2016-08-10,edgar_8k,2016-08-10T07:02,before_open,0000008858-16-000033
20160810_CVCO,CVCO,2016-08-10,edgar_8k,2016-08-09T16:15,before_open,0000278166-16-000122
20160810_OA,OA,2016-08-10,assumed_after_hours,,assumed_after_hours,
20160810_RL,RL,2016-08-10,edgar_8k,2016-08-10T08:09,before_open,0000950142-16-004271
20160810_WEN,WEN,2016-08-10,edgar_8k,2016-08-10T07:34,before_open,0001193125-16-677530
20160811_EAT,EAT,2016-08-11,edgar_8k,2016-08-11T07:26,before_open,0000703351-16-000091
20160811_KSS,KSS,2016-08-11,assumed_after_hours,,assumed_after_hours,
20160811_M,M,2016-08-11,edgar_8k,2016-08-11T09:17,before_open,0000794367-16-000271
20160811_RGLD,RGLD,2016-08-11,edgar_8k,2016-08-11T12:03,intraday,0001144204-16-118252
20160811_VIAV,VIAV,2016-08-11,edgar_8k,2016-08-11T16:01,after_close,0000912093-16-000023
20160811_VSTO,VSTO,2016-08-11,assumed_after_hours,,assumed_after_hours,
20160812_CHCT,CHCT,2016-08-12,edgar_8k,2016-08-11T17:05,before_open,0001631569-16-000051
20160812_JCP,JCP,2016-08-12,assumed_after_hours,,assumed_after_hours,
20160815_SYY,SYY,2016-08-15,edgar_8k,2016-08-15T08:09,before_open,0001193125-16-681376
20160816_COTY,COTY,2016-08-16,edgar_8k,2016-08-16T07:05,before_open,0001157523-16-006532
20160816_CREE,CREE,2016-08-16,assumed_after_hours,,assumed_after_hours,
20160816_DKS,DKS,2016-08-16,edgar_8k,2016-08-16T08:36,before_open,0001089063-16-000166
20160816_TJX,TJX,2016-08-16,edgar_8k,2016-08-16T10:03,intraday,0001157523-16-006533
20160817_A,A,2016-08-17,edgar_8k,2016-08-17T16:08,after_close,0001090872-16-000074
20160817_AEO,AEO,2016-08-17,assumed_after_hours,,assumed_after_hours,
20160817_CSCO,CSCO,2016-08-17,edgar_8k,2016-08-17T16:11,after_close,0001193125-16-684126
20160817_JKHY,JKHY,2016-08-17,edgar_8k,2016-08-16T18:21,before_open,0000779152-16-000138
20160817_KEYS,KEYS,2016-08-17,edgar_8k,2016-08-17T16:14,after_close,0001601046-16-000069
20160817_SNPS,SNPS,2016-08-17,edgar_8k,2016-08-17T16:15,after_close,0001193125-16-684133
20160818_CACI,CACI,2016-08-18,edgar_8k,2016-08-17T16:25,before_open,0001157523-16-006552
20160818_GPS,GPS,2016-08-18,assumed_after_hours,,assumed_after_hours,
20160818_HRL,HRL,2016-08-18,edgar_8k,2016-08-18T07:49,before_open,0001104659-16-140366
20160818_LANC,LANC,2016-08-18,assumed_after_hours,,assumed_after_hours,
20160818_LB,LB,2016-08-18,assumed_after_hours,,assumed_after_hours,
20160818_ROST,ROST,2016-08-18,edgar_8k,2016-08-18T16:02,after_close,0000745732-16-000057
20160818_WMT,WMT,2016-08-18,edgar_8k,2016-08-18T07:00,before_open,0000104169-16-000116
20160819_BKE,BKE,2016-08-19,edgar_8k,2016-08-19T11:52,intraday,0000885245-16-000068
20160819_FL,FL,2016-08-19,assumed_after_hours,,assumed_after_hours,
20160823_DAKT,DAKT,2016-08-23,edgar_8k,2016-08-23T12:08,intraday,0000915779-16-000183
20160823_KIRK,KIRK,2016-08-23,assumed_after_hours,,assumed_after_hours,
20160824_DY,DY,2016-08-24,edgar_8k,2016-08-24T08:01,before_open,0000067215-16-000091
20160824_KLXI,KLXI,2016-08-24,assumed_after_hours,,assumed_after_hours,
20160824_WSM,WSM,2016-08-24,edgar_8k,2016-08-24T16:18,after_close,0001193125-16-689938
20160825_PDCO,PDCO,2016-08-25,assumed_after_hours,,assumed_after_hours,
20160825_PVH,PVH,2016-08-25,edgar_8k,2016-08-24T16:18,before_open,0000078239-16-000092
20160825_REX,REX,2016-08-25,edgar_8k,2016-08-25T08:36,before_open,0000930413-16-007965
20160825_ULTA,ULTA,2016-08-25,edgar_8k,2016-08-25T16:10,after_close,0001193125-16-691676
20160829_CTLT,CTLT,2016-08-29,assumed_after_hours,,assumed_after_hours,
20160830_ANF,ANF,2016-08-30,edgar_8k,2016-08-31T16:37,after_call_date,0001018840-16-000110
20160830_DSW,DSW,2016-08-30,assumed_after_hours,,assumed_after_hours,
20160830_FRED,FRED,2016-08-30,assumed_after_hours,,assumed_after_hours,
20160830_GIII,GIII,2016-08-30,edgar_8k,2016-08-30T07:30,before_open,0001571049-16-017877
20160830_HRB,HRB,2016-08-30,edgar_8k,2016-08-30T16:26,after_close,0001574842-16-000047
20160831_CHS,CHS,2016-08-31,assumed_after_hours,,assumed_after_hours,
20160831_FIVE,FIVE,2016-08-31,edgar_8k,2016-08-31T16:12,after_close,0001628280-16-019315
20160831_OLLI,OLLI,2016-08-31,edgar_8k,2016-08-31T16:25,after_close,0001140361-16-078379
20160831_OXM,OXM,2016-08-31,edgar_8k,2016-08-31T16:10,after_close,0001171843-16-012019
20160901_CPB,CPB,2016-09-01,edgar_8k,2016-09-01T07:23,before_open,0000016732-16-000135
20160901_GEF,GEF,2016-09-01,assumed_after_hours,,assumed_after_hours,
20160901_VRA,VRA,2016-09-01,edgar_8k,2016-09-01T08:55,before_open,0001495320-16-000083
20160906_HQY,HQY,2016-09-06,edgar_8k,2016-09-06T16:21,after_close,0001428336-16-000054
20160907_HPE,HPE,2016-09-07,edgar_8k,2016-09-07T17:28,after_close,0001193125-16-703457
20160908_ABM,ABM,2016-09-08,edgar_8k,2016-09-07T17:00,before_open,0001571049-16-018086
20160908_BKS,BKS,2016-09-08,assumed_after_hours,,assumed_after_hours,
20160908_BNED,BNED,2016-09-08,edgar_8k,2016-09-08T08:31,before_open,0001634117-16-000086
20160908_DCI,DCI,2016-09-08,edgar_8k,2016-09-08T09:53,intraday,0000897101-16-002899
20160908_SAIC,SAIC,2016-09-08,edgar_8k,2016-09-08T06:44,before_open,0001564590-16-025017
20160908_TLRD,TLRD,2016-09-08,assumed_after_hours,,assumed_after_hours,
20160909_BRC,BRC,2016-09-09,edgar_8k,2016-09-09T07:21,before_open,0000746598-16-000270
20160909_KR,KR,2016-09-09,edgar_8k,2016-09-09T07:58,before_open,0001104659-16-143830
20160915_ORCL,ORCL,2016-09-15,edgar_8k,2016-09-15T16:06,after_close,0001193125-16-710982
20160920_ADBE,ADBE,2016-09-20,edgar_8k,2016-09-20T16:06,after_close,0000796343-16-000391
20160921_BBBY,BBBY,2016-09-21,assumed_after_hours,,assumed_after_hours,
20160921_CPRT,CPRT,2016-09-21,edgar_8k,2016-09-20T18:10,before_open,0000900075-16-000066
20160921_JBL,JBL,2016-09-21,edgar_8k,2016-09-21T16:11,after_close,0001193125-16-715958
20160921_RHT,RHT,2016-09-21,assumed_after_hours,,assumed_after_hours,
20160922_AIR,AIR,2016-09-22,edgar_8k,2016-09-22T16:08,after_close,0001104659-16-146124
20160922_SCHL,SCHL,2016-09-22,edgar_8k,2016-09-22T07:02,before_open,0001144204-16-124810
20160926_SNX,SNX,2016-09-26,edgar_8k,2016-09-26T16:33,after_close,0001177394-16-000079
20160927_NEOG,NEOG,2016-09-27,assumed_after_hours,,assumed_after_hours,
20160927_NKE,NKE,2016-09-27,edgar_8k,2016-09-27T16:21,after_close,0000320187-16-000372
20160928_WOR,WOR,2016-09-28,edgar_8k,2016-09-28T09:15,before_open,0001102624-16-003414
20160929_ACN,ACN,2016-09-29,edgar_8k,2016-09-29T07:06,before_open,0001467373-16-001021
20160929_CAMP,CAMP,2016-09-29,assumed_after_hours,,assumed_after_hours,
20161004_MU,MU,2016-10-04,edgar_8k,2016-10-04T16:01,after_close,0000723125-16-000225
20161005_MON,MON,2016-10-05,assumed_after_hours,,assumed_after_hours,
20161013_CSX,CSX,2016-10-13,edgar_8k,2016-10-12T16:02,before_open,0000277948-16-000081
20161013_DAL,DAL,2016-10-13,edgar_8k,2016-10-13T07:00,before_open,0001683168-16-000303
20161013_VAC,VAC,2016-10-13,edgar_8k,2016-10-13T08:19,before_open,0001193125-16-737210
20161014_FHN,FHN,2016-10-14,edgar_8k,2016-10-14T06:35,before_open,0000930413-16-008470
20161014_PNC,PNC,2016-10-14,edgar_8k,2016-10-14T06:59,before_open,0001193125-16-738130
20161017_ABCB,ABCB,2016-10-17,edgar_8k,2016-10-17T07:26,before_open,0001144204-16-128256
20161018_BMI,BMI,2016-10-18,edgar_8k,2016-10-17T16:34,before_open,0001157523-16-006883
20161018_GS,GS,2016-10-18,edgar_8k,2016-10-18T07:39,before_open,0001193125-16-740207
20161018_IEX,IEX,2016-10-18,edgar_8k,2016-10-17T20:55,before_open,0000832101-16-000089
20161018_ISRG,ISRG,2016-10-18,edgar_8k,2016-10-18T16:05,after_close,0001035267-16-000237
20161018_JNJ,JNJ,2016-10-18,edgar_8k,2016-10-18T08:16,before_open,0000200406-16-000110
20161018_KSU,KSU,2016-10-18,assumed_after_hours,,assumed_after_hours,
20161018_OMC,OMC,2016-10-18,edgar_8k,2016-10-18T07:31,before_open,0000891092-16-018217
20161018_WTFC,WTFC,2016-10-18,edgar_8k,2016-10-17T17:15,before_open,0001015328-16-000410
20161019_ABT,ABT,2016-10-19,edgar_8k,2016-10-19T07:51,before_open,0001104659-16-150813
20161019_APH,APH,2016-10-19,edgar_8k,2016-10-19T10:58,intraday,0001558370-16-008636
20161019_BBT,BBT,2016-10-19,assumed_after_hours,,assumed_after_hours,
20161019_EBAY,EBAY,2016-10-19,edgar_8k,2016-10-19T16:20,after_close,0001065088-16-000328
20161019_EXPO,EXPO,2016-10-19,edgar_8k,2016-10-19T16:10,after_close,0001171843-16-012522
20161019_FULT,FULT,2016-10-19,edgar_8k,2016-10-18T16:42,before_open,0000700564-16-000089
20161019_HOPE,HOPE,2016-10-19,edgar_8k,2016-10-19T10:09,intraday,0001128361-16-000115
20161019_HWC,HWC,2016-10-19,edgar_8k,2016-10-18T17:01,before_open,0000750577-16-000036
20161019_LRCX,LRCX,2016-10-19,edgar_8k,2016-10-19T16:05,after_close,0000707549-16-000081
20161019_PPBI,PPBI,2016-10-19,assumed_after_hours,,assumed_after_hours,
20161019_STX,STX,2016-10-19,edgar_8k,2016-10-19T08:06,before_open,0001193125-16-741277
20161019_TSCO,TSCO,2016-10-19,edgar_8k,2016-10-19T16:59,after_close,0000916365-16-000200
20161019_UFPI,UFPI,2016-10-19,edgar_8k,2016-10-18T17:33,before_open,0000912767-16-000065
20161020_AMD,AMD,2016-10-20,edgar_8k,2016-10-20T16:16,after_close,0000002488-16-000258
20161020_ASB,ASB,2016-10-20,edgar_8k,2016-10-20T16:20,after_close,0000007789-16-000077
20161020_CLB,CLB,2016-10-20,assumed_after_hours,,assumed_after_hours,
20161020_DGX,DGX,2016-10-20,edgar_8k,2016-10-20T06:49,before_open,0001022079-16-000329
20161020_FAF,FAF,2016-10-20,edgar_8k,2016-10-20T06:45,before_open,0001193125-16-742201
20161020_GNTX,GNTX,2016-10-20,edgar_8k,2016-10-20T07:59,before_open,0000355811-16-000085
20161020_GPI,GPI,2016-10-20,edgar_8k,2016-10-20T07:01,before_open,0001031203-16-000065
20161020_HLX,HLX,2016-10-20,edgar_8k,2016-10-19T19:16,before_open,0000866829-16-000087
20161020_IIIN,IIIN,2016-10-20,edgar_8k,2016-10-20T06:30,before_open,0001437749-16-039971
20161020_ITW,ITW,2016-10-20,edgar_8k,2016-10-20T09:18,before_open,0000049826-16-000257
20161020_KLAC,KLAC,2016-10-20,edgar_8k,2016-10-20T16:22,after_close,0000319201-16-000102
20161020_LSTR,LSTR,2016-10-20,edgar_8k,2016-10-19T16:25,before_open,0001193125-16-741783
20161020_MSFT,MSFT,2016-10-20,edgar_8k,2016-10-20T16:06,after_close,0001193125-16-742793
20161020_NWE,NWE,2016-10-20,assumed_after_hours,,assumed_after_hours,
20161020_PBCT,PBCT,2016-10-20,assumed_after_hours,,assumed_after_hours,
20161020_PHM,PHM,2016-10-20,edgar_8k,2016-10-20T06:55,before_open,0000822416-16-000094
20161020_POOL,POOL,2016-10-20,edgar_8k,2016-10-20T10:04,intraday,0000945841-16-000281
20161020_PPG,PPG,2016-10-20,edgar_8k,2016-10-20T13:58,intraday,0000079879-16-000114
20161020_SAM,SAM,2016-10-20,edgar_8k,2016-10-20T16:21,after_close,0001193125-16-742809
20161020_SEIC,SEIC,2016-10-20,assumed_after_hours,,assumed_after_hours,
20161020_SFNC,SFNC,2016-10-20,edgar_8k,2016-10-20T12:06,intraday,0001171843-16-012547
20161020_SIVB,SIVB,2016-10-20,assumed_after_hours,,assumed_after_hours,
20161020_SKX,SKX,2016-10-20,assumed_after_hours,,assumed_after_hours,
20161020_SLM,SLM,2016-10-20,edgar_8k,2016-10-19T16:30,before_open,0001628280-16-020137
20161020_STC,STC,2016-10-20,edgar_8k,2016-10-20T07:00,before_open,0001144204-16-128672
20161020_STLD,STLD,2016-10-20,assumed_after_hours,,assumed_after_hours,
20161020_SXC,SXC,2016-10-20,edgar_8k,2016-10-20T09:16,before_open,0001193125-16-742335
20161020_VMI,VMI,2016-10-20,edgar_8k,2016-10-19T18:15,before_open,0000900440-16-000223
20161020_VZ,VZ,2016-10-20,edgar_8k,2016-10-20T07:37,before_open,0001193125-16-742264
20161020_WBA,WBA,2016-10-20,assumed_after_hours,,assumed_after_hours,
20161021_BPFH,BPFH,2016-10-21,assumed_after_hours,,assumed_after_hours,
20161021_FFBC,FFBC,2016-10-21,edgar_8k,2016-10-20T16:20,before_open,0000708955-16-000147
20161021_FWRD,FWRD,2016-10-21,edgar_8k,2016-10-20T16:11,before_open,0000912728-16-000317
20161021_GBCI,GBCI,2016-10-21,edgar_8k,2016-10-20T16:37,before_open,0000868671-16-000161
20161021_GE,GE,2016-10-21,edgar_8k,2016-10-21T07:37,before_open,0000040545-16-000188
20161021_HON,HON,2016-10-21,edgar_8k,2016-10-21T06:36,before_open,0000930413-16-008528
20161021_INDB,INDB,2016-10-21,edgar_8k,2016-10-20T16:18,before_open,0000776901-16-000515
20161021_IPG,IPG,2016-10-21,assumed_after_hours,,assumed_after_hours,
20161021_MAN,MAN,2016-10-21,edgar_8k,2016-10-21T07:46,before_open,0000871763-16-000191
20161021_NBHC,NBHC,2016-10-21,edgar_8k,2016-10-20T16:30,before_open,0001475841-16-000113
20161021_SLB,SLB,2016-10-21,edgar_8k,2016-10-20T16:21,before_open,0001193125-16-742810
20161021_STI,STI,2016-10-21,assumed_after_hours,,assumed_after_hours,
20161021_SXT,SXT,2016-10-21,edgar_8k,2016-10-20T18:13,before_open,0001140361-16-083204
20161021_SYF,SYF,2016-10-21,edgar_8k,2016-10-21T06:30,before_open,0001601712-16-000173
20161021_WBS,WBS,2016-10-21,edgar_8k,2016-10-21T07:54,before_open,0000801337-16-000237
20161024_CDNS,CDNS,2016-10-24,edgar_8k,2016-10-24T16:32,after_close,0000813672-16-000055
20161024_EXP,EXP,2016-10-24,edgar_8k,2016-10-24T06:45,before_open,0001193125-16-744426
20161024_GHL,GHL,2016-10-24,assumed_after_hours,,assumed_after_hours,
20161024_HSII,HSII,2016-10-24,assumed_after_hours,,assumed_after_hours,
20161024_KMB,KMB,2016-10-24,edgar_8k,2016-10-24T08:57,before_open,0000055785-16-000193
20161024_RMBS,RMBS,2016-10-24,edgar_8k,2016-10-24T16:40,after_close,0000917273-16-000043
20161024_SONC,SONC,2016-10-24,assumed_after_hours,,assumed_after_hours,
20161024_TRST,TRST,2016-10-24,edgar_8k,2016-10-21T16:00,before_open,0001140361-16-083271
20161024_VFC,VFC,2016-10-24,edgar_8k,2016-10-24T06:55,before_open,0001157523-16-006947
20161025_AAPL,AAPL,2016-10-25,edgar_8k,2016-10-25T16:32,after_close,0001628280-16-020258
20161025_ABG,ABG,2016-10-25,edgar_8k,2016-10-25T06:28,before_open,0001144980-16-000227
20161025_ACC,ACC,2016-10-25,assumed_after_hours,,assumed_after_hours,
20161025_ATI,ATI,2016-10-25,edgar_8k,2016-10-25T07:27,before_open,0001157523-16-006974
20161025_AXE,AXE,2016-10-25,assumed_after_hours,,assumed_after_hours,
20161025_BAX,BAX,2016-10-25,edgar_8k,2016-10-25T07:11,before_open,0001193125-16-745714
20161025_CSL,CSL,2016-10-25,edgar_8k,2016-10-25T15:45,intraday,0001558370-16-008700
20161025_CVLT,CVLT,2016-10-25,edgar_8k,2016-10-25T07:42,before_open,0001169561-16-000051
20161025_DFS,DFS,2016-10-25,assumed_after_hours,,assumed_after_hours,
20161025_EAT,EAT,2016-10-25,edgar_8k,2016-10-25T07:33,before_open,0000703351-16-000101
20161025_FELE,FELE,2016-10-25,edgar_8k,2016-10-25T08:00,before_open,0000038725-16-000429
20161025_HMST,HMST,2016-10-25,assumed_after_hours,,assumed_after_hours,
20161025_HUBB,HUBB,2016-10-25,edgar_8k,2016-10-25T08:23,before_open,0001628280-16-020237
20161025_IIVI,IIVI,2016-10-25,assumed_after_hours,,assumed_after_hours,
20161025_JBLU,JBLU,2016-10-25,edgar_8k,2016-10-25T07:35,before_open,0001158463-16-000159
20161025_KEY,KEY,2016-10-25,assumed_after_hours,,assumed_after_hours,
20161025_MDR,MDR,2016-10-25,assumed_after_hours,,assumed_after_hours,
20161025_MINI,MINI,2016-10-25,assumed_after_hours,,assumed_after_hours,
20161025_MRCY,MRCY,2016-10-25,edgar_8k,2016-10-25T16:03,after_close,0001049521-16-000102
20161025_NCI,NCI,2016-10-25,assumed_after_hours,,assumed_after_hours,
20161025_PCAR,PCAR,2016-10-25,edgar_8k,2016-10-25T08:21,before_open,0001193125-16-745844
20161025_PII,PII,2016-10-25,edgar_8k,2016-10-25T06:00,before_open,0001157523-16-006971
20161025_R,R,2016-10-25,edgar_8k,2016-10-25T10:48,intraday,0000085961-16-000151
20161025_RMD,RMD,2016-10-25,edgar_8k,2016-10-25T16:05,after_close,0001193125-16-746541
20161025_SHW,SHW,2016-10-25,edgar_8k,2016-10-25T07:29,before_open,0001193125-16-745734
20161025_SPN,SPN,2016-10-25,assumed_after_hours,,assumed_after_hours,
20161025_TSS,TSS,2016-10-25,assumed_after_hours,,assumed_after_hours,
20161025_UTX,UTX,2016-10-25,assumed_after_hours,,assumed_after_hours,
20161025_VICR,VICR,2016-10-25,edgar_8k,2016-10-25T16:17,after_close,0001102624-16-003517
20161025_VLO,VLO,2016-10-25,edgar_8k,2016-10-25T08:58,before_open,0001035002-16-000115
20161025_WAB,WAB,2016-10-25,edgar_8k,2016-10-25T08:10,before_open,0001193125-16-745825
20161025_WAT,WAT,2016-10-25,edgar_8k,2016-10-25T07:00,before_open,0001193125-16-745707
20161025_WDR,WDR,2016-10-25,assumed_after_hours,,assumed_after_hours,
20161025_WNC,WNC,2016-10-25,edgar_8k,2016-10-24T16:51,before_open,0001144204-16-129203
20161025_WSO,WSO,2016-10-25,edgar_8k,2016-10-25T07:30,before_open,0001193125-16-745736
20161026_AGCO,AGCO,2016-10-26,edgar_8k,2016-10-26T08:39,before_open,0000880266-16-000070
20161026_AKR,AKR,2016-10-26,assumed_after_hours,,assumed_after_hours,
20161026_AOS,AOS,2016-10-26,edgar_8k,2016-10-26T07:01,before_open,0001193125-16-747224
20161026_ARRS,ARRS,2016-10-26,assumed_after_hours,,assumed_after_hours,
20161026_AVY,AVY,2016-10-26,edgar_8k,2016-10-26T06:46,before_open,0001104659-16-152064
20161026_BCO,BCO,2016-10-26,edgar_8k,2016-10-26T07:03,before_open,0000078890-16-000106
20161026_BXP,BXP,2016-10-26,edgar_8k,2016-10-25T20:10,before_open,0001193125-16-746932
20161026_CAKE,CAKE,2016-10-26,edgar_8k,2016-10-26T16:21,after_close,0001104659-16-152181
20161026_CB,CB,2016-10-26,edgar_8k,2016-10-25T16:31,before_open,0001193125-16-746635
20161026_CINF,CINF,2016-10-26,edgar_8k,2016-10-25T16:06,before_open,0000020286-16-000099
20161026_CLI,CLI,2016-10-26,assumed_after_hours,,assumed_after_hours,
20161026_CMCSA,CMCSA,2016-10-26,edgar_8k,2016-10-26T07:05,before_open,0001104659-16-152070
20161026_CUBI,CUBI,2016-10-26,edgar_8k,2016-10-26T16:15,after_close,0000950159-16-000770
20161026_ECHO,ECHO,2016-10-26,assumed_after_hours,,assumed_after_hours,
20161026_EQR,EQR,2016-10-26,edgar_8k,2016-10-25T16:25,before_open,0000906107-16-000047
20161026_FCF,FCF,2016-10-26,edgar_8k,2016-10-26T09:00,before_open,0000712537-16-000093
20161026_FSP,FSP,2016-10-26,edgar_8k,2016-10-25T16:25,before_open,0001558370-16-008709
20161026_GRMN,GRMN,2016-10-26,edgar_8k,2016-10-26T09:52,intraday,0001615774-16-007758
20161026_HIW,HIW,2016-10-26,assumed_after_hours,,assumed_after_hours,
20161026_HLT,HLT,2016-10-26,edgar_8k,2016-10-26T06:24,before_open,0001585689-16-000219
20161026_HT,HT,2016-10-26,assumed_after_hours,,assumed_after_hours,
20161026_HUBG,HUBG,2016-10-26,edgar_8k,2016-10-26T16:03,after_close,0001564590-16-026204
20161026_IR,IR,2016-10-26,assumed_after_hours,,assumed_after_hours,
20161026_IRBT,IRBT,2016-10-26,assumed_after_hours,,assumed_after_hours,
20161026_KO,KO,2016-10-26,edgar_8k,2016-10-26T07:24,before_open,0000021344-16-000072
20161026_LUV,LUV,2016-10-26,edgar_8k,2016-10-26T10:13,intraday,0000092380-16-000268
20161026_MDCO,MDCO,2016-10-26,assumed_after_hours,,assumed_after_hours,
20161026_MMSI,MMSI,2016-10-26,edgar_8k,2016-10-26T16:46,after_close,0000856982-16-000115
20161026_NBR,NBR,2016-10-26,edgar_8k,2016-10-25T20:34,before_open,0001104659-16-152007
20161026_NOC,NOC,2016-10-26,edgar_8k,2016-10-26T06:31,before_open,0001133421-16-000108
20161026_NTRI,NTRI,2016-10-26,assumed_after_hours,,assumed_after_hours,
20161026_POL,POL,2016-10-26,assumed_after_hours,,assumed_after_hours,
20161026_PSB,PSB,2016-10-26,assumed_after_hours,,assumed_after_hours,
20161026_PTC,PTC,2016-10-26,edgar_8k,2016-10-26T16:03,after_close,0001654954-16-003101
20161026_RHI,RHI,2016-10-26,edgar_8k,2016-10-26T16:23,after_close,0001628280-16-020306
20161026_RRC,RRC,2016-10-26,edgar_8k,2016-10-25T19:26,before_open,0001564590-16-026131
20161026_SFLY,SFLY,2016-10-26,assumed_after_hours,,assumed_after_hours,
20161026_SLGN,SLGN,2016-10-26,assumed_after_hours,,assumed_after_hours,
20161026_STRA,STRA,2016-10-26,edgar_8k,2016-10-26T02:30,before_open,0001157523-16-006998
20161026_UCBI,UCBI,2016-10-26,assumed_after_hours,,assumed_after_hours,
20161026_UDR,UDR,2016-10-26,edgar_8k,2016-10-25T16:18,before_open,0000074208-16-000209
20161026_VAR,VAR,2016-10-26,assumed_after_hours,,assumed_after_hours,
20161026_VG,VG,2016-10-26,assumed_after_hours,,assumed_after_hours,
20161026_WDC,WDC,2016-10-26,edgar_8k,2016-10-26T16:28,after_close,0001193125-16-747970
20161026_WEC,WEC,2016-10-26,edgar_8k,2016-10-26T07:31,before_open,0000107815-16-000449
20161026_WM,WM,2016-10-26,edgar_8k,2016-10-26T07:36,before_open,0001193125-16-747271
20161027_AHL,AHL,2016-10-27,assumed_after_hours,,assumed_after_hours,
20161027_ALLE,ALLE,2016-10-27,edgar_8k,2016-10-27T06:21,before_open,0001579241-16-000085
20161027_AMT,AMT,2016-10-27,edgar_8k,2016-10-27T07:04,before_open,0001053507-16-000054
20161027_ANIK,ANIK,2016-10-27,edgar_8k,2016-10-26T16:05,before_open,0001157523-16-007028
20161027_APD,APD,2016-10-27,edgar_8k,2016-10-27T08:23,before_open,0001193125-16-748785
20161027_BANR,BANR,2016-10-27,edgar_8k,2016-10-26T17:28,before_open,0000939057-16-001053
20161027_CACI,CACI,2016-10-27,edgar_8k,2016-10-26T16:31,before_open,0001157523-16-007036
20161027_CCMP,CCMP,2016-10-27,assumed_after_hours,,assumed_after_hours,
20161027_CME,CME,2016-10-27,edgar_8k,2016-10-27T07:15,before_open,0001156375-16-000247
20161027_CMS,CMS,2016-10-27,edgar_8k,2016-10-27T07:41,before_open,0001104659-16-152371
20161027_ESV,ESV,2016-10-27,assumed_after_hours,,assumed_after_hours,
20161027_FCN,FCN,2016-10-27,edgar_8k,2016-10-28T17:01,after_call_date,0001193125-16-751781
20161027_GOV,GOV,2016-10-27,assumed_after_hours,,assumed_after_hours,
20161027_GTY,GTY,2016-10-27,edgar_8k,2016-10-26T16:01,before_open,0001193125-16-747906
20161027_IART,IART,2016-10-27,edgar_8k,2016-10-27T16:07,after_close,0000917520-16-000098
20161027_KRA,KRA,2016-10-27,assumed_after_hours,,assumed_after_hours,
20161027_KWR,KWR,2016-10-27,edgar_8k,2016-10-26T16:45,before_open,0001144204-16-129635
20161027_LANC,LANC,2016-10-27,assumed_after_hours,,assumed_after_hours,
20161027_NEM,NEM,2016-10-27,edgar_8k,2016-10-26T16:30,before_open,0001157523-16-007034
20161027_NTCT,NTCT,2016-10-27,edgar_8k,2016-10-27T07:30,before_open,0001157523-16-007058
20161027_PJC,PJC,2016-10-27,assumed_after_hours,,assumed_after_hours,
20161027_QEP,QEP,2016-10-27,assumed_after_hours,,assumed_after_hours,
20161027_QSII,QSII,2016-10-27,assumed_after_hours,,assumed_after_hours,
20161027_RCII,RCII,2016-10-27,assumed_after_hours,,assumed_after_hours,
20161027_RGS,RGS,2016-10-27,edgar_8k,2016-10-27T06:09,before_open,0000716643-16-000122
20161027_SYK,SYK,2016-10-27,edgar_8k,2016-10-27T16:05,after_close,0000310764-16-000453
20161027_TDC,TDC,2016-10-27,edgar_8k,2016-10-27T08:35,before_open,0000816761-16-000084
20161027_TER,TER,2016-10-27,edgar_8k,2016-10-27T06:09,before_open,0001193125-16-748606
20161027_TMO,TMO,2016-10-27,edgar_8k,2016-10-27T07:31,before_open,0000097745-16-000070
20161027_TRN,TRN,2016-10-27,edgar_8k,2016-10-27T13:57,intraday,0000099780-16-000282
20161027_UFI,UFI,2016-10-27,edgar_8k,2016-10-27T07:00,before_open,0001564590-16-026292
20161027_UNM,UNM,2016-10-27,edgar_8k,2016-10-26T16:33,before_open,0000005513-16-000063
20161027_VRSN,VRSN,2016-10-27,edgar_8k,2016-10-27T16:10,after_close,0001014473-16-000116
20161027_WEX,WEX,2016-10-27,edgar_8k,2016-10-27T06:50,before_open,0001157523-16-007055
20161027_WWE,WWE,2016-10-27,assumed_after_hours,,assumed_after_hours,
20161027_XEL,XEL,2016-10-27,edgar_8k,2016-10-26T17:42,before_open,0000072903-16-000168
20161103_CF,CF,2016-11-03,edgar_8k,2016-11-02T17:23,before_open,0001324404-16-000038
20161103_GEO,GEO,2016-11-03,assumed_after_hours,,assumed_after_hours,
20161103_HR,HR,2016-11-03,assumed_after_hours,,assumed_after_hours,
20161103_LAMR,LAMR,2016-11-03,edgar_8k,2016-11-03T06:21,before_open,0001193125-16-757931
20161103_MS,MS,2016-11-03,assumed_after_hours,,assumed_after_hours,
20161103_OGE,OGE,2016-11-03,edgar_8k,2016-11-03T08:23,before_open,0001021635-16-000266
20161103_THS,THS,2016-11-03,assumed_after_hours,,assumed_after_hours,
20161111_CHCT,CHCT,2016-11-11,edgar_8k,2016-11-10T17:19,before_open,0001631569-16-000069
20161114_AAP,AAP,2016-11-14,edgar_8k,2016-11-14T16:45,after_close,0001158449-16-000510
20161114_TDG,TDG,2016-11-14,edgar_8k,2016-11-14T07:22,before_open,0001260221-16-000099
20161114_WWD,WWD,2016-11-14,edgar_8k,2016-11-14T16:05,after_close,0001171843-16-013218
20161115_A,A,2016-11-15,edgar_8k,2016-11-15T16:08,after_close,0001090872-16-000080
20161115_KLIC,KLIC,2016-11-15,edgar_8k,2016-11-15T07:20,before_open,0000056978-16-000236
20161115_SBH,SBH,2016-11-15,edgar_8k,2016-11-15T06:30,before_open,0001104659-16-157109
20170117_CMA,CMA,2017-01-17,assumed_after_hours,,assumed_after_hours,
20170118_C,C,2017-01-18,edgar_8k,2017-01-18T09:16,before_open,0001104659-17-002691
20170119_SWKS,SWKS,2017-01-19,edgar_8k,2017-01-19T16:18,after_close,0000004127-17-000003
20170120_STI,STI,2017-01-20,assumed_after_hours,,assumed_after_hours,
20170123_RMD,RMD,2017-01-23,edgar_8k,2017-01-23T16:05,after_close,0001193125-17-015307
20170124_DHI,DHI,2017-01-24,edgar_8k,2017-01-24T12:37,intraday,0000882184-17-000007
20170124_FITB,FITB,2017-01-24,edgar_8k,2017-01-24T06:58,before_open,0001193125-17-015821
20170124_GLW,GLW,2017-01-24,edgar_8k,2017-01-24T07:12,before_open,0000024741-17-000006
20170124_LMT,LMT,2017-01-24,edgar_8k,2017-01-24T07:30,before_open,0001144204-17-003517
20170124_STX,STX,2017-01-24,edgar_8k,2017-01-24T16:08,after_close,0001193125-17-016690
20170124_VZ,VZ,2017-01-24,edgar_8k,2017-01-24T07:07,before_open,0001193125-17-015837
20170124_WRK,WRK,2017-01-24,assumed_after_hours,,assumed_after_hours,
20170125_GWW,GWW,2017-01-25,edgar_8k,2017-01-25T08:07,before_open,0000277135-17-000002
20170125_HES,HES,2017-01-25,assumed_after_hours,,assumed_after_hours,
20170125_LRCX,LRCX,2017-01-25,edgar_8k,2017-01-25T16:04,after_close,0000707549-17-000007
20170125_VAR,VAR,2017-01-25,assumed_after_hours,,assumed_after_hours,
20170126_ADS,ADS,2017-01-26,assumed_after_hours,,assumed_after_hours,
20170127_BEN,BEN,2017-01-27,edgar_8k,2017-01-27T08:31,before_open,0000038777-17-000009
20170127_GD,GD,2017-01-27,edgar_8k,2017-01-27T08:35,before_open,0000040533-17-000002
20170131_ABC,ABC,2017-01-31,assumed_after_hours,,assumed_after_hours,
20170131_AET,AET,2017-01-31,assumed_after_hours,,assumed_after_hours,
20170131_ALGN,ALGN,2017-01-31,edgar_8k,2017-01-31T16:00,after_close,0001102624-17-000054
20170131_ILMN,ILMN,2017-01-31,edgar_8k,2017-01-31T16:30,after_close,0001110803-17-000008
20170131_LLY,LLY,2017-01-31,edgar_8k,2017-01-31T08:54,before_open,0000059478-17-000023
20170131_TPR,TPR,2017-01-31,edgar_8k,2017-01-31T06:45,before_open,0001157523-17-000234
20170131_VLO,VLO,2017-01-31,edgar_8k,2017-01-31T08:39,before_open,0001035002-17-000004
20170201_ADP,ADP,2017-02-01,edgar_8k,2017-02-01T07:00,before_open,0001171843-17-000602
20170201_ANTM,ANTM,2017-02-01,assumed_after_hours,,assumed_after_hours,
20170201_AVY,AVY,2017-02-01,edgar_8k,2017-02-01T06:45,before_open,0001104659-17-005614
20170201_IR,IR,2017-02-01,assumed_after_hours,,assumed_after_hours,
20170201_JCI,JCI,2017-02-01,edgar_8k,2017-02-01T07:09,before_open,0000833444-17-000003
20170201_TSCO,TSCO,2017-02-01,edgar_8k,2017-02-01T16:17,after_close,0000916365-17-000003
20170202_AFG,AFG,2017-02-02,edgar_8k,2017-02-02T14:50,intraday,0001193125-17-028911
20170202_CBT,CBT,2017-02-02,edgar_8k,2017-02-01T17:06,before_open,0001157523-17-000290
20170202_CI,CI,2017-02-02,assumed_after_hours,,assumed_after_hours,
20170202_CMG,CMG,2017-02-02,edgar_8k,2017-02-02T16:08,after_close,0001058090-17-000007
20170202_CY,CY,2017-02-02,assumed_after_hours,,assumed_after_hours,
20170202_ELY,ELY,2017-02-02,assumed_after_hours,,assumed_after_hours,
20170202_EQT,EQT,2017-02-02,edgar_8k,2017-02-02T06:35,before_open,0001157523-17-000301
20170202_GPI,GPI,2017-02-02,edgar_8k,2017-02-02T08:48,before_open,0001031203-17-000003
20170202_LNC,LNC,2017-02-02,edgar_8k,2017-02-01T16:33,before_open,0000059558-17-000007
20170202_MAA,MAA,2017-02-02,edgar_8k,2017-02-01T16:45,before_open,0000912595-17-000003
20170202_MINI,MINI,2017-02-02,assumed_after_hours,,assumed_after_hours,
20170202_PH,PH,2017-02-02,edgar_8k,2017-02-02T09:28,before_open,0000076334-17-000008
20170202_RGLD,RGLD,2017-02-02,edgar_8k,2017-02-02T11:41,intraday,0001144204-17-005538
20170202_SKYW,SKYW,2017-02-02,edgar_8k,2017-02-02T16:01,after_close,0001104659-17-006137
20170202_V,V,2017-02-02,edgar_8k,2017-02-02T16:10,after_close,0001403161-17-000010
20170202_XEL,XEL,2017-02-02,edgar_8k,2017-02-01T17:51,before_open,0000072903-17-000003
20170203_AIV,AIV,2017-02-03,edgar_8k,2017-02-02T16:26,before_open,0000922864-17-000004
20170203_AN,AN,2017-02-03,edgar_8k,2017-02-03T07:09,before_open,0000350698-17-000023
20170203_CBM,CBM,2017-02-03,assumed_after_hours,,assumed_after_hours,
20170203_CLX,CLX,2017-02-03,edgar_8k,2017-02-03T06:45,before_open,0001206774-17-000328
20170203_EZPW,EZPW,2017-02-03,edgar_8k,2017-02-02T17:26,before_open,0000876523-17-000010
20170203_HSY,HSY,2017-02-03,edgar_8k,2017-02-03T07:04,before_open,0000047111-17-000002
20170203_KIM,KIM,2017-02-03,edgar_8k,2017-02-02T17:25,before_open,0001157523-17-000334
20170203_LYB,LYB,2017-02-03,edgar_8k,2017-02-03T06:45,before_open,0001193125-17-029768
20170203_MTX,MTX,2017-02-03,edgar_8k,2017-02-02T17:05,before_open,0000891014-17-000003
20170203_PSX,PSX,2017-02-03,edgar_8k,2017-02-03T09:28,before_open,0001534701-17-000023
20170203_RGS,RGS,2017-02-03,edgar_8k,2017-02-03T06:02,before_open,0000716643-17-000008
20170203_SSD,SSD,2017-02-03,edgar_8k,2017-02-02T17:04,before_open,0000920371-17-000020
20170203_THG,THG,2017-02-03,edgar_8k,2017-02-02T17:27,before_open,0001193125-17-029355
20170203_WY,WY,2017-02-03,edgar_8k,2017-02-02T20:40,before_open,0000106535-17-000004
20170206_LMNX,LMNX,2017-02-06,assumed_after_hours,,assumed_after_hours,
20170206_MCY,MCY,2017-02-06,edgar_8k,2017-02-06T12:05,intraday,0001144204-17-006112
20170207_ABG,ABG,2017-02-07,edgar_8k,2017-02-07T06:11,before_open,0001144980-17-000017
20170207_ADM,ADM,2017-02-07,edgar_8k,2017-02-07T10:47,intraday,0000007084-17-000003
20170207_AKAM,AKAM,2017-02-07,edgar_8k,2017-02-07T16:06,after_close,0001086222-17-000014
20170207_AME,AME,2017-02-07,edgar_8k,2017-02-07T15:07,intraday,0001299933-17-000118
20170207_ARW,ARW,2017-02-07,edgar_8k,2017-02-07T08:05,before_open,0001650030-17-000003
20170207_CAH,CAH,2017-02-07,edgar_8k,2017-02-07T07:02,before_open,0000721371-17-000012
20170207_CNC,CNC,2017-02-07,edgar_8k,2017-02-06T21:52,before_open,0001071739-17-000009
20170207_COHR,COHR,2017-02-07,assumed_after_hours,,assumed_after_hours,
20170207_DHX,DHX,2017-02-07,edgar_8k,2017-02-07T07:02,before_open,0001393883-17-000004
20170207_ESE,ESE,2017-02-07,edgar_8k,2017-02-07T16:16,after_close,0000866706-17-000002
20170207_FIS,FIS,2017-02-07,edgar_8k,2017-02-07T07:13,before_open,0001136893-17-000006
20170207_GM,GM,2017-02-07,edgar_8k,2017-02-07T09:56,intraday,0001467858-17-000027
20170207_MDLZ,MDLZ,2017-02-07,edgar_8k,2017-02-07T16:04,after_close,0001193125-17-033189
20170207_MNK,MNK,2017-02-07,assumed_after_hours,,assumed_after_hours,
20170207_MYGN,MYGN,2017-02-07,edgar_8k,2017-02-07T16:14,after_close,0001193125-17-033204
20170207_NOV,NOV,2017-02-07,edgar_8k,2017-02-06T20:03,before_open,0001193125-17-032113
20170207_NTGR,NTGR,2017-02-07,edgar_8k,2017-02-07T16:08,after_close,0001122904-17-000056
20170207_OMC,OMC,2017-02-07,edgar_8k,2017-02-07T07:25,before_open,0000891092-17-000987
20170207_PAHC,PAHC,2017-02-07,edgar_8k,2017-02-06T16:25,before_open,0001571049-17-001054
20170207_RE,RE,2017-02-07,assumed_after_hours,,assumed_after_hours,
20170207_SPGI,SPGI,2017-02-07,assumed_after_hours,,assumed_after_hours,
20170207_TDG,TDG,2017-02-07,edgar_8k,2017-02-07T07:21,before_open,0001260221-17-000007
20170207_ULTI,ULTI,2017-02-07,assumed_after_hours,,assumed_after_hours,
20170207_VSH,VSH,2017-02-07,edgar_8k,2017-02-07T07:46,before_open,0000103730-17-000002
20170207_WCG,WCG,2017-02-07,assumed_after_hours,,assumed_after_hours,
20170208_MXL,MXL,2017-02-08,edgar_8k,2017-02-08T16:11,after_close,0001288469-17-000002
20170209_AEL,AEL,2017-02-09,assumed_after_hours,,assumed_after_hours,
20170209_AGYS,AGYS,2017-02-09,edgar_8k,2017-02-09T16:10,after_close,0000078749-17-000009
20170209_AHL,AHL,2017-02-09,assumed_after_hours,,assumed_after_hours,
20170209_ALLE,ALLE,2017-02-09,edgar_8k,2017-02-09T06:30,before_open,0001579241-17-000004
20170209_ATVI,ATVI,2017-02-09,assumed_after_hours,,assumed_after_hours,
20170209_BWA,BWA,2017-02-09,edgar_8k,2017-02-09T08:51,before_open,0000908255-17-000008
20170209_CATM,CATM,2017-02-09,assumed_after_hours,,assumed_after_hours,
20170209_COR,COR,2017-02-09,assumed_after_hours,,assumed_after_hours,
20170209_CPSI,CPSI,2017-02-09,assumed_after_hours,,assumed_after_hours,
20170209_CSL,CSL,2017-02-09,edgar_8k,2017-02-09T16:01,after_close,0001558370-17-000460
20170209_CUZ,CUZ,2017-02-09,edgar_8k,2017-02-08T17:02,before_open,0000025232-17-000004
20170209_CVS,CVS,2017-02-09,edgar_8k,2017-02-09T06:57,before_open,0000064803-17-000004
20170209_DNKN,DNKN,2017-02-09,assumed_after_hours,,assumed_after_hours,
20170209_EFX,EFX,2017-02-09,edgar_8k,2017-02-08T16:48,before_open,0000033185-17-000004
20170209_ENS,ENS,2017-02-09,edgar_8k,2017-02-08T16:17,before_open,0001289308-17-000011
20170209_ENSG,ENSG,2017-02-09,assumed_after_hours,,assumed_after_hours,
20170209_FTK,FTK,2017-02-09,edgar_8k,2017-02-08T20:16,before_open,0001193125-17-034965
20170209_FWRD,FWRD,2017-02-09,edgar_8k,2017-02-08T16:32,before_open,0000912728-17-000008
20170209_HNI,HNI,2017-02-09,edgar_8k,2017-02-08T17:00,before_open,0000048287-17-000013
20170209_INTL,INTL,2017-02-09,assumed_after_hours,,assumed_after_hours,
20170209_INVA,INVA,2017-02-09,edgar_8k,2017-02-09T16:45,after_close,0001104659-17-007849
20170209_IRBT,IRBT,2017-02-09,assumed_after_hours,,assumed_after_hours,
20170209_IVC,IVC,2017-02-09,assumed_after_hours,,assumed_after_hours,
20170209_K,K,2017-02-09,assumed_after_hours,,assumed_after_hours,
20170209_KO,KO,2017-02-09,edgar_8k,2017-02-09T07:04,before_open,0000021344-17-000003
20170209_KS,KS,2017-02-09,assumed_after_hours,,assumed_after_hours,
20170209_LQDT,LQDT,2017-02-09,edgar_8k,2017-02-09T07:00,before_open,0001104659-17-007594
20170209_MAS,MAS,2017-02-09,edgar_8k,2017-02-09T07:02,before_open,0000062996-17-000006
20170209_MPWR,MPWR,2017-02-09,edgar_8k,2017-02-09T16:23,after_close,0001437749-17-002031
20170209_NCR,NCR,2017-02-09,assumed_after_hours,,assumed_after_hours,
20170209_NWSA,NWSA,2017-02-09,edgar_8k,2017-02-09T16:20,after_close,0001193125-17-036149
20170209_OXY,OXY,2017-02-09,edgar_8k,2017-02-06T16:10,before_open,0001104659-17-006665
20170209_PTEN,PTEN,2017-02-09,edgar_8k,2017-02-09T06:02,before_open,0001564590-17-001224
20170209_REG,REG,2017-02-09,edgar_8k,2017-02-08T17:59,before_open,0000910606-17-000002
20170209_ROP,ROP,2017-02-09,edgar_8k,2017-02-09T08:01,before_open,0000882835-17-000003
20170209_RYN,RYN,2017-02-09,edgar_8k,2017-02-08T16:58,before_open,0000052827-17-000002
20170209_SEE,SEE,2017-02-09,assumed_after_hours,,assumed_after_hours,
20170209_STC,STC,2017-02-09,edgar_8k,2017-02-09T07:00,before_open,0001144204-17-006871
20170209_THS,THS,2017-02-09,assumed_after_hours,,assumed_after_hours,
20170209_TYL,TYL,2017-02-09,edgar_8k,2017-02-08T16:31,before_open,0001628280-17-001008
20170209_UFS,UFS,2017-02-09,assumed_after_hours,,assumed_after_hours,
20170209_VRSN,VRSN,2017-02-09,edgar_8k,2017-02-09T16:10,after_close,0001014473-17-000002
20170209_VSTO,VSTO,2017-02-09,assumed_after_hours,,assumed_after_hours,
20170209_WWE,WWE,2017-02-09,assumed_after_hours,,assumed_after_hours,
20170209_YUM,YUM,2017-02-09,edgar_8k,2017-02-09T07:12,before_open,0001041061-17-000007
20170210_EGN,EGN,2017-02-10,assumed_after_hours,,assumed_after_hours,
20170210_IPG,IPG,2017-02-10,assumed_after_hours,,assumed_after_hours,
20170210_TCO,TCO,2017-02-10,assumed_after_hours,,assumed_after_hours,
20170213_NNN,NNN,2017-02-13,edgar_8k,2017-02-13T08:31,before_open,0000751364-17-000024
20170213_WEX,WEX,2017-02-13,edgar_8k,2017-02-13T06:50,before_open,0001157523-17-000444
20170214_A,A,2017-02-14,edgar_8k,2017-02-14T16:13,after_close,0001090872-17-000002
20170214_ASGN,ASGN,2017-02-14,assumed_after_hours,,assumed_after_hours,
20170214_BYD,BYD,2017-02-14,edgar_8k,2017-02-14T16:12,after_close,0000906553-17-000003
20170214_GPOR,GPOR,2017-02-14,edgar_8k,2017-02-13T20:24,before_open,0001193125-17-041199
20170214_HE,HE,2017-02-14,edgar_8k,2017-02-14T14:16,intraday,0000354707-17-000011
20170214_INCY,INCY,2017-02-14,edgar_8k,2017-02-14T07:25,before_open,0001104659-17-008850
20170214_INT,INT,2017-02-14,assumed_after_hours,,assumed_after_hours,
20170214_LECO,LECO,2017-02-14,edgar_8k,2017-02-14T09:52,intraday,0000059527-17-000004
20170214_MLM,MLM,2017-02-14,edgar_8k,2017-02-14T12:37,intraday,0001564590-17-001493
20170214_NBL,NBL,2017-02-14,assumed_after_hours,,assumed_after_hours,
20170214_RCII,RCII,2017-02-14,assumed_after_hours,,assumed_after_hours,
20170214_WSO,WSO,2017-02-14,edgar_8k,2017-02-14T07:30,before_open,0001193125-17-041905
20170215_ADI,ADI,2017-02-15,edgar_8k,2017-02-15T08:17,before_open,0001157523-17-000493
20170215_CSCO,CSCO,2017-02-15,edgar_8k,2017-02-15T16:17,after_close,0001193125-17-045265
20170215_DVN,DVN,2017-02-15,edgar_8k,2017-02-14T16:13,before_open,0001193125-17-043410
20170215_ESRX,ESRX,2017-02-15,assumed_after_hours,,assumed_after_hours,
20170215_FSP,FSP,2017-02-15,edgar_8k,2017-02-14T17:40,before_open,0001558370-17-000608
20170215_IOSP,IOSP,2017-02-15,edgar_8k,2017-02-15T06:09,before_open,0001193125-17-044359
20170215_KHC,KHC,2017-02-15,edgar_8k,2017-02-15T16:12,after_close,0001637459-17-000005
20170215_NMIH,NMIH,2017-02-15,edgar_8k,2017-02-15T16:02,after_close,0001547903-17-000028
20170215_NTAP,NTAP,2017-02-15,edgar_8k,2017-02-15T16:05,after_close,0001564590-17-001635
20170215_PEP,PEP,2017-02-15,edgar_8k,2017-02-15T06:33,before_open,0000077476-17-000005
20170215_SNPS,SNPS,2017-02-15,edgar_8k,2017-02-15T16:31,after_close,0001193125-17-045296
20170215_SRCL,SRCL,2017-02-15,assumed_after_hours,,assumed_after_hours,
20170216_AEE,AEE,2017-02-16,edgar_8k,2017-02-16T08:05,before_open,0001002910-17-000051
20170216_ALXN,ALXN,2017-02-16,assumed_after_hours,,assumed_after_hours,
20170216_ARR,ARR,2017-02-16,edgar_8k,2017-02-15T16:25,before_open,0001428205-17-000033
20170216_CHE,CHE,2017-02-16,edgar_8k,2017-02-15T16:46,before_open,0001157523-17-000511
20170216_CHTR,CHTR,2017-02-16,edgar_8k,2017-02-16T07:05,before_open,0001091667-17-000029
20170216_DVA,DVA,2017-02-16,edgar_8k,2017-02-16T16:21,after_close,0001193125-17-046718
20170216_HR,HR,2017-02-16,edgar_8k,2017-02-15T16:20,before_open,0001360604-17-000019
20170216_MDRX,MDRX,2017-02-16,assumed_after_hours,,assumed_after_hours,
20170216_MGM,MGM,2017-02-16,edgar_8k,2017-02-16T07:55,before_open,0001193125-17-045927
20170216_NCI,NCI,2017-02-16,assumed_after_hours,,assumed_after_hours,
20170216_PBF,PBF,2017-02-16,edgar_8k,2017-02-16T07:31,before_open,0001534504-17-000009
20170216_POOL,POOL,2017-02-16,edgar_8k,2017-02-16T10:18,intraday,0000945841-17-000021
20170216_RS,RS,2017-02-16,edgar_8k,2017-02-16T06:55,before_open,0001171843-17-000916
20170216_RSG,RSG,2017-02-16,edgar_8k,2017-02-16T16:05,after_close,0001060391-17-000007
20170216_UFCS,UFCS,2017-02-16,edgar_8k,2017-02-16T08:25,before_open,0000101199-17-000020
20170216_VECO,VECO,2017-02-16,edgar_8k,2017-02-16T16:17,after_close,0001104659-17-009904
20170217_B,B,2017-02-17,assumed_after_hours,,assumed_after_hours,
20170217_CPB,CPB,2017-02-17,edgar_8k,2017-02-17T07:32,before_open,0000016732-17-000020
20170217_DE,DE,2017-02-17,edgar_8k,2017-02-17T06:56,before_open,0001104659-17-009994
20170217_ECOL,ECOL,2017-02-17,assumed_after_hours,,assumed_after_hours,
20170217_FLS,FLS,2017-02-17,assumed_after_hours,,assumed_after_hours,
20170217_NWE,NWE,2017-02-17,assumed_after_hours,,assumed_after_hours,
20170217_ROCK,ROCK,2017-02-17,assumed_after_hours,,assumed_after_hours,
20170217_RUTH,RUTH,2017-02-17,assumed_after_hours,,assumed_after_hours,
20170221_AAP,AAP,2017-02-21,edgar_8k,2017-02-21T06:38,before_open,0001158449-17-000029
20170221_ASTE,ASTE,2017-02-21,edgar_8k,2017-02-21T09:04,before_open,0000792987-17-000002
20170221_DAKT,DAKT,2017-02-21,edgar_8k,2017-02-21T11:26,intraday,0000915779-17-000012
20170221_ECL,ECL,2017-02-21,edgar_8k,2017-02-21T08:55,before_open,0001558370-17-000689
20170221_GPC,GPC,2017-02-21,edgar_8k,2017-02-21T08:46,before_open,0001299933-17-000160
20170221_HCI,HCI,2017-02-21,edgar_8k,2017-02-21T16:38,after_close,0001193125-17-050474
20170221_HLX,HLX,2017-02-21,edgar_8k,2017-02-21T07:12,before_open,0000866829-17-000004
20170221_HSIC,HSIC,2017-02-21,edgar_8k,2017-02-21T07:41,before_open,0001000228-17-000006
20170221_LL,LL,2017-02-21,assumed_after_hours,,assumed_after_hours,
20170221_LNTH,LNTH,2017-02-21,edgar_8k,2017-02-21T16:05,after_close,0001193125-17-050380
20170221_M,M,2017-02-21,edgar_8k,2017-02-21T11:32,intraday,0000794367-17-000010
20170221_MNTA,MNTA,2017-02-21,assumed_after_hours,,assumed_after_hours,
20170221_NDSN,NDSN,2017-02-21,edgar_8k,2017-02-21T06:04,before_open,0001157523-17-000548
20170221_NEWM,NEWM,2017-02-21,assumed_after_hours,,assumed_after_hours,
20170221_PWR,PWR,2017-02-21,edgar_8k,2017-02-21T06:12,before_open,0001193125-17-049180
20170221_ROG,ROG,2017-02-21,edgar_8k,2017-02-21T07:03,before_open,0001157523-17-000554
20170221_SAH,SAH,2017-02-21,edgar_8k,2017-02-21T08:17,before_open,0001193125-17-049445
20170221_THRM,THRM,2017-02-21,edgar_8k,2017-02-21T06:19,before_open,0001564590-17-001822
20170221_TXRH,TXRH,2017-02-21,edgar_8k,2017-02-21T16:07,after_close,0001104659-17-010558
20170221_WAB,WAB,2017-02-21,edgar_8k,2017-02-21T07:13,before_open,0001193125-17-049335
20170222_AVA,AVA,2017-02-22,edgar_8k,2017-02-21T19:50,before_open,0000104918-17-000055
20170222_AWK,AWK,2017-02-22,edgar_8k,2017-02-21T16:50,before_open,0001564590-17-001903
20170222_CPRT,CPRT,2017-02-22,edgar_8k,2017-02-21T18:15,before_open,0000900075-17-000008
20170222_DISH,DISH,2017-02-22,assumed_after_hours,,assumed_after_hours,
20170222_EV,EV,2017-02-22,assumed_after_hours,,assumed_after_hours,
20170222_EXR,EXR,2017-02-22,edgar_8k,2017-02-21T16:39,before_open,0001628280-17-001520
20170222_FE,FE,2017-02-22,edgar_8k,2017-02-21T17:04,before_open,0001031296-17-000014
20170222_GEO,GEO,2017-02-22,assumed_after_hours,,assumed_after_hours,
20170222_GOV,GOV,2017-02-22,assumed_after_hours,,assumed_after_hours,
20170222_GRMN,GRMN,2017-02-22,edgar_8k,2017-02-22T09:43,intraday,0001615774-17-000751
20170222_HFC,HFC,2017-02-22,assumed_after_hours,,assumed_after_hours,
20170222_HPQ,HPQ,2017-02-22,edgar_8k,2017-02-22T16:09,after_close,0000047217-17-000004
20170222_HVT,HVT,2017-02-22,edgar_8k,2017-02-22T12:39,intraday,0000216085-17-000004
20170222_IVR,IVR,2017-02-22,edgar_8k,2017-02-21T16:21,before_open,0001437071-17-000007
20170222_LAMR,LAMR,2017-02-22,edgar_8k,2017-02-22T06:33,before_open,0001193125-17-051114
20170222_LZB,LZB,2017-02-22,edgar_8k,2017-02-21T16:36,before_open,0001104659-17-010564
20170222_NI,NI,2017-02-22,edgar_8k,2017-02-22T06:31,before_open,0001111711-17-000009
20170222_TJX,TJX,2017-02-22,edgar_8k,2017-02-22T08:55,before_open,0001157523-17-000570
20170222_TOL,TOL,2017-02-22,edgar_8k,2017-02-22T10:06,intraday,0000794170-17-000007
20170222_UVE,UVE,2017-02-22,edgar_8k,2017-02-21T17:21,before_open,0001193125-17-050596
20170222_VMI,VMI,2017-02-22,edgar_8k,2017-02-22T06:04,before_open,0001104659-17-010686
20170222_VRSK,VRSK,2017-02-22,edgar_8k,2017-02-21T16:55,before_open,0001442145-17-000009
20170223_AAOI,AAOI,2017-02-23,edgar_8k,2017-02-23T16:05,after_close,0001558370-17-000877
20170223_AMCX,AMCX,2017-02-23,edgar_8k,2017-02-23T09:34,intraday,0001514991-17-000003
20170223_AMSF,AMSF,2017-02-23,edgar_8k,2017-02-22T16:36,before_open,0001193125-17-052154
20170223_ANSS,ANSS,2017-02-23,assumed_after_hours,,assumed_after_hours,
20170223_BIO,BIO,2017-02-23,edgar_8k,2017-02-23T17:10,after_close,0000012208-17-000006
20170223_CDR,CDR,2017-02-23,assumed_after_hours,,assumed_after_hours,
20170223_CECO,CECO,2017-02-23,assumed_after_hours,,assumed_after_hours,
20170223_CHK,CHK,2017-02-23,assumed_after_hours,,assumed_after_hours,
20170223_CLDT,CLDT,2017-02-23,edgar_8k,2017-02-23T09:21,before_open,0001476045-17-000029
20170223_CLGX,CLGX,2017-02-23,assumed_after_hours,,assumed_after_hours,
20170223_CNK,CNK,2017-02-23,edgar_8k,2017-02-23T06:39,before_open,0001193125-17-052859
20170223_CVG,CVG,2017-02-23,assumed_after_hours,,assumed_after_hours,
20170223_EIG,EIG,2017-02-23,edgar_8k,2017-02-22T17:55,before_open,0001379041-17-000014
20170223_FARO,FARO,2017-02-23,assumed_after_hours,,assumed_after_hours,
20170223_FCPT,FCPT,2017-02-23,edgar_8k,2017-02-23T17:12,after_close,0001193125-17-054172
20170223_GPS,GPS,2017-02-23,assumed_after_hours,,assumed_after_hours,
20170223_HPE,HPE,2017-02-23,edgar_8k,2017-02-23T09:24,before_open,0001628280-17-001605
20170223_HRL,HRL,2017-02-23,edgar_8k,2017-02-23T07:54,before_open,0001104659-17-011000
20170223_IDA,IDA,2017-02-23,edgar_8k,2017-02-23T08:16,before_open,0001057877-17-000036
20170223_IDCC,IDCC,2017-02-23,edgar_8k,2017-02-23T08:46,before_open,0001405495-17-000004
20170223_INTU,INTU,2017-02-23,edgar_8k,2017-02-23T16:06,after_close,0000896878-17-000028
20170223_LB,LB,2017-02-23,assumed_after_hours,,assumed_after_hours,
20170223_LDOS,LDOS,2017-02-23,edgar_8k,2017-02-23T06:06,before_open,0001336920-17-000011
20170223_LTC,LTC,2017-02-23,edgar_8k,2017-02-22T17:00,before_open,0001104659-17-010877
20170223_LYV,LYV,2017-02-23,edgar_8k,2017-02-23T16:22,after_close,0001335258-17-000030
20170223_O,O,2017-02-23,edgar_8k,2017-02-22T17:18,before_open,0001104659-17-010896
20170223_OGS,OGS,2017-02-23,edgar_8k,2017-02-22T17:19,before_open,0001587732-17-000009
20170223_PRA,PRA,2017-02-23,edgar_8k,2017-02-22T16:17,before_open,0001194794-17-000006
20170223_QEP,QEP,2017-02-23,assumed_after_hours,,assumed_after_hours,
20170223_RGR,RGR,2017-02-23,edgar_8k,2017-02-22T17:03,before_open,0001174947-17-000226
20170223_ROIC,ROIC,2017-02-23,assumed_after_hours,,assumed_after_hours,
20170223_RRC,RRC,2017-02-23,edgar_8k,2017-02-22T20:50,before_open,0001564590-17-002077
20170223_SAFM,SAFM,2017-02-23,assumed_after_hours,,assumed_after_hours,
20170223_SFM,SFM,2017-02-23,edgar_8k,2017-02-23T09:05,before_open,0001564590-17-002106
20170223_SPXC,SPXC,2017-02-23,edgar_8k,2017-02-23T16:18,after_close,0000088205-17-000005
20170223_TFX,TFX,2017-02-23,edgar_8k,2017-02-23T07:00,before_open,0000096943-17-000011
20170223_TNC,TNC,2017-02-23,edgar_8k,2017-02-23T08:54,before_open,0000097134-17-000003
20170223_TREE,TREE,2017-02-23,edgar_8k,2017-02-23T07:08,before_open,0001434621-17-000007
20170223_UNT,UNT,2017-02-23,assumed_after_hours,,assumed_after_hours,
20170223_VAC,VAC,2017-02-23,edgar_8k,2017-02-23T08:15,before_open,0001193125-17-053003
20170223_ZBRA,ZBRA,2017-02-23,edgar_8k,2017-02-23T07:51,before_open,0000877212-17-000002
20170224_ACHC,ACHC,2017-02-24,edgar_8k,2017-02-23T16:37,before_open,0001157523-17-000608
20170224_CHCT,CHCT,2017-02-24,edgar_8k,2017-02-23T17:06,before_open,0001631569-17-000011
20170224_COG,COG,2017-02-24,assumed_after_hours,,assumed_after_hours,
20170224_PEI,PEI,2017-02-24,assumed_after_hours,,assumed_after_hours,
20170224_PNW,PNW,2017-02-24,edgar_8k,2017-02-24T08:30,before_open,0000764622-17-000009
20170224_RDC,RDC,2017-02-24,assumed_after_hours,,assumed_after_hours,
20170224_SEM,SEM,2017-02-24,edgar_8k,2017-02-23T16:56,before_open,0001104659-17-011268
20170224_SJI,SJI,2017-02-24,assumed_after_hours,,assumed_after_hours,
20170224_SWN,SWN,2017-02-24,assumed_after_hours,,assumed_after_hours,
20170224_TDS,TDS,2017-02-24,edgar_8k,2017-02-24T08:20,before_open,0001051512-17-000012
20170224_TPRE,TPRE,2017-02-24,assumed_after_hours,,assumed_after_hours,
20170227_AES,AES,2017-02-27,edgar_8k,2017-02-27T06:14,before_open,0000874761-17-000005
20170227_AMT,AMT,2017-02-27,edgar_8k,2017-02-27T07:05,before_open,0001053507-17-000007
20170227_AMWD,AMWD,2017-02-27,assumed_after_hours,,assumed_after_hours,
20170227_BKNG,BKNG,2017-02-27,edgar_8k,2017-02-27T16:04,after_close,0001075531-17-000007
20170227_HSII,HSII,2017-02-27,assumed_after_hours,,assumed_after_hours,
20170227_PRGO,PRGO,2017-02-27,edgar_8k,2017-02-27T16:28,after_close,0001585364-17-000026
20170227_SSTK,SSTK,2017-02-27,edgar_8k,2017-02-27T07:05,before_open,0001549346-17-000006
20170227_TGNA,TGNA,2017-02-27,assumed_after_hours,,assumed_after_hours,
20170228_AZO,AZO,2017-02-28,edgar_8k,2017-02-28T07:15,before_open,0001171843-17-001175
20170228_BLD,BLD,2017-02-28,edgar_8k,2017-02-28T06:50,before_open,0001558370-17-001115
20170228_CABO,CABO,2017-02-28,edgar_8k,2017-02-28T06:31,before_open,0001437749-17-003388
20170228_DDD,DDD,2017-02-28,edgar_8k,2017-02-28T08:05,before_open,0001171843-17-001176
20170228_ILG,ILG,2017-02-28,assumed_after_hours,,assumed_after_hours,
20170228_INGN,INGN,2017-02-28,edgar_8k,2017-02-28T16:06,after_close,0001564590-17-002849
20170228_ITRI,ITRI,2017-02-28,edgar_8k,2017-02-28T16:05,after_close,0001157523-17-000661
20170228_KND,KND,2017-02-28,assumed_after_hours,,assumed_after_hours,
20170228_LOGM,LOGM,2017-02-28,assumed_after_hours,,assumed_after_hours,
20170228_MDCO,MDCO,2017-02-28,assumed_after_hours,,assumed_after_hours,
20170228_NSA,NSA,2017-02-28,edgar_8k,2017-02-27T16:45,before_open,0001618563-17-000030
20170228_PRAA,PRAA,2017-02-28,edgar_8k,2017-02-28T16:10,after_close,0001171843-17-001210
20170228_ROST,ROST,2017-02-28,edgar_8k,2017-02-28T16:02,after_close,0000745732-17-000002
20170228_RRD,RRD,2017-02-28,assumed_after_hours,,assumed_after_hours,
20170228_TGT,TGT,2017-02-28,edgar_8k,2017-02-28T06:32,before_open,0000027419-17-000004
20170228_XOXO,XOXO,2017-02-28,assumed_after_hours,,assumed_after_hours,
20170301_AEGN,AEGN,2017-03-01,assumed_after_hours,,assumed_after_hours,
20170301_AEO,AEO,2017-03-01,assumed_after_hours,,assumed_after_hours,
20170301_AMED,AMED,2017-03-01,assumed_after_hours,,assumed_after_hours,
20170301_AVGO,AVGO,2017-03-01,assumed_after_hours,,assumed_after_hours,
20170301_CLI,CLI,2017-03-01,assumed_after_hours,,assumed_after_hours,
20170301_CORE,CORE,2017-03-01,assumed_after_hours,,assumed_after_hours,
20170301_DIN,DIN,2017-03-01,edgar_8k,2017-03-01T08:21,before_open,0001193125-17-063959
20170301_DLTR,DLTR,2017-03-01,edgar_8k,2017-03-01T07:59,before_open,0000935703-17-000008
20170301_DY,DY,2017-03-01,edgar_8k,2017-03-01T07:32,before_open,0000067215-17-000008
20170301_ICUI,ICUI,2017-03-01,edgar_8k,2017-03-01T16:08,after_close,0000883984-17-000011
20170301_KAMN,KAMN,2017-03-01,assumed_after_hours,,assumed_after_hours,
20170301_LOW,LOW,2017-03-01,edgar_8k,2017-03-01T07:59,before_open,0000060667-17-000032
20170301_LXP,LXP,2017-03-01,edgar_8k,2017-03-02T01:05,after_call_date,0001144204-17-012292
20170301_NKTR,NKTR,2017-03-01,edgar_8k,2017-03-01T16:34,after_close,0001615774-17-000848
20170301_SHAK,SHAK,2017-03-01,edgar_8k,2017-03-01T16:06,after_close,0001620533-17-000030
20170301_SUPN,SUPN,2017-03-01,edgar_8k,2017-02-28T21:09,before_open,0001104659-17-012734
20170301_SWX,SWX,2017-03-01,edgar_8k,2017-02-27T17:27,before_open,0001692115-17-000017
20170301_UHS,UHS,2017-03-01,edgar_8k,2017-02-28T16:30,before_open,0001193125-17-062413
20170302_ADSK,ADSK,2017-03-02,edgar_8k,2017-03-02T16:01,after_close,0000769397-17-000009
20170302_BKS,BKS,2017-03-02,assumed_after_hours,,assumed_after_hours,
20170302_DEA,DEA,2017-03-02,edgar_8k,2017-03-02T06:45,before_open,0001564590-17-003160
20170302_GEF,GEF,2017-03-02,assumed_after_hours,,assumed_after_hours,
20170302_KR,KR,2017-03-02,edgar_8k,2017-03-02T07:48,before_open,0001104659-17-013242
20170302_SPOK,SPOK,2017-03-02,edgar_8k,2017-03-01T16:24,before_open,0001289945-17-000004
20170302_WING,WING,2017-03-02,edgar_8k,2017-03-02T16:04,after_close,0001636222-17-000009
20170302_ZEUS,ZEUS,2017-03-02,assumed_after_hours,,assumed_after_hours,
20170303_PGR,PGR,2017-03-03,assumed_after_hours,,assumed_after_hours,
20170306_ALOG,ALOG,2017-03-06,assumed_after_hours,,assumed_after_hours,
20170306_ASNA,ASNA,2017-03-06,assumed_after_hours,,assumed_after_hours,
20170306_KFY,KFY,2017-03-06,edgar_8k,2017-03-06T16:12,after_close,0001193125-17-071601
20170307_DKS,DKS,2017-03-07,edgar_8k,2017-03-07T08:47,before_open,0001089063-17-000006
20170307_KLXI,KLXI,2017-03-07,assumed_after_hours,,assumed_after_hours,
20170307_LGIH,LGIH,2017-03-07,edgar_8k,2017-03-07T09:46,intraday,0001580670-17-000014
20170308_ABM,ABM,2017-03-08,edgar_8k,2017-03-07T17:16,before_open,0001571049-17-002070
20170308_BOBE,BOBE,2017-03-08,assumed_after_hours,,assumed_after_hours,
20170308_CIEN,CIEN,2017-03-08,edgar_8k,2017-03-08T07:09,before_open,0000936395-17-000017
20170308_OA,OA,2017-03-08,assumed_after_hours,,assumed_after_hours,
20170308_TLRD,TLRD,2017-03-08,assumed_after_hours,,assumed_after_hours,
20170308_VRA,VRA,2017-03-08,edgar_8k,2017-03-08T08:59,before_open,0001495320-17-000007
20170309_CMTL,CMTL,2017-03-09,edgar_8k,2017-03-08T16:30,before_open,0000023197-17-000008
20170309_PAY,PAY,2017-03-09,assumed_after_hours,,assumed_after_hours,
20170309_SIG,SIG,2017-03-09,edgar_8k,2017-03-09T09:00,before_open,0001157523-17-000768
20170309_TTEC,TTEC,2017-03-09,edgar_8k,2017-03-08T18:27,before_open,0001104659-17-015252
20170309_ULTA,ULTA,2017-03-09,edgar_8k,2017-03-09T16:11,after_close,0001193125-17-076882
20170310_PRSC,PRSC,2017-03-10,assumed_after_hours,,assumed_after_hours,
20170313_AMPH,AMPH,2017-03-13,edgar_8k,2017-03-13T16:35,after_close,0001297184-17-000003
20170314_IPAR,IPAR,2017-03-14,edgar_8k,2017-03-13T16:32,before_open,0001144204-17-014253
20170315_JBL,JBL,2017-03-15,edgar_8k,2017-03-15T16:07,after_close,0001193125-17-083611
20170315_ORCL,ORCL,2017-03-15,edgar_8k,2017-03-15T16:11,after_close,0001193125-17-083638
20170315_WSM,WSM,2017-03-15,edgar_8k,2017-03-15T16:18,after_close,0001193125-17-083658
20170316_ADBE,ADBE,2017-03-16,edgar_8k,2017-03-16T16:06,after_close,0000796343-17-000075
20170316_MCF,MCF,2017-03-16,assumed_after_hours,,assumed_after_hours,
20170317_TIF,TIF,2017-03-17,assumed_after_hours,,assumed_after_hours,
20170320_MOV,MOV,2017-03-20,edgar_8k,2017-03-20T09:08,before_open,0000950142-17-000609
20170321_AIR,AIR,2017-03-21,edgar_8k,2017-03-21T16:32,after_close,0001104659-17-018331
20170321_LEN,LEN,2017-03-21,edgar_8k,2017-03-21T10:15,intraday,0001628280-17-002735
20170321_NKE,NKE,2017-03-21,edgar_8k,2017-03-21T16:20,after_close,0000320187-17-000020
20170322_CTAS,CTAS,2017-03-22,edgar_8k,2017-03-22T16:16,after_close,0000723254-17-000012
20170323_ACN,ACN,2017-03-23,edgar_8k,2017-03-23T07:04,before_open,0001467373-17-000151
20170323_CAG,CAG,2017-03-23,edgar_8k,2017-03-23T07:45,before_open,0001193125-17-092820
20170323_GME,GME,2017-03-23,edgar_8k,2017-03-23T16:10,after_close,0001326380-17-000043
20170323_PVH,PVH,2017-03-23,edgar_8k,2017-03-22T16:27,before_open,0000078239-17-000005
20170323_SCHL,SCHL,2017-03-23,edgar_8k,2017-03-23T07:01,before_open,0001144204-17-016146
20170327_RHT,RHT,2017-03-27,assumed_after_hours,,assumed_after_hours,
20170328_RAVN,RAVN,2017-03-28,assumed_after_hours,,assumed_after_hours,
20170405_WBA,WBA,2017-04-05,assumed_after_hours,,assumed_after_hours,
20170412_HCSG,HCSG,2017-04-12,edgar_8k,2017-04-12T17:19,after_close,0000731012-17-000045
20170413_QHC,QHC,2017-04-13,assumed_after_hours,,assumed_after_hours,
20170417_SFBS,SFBS,2017-04-17,edgar_8k,2017-04-17T16:48,after_close,0001171843-17-002146
20170418_GWW,GWW,2017-04-18,edgar_8k,2017-04-18T10:28,intraday,0000277135-17-000013
20170418_LRCX,LRCX,2017-04-18,edgar_8k,2017-04-18T16:01,after_close,0000707549-17-000052
20170419_ABT,ABT,2017-04-19,edgar_8k,2017-04-17T19:12,before_open,0001104659-17-023826
20170419_AXP,AXP,2017-04-19,edgar_8k,2017-04-19T16:06,after_close,0000004962-17-000034
20170419_EXPO,EXPO,2017-04-19,edgar_8k,2017-04-19T16:05,after_close,0001171843-17-002200
20170419_FULT,FULT,2017-04-19,edgar_8k,2017-04-18T16:28,before_open,0000700564-17-000016
20170419_KMI,KMI,2017-04-19,edgar_8k,2017-04-19T16:12,after_close,0001506307-17-000014
20170419_UFPI,UFPI,2017-04-19,edgar_8k,2017-04-18T17:12,before_open,0001558370-17-002718
20170419_USB,USB,2017-04-19,edgar_8k,2017-04-19T06:52,before_open,0001193125-17-127972
20170420_ADS,ADS,2017-04-20,assumed_after_hours,,assumed_after_hours,
20170420_AZZ,AZZ,2017-04-20,edgar_8k,2017-04-20T06:36,before_open,0000008947-17-000049
20170420_DGX,DGX,2017-04-20,edgar_8k,2017-04-20T06:50,before_open,0001022079-17-000116
20170420_DOV,DOV,2017-04-20,edgar_8k,2017-04-20T06:52,before_open,0000029905-17-000016
20170420_HNI,HNI,2017-04-20,edgar_8k,2017-04-19T16:56,before_open,0000048287-17-000092
20170420_HOMB,HOMB,2017-04-20,edgar_8k,2017-04-20T08:00,before_open,0001171843-17-002214
20170420_IIIN,IIIN,2017-04-20,edgar_8k,2017-04-20T06:31,before_open,0001437749-17-006835
20170420_NUE,NUE,2017-04-20,edgar_8k,2017-04-20T09:12,before_open,0001144204-17-021152
20170420_POOL,POOL,2017-04-20,edgar_8k,2017-04-20T09:49,intraday,0000945841-17-000077
20170420_STBA,STBA,2017-04-20,edgar_8k,2017-04-20T10:59,intraday,0000719220-17-000024
20170420_VZ,VZ,2017-04-20,edgar_8k,2017-04-20T07:33,before_open,0001193125-17-129739
20170421_ABCB,ABCB,2017-04-21,edgar_8k,2017-04-21T07:53,before_open,0001144204-17-021395
20170421_BGG,BGG,2017-04-21,assumed_after_hours,,assumed_after_hours,
20170421_IPG,IPG,2017-04-21,assumed_after_hours,,assumed_after_hours,
20170421_NBHC,NBHC,2017-04-21,edgar_8k,2017-04-20T16:28,before_open,0001475841-17-000007
20170424_HAS,HAS,2017-04-24,edgar_8k,2017-04-24T07:48,before_open,0000046080-17-000057
20170424_HSII,HSII,2017-04-24,assumed_after_hours,,assumed_after_hours,
20170424_KMB,KMB,2017-04-24,edgar_8k,2017-04-24T08:56,before_open,0000055785-17-000030
20170424_TRST,TRST,2017-04-24,edgar_8k,2017-04-21T16:00,before_open,0001140361-17-016395
20170425_CAT,CAT,2017-04-25,edgar_8k,2017-04-25T07:38,before_open,0000018230-17-000135
20170425_CBU,CBU,2017-04-25,edgar_8k,2017-04-25T09:39,intraday,0000723188-17-000017
20170425_FCX,FCX,2017-04-25,edgar_8k,2017-04-25T12:48,intraday,0000831259-17-000016
20170425_LMT,LMT,2017-04-25,edgar_8k,2017-04-25T07:31,before_open,0001144204-17-021852
20170425_MMM,MMM,2017-04-25,edgar_8k,2017-04-25T07:58,before_open,0001104659-17-025639
20170425_TXN,TXN,2017-04-25,edgar_8k,2017-04-25T17:22,after_close,0001564590-17-007157
20170425_VLO,VLO,2017-04-25,edgar_8k,2017-04-25T08:41,before_open,0001035002-17-000019
20170425_WRI,WRI,2017-04-25,assumed_after_hours,,assumed_after_hours,
20170426_AVY,AVY,2017-04-26,edgar_8k,2017-04-26T06:45,before_open,0001104659-17-026110
20170426_CPF,CPF,2017-04-26,edgar_8k,2017-04-26T12:06,intraday,0000701347-17-000014
20170426_CUBI,CUBI,2017-04-26,edgar_8k,2017-04-26T16:20,after_close,0001488813-17-000006
20170426_ECHO,ECHO,2017-04-26,assumed_after_hours,,assumed_after_hours,
20170426_FCF,FCF,2017-04-26,edgar_8k,2017-04-25T09:19,before_open,0000712537-17-000019
20170426_GD,GD,2017-04-26,edgar_8k,2017-04-26T08:36,before_open,0000040533-17-000012
20170426_HES,HES,2017-04-26,assumed_after_hours,,assumed_after_hours,
20170426_HSY,HSY,2017-04-26,edgar_8k,2017-04-26T07:06,before_open,0000047111-17-000018
20170426_LMAT,LMAT,2017-04-26,edgar_8k,2017-04-26T16:22,after_close,0001193125-17-139539
20170426_MGLN,MGLN,2017-04-26,assumed_after_hours,,assumed_after_hours,
20170426_MHO,MHO,2017-04-26,edgar_8k,2017-04-26T08:34,before_open,0000799292-17-000006
20170426_MKTX,MKTX,2017-04-26,edgar_8k,2017-04-26T07:03,before_open,0001193125-17-137908
20170426_NSC,NSC,2017-04-26,edgar_8k,2017-04-26T08:05,before_open,0000702165-17-000038
20170426_O,O,2017-04-26,edgar_8k,2017-04-25T16:30,before_open,0001104659-17-025905
20170426_ROK,ROK,2017-04-26,edgar_8k,2017-04-26T07:19,before_open,0001024478-17-000011
20170426_SAH,SAH,2017-04-26,edgar_8k,2017-04-26T08:12,before_open,0001193125-17-138010
20170426_STX,STX,2017-04-26,edgar_8k,2017-04-26T08:08,before_open,0001193125-17-138005
20170426_SXT,SXT,2017-04-26,edgar_8k,2017-04-25T18:01,before_open,0001140361-17-016762
20170426_UTHR,UTHR,2017-04-26,edgar_8k,2017-04-26T06:05,before_open,0001104659-17-026098
20170426_WRK,WRK,2017-04-26,assumed_after_hours,,assumed_after_hours,
20170426_XLNX,XLNX,2017-04-26,assumed_after_hours,,assumed_after_hours,
20170427_ABBV,ABBV,2017-04-27,edgar_8k,2017-04-27T07:42,before_open,0001551152-17-000008
20170427_ALLE,ALLE,2017-04-27,edgar_8k,2017-04-27T06:05,before_open,0001579241-17-000019
20170427_AMZN,AMZN,2017-04-27,edgar_8k,2017-04-27T16:06,after_close,0001018724-17-000049
20170427_ATNI,ATNI,2017-04-27,edgar_8k,2017-04-27T09:01,before_open,0001104659-17-026630
20170427_BPFH,BPFH,2017-04-27,assumed_after_hours,,assumed_after_hours,
20170427_CLD,CLD,2017-04-27,assumed_after_hours,,assumed_after_hours,
20170427_CMCSA,CMCSA,2017-04-27,edgar_8k,2017-04-27T07:06,before_open,0001104659-17-026588
20170427_CMO,CMO,2017-04-27,assumed_after_hours,,assumed_after_hours,
20170427_CYTK,CYTK,2017-04-27,edgar_8k,2017-04-27T16:11,after_close,0001299933-17-000431
20170427_EHTH,EHTH,2017-04-27,edgar_8k,2017-04-27T16:17,after_close,0001333493-17-000057
20170427_EIG,EIG,2017-04-27,edgar_8k,2017-04-26T16:53,before_open,0001379041-17-000116
20170427_EQT,EQT,2017-04-27,edgar_8k,2017-04-27T06:36,before_open,0001157523-17-001229
20170427_FWRD,FWRD,2017-04-27,edgar_8k,2017-04-26T16:08,before_open,0000912728-17-000048
20170427_GHL,GHL,2017-04-27,assumed_after_hours,,assumed_after_hours,
20170427_INT,INT,2017-04-27,assumed_after_hours,,assumed_after_hours,
20170427_INVA,INVA,2017-04-27,edgar_8k,2017-04-27T16:13,after_close,0001104659-17-026942
20170427_IRM,IRM,2017-04-27,edgar_8k,2017-04-27T06:15,before_open,0001020569-17-000014
20170427_JCI,JCI,2017-04-27,edgar_8k,2017-04-27T07:07,before_open,0000833444-17-000013
20170427_KIM,KIM,2017-04-27,edgar_8k,2017-04-26T18:20,before_open,0001157523-17-001215
20170427_LKQ,LKQ,2017-04-27,edgar_8k,2017-04-27T07:29,before_open,0001065696-17-000020
20170427_LSTR,LSTR,2017-04-27,edgar_8k,2017-04-26T16:32,before_open,0001193125-17-139586
20170427_MGM,MGM,2017-04-27,edgar_8k,2017-04-27T08:55,before_open,0001193125-17-141128
20170427_NATI,NATI,2017-04-27,assumed_after_hours,,assumed_after_hours,
20170427_NEU,NEU,2017-04-27,edgar_8k,2017-04-26T17:09,before_open,0001282637-17-000008
20170427_OIS,OIS,2017-04-27,edgar_8k,2017-04-26T18:50,before_open,0001171843-17-002341
20170427_PATK,PATK,2017-04-27,assumed_after_hours,,assumed_after_hours,
20170427_PDFS,PDFS,2017-04-27,edgar_8k,2017-04-27T16:02,after_close,0001437749-17-007299
20170427_PH,PH,2017-04-27,assumed_after_hours,,assumed_after_hours,
20170427_PJC,PJC,2017-04-27,assumed_after_hours,,assumed_after_hours,
20170427_POWI,POWI,2017-04-27,edgar_8k,2017-04-27T16:08,after_close,0001157523-17-001250
20170427_RTN,RTN,2017-04-27,assumed_after_hours,,assumed_after_hours,
20170427_SIVB,SIVB,2017-04-27,assumed_after_hours,,assumed_after_hours,
20170427_SKYW,SKYW,2017-04-27,edgar_8k,2017-04-27T16:00,after_close,0001104659-17-026925
20170427_SPOK,SPOK,2017-04-27,edgar_8k,2017-04-26T16:15,before_open,0001289945-17-000012
20170427_SPSC,SPSC,2017-04-27,edgar_8k,2017-04-27T16:08,after_close,0001171843-17-002377
20170427_TYL,TYL,2017-04-27,edgar_8k,2017-04-26T16:33,before_open,0000860731-17-000017
20170427_VRSN,VRSN,2017-04-27,edgar_8k,2017-04-27T16:09,after_close,0001014473-17-000011
20170428_CVX,CVX,2017-04-28,edgar_8k,2017-04-28T09:01,before_open,0000093410-17-000016
20170428_FII,FII,2017-04-28,assumed_after_hours,,assumed_after_hours,
20170428_GM,GM,2017-04-28,edgar_8k,2017-04-28T09:36,intraday,0001467858-17-000068
20170428_MATW,MATW,2017-04-28,edgar_8k,2017-04-27T16:36,before_open,0000063296-17-000026
20170428_PEG,PEG,2017-04-28,edgar_8k,2017-04-28T08:34,before_open,0001193125-17-145449
20170428_PFS,PFS,2017-04-28,edgar_8k,2017-04-28T11:54,intraday,0001628280-17-004462
20170428_SBSI,SBSI,2017-04-28,edgar_8k,2017-04-27T17:49,before_open,0000705432-17-000042
20170428_WY,WY,2017-04-28,edgar_8k,2017-04-27T19:54,before_open,0000106535-17-000015
20170501_AMD,AMD,2017-05-01,edgar_8k,2017-05-01T16:19,after_close,0000002488-17-000096
20170501_CAH,CAH,2017-05-01,edgar_8k,2017-05-01T07:02,before_open,0000721371-17-000030
20170501_CGNX,CGNX,2017-05-01,edgar_8k,2017-05-01T16:06,after_close,0001157523-17-001318
20170501_DISH,DISH,2017-05-01,assumed_after_hours,,assumed_after_hours,
20170501_EGOV,EGOV,2017-05-01,assumed_after_hours,,assumed_after_hours,
20170501_ENSG,ENSG,2017-05-01,assumed_after_hours,,assumed_after_hours,
20170501_GGP,GGP,2017-05-01,assumed_after_hours,,assumed_after_hours,
20170501_L,L,2017-05-01,edgar_8k,2017-05-01T08:56,before_open,0000060086-17-000007
20170501_MCY,MCY,2017-05-01,edgar_8k,2017-05-01T09:24,before_open,0001144204-17-023492
20170501_PLT,PLT,2017-05-01,assumed_after_hours,,assumed_after_hours,
20170502_AAPL,AAPL,2017-05-02,edgar_8k,2017-05-02T16:31,after_close,0001628280-17-004663
20170502_ADM,ADM,2017-05-02,edgar_8k,2017-05-02T10:08,intraday,0000007084-17-000013
20170502_AET,AET,2017-05-02,assumed_after_hours,,assumed_after_hours,
20170502_DVA,DVA,2017-05-02,edgar_8k,2017-05-02T16:07,after_close,0001628280-17-004641
20170502_ECL,ECL,2017-05-02,edgar_8k,2017-05-02T08:28,before_open,0001558370-17-003223
20170502_HBI,HBI,2017-05-02,assumed_after_hours,,assumed_after_hours,
20170502_HCA,HCA,2017-05-02,edgar_8k,2017-05-02T04:55,before_open,0001193125-17-153058
20170502_HVT,HVT,2017-05-02,edgar_8k,2017-05-02T16:26,after_close,0000216085-17-000012
20170502_IIVI,IIVI,2017-05-02,assumed_after_hours,,assumed_after_hours,
20170502_LCI,LCI,2017-05-02,assumed_after_hours,,assumed_after_hours,
20170502_LNTH,LNTH,2017-05-02,edgar_8k,2017-05-02T16:03,after_close,0001193125-17-153944
20170502_MO,MO,2017-05-02,edgar_8k,2017-05-02T07:05,before_open,0000764180-17-000047
20170502_MRK,MRK,2017-05-02,edgar_8k,2017-05-02T06:48,before_open,0001104659-17-028553
20170502_OGS,OGS,2017-05-02,edgar_8k,2017-05-01T17:00,before_open,0001587732-17-000021
20170502_PES,PES,2017-05-02,assumed_after_hours,,assumed_after_hours,
20170502_PNW,PNW,2017-05-02,edgar_8k,2017-05-02T08:30,before_open,0000764622-17-000029
20170502_SXI,SXI,2017-05-02,edgar_8k,2017-05-02T11:20,intraday,0000310354-17-000013
20170503_ADP,ADP,2017-05-03,edgar_8k,2017-05-03T07:00,before_open,0001171843-17-002542
20170503_AEGN,AEGN,2017-05-03,assumed_after_hours,,assumed_after_hours,
20170503_ARI,ARI,2017-05-03,edgar_8k,2017-05-02T17:30,before_open,0001193125-17-154305
20170503_AVA,AVA,2017-05-03,edgar_8k,2017-05-02T19:26,before_open,0000104918-17-000075
20170503_CLX,CLX,2017-05-03,edgar_8k,2017-05-03T06:45,before_open,0001206774-17-001543
20170503_CSGS,CSGS,2017-05-03,assumed_after_hours,,assumed_after_hours,
20170503_CTL,CTL,2017-05-03,assumed_after_hours,,assumed_after_hours,
20170503_DDD,DDD,2017-05-03,edgar_8k,2017-05-03T16:05,after_close,0001171843-17-002576
20170503_EL,EL,2017-05-03,edgar_8k,2017-05-03T08:30,before_open,0001104659-17-029181
20170503_ERA,ERA,2017-05-03,assumed_after_hours,,assumed_after_hours,
20170503_GRMN,GRMN,2017-05-03,edgar_8k,2017-05-03T10:38,intraday,0001615774-17-002040
20170503_HUM,HUM,2017-05-03,edgar_8k,2017-05-03T07:01,before_open,0001193125-17-154967
20170503_KHC,KHC,2017-05-03,edgar_8k,2017-05-03T16:09,after_close,0001637459-17-000077
20170503_LFUS,LFUS,2017-05-03,edgar_8k,2017-05-03T07:03,before_open,0001437749-17-007795
20170503_NUS,NUS,2017-05-03,edgar_8k,2017-05-03T16:44,after_close,0001021561-17-000064
20170503_OMI,OMI,2017-05-03,assumed_after_hours,,assumed_after_hours,
20170503_POWL,POWL,2017-05-03,edgar_8k,2017-05-02T18:10,before_open,0000080420-17-000006
20170503_SMP,SMP,2017-05-03,edgar_8k,2017-05-03T11:29,intraday,0001140361-17-018032
20170503_SSTK,SSTK,2017-05-03,edgar_8k,2017-05-03T07:04,before_open,0001549346-17-000014
20170503_STRA,STRA,2017-05-03,edgar_8k,2017-05-03T02:30,before_open,0001157523-17-001369
20170503_UFCS,UFCS,2017-05-03,edgar_8k,2017-05-03T07:12,before_open,0000101199-17-000063
20170503_WD,WD,2017-05-03,edgar_8k,2017-05-03T06:07,before_open,0001558370-17-003312
20170504_AAON,AAON,2017-05-04,edgar_8k,2017-05-04T09:18,before_open,0000824142-17-000080
20170504_ACIW,ACIW,2017-05-04,edgar_8k,2017-05-04T17:26,after_close,0001193125-17-159021
20170504_ALE,ALE,2017-05-04,assumed_after_hours,,assumed_after_hours,
20170504_ANDE,ANDE,2017-05-04,edgar_8k,2017-05-03T16:40,before_open,0000821026-17-000021
20170504_ANIP,ANIP,2017-05-04,edgar_8k,2017-05-04T08:35,before_open,0001144204-17-024380
20170504_ATO,ATO,2017-05-04,edgar_8k,2017-05-03T17:06,before_open,0000731802-17-000018
20170504_ATVI,ATVI,2017-05-04,assumed_after_hours,,assumed_after_hours,
20170504_BLL,BLL,2017-05-04,assumed_after_hours,,assumed_after_hours,
20170504_CABO,CABO,2017-05-04,edgar_8k,2017-05-04T06:35,before_open,0001437749-17-007905
20170504_CNSL,CNSL,2017-05-04,assumed_after_hours,,assumed_after_hours,
20170504_CTRL,CTRL,2017-05-04,assumed_after_hours,,assumed_after_hours,
20170504_D,D,2017-05-04,edgar_8k,2017-05-04T08:07,before_open,0000715957-17-000016
20170504_DNR,DNR,2017-05-04,assumed_after_hours,,assumed_after_hours,
20170504_EBS,EBS,2017-05-04,edgar_8k,2017-05-04T16:22,after_close,0001367644-17-000019
20170504_ES,ES,2017-05-04,edgar_8k,2017-05-03T16:18,before_open,0000072741-17-000016
20170504_ESE,ESE,2017-05-04,edgar_8k,2017-05-04T16:18,after_close,0000866706-17-000006
20170504_FCPT,FCPT,2017-05-04,edgar_8k,2017-05-03T19:54,before_open,0001193125-17-156665
20170504_FTK,FTK,2017-05-04,edgar_8k,2017-05-03T21:28,before_open,0001193125-17-156785
20170504_GFF,GFF,2017-05-04,edgar_8k,2017-05-04T16:20,after_close,0000050725-17-000036
20170504_HCI,HCI,2017-05-04,edgar_8k,2017-05-04T16:25,after_close,0001193125-17-158761
20170504_ILG,ILG,2017-05-04,assumed_after_hours,,assumed_after_hours,
20170504_INCY,INCY,2017-05-04,edgar_8k,2017-05-04T07:09,before_open,0001104659-17-029640
20170504_IT,IT,2017-05-04,edgar_8k,2017-05-04T06:08,before_open,0000749251-17-000011
20170504_LAMR,LAMR,2017-05-04,edgar_8k,2017-05-04T06:25,before_open,0001193125-17-157174
20170504_LQDT,LQDT,2017-05-04,edgar_8k,2017-05-04T07:01,before_open,0001104659-17-029633
20170504_LYV,LYV,2017-05-04,edgar_8k,2017-05-04T16:23,after_close,0001335258-17-000067
20170504_MDU,MDU,2017-05-04,edgar_8k,2017-05-03T17:29,before_open,0000067716-17-000036
20170504_MED,MED,2017-05-04,edgar_8k,2017-05-04T16:05,after_close,0001144204-17-024524
20170504_MSCI,MSCI,2017-05-04,edgar_8k,2017-05-04T07:19,before_open,0001157523-17-001406
20170504_MUR,MUR,2017-05-04,edgar_8k,2017-05-03T17:34,before_open,0000717423-17-000008
20170504_OGE,OGE,2017-05-04,edgar_8k,2017-05-03T18:29,before_open,0001021635-17-000046
20170504_ORN,ORN,2017-05-04,edgar_8k,2017-05-05T11:32,after_call_date,0001402829-17-000020
20170504_PPL,PPL,2017-05-04,edgar_8k,2017-05-04T07:32,before_open,0000922224-17-000027
20170504_PRFT,PRFT,2017-05-04,assumed_after_hours,,assumed_after_hours,
20170504_PWR,PWR,2017-05-04,edgar_8k,2017-05-04T06:11,before_open,0001193125-17-157154
20170504_REGN,REGN,2017-05-04,edgar_8k,2017-05-04T07:23,before_open,0001532176-17-000015
20170504_RGS,RGS,2017-05-04,edgar_8k,2017-05-04T06:03,before_open,0000716643-17-000016
20170504_SWM,SWM,2017-05-04,assumed_after_hours,,assumed_after_hours,
20170504_UEIC,UEIC,2017-05-04,edgar_8k,2017-05-04T16:11,after_close,0000101984-17-000017
20170504_VAC,VAC,2017-05-04,edgar_8k,2017-05-04T08:23,before_open,0001193125-17-157412
20170504_WWE,WWE,2017-05-04,assumed_after_hours,,assumed_after_hours,
20170505_GEOS,GEOS,2017-05-05,edgar_8k,2017-05-05T10:50,intraday,0001193125-17-160142
20170505_HCN,HCN,2017-05-05,assumed_after_hours,,assumed_after_hours,
20170505_HE,HE,2017-05-05,edgar_8k,2017-05-05T13:20,intraday,0000354707-17-000034
20170505_IVR,IVR,2017-05-05,edgar_8k,2017-05-04T16:22,before_open,0001437071-17-000018
20170505_PDCE,PDCE,2017-05-05,assumed_after_hours,,assumed_after_hours,
20170505_PRA,PRA,2017-05-05,edgar_8k,2017-05-04T16:20,before_open,0001194794-17-000038
20170505_RUTH,RUTH,2017-05-05,assumed_after_hours,,assumed_after_hours,
20170505_TREX,TREX,2017-05-05,edgar_8k,2017-05-04T16:15,before_open,0001157523-17-001433
20170508_AES,AES,2017-05-08,edgar_8k,2017-05-08T06:05,before_open,0000874761-17-000021
20170508_AMPH,AMPH,2017-05-08,edgar_8k,2017-05-08T16:25,after_close,0001297184-17-000017
20170508_NWN,NWN,2017-05-08,assumed_after_hours,,assumed_after_hours,
20170508_SYY,SYY,2017-05-08,edgar_8k,2017-05-08T08:07,before_open,0001193125-17-161766
20170509_APEI,APEI,2017-05-09,edgar_8k,2017-05-09T16:03,after_close,0001144204-17-025598
20170509_BKNG,BKNG,2017-05-09,edgar_8k,2017-05-09T16:04,after_close,0001075531-17-000016
20170509_CLDT,CLDT,2017-05-09,edgar_8k,2017-05-09T08:09,before_open,0001476045-17-000068
20170509_CORE,CORE,2017-05-09,assumed_after_hours,,assumed_after_hours,
20170509_DEA,DEA,2017-05-09,edgar_8k,2017-05-09T06:46,before_open,0001564590-17-009595
20170509_DIOD,DIOD,2017-05-09,edgar_8k,2017-05-09T16:20,after_close,0001564590-17-009878
20170509_EBIX,EBIX,2017-05-09,assumed_after_hours,,assumed_after_hours,
20170509_INGN,INGN,2017-05-09,edgar_8k,2017-05-09T16:06,after_close,0001564590-17-009844
20170509_IVC,IVC,2017-05-09,assumed_after_hours,,assumed_after_hours,
20170509_LGIH,LGIH,2017-05-09,edgar_8k,2017-05-09T09:30,intraday,0001580670-17-000034
20170509_LGND,LGND,2017-05-09,edgar_8k,2017-05-09T16:05,after_close,0000886163-17-000054
20170509_MDC,MDC,2017-05-09,assumed_after_hours,,assumed_after_hours,
20170509_MTSC,MTSC,2017-05-09,assumed_after_hours,,assumed_after_hours,
20170509_NVDA,NVDA,2017-05-09,edgar_8k,2017-05-09T16:21,after_close,0001045810-17-000068
20170509_NWSA,NWSA,2017-05-09,edgar_8k,2017-05-09T16:53,after_close,0001193125-17-164319
20170509_PAHC,PAHC,2017-05-09,edgar_8k,2017-05-08T16:40,before_open,0001571049-17-004668
20170509_QNST,QNST,2017-05-09,edgar_8k,2017-05-09T16:31,after_close,0001193125-17-164266
20170509_SCSC,SCSC,2017-05-09,edgar_8k,2017-05-09T16:07,after_close,0000918965-17-000012
20170509_SEDG,SEDG,2017-05-09,edgar_8k,2017-05-09T16:12,after_close,0001178913-17-001347
20170509_SEE,SEE,2017-05-09,assumed_after_hours,,assumed_after_hours,
20170509_SRE,SRE,2017-05-09,edgar_8k,2017-05-09T11:10,intraday,0000086521-17-000029
20170509_WLH,WLH,2017-05-09,assumed_after_hours,,assumed_after_hours,
20170509_WRLD,WRLD,2017-05-09,edgar_8k,2017-05-09T07:35,before_open,0001157523-17-001492
20170509_XOXO,XOXO,2017-05-09,assumed_after_hours,,assumed_after_hours,
20170509_ZBRA,ZBRA,2017-05-09,edgar_8k,2017-05-09T08:29,before_open,0000877212-17-000015
20170510_MTRX,MTRX,2017-05-10,edgar_8k,2017-05-09T18:12,before_open,0000866273-17-000015
20170510_MYL,MYL,2017-05-10,assumed_after_hours,,assumed_after_hours,
20170510_PRSC,PRSC,2017-05-10,assumed_after_hours,,assumed_after_hours,
20170510_SWX,SWX,2017-05-10,edgar_8k,2017-05-08T17:03,before_open,0001692115-17-000028
20170510_TISI,TISI,2017-05-10,edgar_8k,2017-05-09T18:05,before_open,0000318833-17-000014
20170511_INTL,INTL,2017-05-11,assumed_after_hours,,assumed_after_hours,
20170511_RGLD,RGLD,2017-05-11,edgar_8k,2017-05-11T11:30,intraday,0001144204-17-026319
20170518_BKE,BKE,2017-05-18,edgar_8k,2017-05-18T17:20,after_close,0000885245-17-000014
20170518_LB,LB,2017-05-18,assumed_after_hours,,assumed_after_hours,
20170518_ROST,ROST,2017-05-18,edgar_8k,2017-05-18T16:02,after_close,0000745732-17-000019
20170518_WMT,WMT,2017-05-18,edgar_8k,2017-05-18T07:00,before_open,0000104169-17-000025
20170519_DE,DE,2017-05-19,edgar_8k,2017-05-19T06:50,before_open,0001104659-17-033895
20170523_AZO,AZO,2017-05-23,edgar_8k,2017-05-23T07:05,before_open,0001171843-17-003257
20170523_RAVN,RAVN,2017-05-23,assumed_after_hours,,assumed_after_hours,
20170524_AAP,AAP,2017-05-24,edgar_8k,2017-05-24T07:12,before_open,0001158449-17-000100
20170524_GES,GES,2017-05-24,assumed_after_hours,,assumed_after_hours,
20170524_HPQ,HPQ,2017-05-24,edgar_8k,2017-05-24T16:14,after_close,0000047217-17-000014
20170524_LOW,LOW,2017-05-24,edgar_8k,2017-05-24T08:22,before_open,0000060667-17-000082
20170524_PLUS,PLUS,2017-05-24,assumed_after_hours,,assumed_after_hours,
20170524_REX,REX,2017-05-24,edgar_8k,2017-05-24T09:08,before_open,0000930413-17-002189
20170524_TIF,TIF,2017-05-24,assumed_after_hours,,assumed_after_hours,
20170531_ADI,ADI,2017-05-31,edgar_8k,2017-05-31T08:18,before_open,0001157523-17-001694
20170531_DAKT,DAKT,2017-05-31,edgar_8k,2017-05-31T11:22,intraday,0000915779-17-000022
20170531_NX,NX,2017-05-31,edgar_8k,2017-05-30T16:15,before_open,0001171843-17-003371
20170531_OLLI,OLLI,2017-05-31,edgar_8k,2017-05-31T16:19,after_close,0001140361-17-023092
20170601_ZUMZ,ZUMZ,2017-06-01,edgar_8k,2017-06-01T16:15,after_close,0001102624-17-000270
20170606_ALOG,ALOG,2017-06-06,assumed_after_hours,,assumed_after_hours,
20170606_FRED,FRED,2017-06-06,assumed_after_hours,,assumed_after_hours,
20170608_ASNA,ASNA,2017-06-08,assumed_after_hours,,assumed_after_hours,
20170613_CVCO,CVCO,2017-06-13,edgar_8k,2017-06-12T16:15,before_open,0000278166-17-000020
20170615_KR,KR,2017-06-15,edgar_8k,2017-06-15T07:48,before_open,0001104659-17-039350
20170620_LEN,LEN,2017-06-20,edgar_8k,2017-06-20T10:18,intraday,0001628280-17-006595
20170622_ACN,ACN,2017-06-22,edgar_8k,2017-06-22T07:02,before_open,0001467373-17-000275
20170622_BKS,BKS,2017-06-22,assumed_after_hours,,assumed_after_hours,
20170622_SONC,SONC,2017-06-22,assumed_after_hours,,assumed_after_hours,
20170628_GIS,GIS,2017-06-28,edgar_8k,2017-06-28T07:10,before_open,0001193125-17-215567
20170628_MON,MON,2017-06-28,assumed_after_hours,,assumed_after_hours,
20170628_PKE,PKE,2017-06-28,edgar_8k,2017-06-28T09:36,intraday,0001437749-17-011877
20170629_MU,MU,2017-06-29,edgar_8k,2017-06-29T16:01,after_close,0000723125-17-000080
20170629_WBA,WBA,2017-06-29,assumed_after_hours,,assumed_after_hours,
20170629_WOR,WOR,2017-06-29,edgar_8k,2017-06-29T07:56,before_open,0001171843-17-003873
20170711_AIR,AIR,2017-07-11,edgar_8k,2017-07-11T16:20,after_close,0001104659-17-044497
20170711_PEP,PEP,2017-07-11,edgar_8k,2017-07-11T06:00,before_open,0000077476-17-000030
20170718_EXPO,EXPO,2017-07-18,edgar_8k,2017-07-18T16:08,after_close,0001171843-17-004165
20170718_PLD,PLD,2017-07-18,edgar_8k,2017-07-18T08:05,before_open,0001564590-17-013565
20170719_AXP,AXP,2017-07-19,edgar_8k,2017-07-19T16:07,after_close,0000004962-17-000063
20170719_BHE,BHE,2017-07-19,edgar_8k,2017-07-19T18:20,after_close,0000863436-17-000028
20170719_CCI,CCI,2017-07-19,edgar_8k,2017-07-19T06:20,before_open,0001051470-17-000130
20170719_HWC,HWC,2017-07-19,edgar_8k,2017-07-18T17:01,before_open,0000750577-17-000030
20170719_USB,USB,2017-07-19,edgar_8k,2017-07-19T06:56,before_open,0001193125-17-230815
20170720_ABT,ABT,2017-07-20,edgar_8k,2017-07-20T07:54,before_open,0001104659-17-045904
20170720_EBAY,EBAY,2017-07-20,edgar_8k,2017-07-20T16:21,after_close,0001065088-17-000026
20170720_GATX,GATX,2017-07-20,edgar_8k,2017-07-20T08:31,before_open,0000040211-17-000042
20170720_HOMB,HOMB,2017-07-20,edgar_8k,2017-07-20T08:00,before_open,0001171843-17-004216
20170720_HZO,HZO,2017-07-20,edgar_8k,2017-07-20T08:54,before_open,0001299933-17-000741
20170720_IIIN,IIIN,2017-07-20,edgar_8k,2017-07-20T06:31,before_open,0001437749-17-012837
20170720_MSFT,MSFT,2017-07-20,edgar_8k,2017-07-20T16:08,after_close,0001193125-17-232047
20170720_SCHL,SCHL,2017-07-20,edgar_8k,2017-07-20T07:03,before_open,0001144204-17-037381
20170720_SHW,SHW,2017-07-20,edgar_8k,2017-07-20T07:31,before_open,0001193125-17-231644
20170720_SNA,SNA,2017-07-20,edgar_8k,2017-07-20T06:35,before_open,0001157523-17-002008
20170720_STC,STC,2017-07-20,edgar_8k,2017-07-20T07:00,before_open,0001144204-17-037380
20170721_ABCB,ABCB,2017-07-21,edgar_8k,2017-07-21T07:14,before_open,0001144204-17-037588
20170721_CL,CL,2017-07-21,edgar_8k,2017-07-21T08:00,before_open,0001157523-17-002024
20170721_MINI,MINI,2017-07-21,assumed_after_hours,,assumed_after_hours,
20170721_NBHC,NBHC,2017-07-21,edgar_8k,2017-07-20T16:46,before_open,0001558370-17-005214
20170721_SLB,SLB,2017-07-21,edgar_8k,2017-07-21T07:08,before_open,0001193125-17-232373
20170721_SXT,SXT,2017-07-21,edgar_8k,2017-07-20T18:46,before_open,0001140361-17-028334
20170724_CDNS,CDNS,2017-07-24,edgar_8k,2017-07-24T16:09,after_close,0000813672-17-000016
20170724_HAL,HAL,2017-07-24,edgar_8k,2017-07-24T16:32,after_close,0000045012-17-000154
20170724_HAS,HAS,2017-07-24,edgar_8k,2017-07-24T07:58,before_open,0000046080-17-000087
20170724_TRST,TRST,2017-07-24,edgar_8k,2017-07-21T16:18,before_open,0001140361-17-028387
20170725_AVY,AVY,2017-07-25,edgar_8k,2017-07-25T06:45,before_open,0001104659-17-046637
20170725_CAT,CAT,2017-07-25,edgar_8k,2017-07-25T07:35,before_open,0000018230-17-000226
20170725_DGX,DGX,2017-07-25,edgar_8k,2017-07-25T06:54,before_open,0001022079-17-000157
20170725_FELE,FELE,2017-07-25,edgar_8k,2017-07-25T08:05,before_open,0000038725-17-000141
20170725_GM,GM,2017-07-25,edgar_8k,2017-07-25T09:26,before_open,0001467858-17-000101
20170725_HSTM,HSTM,2017-07-25,edgar_8k,2017-07-24T17:13,before_open,0001299933-17-000751
20170725_JNPR,JNPR,2017-07-25,assumed_after_hours,,assumed_after_hours,
20170725_KMB,KMB,2017-07-25,edgar_8k,2017-07-25T08:43,before_open,0000055785-17-000055
20170725_LPT,LPT,2017-07-25,assumed_after_hours,,assumed_after_hours,
20170725_MMM,MMM,2017-07-25,edgar_8k,2017-07-25T07:43,before_open,0001104659-17-046666
20170725_NEM,NEM,2017-07-25,edgar_8k,2017-07-25T08:00,before_open,0001157523-17-002051
20170725_PNR,PNR,2017-07-25,edgar_8k,2017-07-25T07:04,before_open,0000077360-17-000031
20170725_STX,STX,2017-07-25,edgar_8k,2017-07-25T08:16,before_open,0001193125-17-234440
20170725_UTX,UTX,2017-07-25,assumed_after_hours,,assumed_after_hours,
20170725_WRB,WRB,2017-07-25,edgar_8k,2017-07-25T16:07,after_close,0000011544-17-000058
20170726_ANTM,ANTM,2017-07-26,assumed_after_hours,,assumed_after_hours,
20170726_CHE,CHE,2017-07-26,edgar_8k,2017-07-25T16:30,before_open,0001157523-17-002065
20170726_CPF,CPF,2017-07-26,edgar_8k,2017-07-26T12:27,intraday,0000701347-17-000029
20170726_EGP,EGP,2017-07-26,edgar_8k,2017-07-25T17:06,before_open,0000049600-17-000015
20170726_FCF,FCF,2017-07-26,edgar_8k,2017-07-26T09:19,before_open,0000712537-17-000027
20170726_HOPE,HOPE,2017-07-26,edgar_8k,2017-07-25T16:52,before_open,0001128361-17-000043
20170726_INVA,INVA,2017-07-26,edgar_8k,2017-07-26T16:13,after_close,0001104659-17-047073
20170726_LPSN,LPSN,2017-07-26,edgar_8k,2017-07-26T16:29,after_close,0001102993-17-000087
20170726_MKTX,MKTX,2017-07-26,edgar_8k,2017-07-26T07:01,before_open,0001193125-17-235647
20170726_MMSI,MMSI,2017-07-26,edgar_8k,2017-07-26T16:50,after_close,0000856982-17-000031
20170726_PB,PB,2017-07-26,edgar_8k,2017-07-26T06:01,before_open,0001564590-17-013983
20170726_PSB,PSB,2017-07-26,assumed_after_hours,,assumed_after_hours,
20170726_PYPL,PYPL,2017-07-26,edgar_8k,2017-07-26T16:18,after_close,0001633917-17-000133
20170726_STRA,STRA,2017-07-26,edgar_8k,2017-07-26T02:30,before_open,0001157523-17-002076
20170726_TRMK,TRMK,2017-07-26,edgar_8k,2017-07-25T16:40,before_open,0001564590-17-013943
20170726_VAR,VAR,2017-07-26,assumed_after_hours,,assumed_after_hours,
20170727_ACIW,ACIW,2017-07-27,edgar_8k,2017-07-27T08:01,before_open,0001193125-17-237452
20170727_ACOR,ACOR,2017-07-27,assumed_after_hours,,assumed_after_hours,
20170727_AHL,AHL,2017-07-27,assumed_after_hours,,assumed_after_hours,
20170727_ALGN,ALGN,2017-07-27,edgar_8k,2017-07-27T16:03,after_close,0001102624-17-000318
20170727_AMZN,AMZN,2017-07-27,edgar_8k,2017-07-27T16:07,after_close,0001018724-17-000098
20170727_BMY,BMY,2017-07-27,edgar_8k,2017-07-27T08:15,before_open,0000014272-17-000163
20170727_CMO,CMO,2017-07-27,assumed_after_hours,,assumed_after_hours,
20170727_COLB,COLB,2017-07-27,edgar_8k,2017-07-27T16:56,after_close,0000887343-17-000141
20170727_CUBI,CUBI,2017-07-27,edgar_8k,2017-07-26T16:36,before_open,0001488813-17-000012
20170727_CW,CW,2017-07-27,edgar_8k,2017-07-27T07:30,before_open,0001157523-17-002126
20170727_DHX,DHX,2017-07-27,edgar_8k,2017-07-27T07:16,before_open,0001393883-17-000031
20170727_EIG,EIG,2017-07-27,edgar_8k,2017-07-26T17:07,before_open,0001379041-17-000155
20170727_EQT,EQT,2017-07-27,edgar_8k,2017-07-27T06:31,before_open,0001157523-17-002121
20170727_GTY,GTY,2017-07-27,edgar_8k,2017-07-26T16:12,before_open,0001564590-17-014062
20170727_INT,INT,2017-07-27,assumed_after_hours,,assumed_after_hours,
20170727_ITGR,ITGR,2017-07-27,edgar_8k,2017-07-27T16:15,after_close,0001171843-17-004406
20170727_IVZ,IVZ,2017-07-27,edgar_8k,2017-07-27T08:18,before_open,0000914208-17-000422
20170727_JCI,JCI,2017-07-27,edgar_8k,2017-07-27T07:03,before_open,0000833444-17-000042
20170727_KEX,KEX,2017-07-27,edgar_8k,2017-07-26T18:58,before_open,0001140361-17-028782
20170727_KLAC,KLAC,2017-07-27,edgar_8k,2017-07-27T16:31,after_close,0000319201-17-000026
20170727_KRC,KRC,2017-07-27,edgar_8k,2017-07-26T18:07,before_open,0001025996-17-000154
20170727_LKQ,LKQ,2017-07-27,edgar_8k,2017-07-27T07:58,before_open,0001065696-17-000037
20170727_LMAT,LMAT,2017-07-27,edgar_8k,2017-07-27T16:05,after_close,0001193125-17-238473
20170727_MAT,MAT,2017-07-27,edgar_8k,2017-07-27T16:06,after_close,0001628280-17-007350
20170727_MMC,MMC,2017-07-27,assumed_after_hours,,assumed_after_hours,
20170727_MO,MO,2017-07-27,edgar_8k,2017-07-27T07:06,before_open,0000764180-17-000096
20170727_NATI,NATI,2017-07-27,assumed_after_hours,,assumed_after_hours,
20170727_NLSN,NLSN,2017-07-27,assumed_after_hours,,assumed_after_hours,
20170727_O,O,2017-07-27,edgar_8k,2017-07-26T16:29,before_open,0001104659-17-047083
20170727_ORI,ORI,2017-07-27,edgar_8k,2017-07-27T17:09,after_close,0000074260-17-000056
20170727_PCG,PCG,2017-07-27,edgar_8k,2017-07-27T08:31,before_open,0001193125-17-237505
20170727_PJC,PJC,2017-07-27,assumed_after_hours,,assumed_after_hours,
20170727_POWI,POWI,2017-07-27,edgar_8k,2017-07-27T16:03,after_close,0001157523-17-002138
20170727_RS,RS,2017-07-27,edgar_8k,2017-07-27T06:55,before_open,0001171843-17-004372
20170727_RSG,RSG,2017-07-27,edgar_8k,2017-07-27T16:05,after_close,0001060391-17-000032
20170727_SKYW,SKYW,2017-07-27,edgar_8k,2017-07-27T16:01,after_close,0001104659-17-047391
20170727_SPOK,SPOK,2017-07-27,edgar_8k,2017-07-26T16:22,before_open,0001289945-17-000027
20170727_SPSC,SPSC,2017-07-27,edgar_8k,2017-07-27T16:07,after_close,0001171843-17-004403
20170727_SYK,SYK,2017-07-27,edgar_8k,2017-07-27T16:07,after_close,0000310764-17-000132
20170727_TREE,TREE,2017-07-27,edgar_8k,2017-07-27T07:25,before_open,0001434621-17-000050
20170727_UTHR,UTHR,2017-07-27,edgar_8k,2017-07-27T06:04,before_open,0001104659-17-047181
20170727_VLO,VLO,2017-07-27,edgar_8k,2017-07-27T08:59,before_open,0001035002-17-000041
20170727_VRSN,VRSN,2017-07-27,edgar_8k,2017-07-27T16:10,after_close,0001014473-17-000026
20170727_WWE,WWE,2017-07-27,assumed_after_hours,,assumed_after_hours,
20170727_XEL,XEL,2017-07-27,edgar_8k,2017-07-26T17:48,before_open,0000072903-17-000041
20170728_AAN,AAN,2017-07-28,assumed_after_hours,,assumed_after_hours,
20170728_AMSF,AMSF,2017-07-28,edgar_8k,2017-07-27T16:45,before_open,0001193125-17-238619
20170728_CVX,CVX,2017-07-28,edgar_8k,2017-07-28T09:00,before_open,0000093410-17-000028
20170728_MGLN,MGLN,2017-07-28,assumed_after_hours,,assumed_after_hours,
20170728_MRK,MRK,2017-07-28,edgar_8k,2017-07-28T06:49,before_open,0001104659-17-047544
20170728_PFS,PFS,2017-07-28,edgar_8k,2017-07-28T12:06,intraday,0001628280-17-007409
20170731_DAN,DAN,2017-07-31,edgar_8k,2017-07-31T07:01,before_open,0001193125-17-241351
20170731_HSKA,HSKA,2017-07-31,assumed_after_hours,,assumed_after_hours,
20170731_MCY,MCY,2017-07-31,edgar_8k,2017-07-31T12:03,intraday,0001144204-17-039191
20170731_XOXO,XOXO,2017-07-31,assumed_after_hours,,assumed_after_hours,
20170801_AAPL,AAPL,2017-08-01,edgar_8k,2017-08-01T16:30,after_close,0000320193-17-000006
20170801_ADM,ADM,2017-08-01,edgar_8k,2017-08-01T11:59,intraday,0000007084-17-000024
20170801_BGFV,BGFV,2017-08-01,assumed_after_hours,,assumed_after_hours,
20170801_CMI,CMI,2017-08-01,edgar_8k,2017-08-01T07:49,before_open,0000026172-17-000016
20170801_DVA,DVA,2017-08-01,edgar_8k,2017-08-01T16:08,after_close,0000927066-17-000055
20170801_ECL,ECL,2017-08-01,edgar_8k,2017-08-01T08:22,before_open,0001558370-17-005550
20170801_EZPW,EZPW,2017-08-01,edgar_8k,2017-07-31T17:23,before_open,0000876523-17-000093
20170801_HRS,HRS,2017-08-01,assumed_after_hours,,assumed_after_hours,
20170801_HVT,HVT,2017-08-01,edgar_8k,2017-08-01T15:12,intraday,0000216085-17-000022
20170801_INCY,INCY,2017-08-01,edgar_8k,2017-08-01T07:07,before_open,0001104659-17-048214
20170801_OLN,OLN,2017-08-01,edgar_8k,2017-07-31T17:41,before_open,0000074303-17-000060
20170801_TGNA,TGNA,2017-08-01,assumed_after_hours,,assumed_after_hours,
20170801_TMST,TMST,2017-08-01,assumed_after_hours,,assumed_after_hours,
20170801_UVE,UVE,2017-08-01,edgar_8k,2017-07-31T16:41,before_open,0001193125-17-242443
20170802_ALE,ALE,2017-08-02,assumed_after_hours,,assumed_after_hours,
20170802_CTXS,CTXS,2017-08-02,assumed_after_hours,,assumed_after_hours,
20170802_D,D,2017-08-02,edgar_8k,2017-08-02T08:19,before_open,0001193125-17-245056
20170802_FIS,FIS,2017-08-02,edgar_8k,2017-08-02T07:12,before_open,0001136893-17-000027
20170802_GGP,GGP,2017-08-02,assumed_after_hours,,assumed_after_hours,
20170802_UFCS,UFCS,2017-08-02,edgar_8k,2017-08-02T09:06,before_open,0000101199-17-000117
20170803_ABC,ABC,2017-08-03,assumed_after_hours,,assumed_after_hours,
20170803_BDX,BDX,2017-08-03,edgar_8k,2017-08-03T06:19,before_open,0000010795-17-000011
20170803_CLX,CLX,2017-08-03,edgar_8k,2017-08-03T06:45,before_open,0001206774-17-002273
20170803_DISH,DISH,2017-08-03,assumed_after_hours,,assumed_after_hours,
20170803_PNW,PNW,2017-08-03,edgar_8k,2017-08-03T08:31,before_open,0000764622-17-000054
20170803_PWR,PWR,2017-08-03,edgar_8k,2017-08-03T07:11,before_open,0001193125-17-246716
20170803_REGN,REGN,2017-08-03,edgar_8k,2017-08-03T07:29,before_open,0001532176-17-000025
20170803_SCG,SCG,2017-08-03,assumed_after_hours,,assumed_after_hours,
20170803_SRCL,SRCL,2017-08-03,assumed_after_hours,,assumed_after_hours,
20170804_CBOE,CBOE,2017-08-04,edgar_8k,2017-08-04T08:01,before_open,0001374310-17-000021
20170808_DIS,DIS,2017-08-08,assumed_after_hours,,assumed_after_hours,
20170814_SYY,SYY,2017-08-14,edgar_8k,2017-08-14T08:07,before_open,0001193125-17-256678
20170817_ROST,ROST,2017-08-17,edgar_8k,2017-08-17T16:03,after_close,0000745732-17-000028
20170822_COTY,COTY,2017-08-22,edgar_8k,2017-08-22T06:39,before_open,0001024305-17-000068
20170823_HPQ,HPQ,2017-08-23,edgar_8k,2017-08-23T16:08,after_close,0000047217-17-000026
20170823_LOW,LOW,2017-08-23,edgar_8k,2017-08-23T08:24,before_open,0000060667-17-000128
20170831_COO,COO,2017-08-31,assumed_after_hours,,assumed_after_hours,
20170831_CPB,CPB,2017-08-31,edgar_8k,2017-08-31T07:21,before_open,0000016732-17-000051
20170905_HPE,HPE,2017-09-05,edgar_8k,2017-09-05T16:44,after_close,0001628280-17-009053
20170908_KR,KR,2017-09-08,edgar_8k,2017-09-08T07:57,before_open,0001104659-17-056223
20170926_MU,MU,2017-09-26,edgar_8k,2017-09-26T16:00,after_close,0000723125-17-000106
20171004_PEP,PEP,2017-10-04,edgar_8k,2017-10-04T06:02,before_open,0000077476-17-000044
20171012_C,C,2017-10-12,edgar_8k,2017-10-12T08:25,before_open,0001104659-17-061887
20171012_JPM,JPM,2017-10-12,edgar_8k,2017-10-12T06:48,before_open,0000019617-17-000545
20171017_UNH,UNH,2017-10-17,edgar_8k,2017-10-17T06:15,before_open,0000731766-17-000039
20171019_ADS,ADS,2017-10-19,assumed_after_hours,,assumed_after_hours,
20171019_NUE,NUE,2017-10-19,edgar_8k,2017-10-19T11:16,intraday,0001144204-17-053157
20171020_KSU,KSU,2017-10-20,assumed_after_hours,,assumed_after_hours,
20171023_ITW,ITW,2017-10-23,edgar_8k,2017-10-23T09:40,intraday,0000049826-17-000137
20171023_STX,STX,2017-10-23,edgar_8k,2017-10-23T08:05,before_open,0001193125-17-316068
20171024_AMD,AMD,2017-10-24,edgar_8k,2017-10-24T16:24,after_close,0000002488-17-000213
20171024_CAT,CAT,2017-10-24,edgar_8k,2017-10-24T07:41,before_open,0000018230-17-000298
20171024_GM,GM,2017-10-24,edgar_8k,2017-10-24T08:52,before_open,0001467858-17-000131
20171024_ILMN,ILMN,2017-10-24,edgar_8k,2017-10-24T16:07,after_close,0001110803-17-000042
20171024_LMT,LMT,2017-10-24,edgar_8k,2017-10-24T07:32,before_open,0000936468-17-000011
20171024_MCD,MCD,2017-10-24,edgar_8k,2017-10-24T08:00,before_open,0000063908-17-000046
20171024_RF,RF,2017-10-24,edgar_8k,2017-10-23T18:02,before_open,0001281761-17-000095
20171024_TXN,TXN,2017-10-24,edgar_8k,2017-10-24T16:45,after_close,0001564590-17-019876
20171024_UTX,UTX,2017-10-24,assumed_after_hours,,assumed_after_hours,
20171024_XL,XL,2017-10-24,assumed_after_hours,,assumed_after_hours,
20171025_AMGN,AMGN,2017-10-25,edgar_8k,2017-10-25T16:20,after_close,0001193125-17-319303
20171025_AVY,AVY,2017-10-25,edgar_8k,2017-10-25T06:45,before_open,0001104659-17-063641
20171025_GD,GD,2017-10-25,edgar_8k,2017-10-25T08:43,before_open,0000040533-17-000040
20171025_HES,HES,2017-10-25,assumed_after_hours,,assumed_after_hours,
20171025_NSC,NSC,2017-10-25,edgar_8k,2017-10-25T08:08,before_open,0000702165-17-000087
20171026_ALXN,ALXN,2017-10-26,assumed_after_hours,,assumed_after_hours,
20171026_CME,CME,2017-10-26,edgar_8k,2017-10-26T07:01,before_open,0001193125-17-320080
20171026_CMS,CMS,2017-10-26,edgar_8k,2017-10-26T07:08,before_open,0001104659-17-063866
20171026_HSY,HSY,2017-10-26,edgar_8k,2017-10-26T07:09,before_open,0000047111-17-000039
20171026_INTC,INTC,2017-10-26,edgar_8k,2017-10-26T16:07,after_close,0000050863-17-000047
20171026_IVZ,IVZ,2017-10-26,edgar_8k,2017-10-26T08:27,before_open,0000914208-17-000471
20171026_MAT,MAT,2017-10-26,edgar_8k,2017-10-26T16:05,after_close,0001628280-17-010227
20171026_MMC,MMC,2017-10-26,assumed_after_hours,,assumed_after_hours,
20171026_VRSN,VRSN,2017-10-26,edgar_8k,2017-10-26T16:09,after_close,0001014473-17-000047
20171026_WDC,WDC,2017-10-26,edgar_8k,2017-10-26T16:16,after_close,0001193125-17-321234
20171027_ABBV,ABBV,2017-10-27,edgar_8k,2017-10-27T07:43,before_open,0001551152-17-000032
20171027_MRK,MRK,2017-10-27,edgar_8k,2017-10-27T06:59,before_open,0001104659-17-064143
20171027_VTR,VTR,2017-10-27,edgar_8k,2017-10-27T07:05,before_open,0001157523-17-002844
20171030_D,D,2017-10-30,edgar_8k,2017-10-30T08:02,before_open,0000715957-17-000030
20171031_ADM,ADM,2017-10-31,edgar_8k,2017-10-31T09:22,before_open,0000007084-17-000030
20171031_ECL,ECL,2017-10-31,edgar_8k,2017-10-31T08:47,before_open,0001558370-17-007763
20171031_K,K,2017-10-31,assumed_after_hours,,assumed_after_hours,
20171031_MOS,MOS,2017-10-31,edgar_8k,2017-10-31T06:58,before_open,0001243786-17-000148
20171101_CTSH,CTSH,2017-11-01,edgar_8k,2017-11-01T06:07,before_open,0001058290-17-000041
20171101_EQIX,EQIX,2017-11-01,edgar_8k,2017-11-01T16:05,after_close,0001144204-17-055489
20171101_FB,FB,2017-11-01,assumed_after_hours,,assumed_after_hours,
20171101_KHC,KHC,2017-11-01,edgar_8k,2017-11-01T16:07,after_close,0001637459-17-000110
20171102_AAON,AAON,2017-11-02,assumed_after_hours,,assumed_after_hours,
20171102_ADP,ADP,2017-11-02,edgar_8k,2017-11-02T07:00,before_open,0001171843-17-006521
20171102_ANIP,ANIP,2017-11-02,edgar_8k,2017-11-02T08:35,before_open,0001144204-17-055662
20171102_APA,APA,2017-11-02,assumed_after_hours,,assumed_after_hours,
20171102_ARI,ARI,2017-11-02,edgar_8k,2017-11-01T17:28,before_open,0001193125-17-329708
20171102_BLL,BLL,2017-11-02,assumed_after_hours,,assumed_after_hours,
20171102_CECO,CECO,2017-11-02,assumed_after_hours,,assumed_after_hours,
20171102_CHUY,CHUY,2017-11-02,assumed_after_hours,,assumed_after_hours,
20171102_DHX,DHX,2017-11-02,edgar_8k,2017-11-02T07:05,before_open,0001393883-17-000040
20171102_ECPG,ECPG,2017-11-02,edgar_8k,2017-11-02T16:13,after_close,0001084961-17-000128
20171102_LNTH,LNTH,2017-11-02,assumed_after_hours,,assumed_after_hours,
20171102_LOCO,LOCO,2017-11-02,edgar_8k,2017-11-02T17:43,after_close,0001606366-17-000017
20171102_MDC,MDC,2017-11-02,assumed_after_hours,,assumed_after_hours,
20171102_PKI,PKI,2017-11-02,assumed_after_hours,,assumed_after_hours,
20171102_PLUS,PLUS,2017-11-02,assumed_after_hours,,assumed_after_hours,
20171102_RL,RL,2017-11-02,edgar_8k,2017-11-02T08:32,before_open,0000950142-17-001930
20171102_TIVO,TIVO,2017-11-02,assumed_after_hours,,assumed_after_hours,
20171102_UNT,UNT,2017-11-02,assumed_after_hours,,assumed_after_hours,
20171102_WRK,WRK,2017-11-02,assumed_after_hours,,assumed_after_hours,
20171103_ACET,ACET,2017-11-03,assumed_after_hours,,assumed_after_hours,
20171103_BELFB,BELFB,2017-11-03,edgar_8k,2017-11-03T09:13,before_open,0000729580-17-000032
20171103_CBG,CBG,2017-11-03,assumed_after_hours,,assumed_after_hours,
20171103_DUK,DUK,2017-11-03,edgar_8k,2017-11-03T06:45,before_open,0001326160-17-000172
20171103_FCPT,FCPT,2017-11-03,edgar_8k,2017-11-03T13:16,intraday,0001650132-17-000011
20171103_HMSY,HMSY,2017-11-03,assumed_after_hours,,assumed_after_hours,
20171103_NWN,NWN,2017-11-03,assumed_after_hours,,assumed_after_hours,
20171103_PNW,PNW,2017-11-03,edgar_8k,2017-11-03T08:30,before_open,0000764622-17-000073
20171103_SM,SM,2017-11-03,edgar_8k,2017-11-02T17:05,before_open,0000893538-17-000139
20171106_BKNG,BKNG,2017-11-06,edgar_8k,2017-11-07T12:15,after_call_date,0001075531-17-000038
20171106_FN,FN,2017-11-06,edgar_8k,2017-11-06T16:27,after_close,0001193125-17-334331
20171106_FRGI,FRGI,2017-11-06,assumed_after_hours,,assumed_after_hours,
20171106_LHCG,LHCG,2017-11-06,assumed_after_hours,,assumed_after_hours,
20171106_STC,STC,2017-11-06,edgar_8k,2017-11-06T17:03,after_close,0000950103-17-010881
20171107_AEL,AEL,2017-11-07,assumed_after_hours,,assumed_after_hours,
20171107_APEI,APEI,2017-11-07,edgar_8k,2017-11-07T16:01,after_close,0001144204-17-056884
20171107_AWR,AWR,2017-11-07,edgar_8k,2017-11-06T16:45,before_open,0001157523-17-003021
20171107_BCPC,BCPC,2017-11-07,edgar_8k,2017-11-07T16:37,after_close,0001140361-17-041392
20171107_BEL,BEL,2017-11-07,assumed_after_hours,,assumed_after_hours,
20171107_DEA,DEA,2017-11-07,edgar_8k,2017-11-07T06:46,before_open,0001564590-17-022000
20171107_IPCC,IPCC,2017-11-07,assumed_after_hours,,assumed_after_hours,
20171107_IVR,IVR,2017-11-07,edgar_8k,2017-11-06T17:29,before_open,0001437071-17-000064
20171107_KOPN,KOPN,2017-11-07,edgar_8k,2017-11-07T07:30,before_open,0001157523-17-003030
20171107_MED,MED,2017-11-07,edgar_8k,2017-11-07T16:06,after_close,0001144204-17-056894
20171107_MTDR,MTDR,2017-11-07,edgar_8k,2017-11-07T07:15,before_open,0001520006-17-000196
20171107_MTRX,MTRX,2017-11-07,edgar_8k,2017-11-07T09:06,before_open,0000866273-17-000119
20171107_NKTR,NKTR,2017-11-07,edgar_8k,2017-11-07T16:50,after_close,0001615774-17-006320
20171107_NSA,NSA,2017-11-07,edgar_8k,2017-11-06T17:46,before_open,0001618563-17-000112
20171107_PAHC,PAHC,2017-11-07,edgar_8k,2017-11-06T16:26,before_open,0001144204-17-056543
20171107_PRA,PRA,2017-11-07,edgar_8k,2017-11-06T17:27,before_open,0001194794-17-000164
20171107_TRIP,TRIP,2017-11-07,edgar_8k,2017-11-06T16:01,before_open,0001564590-17-021781
20171108_AMPH,AMPH,2017-11-08,edgar_8k,2017-11-08T16:24,after_close,0001297184-17-000033
20171108_CABO,CABO,2017-11-08,edgar_8k,2017-11-08T06:30,before_open,0001437749-17-018582
20171108_CTL,CTL,2017-11-08,assumed_after_hours,,assumed_after_hours,
20171108_CVCO,CVCO,2017-11-08,edgar_8k,2017-11-07T16:15,before_open,0000278166-17-000054
20171108_FTK,FTK,2017-11-08,edgar_8k,2017-11-08T08:39,before_open,0001193125-17-336546
20171108_GMED,GMED,2017-11-08,edgar_8k,2017-11-08T16:50,after_close,0001237831-17-000039
20171108_KELYA,KELYA,2017-11-08,edgar_8k,2017-11-08T07:42,before_open,0000055135-17-000025
20171108_ORN,ORN,2017-11-08,edgar_8k,2017-11-09T16:01,after_call_date,0001402829-17-000038
20171108_PRAA,PRAA,2017-11-08,edgar_8k,2017-11-08T16:06,after_close,0001171843-17-006754
20171108_REGN,REGN,2017-11-08,edgar_8k,2017-11-08T07:46,before_open,0001532176-17-000033
20171108_SEE,SEE,2017-11-08,assumed_after_hours,,assumed_after_hours,
20171108_SWX,SWX,2017-11-08,edgar_8k,2017-11-07T09:28,before_open,0001692115-17-000047
20171108_UFCS,UFCS,2017-11-08,edgar_8k,2017-11-08T08:19,before_open,0000101199-17-000135
20171108_ZEUS,ZEUS,2017-11-08,assumed_after_hours,,assumed_after_hours,
20171109_ATO,ATO,2017-11-09,edgar_8k,2017-11-08T17:05,before_open,0000731802-17-000038
20171109_COTY,COTY,2017-11-09,edgar_8k,2017-11-09T06:36,before_open,0001024305-17-000123
20171109_CTRE,CTRE,2017-11-09,edgar_8k,2017-11-08T16:23,before_open,0001628280-17-011202
20171109_DIS,DIS,2017-11-09,assumed_after_hours,,assumed_after_hours,
20171109_DISH,DISH,2017-11-09,assumed_after_hours,,assumed_after_hours,
20171109_JCI,JCI,2017-11-09,edgar_8k,2017-11-09T07:05,before_open,0000833444-17-000055
20171109_KSS,KSS,2017-11-09,edgar_8k,2017-11-09T07:02,before_open,0000885639-17-000027
20171109_PRGO,PRGO,2017-11-09,edgar_8k,2017-11-09T07:41,before_open,0001585364-17-000156
20171109_UVE,UVE,2017-11-09,edgar_8k,2017-11-08T16:28,before_open,0001193125-17-337299
20171114_ESE,ESE,2017-11-14,edgar_8k,2017-11-14T16:17,after_close,0000866706-17-000014
20171115_TGT,TGT,2017-11-15,edgar_8k,2017-11-15T06:38,before_open,0000027419-17-000031
20171116_BRC,BRC,2017-11-16,edgar_8k,2017-11-16T07:21,before_open,0000746598-17-000152
20171116_GFF,GFF,2017-11-16,edgar_8k,2017-11-16T09:04,before_open,0000050725-17-000056
20171116_LB,LB,2017-11-16,assumed_after_hours,,assumed_after_hours,
20171116_VIAB,VIAB,2017-11-16,assumed_after_hours,,assumed_after_hours,
20171116_WMT,WMT,2017-11-16,edgar_8k,2017-11-16T07:00,before_open,0000104169-17-000075
20171117_FL,FL,2017-11-17,assumed_after_hours,,assumed_after_hours,
20171117_MATW,MATW,2017-11-17,edgar_8k,2017-11-16T17:19,before_open,0000063296-17-000070
20171120_ENTA,ENTA,2017-11-20,edgar_8k,2017-11-20T16:05,after_close,0001564590-17-024044
20171121_DAKT,DAKT,2017-11-21,edgar_8k,2017-11-21T13:24,intraday,0000915779-17-000106
20171121_HPE,HPE,2017-11-21,edgar_8k,2017-11-21T16:41,after_close,0001645590-17-000006
20171121_HPQ,HPQ,2017-11-21,edgar_8k,2017-11-21T16:10,after_close,0000047217-17-000040
20171121_KIRK,KIRK,2017-11-21,assumed_after_hours,,assumed_after_hours,
20171121_NJR,NJR,2017-11-21,edgar_8k,2017-11-21T06:55,before_open,0000356309-17-000181
20171129_SNPS,SNPS,2017-11-29,edgar_8k,2017-11-29T16:30,after_close,0001193125-17-355729
20171130_KR,KR,2017-11-30,edgar_8k,2017-11-30T07:49,before_open,0001104659-17-071055
20171130_ZUMZ,ZUMZ,2017-11-30,edgar_8k,2017-11-30T16:15,after_close,0001171843-17-007378
20171201_AMWD,AMWD,2017-12-01,assumed_after_hours,,assumed_after_hours,
20171205_BNED,BNED,2017-12-05,edgar_8k,2017-12-05T08:37,before_open,0001634117-17-000181
20171205_FRAN,FRAN,2017-12-05,assumed_after_hours,,assumed_after_hours,
20171205_LQDT,LQDT,2017-12-05,edgar_8k,2017-12-05T16:46,after_close,0001628280-17-012117
20171205_OXM,OXM,2017-12-05,edgar_8k,2017-12-05T16:10,after_close,0001171843-17-007463
20171206_FRED,FRED,2017-12-06,assumed_after_hours,,assumed_after_hours,
20171206_KFY,KFY,2017-12-06,edgar_8k,2017-12-06T16:11,after_close,0001193125-17-362831
20171206_KLXI,KLXI,2017-12-06,assumed_after_hours,,assumed_after_hours,
20171206_OLLI,OLLI,2017-12-06,edgar_8k,2017-12-06T16:17,after_close,0001140361-17-045188
20171206_POWL,POWL,2017-12-06,edgar_8k,2017-12-05T16:56,before_open,0000080420-17-000028
20171206_VRA,VRA,2017-12-06,edgar_8k,2017-12-06T08:50,before_open,0001495320-17-000039
20171207_GEF,GEF,2017-12-07,assumed_after_hours,,assumed_after_hours,
20171212_NX,NX,2017-12-12,edgar_8k,2017-12-11T16:20,before_open,0001171843-17-007586
20171214_ORCL,ORCL,2017-12-14,edgar_8k,2017-12-14T16:15,after_close,0001193125-17-369491
20171219_DRI,DRI,2017-12-19,edgar_8k,2017-12-19T07:07,before_open,0000940944-17-000056
20171220_GIS,GIS,2017-12-20,edgar_8k,2017-12-20T07:53,before_open,0001193125-17-374151
20171221_ACN,ACN,2017-12-21,edgar_8k,2017-12-21T06:35,before_open,0001467373-17-000505
20171221_CAG,CAG,2017-12-21,edgar_8k,2017-12-21T07:36,before_open,0001193125-17-375540
20171221_KMX,KMX,2017-12-21,edgar_8k,2017-12-21T07:48,before_open,0001170010-17-000194
20180104_MON,MON,2018-01-04,assumed_after_hours,,assumed_after_hours,
20180118_IIIN,IIIN,2018-01-18,edgar_8k,2018-01-18T06:30,before_open,0001437749-18-000760
20180118_SBNY,SBNY,2018-01-18,assumed_after_hours,,assumed_after_hours,
20180122_PETS,PETS,2018-01-22,assumed_after_hours,,assumed_after_hours,
20180122_SFBS,SFBS,2018-01-22,edgar_8k,2018-01-22T16:14,after_close,0001171843-18-000514
20180123_HAFC,HAFC,2018-01-23,edgar_8k,2018-01-23T16:15,after_close,0001171843-18-000581
20180123_TRST,TRST,2018-01-23,edgar_8k,2018-01-22T16:01,before_open,0001140361-18-002755
20180123_VZ,VZ,2018-01-23,edgar_8k,2018-01-23T07:02,before_open,0000732712-18-000005
20180124_FCF,FCF,2018-01-24,edgar_8k,2018-01-23T17:11,before_open,0000712537-18-000006
20180125_CCI,CCI,2018-01-25,edgar_8k,2018-01-24T16:22,before_open,0001051470-18-000007
20180125_CCMP,CCMP,2018-01-25,assumed_after_hours,,assumed_after_hours,
20180125_COLB,COLB,2018-01-25,edgar_8k,2018-01-25T19:39,after_close,0000887343-18-000010
20180125_LANC,LANC,2018-01-25,assumed_after_hours,,assumed_after_hours,
20180125_MSCC,MSCC,2018-01-25,assumed_after_hours,,assumed_after_hours,
20180125_ORI,ORI,2018-01-25,edgar_8k,2018-01-26T13:02,after_call_date,0000074260-18-000004
20180125_STBA,STBA,2018-01-25,edgar_8k,2018-01-25T12:01,intraday,0000719220-18-000007
20180126_MATW,MATW,2018-01-26,edgar_8k,2018-01-26T10:17,intraday,0000063296-18-000009
20180126_WRLD,WRLD,2018-01-26,edgar_8k,2018-01-26T07:35,before_open,0001157523-18-000123
20180129_SANM,SANM,2018-01-29,edgar_8k,2018-01-29T16:09,after_close,0001104659-18-004710
20180129_STX,STX,2018-01-29,edgar_8k,2018-01-29T08:08,before_open,0001193125-18-022528
20180130_ASH,ASH,2018-01-30,edgar_8k,2018-01-29T17:03,before_open,0001674862-18-000009
20180130_CASH,CASH,2018-01-30,edgar_8k,2018-01-30T16:05,after_close,0000907471-18-000025
20180130_CATY,CATY,2018-01-30,edgar_8k,2018-01-30T16:37,after_close,0001144204-18-004614
20180130_CRVL,CRVL,2018-01-30,edgar_8k,2018-01-29T20:51,before_open,0001564590-18-001020
20180130_NATI,NATI,2018-01-30,assumed_after_hours,,assumed_after_hours,
20180130_SXI,SXI,2018-01-30,edgar_8k,2018-01-30T08:43,before_open,0000310354-18-000002
20180130_WDR,WDR,2018-01-30,assumed_after_hours,,assumed_after_hours,
20180130_WRB,WRB,2018-01-30,edgar_8k,2018-01-30T16:07,after_close,0000011544-18-000005
20180131_GFF,GFF,2018-01-31,edgar_8k,2018-01-31T08:06,before_open,0000050725-18-000002
20180131_IR,IR,2018-01-31,assumed_after_hours,,assumed_after_hours,
20180131_KLIC,KLIC,2018-01-31,edgar_8k,2018-01-31T17:08,after_close,0000056978-18-000018
20180131_QNST,QNST,2018-01-31,edgar_8k,2018-01-31T16:26,after_close,0001193125-18-027483
20180201_AMZN,AMZN,2018-02-01,edgar_8k,2018-02-01T16:15,after_close,0001018724-18-000002
20180201_CMO,CMO,2018-02-01,assumed_after_hours,,assumed_after_hours,
20180201_KELYA,KELYA,2018-02-01,edgar_8k,2018-02-01T07:47,before_open,0000055135-18-000003
20180201_LQDT,LQDT,2018-02-01,edgar_8k,2018-02-01T07:29,before_open,0001628280-18-000823
20180201_MA,MA,2018-02-01,edgar_8k,2018-02-01T08:02,before_open,0001141391-18-000005
20180201_PJC,PJC,2018-02-01,assumed_after_hours,,assumed_after_hours,
20180201_RGS,RGS,2018-02-01,edgar_8k,2018-02-01T06:04,before_open,0000716643-18-000010
20180201_TDY,TDY,2018-02-01,edgar_8k,2018-02-01T07:34,before_open,0001094285-18-000024
20180205_CRUS,CRUS,2018-02-05,edgar_8k,2018-02-05T16:01,after_close,0001157523-18-000214
20180205_FN,FN,2018-02-05,edgar_8k,2018-02-05T16:39,after_close,0001193125-18-032203
20180206_ESE,ESE,2018-02-06,edgar_8k,2018-02-06T16:15,after_close,0001144204-18-006014
20180206_SBSI,SBSI,2018-02-06,edgar_8k,2018-02-05T18:09,before_open,0000705432-18-000007
20180206_SCSC,SCSC,2018-02-06,edgar_8k,2018-02-06T16:07,after_close,0000918965-18-000008
20180206_SPSC,SPSC,2018-02-06,edgar_8k,2018-02-06T16:07,after_close,0001171843-18-000917
20180207_CVCO,CVCO,2018-02-07,edgar_8k,2018-02-06T16:18,before_open,0000278166-18-000002
20180207_ENTA,ENTA,2018-02-07,edgar_8k,2018-02-07T16:05,after_close,0001564590-18-001516
20180207_PLUS,PLUS,2018-02-07,edgar_8k,2018-02-08T14:26,after_call_date,0001022408-18-000005
20180207_STE,STE,2018-02-07,assumed_after_hours,,assumed_after_hours,
20180208_INTL,INTL,2018-02-08,assumed_after_hours,,assumed_after_hours,
20180208_INVA,INVA,2018-02-08,edgar_8k,2018-02-08T16:23,after_close,0001104659-18-007641
20180208_NJR,NJR,2018-02-08,edgar_8k,2018-02-08T07:53,before_open,0001206774-18-000382
20180208_VRSN,VRSN,2018-02-08,edgar_8k,2018-02-08T16:10,after_close,0001014473-18-000004
20180209_HNI,HNI,2018-02-09,edgar_8k,2018-02-08T16:41,before_open,0000048287-18-000026
20180212_NSP,NSP,2018-02-12,edgar_8k,2018-02-12T09:16,before_open,0001000753-18-000010
20180213_MLM,MLM,2018-02-13,edgar_8k,2018-02-13T14:15,intraday,0001564590-18-001934
20180214_EQIX,EQIX,2018-02-14,edgar_8k,2018-02-14T17:24,after_close,0001144204-18-009056
20180214_FSP,FSP,2018-02-14,edgar_8k,2018-02-13T16:42,before_open,0001558370-18-000640
20180214_OHI,OHI,2018-02-14,edgar_8k,2018-02-13T16:49,before_open,0000888491-18-000008
20180214_UFCS,UFCS,2018-02-14,edgar_8k,2018-02-14T08:33,before_open,0000101199-18-000004
20180215_ACOR,ACOR,2018-02-15,assumed_after_hours,,assumed_after_hours,
20180215_ARI,ARI,2018-02-15,edgar_8k,2018-02-14T17:37,before_open,0001193125-18-046018
20180215_CHE,CHE,2018-02-15,edgar_8k,2018-02-14T16:49,before_open,0001157523-18-000326
20180215_CRAY,CRAY,2018-02-15,assumed_after_hours,,assumed_after_hours,
20180215_INCY,INCY,2018-02-15,edgar_8k,2018-02-15T07:15,before_open,0001104659-18-009921
20180215_NMIH,NMIH,2018-02-15,edgar_8k,2018-02-15T16:01,after_close,0001547903-18-000035
20180215_RS,RS,2018-02-15,edgar_8k,2018-02-15T06:55,before_open,0001171843-18-001166
20180215_TRIP,TRIP,2018-02-15,edgar_8k,2018-02-14T17:51,before_open,0001564590-18-002104
20180216_NWL,NWL,2018-02-16,edgar_8k,2018-02-16T06:36,before_open,0001193125-18-047773
20180220_DAKT,DAKT,2018-02-20,edgar_8k,2018-02-20T14:22,intraday,0000915779-18-000002
20180220_SMP,SMP,2018-02-20,edgar_8k,2018-02-20T10:19,intraday,0001140361-18-008929
20180221_AVA,AVA,2018-02-21,edgar_8k,2018-02-20T19:43,before_open,0000104918-18-000046
20180221_CECO,CECO,2018-02-21,assumed_after_hours,,assumed_after_hours,
20180221_FCPT,FCPT,2018-02-21,edgar_8k,2018-02-20T16:50,before_open,0001650132-18-000023
20180221_FTK,FTK,2018-02-21,edgar_8k,2018-02-20T20:16,before_open,0001193125-18-050707
20180221_HVT,HVT,2018-02-21,edgar_8k,2018-02-21T07:17,before_open,0000216085-18-000008
20180221_IVR,IVR,2018-02-21,edgar_8k,2018-02-20T16:24,before_open,0001437071-18-000006
20180221_LMAT,LMAT,2018-02-21,edgar_8k,2018-02-21T16:21,after_close,0001193125-18-051982
20180221_MDCO,MDCO,2018-02-21,assumed_after_hours,,assumed_after_hours,
20180221_OSPN,OSPN,2018-02-21,edgar_8k,2018-02-22T17:12,after_call_date,0001558370-18-000949
20180221_TREX,TREX,2018-02-21,edgar_8k,2018-02-21T16:01,after_close,0001157523-18-000379
20180221_UTHR,UTHR,2018-02-21,edgar_8k,2018-02-21T06:05,before_open,0001104659-18-010927
20180221_VVC,VVC,2018-02-21,assumed_after_hours,,assumed_after_hours,
20180221_WIRE,WIRE,2018-02-21,assumed_after_hours,,assumed_after_hours,
20180222_CHK,CHK,2018-02-22,assumed_after_hours,,assumed_after_hours,
20180222_EIG,EIG,2018-02-22,edgar_8k,2018-02-21T16:28,before_open,0001379041-18-000022
20180222_IDCC,IDCC,2018-02-22,edgar_8k,2018-02-22T08:48,before_open,0001405495-18-000013
20180222_INN,INN,2018-02-22,edgar_8k,2018-02-21T16:35,before_open,0001144204-18-010038
20180222_OGS,OGS,2018-02-22,edgar_8k,2018-02-21T17:06,before_open,0001587732-18-000012
20180222_SM,SM,2018-02-22,edgar_8k,2018-02-21T17:13,before_open,0000893538-18-000006
20180222_SPTN,SPTN,2018-02-22,assumed_after_hours,,assumed_after_hours,
20180222_SWM,SWM,2018-02-22,assumed_after_hours,,assumed_after_hours,
20180223_CHCT,CHCT,2018-02-23,edgar_8k,2018-02-22T17:06,before_open,0001631569-18-000010
20180223_LNT,LNT,2018-02-23,edgar_8k,2018-02-22T17:12,before_open,0000352541-18-000015
20180226_CLDT,CLDT,2018-02-26,edgar_8k,2018-02-26T09:07,before_open,0001476045-18-000036
20180226_EGRX,EGRX,2018-02-26,assumed_after_hours,,assumed_after_hours,
20180226_FRGI,FRGI,2018-02-26,assumed_after_hours,,assumed_after_hours,
20180226_LNTH,LNTH,2018-02-26,edgar_8k,2018-02-26T16:06,after_close,0001628280-18-002223
20180227_AAON,AAON,2018-02-27,assumed_after_hours,,assumed_after_hours,
20180227_AAXN,AAXN,2018-02-27,assumed_after_hours,,assumed_after_hours,
20180227_AMSF,AMSF,2018-02-27,edgar_8k,2018-02-26T16:41,before_open,0001193125-18-058573
20180227_ANIP,ANIP,2018-02-27,edgar_8k,2018-02-27T08:35,before_open,0001144204-18-011048
20180227_BGFV,BGFV,2018-02-27,assumed_after_hours,,assumed_after_hours,
20180227_CLGX,CLGX,2018-02-27,assumed_after_hours,,assumed_after_hours,
20180227_EE,EE,2018-02-27,assumed_after_hours,,assumed_after_hours,
20180227_EXTN,EXTN,2018-02-27,assumed_after_hours,,assumed_after_hours,
20180227_INGN,INGN,2018-02-27,edgar_8k,2018-02-27T16:06,after_close,0001564590-18-003501
20180227_VSI,VSI,2018-02-27,assumed_after_hours,,assumed_after_hours,
20180228_GTY,GTY,2018-02-28,edgar_8k,2018-02-28T16:01,after_close,0001564590-18-003781
20180228_HSKA,HSKA,2018-02-28,assumed_after_hours,,assumed_after_hours,
20180228_SUPN,SUPN,2018-02-28,edgar_8k,2018-02-27T16:43,before_open,0001104659-18-012833
20180301_BNED,BNED,2018-03-01,edgar_8k,2018-03-01T07:36,before_open,0001634117-18-000007
20180301_CWT,CWT,2018-03-01,edgar_8k,2018-03-01T09:16,before_open,0001104659-18-013806
20180301_SPOK,SPOK,2018-03-01,edgar_8k,2018-02-28T16:15,before_open,0001289945-18-000007
20180301_SWX,SWX,2018-03-01,edgar_8k,2018-02-27T17:04,before_open,0001692115-18-000012
20180301_TPRE,TPRE,2018-03-01,assumed_after_hours,,assumed_after_hours,
20180302_ALG,ALG,2018-03-02,edgar_8k,2018-03-01T16:27,before_open,0000897077-18-000007
20180302_EFX,EFX,2018-03-02,edgar_8k,2018-03-01T16:30,before_open,0000033185-18-000013
20180305_ALOG,ALOG,2018-03-05,assumed_after_hours,,assumed_after_hours,
20180306_NX,NX,2018-03-06,edgar_8k,2018-03-05T16:27,before_open,0001193125-18-070547
20180306_PARR,PARR,2018-03-06,edgar_8k,2018-03-06T08:08,before_open,0000821483-18-000011
20180306_SPPI,SPPI,2018-03-06,assumed_after_hours,,assumed_after_hours,
20180307_COST,COST,2018-03-07,edgar_8k,2018-03-07T17:00,after_close,0001193125-18-073668
20180309_MCF,MCF,2018-03-09,assumed_after_hours,,assumed_after_hours,
20180312_AMPH,AMPH,2018-03-12,edgar_8k,2018-03-12T16:24,after_close,0001297184-18-000007
20180314_VRA,VRA,2018-03-14,edgar_8k,2018-03-14T08:51,before_open,0001495320-18-000004
20180316_BKE,BKE,2018-03-16,edgar_8k,2018-03-16T15:38,intraday,0000885245-18-000004
20180321_SCHL,SCHL,2018-03-21,edgar_8k,2018-03-21T16:05,after_close,0001144204-18-016154
20180322_REX,REX,2018-03-22,edgar_8k,2018-03-22T08:50,before_open,0000930413-18-001025
20180329_MOV,MOV,2018-03-29,edgar_8k,2018-03-29T08:00,before_open,0000950142-18-000691
20180329_WOR,WOR,2018-03-29,edgar_8k,2018-03-29T09:09,before_open,0001171843-18-002353
20180419_BPFH,BPFH,2018-04-19,assumed_after_hours,,assumed_after_hours,
20180419_EXPO,EXPO,2018-04-19,edgar_8k,2018-04-19T16:05,after_close,0001171843-18-002860
20180419_PBCT,PBCT,2018-04-19,assumed_after_hours,,assumed_after_hours,
20180420_ABCB,ABCB,2018-04-20,edgar_8k,2018-04-20T08:06,before_open,0001144204-18-021451
20180420_CHE,CHE,2018-04-20,edgar_8k,2018-04-19T16:30,before_open,0001157523-18-000758
20180423_IIIN,IIIN,2018-04-23,edgar_8k,2018-04-23T06:31,before_open,0001437749-18-007393
20180424_ABG,ABG,2018-04-24,edgar_8k,2018-04-24T06:15,before_open,0001144980-18-000085
20180424_HAFC,HAFC,2018-04-24,edgar_8k,2018-04-24T16:15,after_close,0001171843-18-002996
20180424_OI,OI,2018-04-24,edgar_8k,2018-04-23T16:38,before_open,0001104659-18-025861
20180424_SFNC,SFNC,2018-04-24,edgar_8k,2018-04-23T18:02,before_open,0001171843-18-002952
20180425_CBU,CBU,2018-04-25,edgar_8k,2018-04-25T09:23,before_open,0001144204-18-022204
20180425_CPF,CPF,2018-04-25,edgar_8k,2018-04-25T12:12,intraday,0000701347-18-000021
20180425_FCF,FCF,2018-04-25,edgar_8k,2018-04-24T09:24,before_open,0000712537-18-000014
20180425_FMBI,FMBI,2018-04-25,assumed_after_hours,,assumed_after_hours,
20180425_IRT,IRT,2018-04-25,edgar_8k,2018-04-25T07:41,before_open,0001564590-18-008959
20180425_LAD,LAD,2018-04-25,edgar_8k,2018-04-25T12:31,intraday,0001023128-18-000043
20180425_LMAT,LMAT,2018-04-25,edgar_8k,2018-04-25T16:11,after_close,0001193125-18-131315
20180425_MKSI,MKSI,2018-04-25,edgar_8k,2018-04-24T16:31,before_open,0001299933-18-000359
20180425_MKTX,MKTX,2018-04-25,edgar_8k,2018-04-25T07:00,before_open,0001193125-18-129864
20180425_PSB,PSB,2018-04-25,assumed_after_hours,,assumed_after_hours,
20180425_ROL,ROL,2018-04-25,edgar_8k,2018-04-25T08:04,before_open,0000084839-18-000089
20180425_UCBI,UCBI,2018-04-25,assumed_after_hours,,assumed_after_hours,
20180425_UMBF,UMBF,2018-04-25,edgar_8k,2018-04-24T08:30,before_open,0001193125-18-127794
20180425_UVE,UVE,2018-04-25,edgar_8k,2018-04-24T16:31,before_open,0001193125-18-128868
20180425_V,V,2018-04-25,edgar_8k,2018-04-25T16:05,after_close,0001403161-18-000018
20180426_AIT,AIT,2018-04-26,edgar_8k,2018-04-26T08:40,before_open,0000109563-18-000065
20180426_AMZN,AMZN,2018-04-26,edgar_8k,2018-04-26T16:16,after_close,0001018724-18-000070
20180426_CCMP,CCMP,2018-04-26,assumed_after_hours,,assumed_after_hours,
20180426_CLD,CLD,2018-04-26,assumed_after_hours,,assumed_after_hours,
20180426_CME,CME,2018-04-26,edgar_8k,2018-04-26T07:14,before_open,0001156375-18-000044
20180426_DGII,DGII,2018-04-26,edgar_8k,2018-04-26T16:09,after_close,0000854775-18-000009
20180426_DLX,DLX,2018-04-26,edgar_8k,2018-04-26T10:27,intraday,0000027996-18-000059
20180426_EQT,EQT,2018-04-26,edgar_8k,2018-04-26T06:31,before_open,0001157523-18-000814
20180426_FCPT,FCPT,2018-04-26,edgar_8k,2018-04-25T17:04,before_open,0001650132-18-000055
20180426_GEO,GEO,2018-04-26,assumed_after_hours,,assumed_after_hours,
20180426_GPI,GPI,2018-04-26,edgar_8k,2018-04-26T08:03,before_open,0001031203-18-000016
20180426_GWB,GWB,2018-04-26,assumed_after_hours,,assumed_after_hours,
20180426_LANC,LANC,2018-04-26,assumed_after_hours,,assumed_after_hours,
20180426_LSTR,LSTR,2018-04-26,edgar_8k,2018-04-25T16:25,before_open,0001193125-18-131377
20180426_MAT,MAT,2018-04-26,edgar_8k,2018-04-26T16:10,after_close,0001628280-18-005115
20180426_MDXG,MDXG,2018-04-26,edgar_8k,2018-04-26T09:06,before_open,0001376339-18-000030
20180426_NATI,NATI,2018-04-26,assumed_after_hours,,assumed_after_hours,
20180426_POWI,POWI,2018-04-26,edgar_8k,2018-04-26T16:04,after_close,0001157523-18-000832
20180426_PX,PX,2018-04-26,assumed_after_hours,,assumed_after_hours,
20180426_ROIC,ROIC,2018-04-26,assumed_after_hours,,assumed_after_hours,
20180426_SKYW,SKYW,2018-04-26,edgar_8k,2018-04-26T16:01,after_close,0001104659-18-027160
20180426_SPSC,SPSC,2018-04-26,edgar_8k,2018-04-26T16:12,after_close,0001171843-18-003104
20180426_VVI,VVI,2018-04-26,assumed_after_hours,,assumed_after_hours,
20180427_CHTR,CHTR,2018-04-27,edgar_8k,2018-04-27T08:02,before_open,0001091667-18-000061
20180427_CL,CL,2018-04-27,edgar_8k,2018-04-27T08:00,before_open,0001157523-18-000849
20180427_NR,NR,2018-04-27,assumed_after_hours,,assumed_after_hours,
20180427_PFS,PFS,2018-04-27,edgar_8k,2018-04-27T15:10,intraday,0001628280-18-005236
20180427_PJC,PJC,2018-04-27,assumed_after_hours,,assumed_after_hours,
20180427_SAIA,SAIA,2018-04-27,edgar_8k,2018-04-27T09:01,before_open,0001564590-18-009466
20180427_TMST,TMST,2018-04-27,assumed_after_hours,,assumed_after_hours,
20180430_CASH,CASH,2018-04-30,edgar_8k,2018-04-30T16:15,after_close,0000907471-18-000039
20180430_CTB,CTB,2018-04-30,assumed_after_hours,,assumed_after_hours,
20180430_DAN,DAN,2018-04-30,edgar_8k,2018-04-30T07:00,before_open,0001193125-18-140679
20180430_DSPG,DSPG,2018-04-30,assumed_after_hours,,assumed_after_hours,
20180430_INGN,INGN,2018-04-30,edgar_8k,2018-04-30T16:05,after_close,0001564590-18-009821
20180430_NSP,NSP,2018-04-30,edgar_8k,2018-04-30T09:21,before_open,0001000753-18-000027
20180430_TBI,TBI,2018-04-30,edgar_8k,2018-04-30T16:09,after_close,0000768899-18-000011
20180501_BGFV,BGFV,2018-05-01,assumed_after_hours,,assumed_after_hours,
20180501_CLDT,CLDT,2018-05-01,edgar_8k,2018-05-01T07:56,before_open,0001476045-18-000061
20180501_GWR,GWR,2018-05-01,assumed_after_hours,,assumed_after_hours,
20180501_INCY,INCY,2018-05-01,edgar_8k,2018-05-01T07:09,before_open,0001104659-18-028843
20180501_OGS,OGS,2018-05-01,edgar_8k,2018-04-30T17:06,before_open,0001587732-18-000024
20180501_PPBI,PPBI,2018-05-01,assumed_after_hours,,assumed_after_hours,
20180501_PRFT,PRFT,2018-05-01,assumed_after_hours,,assumed_after_hours,
20180501_SBSI,SBSI,2018-05-01,edgar_8k,2018-04-30T17:57,before_open,0000705432-18-000048
20180501_UAA,UAA,2018-05-01,edgar_8k,2018-05-01T08:00,before_open,0001336917-18-000014
20180501_UFS,UFS,2018-05-01,assumed_after_hours,,assumed_after_hours,
20180502_ACOR,ACOR,2018-05-02,assumed_after_hours,,assumed_after_hours,
20180502_ALE,ALE,2018-05-02,assumed_after_hours,,assumed_after_hours,
20180502_ASH,ASH,2018-05-02,edgar_8k,2018-05-01T17:02,before_open,0001564590-18-010049
20180502_AVA,AVA,2018-05-02,edgar_8k,2018-05-01T20:06,before_open,0000104918-18-000061
20180502_CHK,CHK,2018-05-02,assumed_after_hours,,assumed_after_hours,
20180502_CRUS,CRUS,2018-05-02,edgar_8k,2018-05-02T16:01,after_close,0001157523-18-000942
20180502_CUB,CUB,2018-05-02,assumed_after_hours,,assumed_after_hours,
20180502_FSP,FSP,2018-05-02,edgar_8k,2018-05-01T16:38,before_open,0001558370-18-003657
20180502_HFC,HFC,2018-05-02,assumed_after_hours,,assumed_after_hours,
20180502_ITG,ITG,2018-05-02,assumed_after_hours,,assumed_after_hours,
20180502_JKHY,JKHY,2018-05-02,edgar_8k,2018-05-01T16:33,before_open,0000779152-18-000018
20180502_KHC,KHC,2018-05-02,edgar_8k,2018-05-02T16:08,after_close,0001637459-18-000097
20180502_LAMR,LAMR,2018-05-02,edgar_8k,2018-05-02T06:31,before_open,0001193125-18-147439
20180502_LNTH,LNTH,2018-05-02,edgar_8k,2018-05-02T16:03,after_close,0001628280-18-005685
20180502_MASI,MASI,2018-05-02,edgar_8k,2018-05-02T16:09,after_close,0000937556-18-000070
20180502_NSIT,NSIT,2018-05-02,edgar_8k,2018-05-02T16:46,after_close,0001193125-18-148789
20180502_PEI,PEI,2018-05-02,assumed_after_hours,,assumed_after_hours,
20180502_PES,PES,2018-05-02,assumed_after_hours,,assumed_after_hours,
20180502_SKT,SKT,2018-05-02,edgar_8k,2018-05-01T16:29,before_open,0000899715-18-000096
20180502_STRA,STRA,2018-05-02,edgar_8k,2018-05-02T02:30,before_open,0001157523-18-000921
20180502_UTHR,UTHR,2018-05-02,edgar_8k,2018-05-02T06:06,before_open,0001104659-18-029504
20180502_WIRE,WIRE,2018-05-02,assumed_after_hours,,assumed_after_hours,
20180503_AAON,AAON,2018-05-03,assumed_after_hours,,assumed_after_hours,
20180503_ABMD,ABMD,2018-05-03,assumed_after_hours,,assumed_after_hours,
20180503_AEGN,AEGN,2018-05-03,assumed_after_hours,,assumed_after_hours,
20180503_AFG,AFG,2018-05-03,edgar_8k,2018-05-03T13:54,intraday,0001193125-18-150455
20180503_AHL,AHL,2018-05-03,assumed_after_hours,,assumed_after_hours,
20180503_BELFB,BELFB,2018-05-03,edgar_8k,2018-05-03T09:23,before_open,0000729580-18-000012
20180503_CDR,CDR,2018-05-03,assumed_after_hours,,assumed_after_hours,
20180503_CLI,CLI,2018-05-03,assumed_after_hours,,assumed_after_hours,
20180503_CNSL,CNSL,2018-05-03,assumed_after_hours,,assumed_after_hours,
20180503_CPE,CPE,2018-05-03,assumed_after_hours,,assumed_after_hours,
20180503_EBS,EBS,2018-05-03,edgar_8k,2018-05-03T16:34,after_close,0001367644-18-000016
20180503_ENSG,ENSG,2018-05-03,assumed_after_hours,,assumed_after_hours,
20180503_EXTN,EXTN,2018-05-03,assumed_after_hours,,assumed_after_hours,
20180503_ILG,ILG,2018-05-03,assumed_after_hours,,assumed_after_hours,
20180503_LNT,LNT,2018-05-03,edgar_8k,2018-05-02T19:47,before_open,0000352541-18-000048
20180503_LQDT,LQDT,2018-05-03,edgar_8k,2018-05-03T07:04,before_open,0001628280-18-005764
20180503_MDU,MDU,2018-05-03,edgar_8k,2018-05-02T17:36,before_open,0000067716-18-000030
20180503_MRO,MRO,2018-05-03,assumed_after_hours,,assumed_after_hours,
20180503_SEE,SEE,2018-05-03,assumed_after_hours,,assumed_after_hours,
20180503_STC,STC,2018-05-03,edgar_8k,2018-05-03T07:00,before_open,0001144204-18-024922
20180503_SWM,SWM,2018-05-03,assumed_after_hours,,assumed_after_hours,
20180503_UNT,UNT,2018-05-03,assumed_after_hours,,assumed_after_hours,
20180504_ALG,ALG,2018-05-04,edgar_8k,2018-05-03T10:16,before_open,0000897077-18-000026
20180504_ASIX,ASIX,2018-05-04,edgar_8k,2018-05-04T06:32,before_open,0001673985-18-000053
20180504_BKH,BKH,2018-05-04,edgar_8k,2018-05-03T18:16,before_open,0001130464-18-000026
20180504_CBOE,CBOE,2018-05-04,edgar_8k,2018-05-04T08:00,before_open,0001558370-18-003961
20180504_FRED,FRED,2018-05-04,assumed_after_hours,,assumed_after_hours,
20180504_GEOS,GEOS,2018-05-04,edgar_8k,2018-05-04T09:40,intraday,0001193125-18-151871
20180504_HMSY,HMSY,2018-05-04,assumed_after_hours,,assumed_after_hours,
20180504_HSKA,HSKA,2018-05-04,assumed_after_hours,,assumed_after_hours,
20180504_NJR,NJR,2018-05-04,edgar_8k,2018-05-04T06:57,before_open,0000356309-18-000073
20180504_ROCK,ROCK,2018-05-04,assumed_after_hours,,assumed_after_hours,
20180504_SM,SM,2018-05-04,edgar_8k,2018-05-03T17:03,before_open,0000893538-18-000021
20180507_FN,FN,2018-05-07,edgar_8k,2018-05-07T16:26,after_close,0001193125-18-154488
20180507_MYE,MYE,2018-05-07,edgar_8k,2018-05-07T08:00,before_open,0001193125-18-153589
20180507_NLS,NLS,2018-05-07,assumed_after_hours,,assumed_after_hours,
20180507_PETS,PETS,2018-05-07,assumed_after_hours,,assumed_after_hours,
20180507_TREX,TREX,2018-05-07,edgar_8k,2018-05-07T16:03,after_close,0001157523-18-001011
20180507_WSR,WSR,2018-05-07,edgar_8k,2018-05-07T16:19,after_close,0001175535-18-000034
20180508_AIV,AIV,2018-05-08,edgar_8k,2018-05-07T17:03,before_open,0000922864-18-000019
20180508_ANIP,ANIP,2018-05-08,edgar_8k,2018-05-08T08:35,before_open,0001144204-18-025859
20180508_APEI,APEI,2018-05-08,edgar_8k,2018-05-08T16:07,after_close,0001144204-18-026118
20180508_AWR,AWR,2018-05-08,edgar_8k,2018-05-07T16:45,before_open,0001157523-18-001018
20180508_CORT,CORT,2018-05-08,edgar_8k,2018-05-08T16:10,after_close,0001171843-18-003659
20180508_DF,DF,2018-05-08,assumed_after_hours,,assumed_after_hours,
20180508_DIOD,DIOD,2018-05-08,edgar_8k,2018-05-08T16:20,after_close,0001564590-18-011843
20180508_ENTA,ENTA,2018-05-08,edgar_8k,2018-05-08T16:05,after_close,0001564590-18-011793
20180508_ESE,ESE,2018-05-08,edgar_8k,2018-05-08T16:16,after_close,0000866706-18-000003
20180508_KOPN,KOPN,2018-05-08,edgar_8k,2018-05-08T08:00,before_open,0001157523-18-001028
20180508_LGIH,LGIH,2018-05-08,edgar_8k,2018-05-08T09:30,intraday,0001580670-18-000028
20180508_MNST,MNST,2018-05-08,edgar_8k,2018-05-08T16:18,after_close,0001104659-18-031313
20180508_MNTA,MNTA,2018-05-08,assumed_after_hours,,assumed_after_hours,
20180508_NWN,NWN,2018-05-08,assumed_after_hours,,assumed_after_hours,
20180508_PDFS,PDFS,2018-05-08,edgar_8k,2018-05-08T17:29,after_close,0001437749-18-009059
20180508_SCSC,SCSC,2018-05-08,edgar_8k,2018-05-08T16:07,after_close,0000918965-18-000013
20180508_SWX,SWX,2018-05-08,edgar_8k,2018-05-07T17:05,before_open,0001692115-18-000022
20180508_VRTV,VRTV,2018-05-08,assumed_after_hours,,assumed_after_hours,
20180508_WLH,WLH,2018-05-08,assumed_after_hours,,assumed_after_hours,
20180509_CBB,CBB,2018-05-09,assumed_after_hours,,assumed_after_hours,
20180509_CHCT,CHCT,2018-05-09,edgar_8k,2018-05-08T17:19,before_open,0001631569-18-000017
20180509_COTY,COTY,2018-05-09,edgar_8k,2018-05-09T06:52,before_open,0001024305-18-000012
20180509_CTRE,CTRE,2018-05-09,edgar_8k,2018-05-08T16:03,before_open,0001628280-18-006235
20180509_INTL,INTL,2018-05-09,assumed_after_hours,,assumed_after_hours,
20180509_ODP,ODP,2018-05-09,assumed_after_hours,,assumed_after_hours,
20180509_PARR,PARR,2018-05-09,edgar_8k,2018-05-08T19:01,before_open,0000821483-18-000030
20180509_POWL,POWL,2018-05-09,edgar_8k,2018-05-08T18:15,before_open,0000080420-18-000011
20180509_PRAA,PRAA,2018-05-09,edgar_8k,2018-05-09T16:06,after_close,0001171843-18-003739
20180509_PRI,PRI,2018-05-09,edgar_8k,2018-05-08T16:43,before_open,0001564590-18-011894
20180509_TRIP,TRIP,2018-05-09,edgar_8k,2018-05-08T16:02,before_open,0001564590-18-011788
20180509_VSI,VSI,2018-05-09,assumed_after_hours,,assumed_after_hours,
20180509_WTR,WTR,2018-05-09,assumed_after_hours,,assumed_after_hours,
20180510_EGRX,EGRX,2018-05-10,assumed_after_hours,,assumed_after_hours,
20180510_FTK,FTK,2018-05-10,edgar_8k,2018-05-09T20:29,before_open,0001193125-18-157905
20180510_KELYA,KELYA,2018-05-10,edgar_8k,2018-05-10T07:43,before_open,0000055135-18-000011
20180510_KLIC,KLIC,2018-05-10,edgar_8k,2018-05-07T12:18,before_open,0000056978-18-000042
20180510_MHLD,MHLD,2018-05-10,assumed_after_hours,,assumed_after_hours,
20180510_PRSC,PRSC,2018-05-10,assumed_after_hours,,assumed_after_hours,
20180510_TPRE,TPRE,2018-05-10,assumed_after_hours,,assumed_after_hours,
20180510_WRLD,WRLD,2018-05-10,edgar_8k,2018-05-10T07:36,before_open,0001157523-18-001074
20180514_ITRI,ITRI,2018-05-14,edgar_8k,2018-05-14T16:05,after_close,0001157523-18-001112
20180517_KEM,KEM,2018-05-17,assumed_after_hours,,assumed_after_hours,
20180518_RAVN,RAVN,2018-05-18,assumed_after_hours,,assumed_after_hours,
20180524_BRS,BRS,2018-05-24,assumed_after_hours,,assumed_after_hours,
20180525_BKE,BKE,2018-05-25,edgar_8k,2018-05-25T14:08,intraday,0000885245-18-000013
20180529_LABL,LABL,2018-05-29,assumed_after_hours,,assumed_after_hours,
20180530_ADI,ADI,2018-05-30,edgar_8k,2018-05-30T08:11,before_open,0001157523-18-001211
20180530_CVCO,CVCO,2018-05-30,edgar_8k,2018-05-29T17:09,before_open,0000278166-18-000016
20180530_DAKT,DAKT,2018-05-30,edgar_8k,2018-05-30T14:38,intraday,0000915779-18-000012
20180530_MOV,MOV,2018-05-30,edgar_8k,2018-05-30T08:00,before_open,0000950142-18-001252
20180531_CRVL,CRVL,2018-05-31,edgar_8k,2018-05-30T20:24,before_open,0001564590-18-014723
20180531_KIRK,KIRK,2018-05-31,assumed_after_hours,,assumed_after_hours,
20180605_GCO,GCO,2018-06-05,edgar_8k,2018-06-05T07:12,before_open,0000018498-18-000023
20180614_FRED,FRED,2018-06-14,assumed_after_hours,,assumed_after_hours,
20180621_BKS,BKS,2018-06-21,assumed_after_hours,,assumed_after_hours,
